[dotenv@17.3.1] injecting env (0) from .env -- tip: ⚙️  enable debug logging with { debug: true }
{"level":30,"time":1783350339708,"traceId":null,"correlationId":null,"tenantId":null,"leadId":null,"interactionId":null,"appointmentId":null,"proposalId":null,"contractId":null,"paymentId":null,"queueJobId":null,"workerId":null,"provider":null,"severity":"info","component":"runtime","phase":"operations","version":"phase6a.v1","msg":"Initializing database connection pool..."}
startup_event_loop_lag {
  metric: 'startup_event_loop_lag',
  value: 15,
  businessId: null,
  route: 'startup_isolation',
  metadata: null,
  recordedAt: '2026-07-06T15:05:40.702Z'
}
FEATURE_GATE_AWAIT_TRACE {
  event: 'start',
  fileName: 'backend/src/services/security/securityGovernanceOS.service.ts',
  redisOps: 'none',
  functionName: 'assertAuthorizedAccess:authorizeAccess',
  action: 'analytics:view',
  route: null,
  cacheStatus: 'delegated',
  dbQueries: [ 'see nested FEATURE_GATE_AWAIT_TRACE events' ]
}
FEATURE_GATE_AWAIT_TRACE {
  event: 'start',
  fileName: 'backend/src/services/security/securityGovernanceOS.service.ts',
  redisOps: 'none',
  functionName: 'authorizeAccess:assertTenantIsolation',
  action: 'analytics:view',
  route: null,
  cacheStatus: 'none',
  dbQueries: [ 'tenantIsolationLedger.upsert' ]
}
FEATURE_GATE_AWAIT_TRACE {
  event: 'end',
  fileName: 'backend/src/services/security/securityGovernanceOS.service.ts',
  redisOps: 'none',
  functionName: 'authorizeAccess:assertTenantIsolation',
  durationMs: 1,
  action: 'analytics:view',
  route: null,
  cacheStatus: 'none',
  dbQueries: [ 'tenantIsolationLedger.upsert' ]
}
FEATURE_GATE_AWAIT_TRACE {
  event: 'end',
  fileName: 'backend/src/services/security/securityGovernanceOS.service.ts',
  redisOps: 'none',
  functionName: 'assertAuthorizedAccess:authorizeAccess',
  durationMs: 3,
  action: 'analytics:view',
  route: null,
  cacheStatus: 'delegated',
  dbQueries: [ 'see nested FEATURE_GATE_AWAIT_TRACE events' ]
}
FEATURE_GATE_AWAIT_TRACE {
  event: 'start',
  fileName: 'backend/src/services/security/securityGovernanceOS.service.ts',
  redisOps: 'none',
  functionName: 'assertTenantIsolation:tenantIsolationLedger.upsert',
  cacheStatus: 'none',
  dbQueries: [
    'tenantIsolationLedger.upsert(tenant_isolation:3361079b658d750b8147835f)'
  ],
  isolationKey: 'tenant_isolation:3361079b658d750b8147835f'
}
FEATURE_GATE_AWAIT_TRACE {
  event: 'start',
  fileName: 'backend/src/services/security/securityGovernanceOS.service.ts',
  redisOps: 'none',
  functionName: 'authorizeAccess:attestInfraIsolation',
  action: 'analytics:view',
  route: null,
  cacheStatus: 'none',
  dbQueries: [ 'isolationAttestationLedger.create' ]
}
FEATURE_GATE_AWAIT_TRACE {
  event: 'start',
  fileName: 'backend/src/services/security/securityGovernanceOS.service.ts',
  redisOps: 'none',
  functionName: 'attestInfraIsolation:isolationAttestationLedger.upsert',
  cacheStatus: 'none',
  dbQueries: [
    'isolationAttestationLedger.upsert(isolation_attest:5e26812961f7cb9310c0d9c3)'
  ],
  attestationKey: 'isolation_attest:5e26812961f7cb9310c0d9c3'
}
FEATURE_GATE_AWAIT_TRACE {
  event: 'start',
  fileName: 'backend/src/services/security/securityGovernanceOS.service.ts',
  redisOps: 'none',
  functionName: 'authorizeAccess:appendAuthEvent:authorized',
  action: 'analytics:view',
  route: null,
  cacheStatus: 'none',
  dbQueries: [ 'authEventLedger.upsert' ]
}
FEATURE_GATE_AWAIT_TRACE {
  event: 'start',
  fileName: 'backend/src/services/security/securityGovernanceOS.service.ts',
  redisOps: 'none',
  functionName: 'appendAuthEvent:authEventLedger.upsert',
  cacheStatus: 'none',
  dbQueries: [ 'authEventLedger.upsert(auth_evt:49b39a350c88daf2983496a580)' ],
  eventKey: 'auth_evt:49b39a350c88daf2983496a580',
  action: 'analytics:view',
  outcome: 'ALLOWED'
}
startup_event_loop_lag {
  metric: 'startup_event_loop_lag',
  value: 1,
  businessId: null,
  route: 'startup_isolation',
  metadata: null,
  recordedAt: '2026-07-06T15:05:41.738Z'
}
FEATURE_GATE_AWAIT_TRACE {
  event: 'start',
  fileName: 'backend/src/services/security/securityGovernanceOS.service.ts',
  redisOps: 'none',
  functionName: 'assertAuthorizedAccess:authorizeAccess',
  action: 'analytics:view',
  route: null,
  cacheStatus: 'delegated',
  dbQueries: [ 'see nested FEATURE_GATE_AWAIT_TRACE events' ]
}
FEATURE_GATE_AWAIT_TRACE {
  event: 'start',
  fileName: 'backend/src/services/security/securityGovernanceOS.service.ts',
  redisOps: 'none',
  functionName: 'authorizeAccess:assertTenantIsolation',
  action: 'analytics:view',
  route: null,
  cacheStatus: 'none',
  dbQueries: [ 'tenantIsolationLedger.upsert' ]
}
FEATURE_GATE_AWAIT_TRACE {
  event: 'end',
  fileName: 'backend/src/services/security/securityGovernanceOS.service.ts',
  redisOps: 'none',
  functionName: 'authorizeAccess:assertTenantIsolation',
  durationMs: 1,
  action: 'analytics:view',
  route: null,
  cacheStatus: 'none',
  dbQueries: [ 'tenantIsolationLedger.upsert' ]
}
FEATURE_GATE_AWAIT_TRACE {
  event: 'end',
  fileName: 'backend/src/services/security/securityGovernanceOS.service.ts',
  redisOps: 'none',
  functionName: 'assertAuthorizedAccess:authorizeAccess',
  durationMs: 2,
  action: 'analytics:view',
  route: null,
  cacheStatus: 'delegated',
  dbQueries: [ 'see nested FEATURE_GATE_AWAIT_TRACE events' ]
}
FEATURE_GATE_AWAIT_TRACE {
  event: 'start',
  fileName: 'backend/src/services/security/securityGovernanceOS.service.ts',
  redisOps: 'none',
  functionName: 'authorizeAccess:attestInfraIsolation',
  action: 'analytics:view',
  route: null,
  cacheStatus: 'none',
  dbQueries: [ 'isolationAttestationLedger.create' ]
}
FEATURE_GATE_AWAIT_TRACE {
  event: 'start',
  fileName: 'backend/src/services/security/securityGovernanceOS.service.ts',
  redisOps: 'none',
  functionName: 'attestInfraIsolation:isolationAttestationLedger.upsert',
  cacheStatus: 'none',
  dbQueries: [
    'isolationAttestationLedger.upsert(isolation_attest:f80530bbcc5da5585203103c)'
  ],
  attestationKey: 'isolation_attest:f80530bbcc5da5585203103c'
}
FEATURE_GATE_AWAIT_TRACE {
  event: 'start',
  fileName: 'backend/src/services/security/securityGovernanceOS.service.ts',
  redisOps: 'none',
  functionName: 'authorizeAccess:appendAuthEvent:authorized',
  action: 'analytics:view',
  route: null,
  cacheStatus: 'none',
  dbQueries: [ 'authEventLedger.upsert' ]
}
FEATURE_GATE_AWAIT_TRACE {
  event: 'start',
  fileName: 'backend/src/services/security/securityGovernanceOS.service.ts',
  redisOps: 'none',
  functionName: 'appendAuthEvent:authEventLedger.upsert',
  cacheStatus: 'none',
  dbQueries: [ 'authEventLedger.upsert(auth_evt:bcbf5518f31646dc7798c8374c)' ],
  eventKey: 'auth_evt:bcbf5518f31646dc7798c8374c',
  action: 'analytics:view',
  outcome: 'ALLOWED'
}
startup_event_loop_lag {
  metric: 'startup_event_loop_lag',
  value: 0,
  businessId: null,
  route: 'startup_isolation',
  metadata: null,
  recordedAt: '2026-07-06T15:05:42.755Z'
}
FEATURE_GATE_AWAIT_TRACE {
  event: 'start',
  fileName: 'backend/src/services/security/securityGovernanceOS.service.ts',
  redisOps: 'none',
  functionName: 'assertAuthorizedAccess:authorizeAccess',
  action: 'analytics:view',
  route: null,
  cacheStatus: 'delegated',
  dbQueries: [ 'see nested FEATURE_GATE_AWAIT_TRACE events' ]
}
FEATURE_GATE_AWAIT_TRACE {
  event: 'start',
  fileName: 'backend/src/services/security/securityGovernanceOS.service.ts',
  redisOps: 'none',
  functionName: 'authorizeAccess:assertTenantIsolation',
  action: 'analytics:view',
  route: null,
  cacheStatus: 'none',
  dbQueries: [ 'tenantIsolationLedger.upsert' ]
}
FEATURE_GATE_AWAIT_TRACE {
  event: 'end',
  fileName: 'backend/src/services/security/securityGovernanceOS.service.ts',
  redisOps: 'none',
  functionName: 'authorizeAccess:assertTenantIsolation',
  durationMs: 1,
  action: 'analytics:view',
  route: null,
  cacheStatus: 'none',
  dbQueries: [ 'tenantIsolationLedger.upsert' ]
}
FEATURE_GATE_AWAIT_TRACE {
  event: 'end',
  fileName: 'backend/src/services/security/securityGovernanceOS.service.ts',
  redisOps: 'none',
  functionName: 'assertAuthorizedAccess:authorizeAccess',
  durationMs: 2,
  action: 'analytics:view',
  route: null,
  cacheStatus: 'delegated',
  dbQueries: [ 'see nested FEATURE_GATE_AWAIT_TRACE events' ]
}
FEATURE_GATE_AWAIT_TRACE {
  event: 'start',
  fileName: 'backend/src/services/security/securityGovernanceOS.service.ts',
  redisOps: 'none',
  functionName: 'authorizeAccess:attestInfraIsolation',
  action: 'analytics:view',
  route: null,
  cacheStatus: 'none',
  dbQueries: [ 'isolationAttestationLedger.create' ]
}
FEATURE_GATE_AWAIT_TRACE {
  event: 'start',
  fileName: 'backend/src/services/security/securityGovernanceOS.service.ts',
  redisOps: 'none',
  functionName: 'attestInfraIsolation:isolationAttestationLedger.upsert',
  cacheStatus: 'none',
  dbQueries: [
    'isolationAttestationLedger.upsert(isolation_attest:c51b88d458434f52d894d7d0)'
  ],
  attestationKey: 'isolation_attest:c51b88d458434f52d894d7d0'
}
FEATURE_GATE_AWAIT_TRACE {
  event: 'start',
  fileName: 'backend/src/services/security/securityGovernanceOS.service.ts',
  redisOps: 'none',
  functionName: 'authorizeAccess:appendAuthEvent:authorized',
  action: 'analytics:view',
  route: null,
  cacheStatus: 'none',
  dbQueries: [ 'authEventLedger.upsert' ]
}
FEATURE_GATE_AWAIT_TRACE {
  event: 'start',
  fileName: 'backend/src/services/security/securityGovernanceOS.service.ts',
  redisOps: 'none',
  functionName: 'appendAuthEvent:authEventLedger.upsert',
  cacheStatus: 'none',
  dbQueries: [ 'authEventLedger.upsert(auth_evt:017c8ce2a852fb17c0aa18dd9b)' ],
  eventKey: 'auth_evt:017c8ce2a852fb17c0aa18dd9b',
  action: 'analytics:view',
  outcome: 'ALLOWED'
}
prisma:error 
Invalid `prisma.dataAccessAuditLedger.upsert()` invocation:


Raw query failed. Code: `unknown`. Message: `Kind: Transactions are not supported by this deployment, labels: {}, source: None`
prisma:error 
Invalid `prisma.authEventLedger.upsert()` invocation:


Raw query failed. Code: `unknown`. Message: `Kind: Transactions are not supported by this deployment, labels: {}, source: None`
FEATURE_GATE_AWAIT_TRACE {
  event: 'end',
  fileName: 'backend/src/services/security/securityGovernanceOS.service.ts',
  redisOps: 'none',
  functionName: 'appendAuthEvent:authEventLedger.upsert',
  durationMs: 4,
  cacheStatus: 'none',
  dbQueries: [ 'authEventLedger.upsert(auth_evt:017c8ce2a852fb17c0aa18dd9b)' ],
  eventKey: 'auth_evt:017c8ce2a852fb17c0aa18dd9b',
  action: 'analytics:view',
  outcome: 'ALLOWED'
}
FEATURE_GATE_AWAIT_TRACE {
  event: 'end',
  fileName: 'backend/src/services/security/securityGovernanceOS.service.ts',
  redisOps: 'none',
  functionName: 'authorizeAccess:appendAuthEvent:authorized',
  durationMs: 6,
  action: 'analytics:view',
  route: null,
  cacheStatus: 'none',
  dbQueries: [ 'authEventLedger.upsert' ]
}
prisma:error 
Invalid `prisma.isolationAttestationLedger.upsert()` invocation:


Raw query failed. Code: `unknown`. Message: `Kind: Transactions are not supported by this deployment, labels: {}, source: None`
FEATURE_GATE_AWAIT_TRACE {
  event: 'end',
  fileName: 'backend/src/services/security/securityGovernanceOS.service.ts',
  redisOps: 'none',
  functionName: 'attestInfraIsolation:isolationAttestationLedger.upsert',
  durationMs: 7,
  cacheStatus: 'none',
  dbQueries: [
    'isolationAttestationLedger.upsert(isolation_attest:c51b88d458434f52d894d7d0)'
  ],
  attestationKey: 'isolation_attest:c51b88d458434f52d894d7d0'
}
FEATURE_GATE_AWAIT_TRACE {
  event: 'end',
  fileName: 'backend/src/services/security/securityGovernanceOS.service.ts',
  redisOps: 'none',
  functionName: 'authorizeAccess:attestInfraIsolation',
  durationMs: 8,
  action: 'analytics:view',
  route: null,
  cacheStatus: 'none',
  dbQueries: [ 'isolationAttestationLedger.create' ]
}
startup_event_loop_lag {
  metric: 'startup_event_loop_lag',
  value: 4,
  businessId: null,
  route: 'startup_isolation',
  metadata: null,
  recordedAt: '2026-07-06T15:05:43.857Z'
}
FEATURE_GATE_AWAIT_TRACE {
  event: 'start',
  fileName: 'backend/src/services/security/securityGovernanceOS.service.ts',
  redisOps: 'none',
  functionName: 'assertAuthorizedAccess:authorizeAccess',
  action: 'analytics:view',
  route: null,
  cacheStatus: 'delegated',
  dbQueries: [ 'see nested FEATURE_GATE_AWAIT_TRACE events' ]
}
FEATURE_GATE_AWAIT_TRACE {
  event: 'start',
  fileName: 'backend/src/services/security/securityGovernanceOS.service.ts',
  redisOps: 'none',
  functionName: 'authorizeAccess:assertTenantIsolation',
  action: 'analytics:view',
  route: null,
  cacheStatus: 'none',
  dbQueries: [ 'tenantIsolationLedger.upsert' ]
}
FEATURE_GATE_AWAIT_TRACE {
  event: 'end',
  fileName: 'backend/src/services/security/securityGovernanceOS.service.ts',
  redisOps: 'none',
  functionName: 'authorizeAccess:assertTenantIsolation',
  durationMs: 1,
  action: 'analytics:view',
  route: null,
  cacheStatus: 'none',
  dbQueries: [ 'tenantIsolationLedger.upsert' ]
}
FEATURE_GATE_AWAIT_TRACE {
  event: 'end',
  fileName: 'backend/src/services/security/securityGovernanceOS.service.ts',
  redisOps: 'none',
  functionName: 'assertAuthorizedAccess:authorizeAccess',
  durationMs: 2,
  action: 'analytics:view',
  route: null,
  cacheStatus: 'delegated',
  dbQueries: [ 'see nested FEATURE_GATE_AWAIT_TRACE events' ]
}
FEATURE_GATE_AWAIT_TRACE {
  event: 'start',
  fileName: 'backend/src/services/security/securityGovernanceOS.service.ts',
  redisOps: 'none',
  functionName: 'authorizeAccess:attestInfraIsolation',
  action: 'analytics:view',
  route: null,
  cacheStatus: 'none',
  dbQueries: [ 'isolationAttestationLedger.create' ]
}
FEATURE_GATE_AWAIT_TRACE {
  event: 'start',
  fileName: 'backend/src/services/security/securityGovernanceOS.service.ts',
  redisOps: 'none',
  functionName: 'attestInfraIsolation:isolationAttestationLedger.upsert',
  cacheStatus: 'none',
  dbQueries: [
    'isolationAttestationLedger.upsert(isolation_attest:733034e0559284170708d32c)'
  ],
  attestationKey: 'isolation_attest:733034e0559284170708d32c'
}
FEATURE_GATE_AWAIT_TRACE {
  event: 'start',
  fileName: 'backend/src/services/security/securityGovernanceOS.service.ts',
  redisOps: 'none',
  functionName: 'authorizeAccess:appendAuthEvent:authorized',
  action: 'analytics:view',
  route: null,
  cacheStatus: 'none',
  dbQueries: [ 'authEventLedger.upsert' ]
}
FEATURE_GATE_AWAIT_TRACE {
  event: 'start',
  fileName: 'backend/src/services/security/securityGovernanceOS.service.ts',
  redisOps: 'none',
  functionName: 'appendAuthEvent:authEventLedger.upsert',
  cacheStatus: 'none',
  dbQueries: [ 'authEventLedger.upsert(auth_evt:4ff365aa868cf6d237bc1bc35a)' ],
  eventKey: 'auth_evt:4ff365aa868cf6d237bc1bc35a',
  action: 'analytics:view',
  outcome: 'ALLOWED'
}
prisma:error 
Invalid `prisma.dataAccessAuditLedger.upsert()` invocation:


Raw query failed. Code: `unknown`. Message: `Kind: Transactions are not supported by this deployment, labels: {}, source: None`
prisma:error 
Invalid `prisma.isolationAttestationLedger.upsert()` invocation:


Raw query failed. Code: `unknown`. Message: `Kind: Transactions are not supported by this deployment, labels: {}, source: None`
FEATURE_GATE_AWAIT_TRACE {
  event: 'end',
  fileName: 'backend/src/services/security/securityGovernanceOS.service.ts',
  redisOps: 'none',
  functionName: 'attestInfraIsolation:isolationAttestationLedger.upsert',
  durationMs: 3,
  cacheStatus: 'none',
  dbQueries: [
    'isolationAttestationLedger.upsert(isolation_attest:733034e0559284170708d32c)'
  ],
  attestationKey: 'isolation_attest:733034e0559284170708d32c'
}
FEATURE_GATE_AWAIT_TRACE {
  event: 'end',
  fileName: 'backend/src/services/security/securityGovernanceOS.service.ts',
  redisOps: 'none',
  functionName: 'authorizeAccess:attestInfraIsolation',
  durationMs: 4,
  action: 'analytics:view',
  route: null,
  cacheStatus: 'none',
  dbQueries: [ 'isolationAttestationLedger.create' ]
}
prisma:error 
Invalid `prisma.authEventLedger.upsert()` invocation:


Raw query failed. Code: `unknown`. Message: `Kind: Transactions are not supported by this deployment, labels: {}, source: None`
FEATURE_GATE_AWAIT_TRACE {
  event: 'end',
  fileName: 'backend/src/services/security/securityGovernanceOS.service.ts',
  redisOps: 'none',
  functionName: 'appendAuthEvent:authEventLedger.upsert',
  durationMs: 2,
  cacheStatus: 'none',
  dbQueries: [ 'authEventLedger.upsert(auth_evt:4ff365aa868cf6d237bc1bc35a)' ],
  eventKey: 'auth_evt:4ff365aa868cf6d237bc1bc35a',
  action: 'analytics:view',
  outcome: 'ALLOWED'
}
FEATURE_GATE_AWAIT_TRACE {
  event: 'end',
  fileName: 'backend/src/services/security/securityGovernanceOS.service.ts',
  redisOps: 'none',
  functionName: 'authorizeAccess:appendAuthEvent:authorized',
  durationMs: 4,
  action: 'analytics:view',
  route: null,
  cacheStatus: 'none',
  dbQueries: [ 'authEventLedger.upsert' ]
}
startup_event_loop_lag {
  metric: 'startup_event_loop_lag',
  value: 6,
  businessId: null,
  route: 'startup_isolation',
  metadata: null,
  recordedAt: '2026-07-06T15:05:44.939Z'
}
FEATURE_GATE_AWAIT_TRACE {
  event: 'start',
  fileName: 'backend/src/services/security/securityGovernanceOS.service.ts',
  redisOps: 'none',
  functionName: 'assertAuthorizedAccess:authorizeAccess',
  action: 'analytics:view',
  route: null,
  cacheStatus: 'delegated',
  dbQueries: [ 'see nested FEATURE_GATE_AWAIT_TRACE events' ]
}
FEATURE_GATE_AWAIT_TRACE {
  event: 'start',
  fileName: 'backend/src/services/security/securityGovernanceOS.service.ts',
  redisOps: 'none',
  functionName: 'authorizeAccess:assertTenantIsolation',
  action: 'analytics:view',
  route: null,
  cacheStatus: 'none',
  dbQueries: [ 'tenantIsolationLedger.upsert' ]
}
FEATURE_GATE_AWAIT_TRACE {
  event: 'end',
  fileName: 'backend/src/services/security/securityGovernanceOS.service.ts',
  redisOps: 'none',
  functionName: 'authorizeAccess:assertTenantIsolation',
  durationMs: 1,
  action: 'analytics:view',
  route: null,
  cacheStatus: 'none',
  dbQueries: [ 'tenantIsolationLedger.upsert' ]
}
FEATURE_GATE_AWAIT_TRACE {
  event: 'end',
  fileName: 'backend/src/services/security/securityGovernanceOS.service.ts',
  redisOps: 'none',
  functionName: 'assertAuthorizedAccess:authorizeAccess',
  durationMs: 3,
  action: 'analytics:view',
  route: null,
  cacheStatus: 'delegated',
  dbQueries: [ 'see nested FEATURE_GATE_AWAIT_TRACE events' ]
}
FEATURE_GATE_AWAIT_TRACE {
  event: 'start',
  fileName: 'backend/src/services/security/securityGovernanceOS.service.ts',
  redisOps: 'none',
  functionName: 'authorizeAccess:attestInfraIsolation',
  action: 'analytics:view',
  route: null,
  cacheStatus: 'none',
  dbQueries: [ 'isolationAttestationLedger.create' ]
}
FEATURE_GATE_AWAIT_TRACE {
  event: 'start',
  fileName: 'backend/src/services/security/securityGovernanceOS.service.ts',
  redisOps: 'none',
  functionName: 'attestInfraIsolation:isolationAttestationLedger.upsert',
  cacheStatus: 'none',
  dbQueries: [
    'isolationAttestationLedger.upsert(isolation_attest:a5efdfab563fb3304815d5b4)'
  ],
  attestationKey: 'isolation_attest:a5efdfab563fb3304815d5b4'
}
FEATURE_GATE_AWAIT_TRACE {
  event: 'start',
  fileName: 'backend/src/services/security/securityGovernanceOS.service.ts',
  redisOps: 'none',
  functionName: 'authorizeAccess:appendAuthEvent:authorized',
  action: 'analytics:view',
  route: null,
  cacheStatus: 'none',
  dbQueries: [ 'authEventLedger.upsert' ]
}
FEATURE_GATE_AWAIT_TRACE {
  event: 'start',
  fileName: 'backend/src/services/security/securityGovernanceOS.service.ts',
  redisOps: 'none',
  functionName: 'appendAuthEvent:authEventLedger.upsert',
  cacheStatus: 'none',
  dbQueries: [ 'authEventLedger.upsert(auth_evt:5d5a76b5720985ab2171194e56)' ],
  eventKey: 'auth_evt:5d5a76b5720985ab2171194e56',
  action: 'analytics:view',
  outcome: 'ALLOWED'
}
prisma:error 
Invalid `prisma.dataAccessAuditLedger.upsert()` invocation:


Raw query failed. Code: `unknown`. Message: `Kind: Transactions are not supported by this deployment, labels: {}, source: None`
prisma:error 
Invalid `prisma.isolationAttestationLedger.upsert()` invocation:


Raw query failed. Code: `unknown`. Message: `Kind: Transactions are not supported by this deployment, labels: {}, source: None`
FEATURE_GATE_AWAIT_TRACE {
  event: 'end',
  fileName: 'backend/src/services/security/securityGovernanceOS.service.ts',
  redisOps: 'none',
  functionName: 'attestInfraIsolation:isolationAttestationLedger.upsert',
  durationMs: 3,
  cacheStatus: 'none',
  dbQueries: [
    'isolationAttestationLedger.upsert(isolation_attest:a5efdfab563fb3304815d5b4)'
  ],
  attestationKey: 'isolation_attest:a5efdfab563fb3304815d5b4'
}
FEATURE_GATE_AWAIT_TRACE {
  event: 'end',
  fileName: 'backend/src/services/security/securityGovernanceOS.service.ts',
  redisOps: 'none',
  functionName: 'authorizeAccess:attestInfraIsolation',
  durationMs: 5,
  action: 'analytics:view',
  route: null,
  cacheStatus: 'none',
  dbQueries: [ 'isolationAttestationLedger.create' ]
}
prisma:error 
Invalid `prisma.authEventLedger.upsert()` invocation:


Raw query failed. Code: `unknown`. Message: `Kind: Transactions are not supported by this deployment, labels: {}, source: None`
FEATURE_GATE_AWAIT_TRACE {
  event: 'end',
  fileName: 'backend/src/services/security/securityGovernanceOS.service.ts',
  redisOps: 'none',
  functionName: 'appendAuthEvent:authEventLedger.upsert',
  durationMs: 6,
  cacheStatus: 'none',
  dbQueries: [ 'authEventLedger.upsert(auth_evt:5d5a76b5720985ab2171194e56)' ],
  eventKey: 'auth_evt:5d5a76b5720985ab2171194e56',
  action: 'analytics:view',
  outcome: 'ALLOWED'
}
FEATURE_GATE_AWAIT_TRACE {
  event: 'end',
  fileName: 'backend/src/services/security/securityGovernanceOS.service.ts',
  redisOps: 'none',
  functionName: 'authorizeAccess:appendAuthEvent:authorized',
  durationMs: 7,
  action: 'analytics:view',
  route: null,
  cacheStatus: 'none',
  dbQueries: [ 'authEventLedger.upsert' ]
}
startup_event_loop_lag {
  metric: 'startup_event_loop_lag',
  value: 16,
  businessId: null,
  route: 'startup_isolation',
  metadata: null,
  recordedAt: '2026-07-06T15:05:46.026Z'
}
FEATURE_GATE_AWAIT_TRACE {
  event: 'start',
  fileName: 'backend/src/services/security/securityGovernanceOS.service.ts',
  redisOps: 'none',
  functionName: 'assertAuthorizedAccess:authorizeAccess',
  action: 'analytics:view',
  route: null,
  cacheStatus: 'delegated',
  dbQueries: [ 'see nested FEATURE_GATE_AWAIT_TRACE events' ]
}
FEATURE_GATE_AWAIT_TRACE {
  event: 'start',
  fileName: 'backend/src/services/security/securityGovernanceOS.service.ts',
  redisOps: 'none',
  functionName: 'authorizeAccess:assertTenantIsolation',
  action: 'analytics:view',
  route: null,
  cacheStatus: 'none',
  dbQueries: [ 'tenantIsolationLedger.upsert' ]
}
FEATURE_GATE_AWAIT_TRACE {
  event: 'end',
  fileName: 'backend/src/services/security/securityGovernanceOS.service.ts',
  redisOps: 'none',
  functionName: 'authorizeAccess:assertTenantIsolation',
  durationMs: 2,
  action: 'analytics:view',
  route: null,
  cacheStatus: 'none',
  dbQueries: [ 'tenantIsolationLedger.upsert' ]
}
FEATURE_GATE_AWAIT_TRACE {
  event: 'end',
  fileName: 'backend/src/services/security/securityGovernanceOS.service.ts',
  redisOps: 'none',
  functionName: 'assertAuthorizedAccess:authorizeAccess',
  durationMs: 3,
  action: 'analytics:view',
  route: null,
  cacheStatus: 'delegated',
  dbQueries: [ 'see nested FEATURE_GATE_AWAIT_TRACE events' ]
}
FEATURE_GATE_AWAIT_TRACE {
  event: 'start',
  fileName: 'backend/src/services/security/securityGovernanceOS.service.ts',
  redisOps: 'none',
  functionName: 'authorizeAccess:attestInfraIsolation',
  action: 'analytics:view',
  route: null,
  cacheStatus: 'none',
  dbQueries: [ 'isolationAttestationLedger.create' ]
}
FEATURE_GATE_AWAIT_TRACE {
  event: 'start',
  fileName: 'backend/src/services/security/securityGovernanceOS.service.ts',
  redisOps: 'none',
  functionName: 'attestInfraIsolation:isolationAttestationLedger.upsert',
  cacheStatus: 'none',
  dbQueries: [
    'isolationAttestationLedger.upsert(isolation_attest:057c1eda154c051fdd3ad3c8)'
  ],
  attestationKey: 'isolation_attest:057c1eda154c051fdd3ad3c8'
}
FEATURE_GATE_AWAIT_TRACE {
  event: 'start',
  fileName: 'backend/src/services/security/securityGovernanceOS.service.ts',
  redisOps: 'none',
  functionName: 'authorizeAccess:appendAuthEvent:authorized',
  action: 'analytics:view',
  route: null,
  cacheStatus: 'none',
  dbQueries: [ 'authEventLedger.upsert' ]
}
FEATURE_GATE_AWAIT_TRACE {
  event: 'start',
  fileName: 'backend/src/services/security/securityGovernanceOS.service.ts',
  redisOps: 'none',
  functionName: 'appendAuthEvent:authEventLedger.upsert',
  cacheStatus: 'none',
  dbQueries: [ 'authEventLedger.upsert(auth_evt:ed1a32507f1e8b5b92ed1d04c7)' ],
  eventKey: 'auth_evt:ed1a32507f1e8b5b92ed1d04c7',
  action: 'analytics:view',
  outcome: 'ALLOWED'
}
prisma:error 
Invalid `prisma.dataAccessAuditLedger.upsert()` invocation:


Raw query failed. Code: `unknown`. Message: `Kind: Transactions are not supported by this deployment, labels: {}, source: None`
prisma:error 
Invalid `prisma.isolationAttestationLedger.upsert()` invocation:


Raw query failed. Code: `unknown`. Message: `Kind: Transactions are not supported by this deployment, labels: {}, source: None`
FEATURE_GATE_AWAIT_TRACE {
  event: 'end',
  fileName: 'backend/src/services/security/securityGovernanceOS.service.ts',
  redisOps: 'none',
  functionName: 'attestInfraIsolation:isolationAttestationLedger.upsert',
  durationMs: 2,
  cacheStatus: 'none',
  dbQueries: [
    'isolationAttestationLedger.upsert(isolation_attest:057c1eda154c051fdd3ad3c8)'
  ],
  attestationKey: 'isolation_attest:057c1eda154c051fdd3ad3c8'
}
FEATURE_GATE_AWAIT_TRACE {
  event: 'end',
  fileName: 'backend/src/services/security/securityGovernanceOS.service.ts',
  redisOps: 'none',
  functionName: 'authorizeAccess:attestInfraIsolation',
  durationMs: 4,
  action: 'analytics:view',
  route: null,
  cacheStatus: 'none',
  dbQueries: [ 'isolationAttestationLedger.create' ]
}
prisma:error 
Invalid `prisma.authEventLedger.upsert()` invocation:


Raw query failed. Code: `unknown`. Message: `Kind: Transactions are not supported by this deployment, labels: {}, source: None`
FEATURE_GATE_AWAIT_TRACE {
  event: 'end',
  fileName: 'backend/src/services/security/securityGovernanceOS.service.ts',
  redisOps: 'none',
  functionName: 'appendAuthEvent:authEventLedger.upsert',
  durationMs: 2,
  cacheStatus: 'none',
  dbQueries: [ 'authEventLedger.upsert(auth_evt:ed1a32507f1e8b5b92ed1d04c7)' ],
  eventKey: 'auth_evt:ed1a32507f1e8b5b92ed1d04c7',
  action: 'analytics:view',
  outcome: 'ALLOWED'
}
FEATURE_GATE_AWAIT_TRACE {
  event: 'end',
  fileName: 'backend/src/services/security/securityGovernanceOS.service.ts',
  redisOps: 'none',
  functionName: 'authorizeAccess:appendAuthEvent:authorized',
  durationMs: 3,
  action: 'analytics:view',
  route: null,
  cacheStatus: 'none',
  dbQueries: [ 'authEventLedger.upsert' ]
}
startup_event_loop_lag {
  metric: 'startup_event_loop_lag',
  value: 0,
  businessId: null,
  route: 'startup_isolation',
  metadata: null,
  recordedAt: '2026-07-06T15:05:47.126Z'
}
FEATURE_GATE_AWAIT_TRACE {
  event: 'start',
  fileName: 'backend/src/services/security/securityGovernanceOS.service.ts',
  redisOps: 'none',
  functionName: 'assertAuthorizedAccess:authorizeAccess',
  action: 'analytics:view',
  route: null,
  cacheStatus: 'delegated',
  dbQueries: [ 'see nested FEATURE_GATE_AWAIT_TRACE events' ]
}
FEATURE_GATE_AWAIT_TRACE {
  event: 'start',
  fileName: 'backend/src/services/security/securityGovernanceOS.service.ts',
  redisOps: 'none',
  functionName: 'authorizeAccess:assertTenantIsolation',
  action: 'analytics:view',
  route: null,
  cacheStatus: 'none',
  dbQueries: [ 'tenantIsolationLedger.upsert' ]
}
FEATURE_GATE_AWAIT_TRACE {
  event: 'end',
  fileName: 'backend/src/services/security/securityGovernanceOS.service.ts',
  redisOps: 'none',
  functionName: 'authorizeAccess:assertTenantIsolation',
  durationMs: 1,
  action: 'analytics:view',
  route: null,
  cacheStatus: 'none',
  dbQueries: [ 'tenantIsolationLedger.upsert' ]
}
FEATURE_GATE_AWAIT_TRACE {
  event: 'end',
  fileName: 'backend/src/services/security/securityGovernanceOS.service.ts',
  redisOps: 'none',
  functionName: 'assertAuthorizedAccess:authorizeAccess',
  durationMs: 3,
  action: 'analytics:view',
  route: null,
  cacheStatus: 'delegated',
  dbQueries: [ 'see nested FEATURE_GATE_AWAIT_TRACE events' ]
}
FEATURE_GATE_AWAIT_TRACE {
  event: 'start',
  fileName: 'backend/src/services/security/securityGovernanceOS.service.ts',
  redisOps: 'none',
  functionName: 'authorizeAccess:attestInfraIsolation',
  action: 'analytics:view',
  route: null,
  cacheStatus: 'none',
  dbQueries: [ 'isolationAttestationLedger.create' ]
}
FEATURE_GATE_AWAIT_TRACE {
  event: 'start',
  fileName: 'backend/src/services/security/securityGovernanceOS.service.ts',
  redisOps: 'none',
  functionName: 'attestInfraIsolation:isolationAttestationLedger.upsert',
  cacheStatus: 'none',
  dbQueries: [
    'isolationAttestationLedger.upsert(isolation_attest:58470699e7d5d45caa744ee9)'
  ],
  attestationKey: 'isolation_attest:58470699e7d5d45caa744ee9'
}
FEATURE_GATE_AWAIT_TRACE {
  event: 'start',
  fileName: 'backend/src/services/security/securityGovernanceOS.service.ts',
  redisOps: 'none',
  functionName: 'authorizeAccess:appendAuthEvent:authorized',
  action: 'analytics:view',
  route: null,
  cacheStatus: 'none',
  dbQueries: [ 'authEventLedger.upsert' ]
}
FEATURE_GATE_AWAIT_TRACE {
  event: 'start',
  fileName: 'backend/src/services/security/securityGovernanceOS.service.ts',
  redisOps: 'none',
  functionName: 'appendAuthEvent:authEventLedger.upsert',
  cacheStatus: 'none',
  dbQueries: [ 'authEventLedger.upsert(auth_evt:7a3fcf000742a052c8625a5bf6)' ],
  eventKey: 'auth_evt:7a3fcf000742a052c8625a5bf6',
  action: 'analytics:view',
  outcome: 'ALLOWED'
}
prisma:error 
Invalid `prisma.dataAccessAuditLedger.upsert()` invocation:


Raw query failed. Code: `unknown`. Message: `Kind: Transactions are not supported by this deployment, labels: {}, source: None`
prisma:error 
Invalid `prisma.isolationAttestationLedger.upsert()` invocation:


Raw query failed. Code: `unknown`. Message: `Kind: Transactions are not supported by this deployment, labels: {}, source: None`
FEATURE_GATE_AWAIT_TRACE {
  event: 'end',
  fileName: 'backend/src/services/security/securityGovernanceOS.service.ts',
  redisOps: 'none',
  functionName: 'attestInfraIsolation:isolationAttestationLedger.upsert',
  durationMs: 3,
  cacheStatus: 'none',
  dbQueries: [
    'isolationAttestationLedger.upsert(isolation_attest:58470699e7d5d45caa744ee9)'
  ],
  attestationKey: 'isolation_attest:58470699e7d5d45caa744ee9'
}
FEATURE_GATE_AWAIT_TRACE {
  event: 'end',
  fileName: 'backend/src/services/security/securityGovernanceOS.service.ts',
  redisOps: 'none',
  functionName: 'authorizeAccess:attestInfraIsolation',
  durationMs: 4,
  action: 'analytics:view',
  route: null,
  cacheStatus: 'none',
  dbQueries: [ 'isolationAttestationLedger.create' ]
}
prisma:error 
Invalid `prisma.authEventLedger.upsert()` invocation:


Raw query failed. Code: `unknown`. Message: `Kind: Transactions are not supported by this deployment, labels: {}, source: None`
FEATURE_GATE_AWAIT_TRACE {
  event: 'end',
  fileName: 'backend/src/services/security/securityGovernanceOS.service.ts',
  redisOps: 'none',
  functionName: 'appendAuthEvent:authEventLedger.upsert',
  durationMs: 3,
  cacheStatus: 'none',
  dbQueries: [ 'authEventLedger.upsert(auth_evt:7a3fcf000742a052c8625a5bf6)' ],
  eventKey: 'auth_evt:7a3fcf000742a052c8625a5bf6',
  action: 'analytics:view',
  outcome: 'ALLOWED'
}
FEATURE_GATE_AWAIT_TRACE {
  event: 'end',
  fileName: 'backend/src/services/security/securityGovernanceOS.service.ts',
  redisOps: 'none',
  functionName: 'authorizeAccess:appendAuthEvent:authorized',
  durationMs: 3,
  action: 'analytics:view',
  route: null,
  cacheStatus: 'none',
  dbQueries: [ 'authEventLedger.upsert' ]
}
startup_event_loop_lag {
  metric: 'startup_event_loop_lag',
  value: 1,
  businessId: null,
  route: 'startup_isolation',
  metadata: null,
  recordedAt: '2026-07-06T15:05:48.195Z'
}
FEATURE_GATE_AWAIT_TRACE {
  event: 'start',
  fileName: 'backend/src/services/security/securityGovernanceOS.service.ts',
  redisOps: 'none',
  functionName: 'assertAuthorizedAccess:authorizeAccess',
  action: 'analytics:view',
  route: null,
  cacheStatus: 'delegated',
  dbQueries: [ 'see nested FEATURE_GATE_AWAIT_TRACE events' ]
}
FEATURE_GATE_AWAIT_TRACE {
  event: 'start',
  fileName: 'backend/src/services/security/securityGovernanceOS.service.ts',
  redisOps: 'none',
  functionName: 'authorizeAccess:assertTenantIsolation',
  action: 'analytics:view',
  route: null,
  cacheStatus: 'none',
  dbQueries: [ 'tenantIsolationLedger.upsert' ]
}
FEATURE_GATE_AWAIT_TRACE {
  event: 'end',
  fileName: 'backend/src/services/security/securityGovernanceOS.service.ts',
  redisOps: 'none',
  functionName: 'authorizeAccess:assertTenantIsolation',
  durationMs: 1,
  action: 'analytics:view',
  route: null,
  cacheStatus: 'none',
  dbQueries: [ 'tenantIsolationLedger.upsert' ]
}
FEATURE_GATE_AWAIT_TRACE {
  event: 'end',
  fileName: 'backend/src/services/security/securityGovernanceOS.service.ts',
  redisOps: 'none',
  functionName: 'assertAuthorizedAccess:authorizeAccess',
  durationMs: 1,
  action: 'analytics:view',
  route: null,
  cacheStatus: 'delegated',
  dbQueries: [ 'see nested FEATURE_GATE_AWAIT_TRACE events' ]
}
FEATURE_GATE_AWAIT_TRACE {
  event: 'start',
  fileName: 'backend/src/services/security/securityGovernanceOS.service.ts',
  redisOps: 'none',
  functionName: 'authorizeAccess:attestInfraIsolation',
  action: 'analytics:view',
  route: null,
  cacheStatus: 'none',
  dbQueries: [ 'isolationAttestationLedger.create' ]
}
FEATURE_GATE_AWAIT_TRACE {
  event: 'start',
  fileName: 'backend/src/services/security/securityGovernanceOS.service.ts',
  redisOps: 'none',
  functionName: 'attestInfraIsolation:isolationAttestationLedger.upsert',
  cacheStatus: 'none',
  dbQueries: [
    'isolationAttestationLedger.upsert(isolation_attest:ac1940e9d1bfdcdd3e37f218)'
  ],
  attestationKey: 'isolation_attest:ac1940e9d1bfdcdd3e37f218'
}
FEATURE_GATE_AWAIT_TRACE {
  event: 'start',
  fileName: 'backend/src/services/security/securityGovernanceOS.service.ts',
  redisOps: 'none',
  functionName: 'authorizeAccess:appendAuthEvent:authorized',
  action: 'analytics:view',
  route: null,
  cacheStatus: 'none',
  dbQueries: [ 'authEventLedger.upsert' ]
}
FEATURE_GATE_AWAIT_TRACE {
  event: 'start',
  fileName: 'backend/src/services/security/securityGovernanceOS.service.ts',
  redisOps: 'none',
  functionName: 'appendAuthEvent:authEventLedger.upsert',
  cacheStatus: 'none',
  dbQueries: [ 'authEventLedger.upsert(auth_evt:f25793374a0b5aa7dbd6db8404)' ],
  eventKey: 'auth_evt:f25793374a0b5aa7dbd6db8404',
  action: 'analytics:view',
  outcome: 'ALLOWED'
}
prisma:error 
Invalid `prisma.dataAccessAuditLedger.upsert()` invocation:


Raw query failed. Code: `unknown`. Message: `Kind: Transactions are not supported by this deployment, labels: {}, source: None`
prisma:error 
Invalid `prisma.isolationAttestationLedger.upsert()` invocation:


Raw query failed. Code: `unknown`. Message: `Kind: Transactions are not supported by this deployment, labels: {}, source: None`
FEATURE_GATE_AWAIT_TRACE {
  event: 'end',
  fileName: 'backend/src/services/security/securityGovernanceOS.service.ts',
  redisOps: 'none',
  functionName: 'attestInfraIsolation:isolationAttestationLedger.upsert',
  durationMs: 2,
  cacheStatus: 'none',
  dbQueries: [
    'isolationAttestationLedger.upsert(isolation_attest:ac1940e9d1bfdcdd3e37f218)'
  ],
  attestationKey: 'isolation_attest:ac1940e9d1bfdcdd3e37f218'
}
FEATURE_GATE_AWAIT_TRACE {
  event: 'end',
  fileName: 'backend/src/services/security/securityGovernanceOS.service.ts',
  redisOps: 'none',
  functionName: 'authorizeAccess:attestInfraIsolation',
  durationMs: 3,
  action: 'analytics:view',
  route: null,
  cacheStatus: 'none',
  dbQueries: [ 'isolationAttestationLedger.create' ]
}
prisma:error 
Invalid `prisma.authEventLedger.upsert()` invocation:


Raw query failed. Code: `unknown`. Message: `Kind: Transactions are not supported by this deployment, labels: {}, source: None`
FEATURE_GATE_AWAIT_TRACE {
  event: 'end',
  fileName: 'backend/src/services/security/securityGovernanceOS.service.ts',
  redisOps: 'none',
  functionName: 'appendAuthEvent:authEventLedger.upsert',
  durationMs: 3,
  cacheStatus: 'none',
  dbQueries: [ 'authEventLedger.upsert(auth_evt:f25793374a0b5aa7dbd6db8404)' ],
  eventKey: 'auth_evt:f25793374a0b5aa7dbd6db8404',
  action: 'analytics:view',
  outcome: 'ALLOWED'
}
FEATURE_GATE_AWAIT_TRACE {
  event: 'end',
  fileName: 'backend/src/services/security/securityGovernanceOS.service.ts',
  redisOps: 'none',
  functionName: 'authorizeAccess:appendAuthEvent:authorized',
  durationMs: 3,
  action: 'analytics:view',
  route: null,
  cacheStatus: 'none',
  dbQueries: [ 'authEventLedger.upsert' ]
}
startup_event_loop_lag {
  metric: 'startup_event_loop_lag',
  value: 9,
  businessId: null,
  route: 'startup_isolation',
  metadata: null,
  recordedAt: '2026-07-06T15:05:49.271Z'
}
FEATURE_GATE_AWAIT_TRACE {
  event: 'start',
  fileName: 'backend/src/services/security/securityGovernanceOS.service.ts',
  redisOps: 'none',
  functionName: 'assertAuthorizedAccess:authorizeAccess',
  action: 'analytics:view',
  route: null,
  cacheStatus: 'delegated',
  dbQueries: [ 'see nested FEATURE_GATE_AWAIT_TRACE events' ]
}
FEATURE_GATE_AWAIT_TRACE {
  event: 'start',
  fileName: 'backend/src/services/security/securityGovernanceOS.service.ts',
  redisOps: 'none',
  functionName: 'authorizeAccess:assertTenantIsolation',
  action: 'analytics:view',
  route: null,
  cacheStatus: 'none',
  dbQueries: [ 'tenantIsolationLedger.upsert' ]
}
FEATURE_GATE_AWAIT_TRACE {
  event: 'end',
  fileName: 'backend/src/services/security/securityGovernanceOS.service.ts',
  redisOps: 'none',
  functionName: 'authorizeAccess:assertTenantIsolation',
  durationMs: 0,
  action: 'analytics:view',
  route: null,
  cacheStatus: 'none',
  dbQueries: [ 'tenantIsolationLedger.upsert' ]
}
FEATURE_GATE_AWAIT_TRACE {
  event: 'end',
  fileName: 'backend/src/services/security/securityGovernanceOS.service.ts',
  redisOps: 'none',
  functionName: 'assertAuthorizedAccess:authorizeAccess',
  durationMs: 2,
  action: 'analytics:view',
  route: null,
  cacheStatus: 'delegated',
  dbQueries: [ 'see nested FEATURE_GATE_AWAIT_TRACE events' ]
}
FEATURE_GATE_AWAIT_TRACE {
  event: 'start',
  fileName: 'backend/src/services/security/securityGovernanceOS.service.ts',
  redisOps: 'none',
  functionName: 'authorizeAccess:attestInfraIsolation',
  action: 'analytics:view',
  route: null,
  cacheStatus: 'none',
  dbQueries: [ 'isolationAttestationLedger.create' ]
}
FEATURE_GATE_AWAIT_TRACE {
  event: 'start',
  fileName: 'backend/src/services/security/securityGovernanceOS.service.ts',
  redisOps: 'none',
  functionName: 'attestInfraIsolation:isolationAttestationLedger.upsert',
  cacheStatus: 'none',
  dbQueries: [
    'isolationAttestationLedger.upsert(isolation_attest:343fa2252c9326955882d534)'
  ],
  attestationKey: 'isolation_attest:343fa2252c9326955882d534'
}
FEATURE_GATE_AWAIT_TRACE {
  event: 'start',
  fileName: 'backend/src/services/security/securityGovernanceOS.service.ts',
  redisOps: 'none',
  functionName: 'authorizeAccess:appendAuthEvent:authorized',
  action: 'analytics:view',
  route: null,
  cacheStatus: 'none',
  dbQueries: [ 'authEventLedger.upsert' ]
}
FEATURE_GATE_AWAIT_TRACE {
  event: 'start',
  fileName: 'backend/src/services/security/securityGovernanceOS.service.ts',
  redisOps: 'none',
  functionName: 'appendAuthEvent:authEventLedger.upsert',
  cacheStatus: 'none',
  dbQueries: [ 'authEventLedger.upsert(auth_evt:18f5cd469b8c1c0e1924487592)' ],
  eventKey: 'auth_evt:18f5cd469b8c1c0e1924487592',
  action: 'analytics:view',
  outcome: 'ALLOWED'
}
prisma:error 
Invalid `prisma.dataAccessAuditLedger.upsert()` invocation:


Raw query failed. Code: `unknown`. Message: `Kind: Transactions are not supported by this deployment, labels: {}, source: None`
prisma:error 
Invalid `prisma.isolationAttestationLedger.upsert()` invocation:


Raw query failed. Code: `unknown`. Message: `Kind: Transactions are not supported by this deployment, labels: {}, source: None`
FEATURE_GATE_AWAIT_TRACE {
  event: 'end',
  fileName: 'backend/src/services/security/securityGovernanceOS.service.ts',
  redisOps: 'none',
  functionName: 'attestInfraIsolation:isolationAttestationLedger.upsert',
  durationMs: 4,
  cacheStatus: 'none',
  dbQueries: [
    'isolationAttestationLedger.upsert(isolation_attest:343fa2252c9326955882d534)'
  ],
  attestationKey: 'isolation_attest:343fa2252c9326955882d534'
}
FEATURE_GATE_AWAIT_TRACE {
  event: 'end',
  fileName: 'backend/src/services/security/securityGovernanceOS.service.ts',
  redisOps: 'none',
  functionName: 'authorizeAccess:attestInfraIsolation',
  durationMs: 4,
  action: 'analytics:view',
  route: null,
  cacheStatus: 'none',
  dbQueries: [ 'isolationAttestationLedger.create' ]
}
prisma:error 
Invalid `prisma.authEventLedger.upsert()` invocation:


Raw query failed. Code: `unknown`. Message: `Kind: Transactions are not supported by this deployment, labels: {}, source: None`
FEATURE_GATE_AWAIT_TRACE {
  event: 'end',
  fileName: 'backend/src/services/security/securityGovernanceOS.service.ts',
  redisOps: 'none',
  functionName: 'appendAuthEvent:authEventLedger.upsert',
  durationMs: 4,
  cacheStatus: 'none',
  dbQueries: [ 'authEventLedger.upsert(auth_evt:18f5cd469b8c1c0e1924487592)' ],
  eventKey: 'auth_evt:18f5cd469b8c1c0e1924487592',
  action: 'analytics:view',
  outcome: 'ALLOWED'
}
FEATURE_GATE_AWAIT_TRACE {
  event: 'end',
  fileName: 'backend/src/services/security/securityGovernanceOS.service.ts',
  redisOps: 'none',
  functionName: 'authorizeAccess:appendAuthEvent:authorized',
  durationMs: 4,
  action: 'analytics:view',
  route: null,
  cacheStatus: 'none',
  dbQueries: [ 'authEventLedger.upsert' ]
}
startup_event_loop_lag {
  metric: 'startup_event_loop_lag',
  value: 13,
  businessId: null,
  route: 'startup_isolation',
  metadata: null,
  recordedAt: '2026-07-06T15:05:50.374Z'
}
FEATURE_GATE_AWAIT_TRACE {
  event: 'start',
  fileName: 'backend/src/services/security/securityGovernanceOS.service.ts',
  redisOps: 'none',
  functionName: 'assertAuthorizedAccess:authorizeAccess',
  action: 'analytics:view',
  route: null,
  cacheStatus: 'delegated',
  dbQueries: [ 'see nested FEATURE_GATE_AWAIT_TRACE events' ]
}
FEATURE_GATE_AWAIT_TRACE {
  event: 'start',
  fileName: 'backend/src/services/security/securityGovernanceOS.service.ts',
  redisOps: 'none',
  functionName: 'authorizeAccess:assertTenantIsolation',
  action: 'analytics:view',
  route: null,
  cacheStatus: 'none',
  dbQueries: [ 'tenantIsolationLedger.upsert' ]
}
FEATURE_GATE_AWAIT_TRACE {
  event: 'end',
  fileName: 'backend/src/services/security/securityGovernanceOS.service.ts',
  redisOps: 'none',
  functionName: 'authorizeAccess:assertTenantIsolation',
  durationMs: 1,
  action: 'analytics:view',
  route: null,
  cacheStatus: 'none',
  dbQueries: [ 'tenantIsolationLedger.upsert' ]
}
FEATURE_GATE_AWAIT_TRACE {
  event: 'end',
  fileName: 'backend/src/services/security/securityGovernanceOS.service.ts',
  redisOps: 'none',
  functionName: 'assertAuthorizedAccess:authorizeAccess',
  durationMs: 2,
  action: 'analytics:view',
  route: null,
  cacheStatus: 'delegated',
  dbQueries: [ 'see nested FEATURE_GATE_AWAIT_TRACE events' ]
}
FEATURE_GATE_AWAIT_TRACE {
  event: 'start',
  fileName: 'backend/src/services/security/securityGovernanceOS.service.ts',
  redisOps: 'none',
  functionName: 'authorizeAccess:attestInfraIsolation',
  action: 'analytics:view',
  route: null,
  cacheStatus: 'none',
  dbQueries: [ 'isolationAttestationLedger.create' ]
}
FEATURE_GATE_AWAIT_TRACE {
  event: 'start',
  fileName: 'backend/src/services/security/securityGovernanceOS.service.ts',
  redisOps: 'none',
  functionName: 'attestInfraIsolation:isolationAttestationLedger.upsert',
  cacheStatus: 'none',
  dbQueries: [
    'isolationAttestationLedger.upsert(isolation_attest:1c70d212ecb82b559b389f46)'
  ],
  attestationKey: 'isolation_attest:1c70d212ecb82b559b389f46'
}
FEATURE_GATE_AWAIT_TRACE {
  event: 'start',
  fileName: 'backend/src/services/security/securityGovernanceOS.service.ts',
  redisOps: 'none',
  functionName: 'authorizeAccess:appendAuthEvent:authorized',
  action: 'analytics:view',
  route: null,
  cacheStatus: 'none',
  dbQueries: [ 'authEventLedger.upsert' ]
}
FEATURE_GATE_AWAIT_TRACE {
  event: 'start',
  fileName: 'backend/src/services/security/securityGovernanceOS.service.ts',
  redisOps: 'none',
  functionName: 'appendAuthEvent:authEventLedger.upsert',
  cacheStatus: 'none',
  dbQueries: [ 'authEventLedger.upsert(auth_evt:a4c92f375310704de2c63282fb)' ],
  eventKey: 'auth_evt:a4c92f375310704de2c63282fb',
  action: 'analytics:view',
  outcome: 'ALLOWED'
}
prisma:error 
Invalid `prisma.dataAccessAuditLedger.upsert()` invocation:


Raw query failed. Code: `unknown`. Message: `Kind: Transactions are not supported by this deployment, labels: {}, source: None`
prisma:error 
Invalid `prisma.isolationAttestationLedger.upsert()` invocation:


Raw query failed. Code: `unknown`. Message: `Kind: Transactions are not supported by this deployment, labels: {}, source: None`
FEATURE_GATE_AWAIT_TRACE {
  event: 'end',
  fileName: 'backend/src/services/security/securityGovernanceOS.service.ts',
  redisOps: 'none',
  functionName: 'attestInfraIsolation:isolationAttestationLedger.upsert',
  durationMs: 3,
  cacheStatus: 'none',
  dbQueries: [
    'isolationAttestationLedger.upsert(isolation_attest:1c70d212ecb82b559b389f46)'
  ],
  attestationKey: 'isolation_attest:1c70d212ecb82b559b389f46'
}
FEATURE_GATE_AWAIT_TRACE {
  event: 'end',
  fileName: 'backend/src/services/security/securityGovernanceOS.service.ts',
  redisOps: 'none',
  functionName: 'authorizeAccess:attestInfraIsolation',
  durationMs: 3,
  action: 'analytics:view',
  route: null,
  cacheStatus: 'none',
  dbQueries: [ 'isolationAttestationLedger.create' ]
}
prisma:error 
Invalid `prisma.authEventLedger.upsert()` invocation:


Raw query failed. Code: `unknown`. Message: `Kind: Transactions are not supported by this deployment, labels: {}, source: None`
FEATURE_GATE_AWAIT_TRACE {
  event: 'end',
  fileName: 'backend/src/services/security/securityGovernanceOS.service.ts',
  redisOps: 'none',
  functionName: 'appendAuthEvent:authEventLedger.upsert',
  durationMs: 3,
  cacheStatus: 'none',
  dbQueries: [ 'authEventLedger.upsert(auth_evt:a4c92f375310704de2c63282fb)' ],
  eventKey: 'auth_evt:a4c92f375310704de2c63282fb',
  action: 'analytics:view',
  outcome: 'ALLOWED'
}
FEATURE_GATE_AWAIT_TRACE {
  event: 'end',
  fileName: 'backend/src/services/security/securityGovernanceOS.service.ts',
  redisOps: 'none',
  functionName: 'authorizeAccess:appendAuthEvent:authorized',
  durationMs: 3,
  action: 'analytics:view',
  route: null,
  cacheStatus: 'none',
  dbQueries: [ 'authEventLedger.upsert' ]
}
startup_event_loop_lag {
  metric: 'startup_event_loop_lag',
  value: 13,
  businessId: null,
  route: 'startup_isolation',
  metadata: null,
  recordedAt: '2026-07-06T15:05:51.472Z'
}
FEATURE_GATE_AWAIT_TRACE {
  event: 'start',
  fileName: 'backend/src/services/security/securityGovernanceOS.service.ts',
  redisOps: 'none',
  functionName: 'assertAuthorizedAccess:authorizeAccess',
  action: 'analytics:view',
  route: null,
  cacheStatus: 'delegated',
  dbQueries: [ 'see nested FEATURE_GATE_AWAIT_TRACE events' ]
}
FEATURE_GATE_AWAIT_TRACE {
  event: 'start',
  fileName: 'backend/src/services/security/securityGovernanceOS.service.ts',
  redisOps: 'none',
  functionName: 'authorizeAccess:assertTenantIsolation',
  action: 'analytics:view',
  route: null,
  cacheStatus: 'none',
  dbQueries: [ 'tenantIsolationLedger.upsert' ]
}
FEATURE_GATE_AWAIT_TRACE {
  event: 'end',
  fileName: 'backend/src/services/security/securityGovernanceOS.service.ts',
  redisOps: 'none',
  functionName: 'authorizeAccess:assertTenantIsolation',
  durationMs: 1,
  action: 'analytics:view',
  route: null,
  cacheStatus: 'none',
  dbQueries: [ 'tenantIsolationLedger.upsert' ]
}
FEATURE_GATE_AWAIT_TRACE {
  event: 'end',
  fileName: 'backend/src/services/security/securityGovernanceOS.service.ts',
  redisOps: 'none',
  functionName: 'assertAuthorizedAccess:authorizeAccess',
  durationMs: 1,
  action: 'analytics:view',
  route: null,
  cacheStatus: 'delegated',
  dbQueries: [ 'see nested FEATURE_GATE_AWAIT_TRACE events' ]
}
FEATURE_GATE_AWAIT_TRACE {
  event: 'start',
  fileName: 'backend/src/services/security/securityGovernanceOS.service.ts',
  redisOps: 'none',
  functionName: 'authorizeAccess:attestInfraIsolation',
  action: 'analytics:view',
  route: null,
  cacheStatus: 'none',
  dbQueries: [ 'isolationAttestationLedger.create' ]
}
FEATURE_GATE_AWAIT_TRACE {
  event: 'start',
  fileName: 'backend/src/services/security/securityGovernanceOS.service.ts',
  redisOps: 'none',
  functionName: 'attestInfraIsolation:isolationAttestationLedger.upsert',
  cacheStatus: 'none',
  dbQueries: [
    'isolationAttestationLedger.upsert(isolation_attest:311c15928d5e8b1a47558c7b)'
  ],
  attestationKey: 'isolation_attest:311c15928d5e8b1a47558c7b'
}
FEATURE_GATE_AWAIT_TRACE {
  event: 'start',
  fileName: 'backend/src/services/security/securityGovernanceOS.service.ts',
  redisOps: 'none',
  functionName: 'authorizeAccess:appendAuthEvent:authorized',
  action: 'analytics:view',
  route: null,
  cacheStatus: 'none',
  dbQueries: [ 'authEventLedger.upsert' ]
}
FEATURE_GATE_AWAIT_TRACE {
  event: 'start',
  fileName: 'backend/src/services/security/securityGovernanceOS.service.ts',
  redisOps: 'none',
  functionName: 'appendAuthEvent:authEventLedger.upsert',
  cacheStatus: 'none',
  dbQueries: [ 'authEventLedger.upsert(auth_evt:400722b4d0e35bfc9a54b2ea74)' ],
  eventKey: 'auth_evt:400722b4d0e35bfc9a54b2ea74',
  action: 'analytics:view',
  outcome: 'ALLOWED'
}
prisma:error 
Invalid `prisma.dataAccessAuditLedger.upsert()` invocation:


Raw query failed. Code: `unknown`. Message: `Kind: Transactions are not supported by this deployment, labels: {}, source: None`
prisma:error 
Invalid `prisma.isolationAttestationLedger.upsert()` invocation:


Raw query failed. Code: `unknown`. Message: `Kind: Transactions are not supported by this deployment, labels: {}, source: None`
FEATURE_GATE_AWAIT_TRACE {
  event: 'end',
  fileName: 'backend/src/services/security/securityGovernanceOS.service.ts',
  redisOps: 'none',
  functionName: 'attestInfraIsolation:isolationAttestationLedger.upsert',
  durationMs: 3,
  cacheStatus: 'none',
  dbQueries: [
    'isolationAttestationLedger.upsert(isolation_attest:311c15928d5e8b1a47558c7b)'
  ],
  attestationKey: 'isolation_attest:311c15928d5e8b1a47558c7b'
}
FEATURE_GATE_AWAIT_TRACE {
  event: 'end',
  fileName: 'backend/src/services/security/securityGovernanceOS.service.ts',
  redisOps: 'none',
  functionName: 'authorizeAccess:attestInfraIsolation',
  durationMs: 3,
  action: 'analytics:view',
  route: null,
  cacheStatus: 'none',
  dbQueries: [ 'isolationAttestationLedger.create' ]
}
prisma:error 
Invalid `prisma.authEventLedger.upsert()` invocation:


Raw query failed. Code: `unknown`. Message: `Kind: Transactions are not supported by this deployment, labels: {}, source: None`
FEATURE_GATE_AWAIT_TRACE {
  event: 'end',
  fileName: 'backend/src/services/security/securityGovernanceOS.service.ts',
  redisOps: 'none',
  functionName: 'appendAuthEvent:authEventLedger.upsert',
  durationMs: 3,
  cacheStatus: 'none',
  dbQueries: [ 'authEventLedger.upsert(auth_evt:400722b4d0e35bfc9a54b2ea74)' ],
  eventKey: 'auth_evt:400722b4d0e35bfc9a54b2ea74',
  action: 'analytics:view',
  outcome: 'ALLOWED'
}
FEATURE_GATE_AWAIT_TRACE {
  event: 'end',
  fileName: 'backend/src/services/security/securityGovernanceOS.service.ts',
  redisOps: 'none',
  functionName: 'authorizeAccess:appendAuthEvent:authorized',
  durationMs: 3,
  action: 'analytics:view',
  route: null,
  cacheStatus: 'none',
  dbQueries: [ 'authEventLedger.upsert' ]
}
startup_event_loop_lag {
  metric: 'startup_event_loop_lag',
  value: 4,
  businessId: null,
  route: 'startup_isolation',
  metadata: null,
  recordedAt: '2026-07-06T15:05:52.550Z'
}
FEATURE_GATE_AWAIT_TRACE {
  event: 'start',
  fileName: 'backend/src/services/security/securityGovernanceOS.service.ts',
  redisOps: 'none',
  functionName: 'assertAuthorizedAccess:authorizeAccess',
  action: 'analytics:view',
  route: null,
  cacheStatus: 'delegated',
  dbQueries: [ 'see nested FEATURE_GATE_AWAIT_TRACE events' ]
}
FEATURE_GATE_AWAIT_TRACE {
  event: 'start',
  fileName: 'backend/src/services/security/securityGovernanceOS.service.ts',
  redisOps: 'none',
  functionName: 'authorizeAccess:assertTenantIsolation',
  action: 'analytics:view',
  route: null,
  cacheStatus: 'none',
  dbQueries: [ 'tenantIsolationLedger.upsert' ]
}
FEATURE_GATE_AWAIT_TRACE {
  event: 'end',
  fileName: 'backend/src/services/security/securityGovernanceOS.service.ts',
  redisOps: 'none',
  functionName: 'authorizeAccess:assertTenantIsolation',
  durationMs: 1,
  action: 'analytics:view',
  route: null,
  cacheStatus: 'none',
  dbQueries: [ 'tenantIsolationLedger.upsert' ]
}
FEATURE_GATE_AWAIT_TRACE {
  event: 'end',
  fileName: 'backend/src/services/security/securityGovernanceOS.service.ts',
  redisOps: 'none',
  functionName: 'assertAuthorizedAccess:authorizeAccess',
  durationMs: 2,
  action: 'analytics:view',
  route: null,
  cacheStatus: 'delegated',
  dbQueries: [ 'see nested FEATURE_GATE_AWAIT_TRACE events' ]
}
FEATURE_GATE_AWAIT_TRACE {
  event: 'start',
  fileName: 'backend/src/services/security/securityGovernanceOS.service.ts',
  redisOps: 'none',
  functionName: 'authorizeAccess:attestInfraIsolation',
  action: 'analytics:view',
  route: null,
  cacheStatus: 'none',
  dbQueries: [ 'isolationAttestationLedger.create' ]
}
FEATURE_GATE_AWAIT_TRACE {
  event: 'start',
  fileName: 'backend/src/services/security/securityGovernanceOS.service.ts',
  redisOps: 'none',
  functionName: 'attestInfraIsolation:isolationAttestationLedger.upsert',
  cacheStatus: 'none',
  dbQueries: [
    'isolationAttestationLedger.upsert(isolation_attest:0bd9d07e5f0f6f147fdae2a3)'
  ],
  attestationKey: 'isolation_attest:0bd9d07e5f0f6f147fdae2a3'
}
FEATURE_GATE_AWAIT_TRACE {
  event: 'start',
  fileName: 'backend/src/services/security/securityGovernanceOS.service.ts',
  redisOps: 'none',
  functionName: 'authorizeAccess:appendAuthEvent:authorized',
  action: 'analytics:view',
  route: null,
  cacheStatus: 'none',
  dbQueries: [ 'authEventLedger.upsert' ]
}
FEATURE_GATE_AWAIT_TRACE {
  event: 'start',
  fileName: 'backend/src/services/security/securityGovernanceOS.service.ts',
  redisOps: 'none',
  functionName: 'appendAuthEvent:authEventLedger.upsert',
  cacheStatus: 'none',
  dbQueries: [ 'authEventLedger.upsert(auth_evt:bd0283a170a7f1b35449fa2dbe)' ],
  eventKey: 'auth_evt:bd0283a170a7f1b35449fa2dbe',
  action: 'analytics:view',
  outcome: 'ALLOWED'
}
prisma:error 
Invalid `prisma.dataAccessAuditLedger.upsert()` invocation:


Raw query failed. Code: `unknown`. Message: `Kind: Transactions are not supported by this deployment, labels: {}, source: None`
prisma:error 
Invalid `prisma.isolationAttestationLedger.upsert()` invocation:


Raw query failed. Code: `unknown`. Message: `Kind: Transactions are not supported by this deployment, labels: {}, source: None`
FEATURE_GATE_AWAIT_TRACE {
  event: 'end',
  fileName: 'backend/src/services/security/securityGovernanceOS.service.ts',
  redisOps: 'none',
  functionName: 'attestInfraIsolation:isolationAttestationLedger.upsert',
  durationMs: 3,
  cacheStatus: 'none',
  dbQueries: [
    'isolationAttestationLedger.upsert(isolation_attest:0bd9d07e5f0f6f147fdae2a3)'
  ],
  attestationKey: 'isolation_attest:0bd9d07e5f0f6f147fdae2a3'
}
FEATURE_GATE_AWAIT_TRACE {
  event: 'end',
  fileName: 'backend/src/services/security/securityGovernanceOS.service.ts',
  redisOps: 'none',
  functionName: 'authorizeAccess:attestInfraIsolation',
  durationMs: 4,
  action: 'analytics:view',
  route: null,
  cacheStatus: 'none',
  dbQueries: [ 'isolationAttestationLedger.create' ]
}
prisma:error 
Invalid `prisma.authEventLedger.upsert()` invocation:


Raw query failed. Code: `unknown`. Message: `Kind: Transactions are not supported by this deployment, labels: {}, source: None`
FEATURE_GATE_AWAIT_TRACE {
  event: 'end',
  fileName: 'backend/src/services/security/securityGovernanceOS.service.ts',
  redisOps: 'none',
  functionName: 'appendAuthEvent:authEventLedger.upsert',
  durationMs: 3,
  cacheStatus: 'none',
  dbQueries: [ 'authEventLedger.upsert(auth_evt:bd0283a170a7f1b35449fa2dbe)' ],
  eventKey: 'auth_evt:bd0283a170a7f1b35449fa2dbe',
  action: 'analytics:view',
  outcome: 'ALLOWED'
}
FEATURE_GATE_AWAIT_TRACE {
  event: 'end',
  fileName: 'backend/src/services/security/securityGovernanceOS.service.ts',
  redisOps: 'none',
  functionName: 'authorizeAccess:appendAuthEvent:authorized',
  durationMs: 4,
  action: 'analytics:view',
  route: null,
  cacheStatus: 'none',
  dbQueries: [ 'authEventLedger.upsert' ]
}
startup_event_loop_lag {
  metric: 'startup_event_loop_lag',
  value: 15,
  businessId: null,
  route: 'startup_isolation',
  metadata: null,
  recordedAt: '2026-07-06T15:05:53.633Z'
}
FEATURE_GATE_AWAIT_TRACE {
  event: 'start',
  fileName: 'backend/src/services/security/securityGovernanceOS.service.ts',
  redisOps: 'none',
  functionName: 'assertAuthorizedAccess:authorizeAccess',
  action: 'analytics:view',
  route: null,
  cacheStatus: 'delegated',
  dbQueries: [ 'see nested FEATURE_GATE_AWAIT_TRACE events' ]
}
FEATURE_GATE_AWAIT_TRACE {
  event: 'start',
  fileName: 'backend/src/services/security/securityGovernanceOS.service.ts',
  redisOps: 'none',
  functionName: 'authorizeAccess:assertTenantIsolation',
  action: 'analytics:view',
  route: null,
  cacheStatus: 'none',
  dbQueries: [ 'tenantIsolationLedger.upsert' ]
}
FEATURE_GATE_AWAIT_TRACE {
  event: 'end',
  fileName: 'backend/src/services/security/securityGovernanceOS.service.ts',
  redisOps: 'none',
  functionName: 'authorizeAccess:assertTenantIsolation',
  durationMs: 1,
  action: 'analytics:view',
  route: null,
  cacheStatus: 'none',
  dbQueries: [ 'tenantIsolationLedger.upsert' ]
}
FEATURE_GATE_AWAIT_TRACE {
  event: 'end',
  fileName: 'backend/src/services/security/securityGovernanceOS.service.ts',
  redisOps: 'none',
  functionName: 'assertAuthorizedAccess:authorizeAccess',
  durationMs: 2,
  action: 'analytics:view',
  route: null,
  cacheStatus: 'delegated',
  dbQueries: [ 'see nested FEATURE_GATE_AWAIT_TRACE events' ]
}
FEATURE_GATE_AWAIT_TRACE {
  event: 'start',
  fileName: 'backend/src/services/security/securityGovernanceOS.service.ts',
  redisOps: 'none',
  functionName: 'authorizeAccess:attestInfraIsolation',
  action: 'analytics:view',
  route: null,
  cacheStatus: 'none',
  dbQueries: [ 'isolationAttestationLedger.create' ]
}
FEATURE_GATE_AWAIT_TRACE {
  event: 'start',
  fileName: 'backend/src/services/security/securityGovernanceOS.service.ts',
  redisOps: 'none',
  functionName: 'attestInfraIsolation:isolationAttestationLedger.upsert',
  cacheStatus: 'none',
  dbQueries: [
    'isolationAttestationLedger.upsert(isolation_attest:69eb888e5be4637349b0dd77)'
  ],
  attestationKey: 'isolation_attest:69eb888e5be4637349b0dd77'
}
FEATURE_GATE_AWAIT_TRACE {
  event: 'start',
  fileName: 'backend/src/services/security/securityGovernanceOS.service.ts',
  redisOps: 'none',
  functionName: 'authorizeAccess:appendAuthEvent:authorized',
  action: 'analytics:view',
  route: null,
  cacheStatus: 'none',
  dbQueries: [ 'authEventLedger.upsert' ]
}
FEATURE_GATE_AWAIT_TRACE {
  event: 'start',
  fileName: 'backend/src/services/security/securityGovernanceOS.service.ts',
  redisOps: 'none',
  functionName: 'appendAuthEvent:authEventLedger.upsert',
  cacheStatus: 'none',
  dbQueries: [ 'authEventLedger.upsert(auth_evt:2016a60e4e8b14615c5cdd9f75)' ],
  eventKey: 'auth_evt:2016a60e4e8b14615c5cdd9f75',
  action: 'analytics:view',
  outcome: 'ALLOWED'
}
prisma:error 
Invalid `prisma.dataAccessAuditLedger.upsert()` invocation:


Raw query failed. Code: `unknown`. Message: `Kind: Transactions are not supported by this deployment, labels: {}, source: None`
prisma:error 
Invalid `prisma.isolationAttestationLedger.upsert()` invocation:


Raw query failed. Code: `unknown`. Message: `Kind: Transactions are not supported by this deployment, labels: {}, source: None`
FEATURE_GATE_AWAIT_TRACE {
  event: 'end',
  fileName: 'backend/src/services/security/securityGovernanceOS.service.ts',
  redisOps: 'none',
  functionName: 'attestInfraIsolation:isolationAttestationLedger.upsert',
  durationMs: 3,
  cacheStatus: 'none',
  dbQueries: [
    'isolationAttestationLedger.upsert(isolation_attest:69eb888e5be4637349b0dd77)'
  ],
  attestationKey: 'isolation_attest:69eb888e5be4637349b0dd77'
}
FEATURE_GATE_AWAIT_TRACE {
  event: 'end',
  fileName: 'backend/src/services/security/securityGovernanceOS.service.ts',
  redisOps: 'none',
  functionName: 'authorizeAccess:attestInfraIsolation',
  durationMs: 3,
  action: 'analytics:view',
  route: null,
  cacheStatus: 'none',
  dbQueries: [ 'isolationAttestationLedger.create' ]
}
prisma:error 
Invalid `prisma.authEventLedger.upsert()` invocation:


Raw query failed. Code: `unknown`. Message: `Kind: Transactions are not supported by this deployment, labels: {}, source: None`
FEATURE_GATE_AWAIT_TRACE {
  event: 'end',
  fileName: 'backend/src/services/security/securityGovernanceOS.service.ts',
  redisOps: 'none',
  functionName: 'appendAuthEvent:authEventLedger.upsert',
  durationMs: 3,
  cacheStatus: 'none',
  dbQueries: [ 'authEventLedger.upsert(auth_evt:2016a60e4e8b14615c5cdd9f75)' ],
  eventKey: 'auth_evt:2016a60e4e8b14615c5cdd9f75',
  action: 'analytics:view',
  outcome: 'ALLOWED'
}
FEATURE_GATE_AWAIT_TRACE {
  event: 'end',
  fileName: 'backend/src/services/security/securityGovernanceOS.service.ts',
  redisOps: 'none',
  functionName: 'authorizeAccess:appendAuthEvent:authorized',
  durationMs: 3,
  action: 'analytics:view',
  route: null,
  cacheStatus: 'none',
  dbQueries: [ 'authEventLedger.upsert' ]
}
startup_event_loop_lag {
  metric: 'startup_event_loop_lag',
  value: 12,
  businessId: null,
  route: 'startup_isolation',
  metadata: null,
  recordedAt: '2026-07-06T15:05:54.712Z'
}
FEATURE_GATE_AWAIT_TRACE {
  event: 'start',
  fileName: 'backend/src/services/security/securityGovernanceOS.service.ts',
  redisOps: 'none',
  functionName: 'assertAuthorizedAccess:authorizeAccess',
  action: 'analytics:view',
  route: null,
  cacheStatus: 'delegated',
  dbQueries: [ 'see nested FEATURE_GATE_AWAIT_TRACE events' ]
}
FEATURE_GATE_AWAIT_TRACE {
  event: 'start',
  fileName: 'backend/src/services/security/securityGovernanceOS.service.ts',
  redisOps: 'none',
  functionName: 'authorizeAccess:assertTenantIsolation',
  action: 'analytics:view',
  route: null,
  cacheStatus: 'none',
  dbQueries: [ 'tenantIsolationLedger.upsert' ]
}
FEATURE_GATE_AWAIT_TRACE {
  event: 'end',
  fileName: 'backend/src/services/security/securityGovernanceOS.service.ts',
  redisOps: 'none',
  functionName: 'authorizeAccess:assertTenantIsolation',
  durationMs: 1,
  action: 'analytics:view',
  route: null,
  cacheStatus: 'none',
  dbQueries: [ 'tenantIsolationLedger.upsert' ]
}
FEATURE_GATE_AWAIT_TRACE {
  event: 'end',
  fileName: 'backend/src/services/security/securityGovernanceOS.service.ts',
  redisOps: 'none',
  functionName: 'assertAuthorizedAccess:authorizeAccess',
  durationMs: 2,
  action: 'analytics:view',
  route: null,
  cacheStatus: 'delegated',
  dbQueries: [ 'see nested FEATURE_GATE_AWAIT_TRACE events' ]
}
FEATURE_GATE_AWAIT_TRACE {
  event: 'start',
  fileName: 'backend/src/services/security/securityGovernanceOS.service.ts',
  redisOps: 'none',
  functionName: 'authorizeAccess:attestInfraIsolation',
  action: 'analytics:view',
  route: null,
  cacheStatus: 'none',
  dbQueries: [ 'isolationAttestationLedger.create' ]
}
FEATURE_GATE_AWAIT_TRACE {
  event: 'start',
  fileName: 'backend/src/services/security/securityGovernanceOS.service.ts',
  redisOps: 'none',
  functionName: 'attestInfraIsolation:isolationAttestationLedger.upsert',
  cacheStatus: 'none',
  dbQueries: [
    'isolationAttestationLedger.upsert(isolation_attest:e9c9495ad5daef7692f376c5)'
  ],
  attestationKey: 'isolation_attest:e9c9495ad5daef7692f376c5'
}
FEATURE_GATE_AWAIT_TRACE {
  event: 'start',
  fileName: 'backend/src/services/security/securityGovernanceOS.service.ts',
  redisOps: 'none',
  functionName: 'authorizeAccess:appendAuthEvent:authorized',
  action: 'analytics:view',
  route: null,
  cacheStatus: 'none',
  dbQueries: [ 'authEventLedger.upsert' ]
}
FEATURE_GATE_AWAIT_TRACE {
  event: 'start',
  fileName: 'backend/src/services/security/securityGovernanceOS.service.ts',
  redisOps: 'none',
  functionName: 'appendAuthEvent:authEventLedger.upsert',
  cacheStatus: 'none',
  dbQueries: [ 'authEventLedger.upsert(auth_evt:8c3930c33ce25aa5c7c0d20e43)' ],
  eventKey: 'auth_evt:8c3930c33ce25aa5c7c0d20e43',
  action: 'analytics:view',
  outcome: 'ALLOWED'
}
prisma:error 
Invalid `prisma.dataAccessAuditLedger.upsert()` invocation:


Raw query failed. Code: `unknown`. Message: `Kind: Transactions are not supported by this deployment, labels: {}, source: None`
prisma:error 
Invalid `prisma.isolationAttestationLedger.upsert()` invocation:


Raw query failed. Code: `unknown`. Message: `Kind: Transactions are not supported by this deployment, labels: {}, source: None`
FEATURE_GATE_AWAIT_TRACE {
  event: 'end',
  fileName: 'backend/src/services/security/securityGovernanceOS.service.ts',
  redisOps: 'none',
  functionName: 'attestInfraIsolation:isolationAttestationLedger.upsert',
  durationMs: 4,
  cacheStatus: 'none',
  dbQueries: [
    'isolationAttestationLedger.upsert(isolation_attest:e9c9495ad5daef7692f376c5)'
  ],
  attestationKey: 'isolation_attest:e9c9495ad5daef7692f376c5'
}
FEATURE_GATE_AWAIT_TRACE {
  event: 'end',
  fileName: 'backend/src/services/security/securityGovernanceOS.service.ts',
  redisOps: 'none',
  functionName: 'authorizeAccess:attestInfraIsolation',
  durationMs: 4,
  action: 'analytics:view',
  route: null,
  cacheStatus: 'none',
  dbQueries: [ 'isolationAttestationLedger.create' ]
}
prisma:error 
Invalid `prisma.authEventLedger.upsert()` invocation:


Raw query failed. Code: `unknown`. Message: `Kind: Transactions are not supported by this deployment, labels: {}, source: None`
FEATURE_GATE_AWAIT_TRACE {
  event: 'end',
  fileName: 'backend/src/services/security/securityGovernanceOS.service.ts',
  redisOps: 'none',
  functionName: 'appendAuthEvent:authEventLedger.upsert',
  durationMs: 3,
  cacheStatus: 'none',
  dbQueries: [ 'authEventLedger.upsert(auth_evt:8c3930c33ce25aa5c7c0d20e43)' ],
  eventKey: 'auth_evt:8c3930c33ce25aa5c7c0d20e43',
  action: 'analytics:view',
  outcome: 'ALLOWED'
}
FEATURE_GATE_AWAIT_TRACE {
  event: 'end',
  fileName: 'backend/src/services/security/securityGovernanceOS.service.ts',
  redisOps: 'none',
  functionName: 'authorizeAccess:appendAuthEvent:authorized',
  durationMs: 3,
  action: 'analytics:view',
  route: null,
  cacheStatus: 'none',
  dbQueries: [ 'authEventLedger.upsert' ]
}
startup_event_loop_lag {
  metric: 'startup_event_loop_lag',
  value: 13,
  businessId: null,
  route: 'startup_isolation',
  metadata: null,
  recordedAt: '2026-07-06T15:05:55.800Z'
}
FEATURE_GATE_AWAIT_TRACE {
  event: 'start',
  fileName: 'backend/src/services/security/securityGovernanceOS.service.ts',
  redisOps: 'none',
  functionName: 'assertAuthorizedAccess:authorizeAccess',
  action: 'analytics:view',
  route: null,
  cacheStatus: 'delegated',
  dbQueries: [ 'see nested FEATURE_GATE_AWAIT_TRACE events' ]
}
FEATURE_GATE_AWAIT_TRACE {
  event: 'start',
  fileName: 'backend/src/services/security/securityGovernanceOS.service.ts',
  redisOps: 'none',
  functionName: 'authorizeAccess:assertTenantIsolation',
  action: 'analytics:view',
  route: null,
  cacheStatus: 'none',
  dbQueries: [ 'tenantIsolationLedger.upsert' ]
}
FEATURE_GATE_AWAIT_TRACE {
  event: 'end',
  fileName: 'backend/src/services/security/securityGovernanceOS.service.ts',
  redisOps: 'none',
  functionName: 'authorizeAccess:assertTenantIsolation',
  durationMs: 1,
  action: 'analytics:view',
  route: null,
  cacheStatus: 'none',
  dbQueries: [ 'tenantIsolationLedger.upsert' ]
}
FEATURE_GATE_AWAIT_TRACE {
  event: 'end',
  fileName: 'backend/src/services/security/securityGovernanceOS.service.ts',
  redisOps: 'none',
  functionName: 'assertAuthorizedAccess:authorizeAccess',
  durationMs: 3,
  action: 'analytics:view',
  route: null,
  cacheStatus: 'delegated',
  dbQueries: [ 'see nested FEATURE_GATE_AWAIT_TRACE events' ]
}
FEATURE_GATE_AWAIT_TRACE {
  event: 'start',
  fileName: 'backend/src/services/security/securityGovernanceOS.service.ts',
  redisOps: 'none',
  functionName: 'authorizeAccess:attestInfraIsolation',
  action: 'analytics:view',
  route: null,
  cacheStatus: 'none',
  dbQueries: [ 'isolationAttestationLedger.create' ]
}
FEATURE_GATE_AWAIT_TRACE {
  event: 'start',
  fileName: 'backend/src/services/security/securityGovernanceOS.service.ts',
  redisOps: 'none',
  functionName: 'attestInfraIsolation:isolationAttestationLedger.upsert',
  cacheStatus: 'none',
  dbQueries: [
    'isolationAttestationLedger.upsert(isolation_attest:c10730833318855681db5d7d)'
  ],
  attestationKey: 'isolation_attest:c10730833318855681db5d7d'
}
FEATURE_GATE_AWAIT_TRACE {
  event: 'start',
  fileName: 'backend/src/services/security/securityGovernanceOS.service.ts',
  redisOps: 'none',
  functionName: 'authorizeAccess:appendAuthEvent:authorized',
  action: 'analytics:view',
  route: null,
  cacheStatus: 'none',
  dbQueries: [ 'authEventLedger.upsert' ]
}
FEATURE_GATE_AWAIT_TRACE {
  event: 'start',
  fileName: 'backend/src/services/security/securityGovernanceOS.service.ts',
  redisOps: 'none',
  functionName: 'appendAuthEvent:authEventLedger.upsert',
  cacheStatus: 'none',
  dbQueries: [ 'authEventLedger.upsert(auth_evt:0cc4f9d117515480235b3be0bf)' ],
  eventKey: 'auth_evt:0cc4f9d117515480235b3be0bf',
  action: 'analytics:view',
  outcome: 'ALLOWED'
}
prisma:error 
Invalid `prisma.dataAccessAuditLedger.upsert()` invocation:


Raw query failed. Code: `unknown`. Message: `Kind: Transactions are not supported by this deployment, labels: {}, source: None`
prisma:error 
Invalid `prisma.isolationAttestationLedger.upsert()` invocation:


Raw query failed. Code: `unknown`. Message: `Kind: Transactions are not supported by this deployment, labels: {}, source: None`
FEATURE_GATE_AWAIT_TRACE {
  event: 'end',
  fileName: 'backend/src/services/security/securityGovernanceOS.service.ts',
  redisOps: 'none',
  functionName: 'attestInfraIsolation:isolationAttestationLedger.upsert',
  durationMs: 3,
  cacheStatus: 'none',
  dbQueries: [
    'isolationAttestationLedger.upsert(isolation_attest:c10730833318855681db5d7d)'
  ],
  attestationKey: 'isolation_attest:c10730833318855681db5d7d'
}
FEATURE_GATE_AWAIT_TRACE {
  event: 'end',
  fileName: 'backend/src/services/security/securityGovernanceOS.service.ts',
  redisOps: 'none',
  functionName: 'authorizeAccess:attestInfraIsolation',
  durationMs: 4,
  action: 'analytics:view',
  route: null,
  cacheStatus: 'none',
  dbQueries: [ 'isolationAttestationLedger.create' ]
}
prisma:error 
Invalid `prisma.authEventLedger.upsert()` invocation:


Raw query failed. Code: `unknown`. Message: `Kind: Transactions are not supported by this deployment, labels: {}, source: None`
FEATURE_GATE_AWAIT_TRACE {
  event: 'end',
  fileName: 'backend/src/services/security/securityGovernanceOS.service.ts',
  redisOps: 'none',
  functionName: 'appendAuthEvent:authEventLedger.upsert',
  durationMs: 3,
  cacheStatus: 'none',
  dbQueries: [ 'authEventLedger.upsert(auth_evt:0cc4f9d117515480235b3be0bf)' ],
  eventKey: 'auth_evt:0cc4f9d117515480235b3be0bf',
  action: 'analytics:view',
  outcome: 'ALLOWED'
}
FEATURE_GATE_AWAIT_TRACE {
  event: 'end',
  fileName: 'backend/src/services/security/securityGovernanceOS.service.ts',
  redisOps: 'none',
  functionName: 'authorizeAccess:appendAuthEvent:authorized',
  durationMs: 4,
  action: 'analytics:view',
  route: null,
  cacheStatus: 'none',
  dbQueries: [ 'authEventLedger.upsert' ]
}
startup_event_loop_lag {
  metric: 'startup_event_loop_lag',
  value: 12,
  businessId: null,
  route: 'startup_isolation',
  metadata: null,
  recordedAt: '2026-07-06T15:05:56.908Z'
}
FEATURE_GATE_AWAIT_TRACE {
  event: 'start',
  fileName: 'backend/src/services/security/securityGovernanceOS.service.ts',
  redisOps: 'none',
  functionName: 'assertAuthorizedAccess:authorizeAccess',
  action: 'analytics:view',
  route: null,
  cacheStatus: 'delegated',
  dbQueries: [ 'see nested FEATURE_GATE_AWAIT_TRACE events' ]
}
FEATURE_GATE_AWAIT_TRACE {
  event: 'start',
  fileName: 'backend/src/services/security/securityGovernanceOS.service.ts',
  redisOps: 'none',
  functionName: 'authorizeAccess:assertTenantIsolation',
  action: 'analytics:view',
  route: null,
  cacheStatus: 'none',
  dbQueries: [ 'tenantIsolationLedger.upsert' ]
}
FEATURE_GATE_AWAIT_TRACE {
  event: 'end',
  fileName: 'backend/src/services/security/securityGovernanceOS.service.ts',
  redisOps: 'none',
  functionName: 'authorizeAccess:assertTenantIsolation',
  durationMs: 0,
  action: 'analytics:view',
  route: null,
  cacheStatus: 'none',
  dbQueries: [ 'tenantIsolationLedger.upsert' ]
}
FEATURE_GATE_AWAIT_TRACE {
  event: 'end',
  fileName: 'backend/src/services/security/securityGovernanceOS.service.ts',
  redisOps: 'none',
  functionName: 'assertAuthorizedAccess:authorizeAccess',
  durationMs: 1,
  action: 'analytics:view',
  route: null,
  cacheStatus: 'delegated',
  dbQueries: [ 'see nested FEATURE_GATE_AWAIT_TRACE events' ]
}
FEATURE_GATE_AWAIT_TRACE {
  event: 'start',
  fileName: 'backend/src/services/security/securityGovernanceOS.service.ts',
  redisOps: 'none',
  functionName: 'authorizeAccess:attestInfraIsolation',
  action: 'analytics:view',
  route: null,
  cacheStatus: 'none',
  dbQueries: [ 'isolationAttestationLedger.create' ]
}
FEATURE_GATE_AWAIT_TRACE {
  event: 'start',
  fileName: 'backend/src/services/security/securityGovernanceOS.service.ts',
  redisOps: 'none',
  functionName: 'attestInfraIsolation:isolationAttestationLedger.upsert',
  cacheStatus: 'none',
  dbQueries: [
    'isolationAttestationLedger.upsert(isolation_attest:82bf43450abc780b2001a09b)'
  ],
  attestationKey: 'isolation_attest:82bf43450abc780b2001a09b'
}
FEATURE_GATE_AWAIT_TRACE {
  event: 'start',
  fileName: 'backend/src/services/security/securityGovernanceOS.service.ts',
  redisOps: 'none',
  functionName: 'authorizeAccess:appendAuthEvent:authorized',
  action: 'analytics:view',
  route: null,
  cacheStatus: 'none',
  dbQueries: [ 'authEventLedger.upsert' ]
}
FEATURE_GATE_AWAIT_TRACE {
  event: 'start',
  fileName: 'backend/src/services/security/securityGovernanceOS.service.ts',
  redisOps: 'none',
  functionName: 'appendAuthEvent:authEventLedger.upsert',
  cacheStatus: 'none',
  dbQueries: [ 'authEventLedger.upsert(auth_evt:fbaa415a2eec92f5a48ec25803)' ],
  eventKey: 'auth_evt:fbaa415a2eec92f5a48ec25803',
  action: 'analytics:view',
  outcome: 'ALLOWED'
}
prisma:error 
Invalid `prisma.dataAccessAuditLedger.upsert()` invocation:


Raw query failed. Code: `unknown`. Message: `Kind: Transactions are not supported by this deployment, labels: {}, source: None`
prisma:error 
Invalid `prisma.isolationAttestationLedger.upsert()` invocation:


Raw query failed. Code: `unknown`. Message: `Kind: Transactions are not supported by this deployment, labels: {}, source: None`
FEATURE_GATE_AWAIT_TRACE {
  event: 'end',
  fileName: 'backend/src/services/security/securityGovernanceOS.service.ts',
  redisOps: 'none',
  functionName: 'attestInfraIsolation:isolationAttestationLedger.upsert',
  durationMs: 3,
  cacheStatus: 'none',
  dbQueries: [
    'isolationAttestationLedger.upsert(isolation_attest:82bf43450abc780b2001a09b)'
  ],
  attestationKey: 'isolation_attest:82bf43450abc780b2001a09b'
}
FEATURE_GATE_AWAIT_TRACE {
  event: 'end',
  fileName: 'backend/src/services/security/securityGovernanceOS.service.ts',
  redisOps: 'none',
  functionName: 'authorizeAccess:attestInfraIsolation',
  durationMs: 3,
  action: 'analytics:view',
  route: null,
  cacheStatus: 'none',
  dbQueries: [ 'isolationAttestationLedger.create' ]
}
prisma:error 
Invalid `prisma.authEventLedger.upsert()` invocation:


Raw query failed. Code: `unknown`. Message: `Kind: Transactions are not supported by this deployment, labels: {}, source: None`
FEATURE_GATE_AWAIT_TRACE {
  event: 'end',
  fileName: 'backend/src/services/security/securityGovernanceOS.service.ts',
  redisOps: 'none',
  functionName: 'appendAuthEvent:authEventLedger.upsert',
  durationMs: 3,
  cacheStatus: 'none',
  dbQueries: [ 'authEventLedger.upsert(auth_evt:fbaa415a2eec92f5a48ec25803)' ],
  eventKey: 'auth_evt:fbaa415a2eec92f5a48ec25803',
  action: 'analytics:view',
  outcome: 'ALLOWED'
}
FEATURE_GATE_AWAIT_TRACE {
  event: 'end',
  fileName: 'backend/src/services/security/securityGovernanceOS.service.ts',
  redisOps: 'none',
  functionName: 'authorizeAccess:appendAuthEvent:authorized',
  durationMs: 3,
  action: 'analytics:view',
  route: null,
  cacheStatus: 'none',
  dbQueries: [ 'authEventLedger.upsert' ]
}
startup_event_loop_lag {
  metric: 'startup_event_loop_lag',
  value: 10,
  businessId: null,
  route: 'startup_isolation',
  metadata: null,
  recordedAt: '2026-07-06T15:05:58.038Z'
}
FEATURE_GATE_AWAIT_TRACE {
  event: 'start',
  fileName: 'backend/src/services/security/securityGovernanceOS.service.ts',
  redisOps: 'none',
  functionName: 'assertAuthorizedAccess:authorizeAccess',
  action: 'analytics:view',
  route: null,
  cacheStatus: 'delegated',
  dbQueries: [ 'see nested FEATURE_GATE_AWAIT_TRACE events' ]
}
FEATURE_GATE_AWAIT_TRACE {
  event: 'start',
  fileName: 'backend/src/services/security/securityGovernanceOS.service.ts',
  redisOps: 'none',
  functionName: 'authorizeAccess:assertTenantIsolation',
  action: 'analytics:view',
  route: null,
  cacheStatus: 'none',
  dbQueries: [ 'tenantIsolationLedger.upsert' ]
}
FEATURE_GATE_AWAIT_TRACE {
  event: 'end',
  fileName: 'backend/src/services/security/securityGovernanceOS.service.ts',
  redisOps: 'none',
  functionName: 'authorizeAccess:assertTenantIsolation',
  durationMs: 1,
  action: 'analytics:view',
  route: null,
  cacheStatus: 'none',
  dbQueries: [ 'tenantIsolationLedger.upsert' ]
}
FEATURE_GATE_AWAIT_TRACE {
  event: 'end',
  fileName: 'backend/src/services/security/securityGovernanceOS.service.ts',
  redisOps: 'none',
  functionName: 'assertAuthorizedAccess:authorizeAccess',
  durationMs: 2,
  action: 'analytics:view',
  route: null,
  cacheStatus: 'delegated',
  dbQueries: [ 'see nested FEATURE_GATE_AWAIT_TRACE events' ]
}
FEATURE_GATE_AWAIT_TRACE {
  event: 'start',
  fileName: 'backend/src/services/security/securityGovernanceOS.service.ts',
  redisOps: 'none',
  functionName: 'authorizeAccess:attestInfraIsolation',
  action: 'analytics:view',
  route: null,
  cacheStatus: 'none',
  dbQueries: [ 'isolationAttestationLedger.create' ]
}
FEATURE_GATE_AWAIT_TRACE {
  event: 'start',
  fileName: 'backend/src/services/security/securityGovernanceOS.service.ts',
  redisOps: 'none',
  functionName: 'attestInfraIsolation:isolationAttestationLedger.upsert',
  cacheStatus: 'none',
  dbQueries: [
    'isolationAttestationLedger.upsert(isolation_attest:1225be998b3f2122e702a4ae)'
  ],
  attestationKey: 'isolation_attest:1225be998b3f2122e702a4ae'
}
FEATURE_GATE_AWAIT_TRACE {
  event: 'start',
  fileName: 'backend/src/services/security/securityGovernanceOS.service.ts',
  redisOps: 'none',
  functionName: 'authorizeAccess:appendAuthEvent:authorized',
  action: 'analytics:view',
  route: null,
  cacheStatus: 'none',
  dbQueries: [ 'authEventLedger.upsert' ]
}
FEATURE_GATE_AWAIT_TRACE {
  event: 'start',
  fileName: 'backend/src/services/security/securityGovernanceOS.service.ts',
  redisOps: 'none',
  functionName: 'appendAuthEvent:authEventLedger.upsert',
  cacheStatus: 'none',
  dbQueries: [ 'authEventLedger.upsert(auth_evt:c3b4373aadad3debb34faa949a)' ],
  eventKey: 'auth_evt:c3b4373aadad3debb34faa949a',
  action: 'analytics:view',
  outcome: 'ALLOWED'
}
prisma:error 
Invalid `prisma.dataAccessAuditLedger.upsert()` invocation:


Raw query failed. Code: `unknown`. Message: `Kind: Transactions are not supported by this deployment, labels: {}, source: None`
prisma:error 
Invalid `prisma.isolationAttestationLedger.upsert()` invocation:


Raw query failed. Code: `unknown`. Message: `Kind: Transactions are not supported by this deployment, labels: {}, source: None`
FEATURE_GATE_AWAIT_TRACE {
  event: 'end',
  fileName: 'backend/src/services/security/securityGovernanceOS.service.ts',
  redisOps: 'none',
  functionName: 'attestInfraIsolation:isolationAttestationLedger.upsert',
  durationMs: 3,
  cacheStatus: 'none',
  dbQueries: [
    'isolationAttestationLedger.upsert(isolation_attest:1225be998b3f2122e702a4ae)'
  ],
  attestationKey: 'isolation_attest:1225be998b3f2122e702a4ae'
}
FEATURE_GATE_AWAIT_TRACE {
  event: 'end',
  fileName: 'backend/src/services/security/securityGovernanceOS.service.ts',
  redisOps: 'none',
  functionName: 'authorizeAccess:attestInfraIsolation',
  durationMs: 5,
  action: 'analytics:view',
  route: null,
  cacheStatus: 'none',
  dbQueries: [ 'isolationAttestationLedger.create' ]
}
prisma:error 
Invalid `prisma.authEventLedger.upsert()` invocation:


Raw query failed. Code: `unknown`. Message: `Kind: Transactions are not supported by this deployment, labels: {}, source: None`
FEATURE_GATE_AWAIT_TRACE {
  event: 'end',
  fileName: 'backend/src/services/security/securityGovernanceOS.service.ts',
  redisOps: 'none',
  functionName: 'appendAuthEvent:authEventLedger.upsert',
  durationMs: 2,
  cacheStatus: 'none',
  dbQueries: [ 'authEventLedger.upsert(auth_evt:c3b4373aadad3debb34faa949a)' ],
  eventKey: 'auth_evt:c3b4373aadad3debb34faa949a',
  action: 'analytics:view',
  outcome: 'ALLOWED'
}
FEATURE_GATE_AWAIT_TRACE {
  event: 'end',
  fileName: 'backend/src/services/security/securityGovernanceOS.service.ts',
  redisOps: 'none',
  functionName: 'authorizeAccess:appendAuthEvent:authorized',
  durationMs: 3,
  action: 'analytics:view',
  route: null,
  cacheStatus: 'none',
  dbQueries: [ 'authEventLedger.upsert' ]
}
startup_event_loop_lag {
  metric: 'startup_event_loop_lag',
  value: 0,
  businessId: null,
  route: 'startup_isolation',
  metadata: null,
  recordedAt: '2026-07-06T15:05:59.122Z'
}
FEATURE_GATE_AWAIT_TRACE {
  event: 'start',
  fileName: 'backend/src/services/security/securityGovernanceOS.service.ts',
  redisOps: 'none',
  functionName: 'assertAuthorizedAccess:authorizeAccess',
  action: 'analytics:view',
  route: null,
  cacheStatus: 'delegated',
  dbQueries: [ 'see nested FEATURE_GATE_AWAIT_TRACE events' ]
}
FEATURE_GATE_AWAIT_TRACE {
  event: 'start',
  fileName: 'backend/src/services/security/securityGovernanceOS.service.ts',
  redisOps: 'none',
  functionName: 'authorizeAccess:assertTenantIsolation',
  action: 'analytics:view',
  route: null,
  cacheStatus: 'none',
  dbQueries: [ 'tenantIsolationLedger.upsert' ]
}
FEATURE_GATE_AWAIT_TRACE {
  event: 'end',
  fileName: 'backend/src/services/security/securityGovernanceOS.service.ts',
  redisOps: 'none',
  functionName: 'authorizeAccess:assertTenantIsolation',
  durationMs: 1,
  action: 'analytics:view',
  route: null,
  cacheStatus: 'none',
  dbQueries: [ 'tenantIsolationLedger.upsert' ]
}
FEATURE_GATE_AWAIT_TRACE {
  event: 'end',
  fileName: 'backend/src/services/security/securityGovernanceOS.service.ts',
  redisOps: 'none',
  functionName: 'assertAuthorizedAccess:authorizeAccess',
  durationMs: 2,
  action: 'analytics:view',
  route: null,
  cacheStatus: 'delegated',
  dbQueries: [ 'see nested FEATURE_GATE_AWAIT_TRACE events' ]
}
FEATURE_GATE_AWAIT_TRACE {
  event: 'start',
  fileName: 'backend/src/services/security/securityGovernanceOS.service.ts',
  redisOps: 'none',
  functionName: 'authorizeAccess:attestInfraIsolation',
  action: 'analytics:view',
  route: null,
  cacheStatus: 'none',
  dbQueries: [ 'isolationAttestationLedger.create' ]
}
FEATURE_GATE_AWAIT_TRACE {
  event: 'start',
  fileName: 'backend/src/services/security/securityGovernanceOS.service.ts',
  redisOps: 'none',
  functionName: 'attestInfraIsolation:isolationAttestationLedger.upsert',
  cacheStatus: 'none',
  dbQueries: [
    'isolationAttestationLedger.upsert(isolation_attest:fa4a7fb4fffe7ca4678fa48e)'
  ],
  attestationKey: 'isolation_attest:fa4a7fb4fffe7ca4678fa48e'
}
FEATURE_GATE_AWAIT_TRACE {
  event: 'start',
  fileName: 'backend/src/services/security/securityGovernanceOS.service.ts',
  redisOps: 'none',
  functionName: 'authorizeAccess:appendAuthEvent:authorized',
  action: 'analytics:view',
  route: null,
  cacheStatus: 'none',
  dbQueries: [ 'authEventLedger.upsert' ]
}
FEATURE_GATE_AWAIT_TRACE {
  event: 'start',
  fileName: 'backend/src/services/security/securityGovernanceOS.service.ts',
  redisOps: 'none',
  functionName: 'appendAuthEvent:authEventLedger.upsert',
  cacheStatus: 'none',
  dbQueries: [ 'authEventLedger.upsert(auth_evt:198d37bb5d70f9d8afb1e5e4b1)' ],
  eventKey: 'auth_evt:198d37bb5d70f9d8afb1e5e4b1',
  action: 'analytics:view',
  outcome: 'ALLOWED'
}
prisma:error 
Invalid `prisma.dataAccessAuditLedger.upsert()` invocation:


Raw query failed. Code: `unknown`. Message: `Kind: Transactions are not supported by this deployment, labels: {}, source: None`
prisma:error 
Invalid `prisma.isolationAttestationLedger.upsert()` invocation:


Raw query failed. Code: `unknown`. Message: `Kind: Transactions are not supported by this deployment, labels: {}, source: None`
FEATURE_GATE_AWAIT_TRACE {
  event: 'end',
  fileName: 'backend/src/services/security/securityGovernanceOS.service.ts',
  redisOps: 'none',
  functionName: 'attestInfraIsolation:isolationAttestationLedger.upsert',
  durationMs: 3,
  cacheStatus: 'none',
  dbQueries: [
    'isolationAttestationLedger.upsert(isolation_attest:fa4a7fb4fffe7ca4678fa48e)'
  ],
  attestationKey: 'isolation_attest:fa4a7fb4fffe7ca4678fa48e'
}
FEATURE_GATE_AWAIT_TRACE {
  event: 'end',
  fileName: 'backend/src/services/security/securityGovernanceOS.service.ts',
  redisOps: 'none',
  functionName: 'authorizeAccess:attestInfraIsolation',
  durationMs: 4,
  action: 'analytics:view',
  route: null,
  cacheStatus: 'none',
  dbQueries: [ 'isolationAttestationLedger.create' ]
}
prisma:error 
Invalid `prisma.authEventLedger.upsert()` invocation:


Raw query failed. Code: `unknown`. Message: `Kind: Transactions are not supported by this deployment, labels: {}, source: None`
FEATURE_GATE_AWAIT_TRACE {
  event: 'end',
  fileName: 'backend/src/services/security/securityGovernanceOS.service.ts',
  redisOps: 'none',
  functionName: 'appendAuthEvent:authEventLedger.upsert',
  durationMs: 2,
  cacheStatus: 'none',
  dbQueries: [ 'authEventLedger.upsert(auth_evt:198d37bb5d70f9d8afb1e5e4b1)' ],
  eventKey: 'auth_evt:198d37bb5d70f9d8afb1e5e4b1',
  action: 'analytics:view',
  outcome: 'ALLOWED'
}
FEATURE_GATE_AWAIT_TRACE {
  event: 'end',
  fileName: 'backend/src/services/security/securityGovernanceOS.service.ts',
  redisOps: 'none',
  functionName: 'authorizeAccess:appendAuthEvent:authorized',
  durationMs: 4,
  action: 'analytics:view',
  route: null,
  cacheStatus: 'none',
  dbQueries: [ 'authEventLedger.upsert' ]
}
startup_event_loop_lag {
  metric: 'startup_event_loop_lag',
  value: 4,
  businessId: null,
  route: 'startup_isolation',
  metadata: null,
  recordedAt: '2026-07-06T15:06:00.209Z'
}
FEATURE_GATE_AWAIT_TRACE {
  event: 'start',
  fileName: 'backend/src/services/security/securityGovernanceOS.service.ts',
  redisOps: 'none',
  functionName: 'assertAuthorizedAccess:authorizeAccess',
  action: 'analytics:view',
  route: null,
  cacheStatus: 'delegated',
  dbQueries: [ 'see nested FEATURE_GATE_AWAIT_TRACE events' ]
}
FEATURE_GATE_AWAIT_TRACE {
  event: 'start',
  fileName: 'backend/src/services/security/securityGovernanceOS.service.ts',
  redisOps: 'none',
  functionName: 'authorizeAccess:assertTenantIsolation',
  action: 'analytics:view',
  route: null,
  cacheStatus: 'none',
  dbQueries: [ 'tenantIsolationLedger.upsert' ]
}
FEATURE_GATE_AWAIT_TRACE {
  event: 'end',
  fileName: 'backend/src/services/security/securityGovernanceOS.service.ts',
  redisOps: 'none',
  functionName: 'authorizeAccess:assertTenantIsolation',
  durationMs: 0,
  action: 'analytics:view',
  route: null,
  cacheStatus: 'none',
  dbQueries: [ 'tenantIsolationLedger.upsert' ]
}
FEATURE_GATE_AWAIT_TRACE {
  event: 'end',
  fileName: 'backend/src/services/security/securityGovernanceOS.service.ts',
  redisOps: 'none',
  functionName: 'assertAuthorizedAccess:authorizeAccess',
  durationMs: 1,
  action: 'analytics:view',
  route: null,
  cacheStatus: 'delegated',
  dbQueries: [ 'see nested FEATURE_GATE_AWAIT_TRACE events' ]
}
FEATURE_GATE_AWAIT_TRACE {
  event: 'start',
  fileName: 'backend/src/services/security/securityGovernanceOS.service.ts',
  redisOps: 'none',
  functionName: 'authorizeAccess:attestInfraIsolation',
  action: 'analytics:view',
  route: null,
  cacheStatus: 'none',
  dbQueries: [ 'isolationAttestationLedger.create' ]
}
FEATURE_GATE_AWAIT_TRACE {
  event: 'start',
  fileName: 'backend/src/services/security/securityGovernanceOS.service.ts',
  redisOps: 'none',
  functionName: 'attestInfraIsolation:isolationAttestationLedger.upsert',
  cacheStatus: 'none',
  dbQueries: [
    'isolationAttestationLedger.upsert(isolation_attest:760fff5da8ed354b01232086)'
  ],
  attestationKey: 'isolation_attest:760fff5da8ed354b01232086'
}
FEATURE_GATE_AWAIT_TRACE {
  event: 'start',
  fileName: 'backend/src/services/security/securityGovernanceOS.service.ts',
  redisOps: 'none',
  functionName: 'authorizeAccess:appendAuthEvent:authorized',
  action: 'analytics:view',
  route: null,
  cacheStatus: 'none',
  dbQueries: [ 'authEventLedger.upsert' ]
}
FEATURE_GATE_AWAIT_TRACE {
  event: 'start',
  fileName: 'backend/src/services/security/securityGovernanceOS.service.ts',
  redisOps: 'none',
  functionName: 'appendAuthEvent:authEventLedger.upsert',
  cacheStatus: 'none',
  dbQueries: [ 'authEventLedger.upsert(auth_evt:6a69921f3b28312662bddf908c)' ],
  eventKey: 'auth_evt:6a69921f3b28312662bddf908c',
  action: 'analytics:view',
  outcome: 'ALLOWED'
}
prisma:error 
Invalid `prisma.dataAccessAuditLedger.upsert()` invocation:


Raw query failed. Code: `unknown`. Message: `Kind: Transactions are not supported by this deployment, labels: {}, source: None`
prisma:error 
Invalid `prisma.isolationAttestationLedger.upsert()` invocation:


Raw query failed. Code: `unknown`. Message: `Kind: Transactions are not supported by this deployment, labels: {}, source: None`
FEATURE_GATE_AWAIT_TRACE {
  event: 'end',
  fileName: 'backend/src/services/security/securityGovernanceOS.service.ts',
  redisOps: 'none',
  functionName: 'attestInfraIsolation:isolationAttestationLedger.upsert',
  durationMs: 3,
  cacheStatus: 'none',
  dbQueries: [
    'isolationAttestationLedger.upsert(isolation_attest:760fff5da8ed354b01232086)'
  ],
  attestationKey: 'isolation_attest:760fff5da8ed354b01232086'
}
FEATURE_GATE_AWAIT_TRACE {
  event: 'end',
  fileName: 'backend/src/services/security/securityGovernanceOS.service.ts',
  redisOps: 'none',
  functionName: 'authorizeAccess:attestInfraIsolation',
  durationMs: 3,
  action: 'analytics:view',
  route: null,
  cacheStatus: 'none',
  dbQueries: [ 'isolationAttestationLedger.create' ]
}
prisma:error 
Invalid `prisma.authEventLedger.upsert()` invocation:


Raw query failed. Code: `unknown`. Message: `Kind: Transactions are not supported by this deployment, labels: {}, source: None`
FEATURE_GATE_AWAIT_TRACE {
  event: 'end',
  fileName: 'backend/src/services/security/securityGovernanceOS.service.ts',
  redisOps: 'none',
  functionName: 'appendAuthEvent:authEventLedger.upsert',
  durationMs: 3,
  cacheStatus: 'none',
  dbQueries: [ 'authEventLedger.upsert(auth_evt:6a69921f3b28312662bddf908c)' ],
  eventKey: 'auth_evt:6a69921f3b28312662bddf908c',
  action: 'analytics:view',
  outcome: 'ALLOWED'
}
FEATURE_GATE_AWAIT_TRACE {
  event: 'end',
  fileName: 'backend/src/services/security/securityGovernanceOS.service.ts',
  redisOps: 'none',
  functionName: 'authorizeAccess:appendAuthEvent:authorized',
  durationMs: 3,
  action: 'analytics:view',
  route: null,
  cacheStatus: 'none',
  dbQueries: [ 'authEventLedger.upsert' ]
}
startup_event_loop_lag {
  metric: 'startup_event_loop_lag',
  value: 16,
  businessId: null,
  route: 'startup_isolation',
  metadata: null,
  recordedAt: '2026-07-06T15:06:01.309Z'
}
FEATURE_GATE_AWAIT_TRACE {
  event: 'start',
  fileName: 'backend/src/services/security/securityGovernanceOS.service.ts',
  redisOps: 'none',
  functionName: 'assertAuthorizedAccess:authorizeAccess',
  action: 'analytics:view',
  route: null,
  cacheStatus: 'delegated',
  dbQueries: [ 'see nested FEATURE_GATE_AWAIT_TRACE events' ]
}
FEATURE_GATE_AWAIT_TRACE {
  event: 'start',
  fileName: 'backend/src/services/security/securityGovernanceOS.service.ts',
  redisOps: 'none',
  functionName: 'authorizeAccess:assertTenantIsolation',
  action: 'analytics:view',
  route: null,
  cacheStatus: 'none',
  dbQueries: [ 'tenantIsolationLedger.upsert' ]
}
FEATURE_GATE_AWAIT_TRACE {
  event: 'end',
  fileName: 'backend/src/services/security/securityGovernanceOS.service.ts',
  redisOps: 'none',
  functionName: 'authorizeAccess:assertTenantIsolation',
  durationMs: 1,
  action: 'analytics:view',
  route: null,
  cacheStatus: 'none',
  dbQueries: [ 'tenantIsolationLedger.upsert' ]
}
FEATURE_GATE_AWAIT_TRACE {
  event: 'end',
  fileName: 'backend/src/services/security/securityGovernanceOS.service.ts',
  redisOps: 'none',
  functionName: 'assertAuthorizedAccess:authorizeAccess',
  durationMs: 1,
  action: 'analytics:view',
  route: null,
  cacheStatus: 'delegated',
  dbQueries: [ 'see nested FEATURE_GATE_AWAIT_TRACE events' ]
}
FEATURE_GATE_AWAIT_TRACE {
  event: 'start',
  fileName: 'backend/src/services/security/securityGovernanceOS.service.ts',
  redisOps: 'none',
  functionName: 'authorizeAccess:attestInfraIsolation',
  action: 'analytics:view',
  route: null,
  cacheStatus: 'none',
  dbQueries: [ 'isolationAttestationLedger.create' ]
}
FEATURE_GATE_AWAIT_TRACE {
  event: 'start',
  fileName: 'backend/src/services/security/securityGovernanceOS.service.ts',
  redisOps: 'none',
  functionName: 'attestInfraIsolation:isolationAttestationLedger.upsert',
  cacheStatus: 'none',
  dbQueries: [
    'isolationAttestationLedger.upsert(isolation_attest:ecd2d4724947896997e392e0)'
  ],
  attestationKey: 'isolation_attest:ecd2d4724947896997e392e0'
}
FEATURE_GATE_AWAIT_TRACE {
  event: 'start',
  fileName: 'backend/src/services/security/securityGovernanceOS.service.ts',
  redisOps: 'none',
  functionName: 'authorizeAccess:appendAuthEvent:authorized',
  action: 'analytics:view',
  route: null,
  cacheStatus: 'none',
  dbQueries: [ 'authEventLedger.upsert' ]
}
FEATURE_GATE_AWAIT_TRACE {
  event: 'start',
  fileName: 'backend/src/services/security/securityGovernanceOS.service.ts',
  redisOps: 'none',
  functionName: 'appendAuthEvent:authEventLedger.upsert',
  cacheStatus: 'none',
  dbQueries: [ 'authEventLedger.upsert(auth_evt:f6ff5f5d1be4f263e515a0e365)' ],
  eventKey: 'auth_evt:f6ff5f5d1be4f263e515a0e365',
  action: 'analytics:view',
  outcome: 'ALLOWED'
}
prisma:error 
Invalid `prisma.dataAccessAuditLedger.upsert()` invocation:


Raw query failed. Code: `unknown`. Message: `Kind: Transactions are not supported by this deployment, labels: {}, source: None`
prisma:error 
Invalid `prisma.isolationAttestationLedger.upsert()` invocation:


Raw query failed. Code: `unknown`. Message: `Kind: Transactions are not supported by this deployment, labels: {}, source: None`
FEATURE_GATE_AWAIT_TRACE {
  event: 'end',
  fileName: 'backend/src/services/security/securityGovernanceOS.service.ts',
  redisOps: 'none',
  functionName: 'attestInfraIsolation:isolationAttestationLedger.upsert',
  durationMs: 2,
  cacheStatus: 'none',
  dbQueries: [
    'isolationAttestationLedger.upsert(isolation_attest:ecd2d4724947896997e392e0)'
  ],
  attestationKey: 'isolation_attest:ecd2d4724947896997e392e0'
}
FEATURE_GATE_AWAIT_TRACE {
  event: 'end',
  fileName: 'backend/src/services/security/securityGovernanceOS.service.ts',
  redisOps: 'none',
  functionName: 'authorizeAccess:attestInfraIsolation',
  durationMs: 3,
  action: 'analytics:view',
  route: null,
  cacheStatus: 'none',
  dbQueries: [ 'isolationAttestationLedger.create' ]
}
prisma:error 
Invalid `prisma.authEventLedger.upsert()` invocation:


Raw query failed. Code: `unknown`. Message: `Kind: Transactions are not supported by this deployment, labels: {}, source: None`
FEATURE_GATE_AWAIT_TRACE {
  event: 'end',
  fileName: 'backend/src/services/security/securityGovernanceOS.service.ts',
  redisOps: 'none',
  functionName: 'appendAuthEvent:authEventLedger.upsert',
  durationMs: 3,
  cacheStatus: 'none',
  dbQueries: [ 'authEventLedger.upsert(auth_evt:f6ff5f5d1be4f263e515a0e365)' ],
  eventKey: 'auth_evt:f6ff5f5d1be4f263e515a0e365',
  action: 'analytics:view',
  outcome: 'ALLOWED'
}
FEATURE_GATE_AWAIT_TRACE {
  event: 'end',
  fileName: 'backend/src/services/security/securityGovernanceOS.service.ts',
  redisOps: 'none',
  functionName: 'authorizeAccess:appendAuthEvent:authorized',
  durationMs: 3,
  action: 'analytics:view',
  route: null,
  cacheStatus: 'none',
  dbQueries: [ 'authEventLedger.upsert' ]
}
startup_event_loop_lag {
  metric: 'startup_event_loop_lag',
  value: 1,
  businessId: null,
  route: 'startup_isolation',
  metadata: null,
  recordedAt: '2026-07-06T15:06:02.391Z'
}
FEATURE_GATE_AWAIT_TRACE {
  event: 'start',
  fileName: 'backend/src/services/security/securityGovernanceOS.service.ts',
  redisOps: 'none',
  functionName: 'assertAuthorizedAccess:authorizeAccess',
  action: 'analytics:view',
  route: null,
  cacheStatus: 'delegated',
  dbQueries: [ 'see nested FEATURE_GATE_AWAIT_TRACE events' ]
}
FEATURE_GATE_AWAIT_TRACE {
  event: 'start',
  fileName: 'backend/src/services/security/securityGovernanceOS.service.ts',
  redisOps: 'none',
  functionName: 'authorizeAccess:assertTenantIsolation',
  action: 'analytics:view',
  route: null,
  cacheStatus: 'none',
  dbQueries: [ 'tenantIsolationLedger.upsert' ]
}
FEATURE_GATE_AWAIT_TRACE {
  event: 'end',
  fileName: 'backend/src/services/security/securityGovernanceOS.service.ts',
  redisOps: 'none',
  functionName: 'authorizeAccess:assertTenantIsolation',
  durationMs: 1,
  action: 'analytics:view',
  route: null,
  cacheStatus: 'none',
  dbQueries: [ 'tenantIsolationLedger.upsert' ]
}
FEATURE_GATE_AWAIT_TRACE {
  event: 'end',
  fileName: 'backend/src/services/security/securityGovernanceOS.service.ts',
  redisOps: 'none',
  functionName: 'assertAuthorizedAccess:authorizeAccess',
  durationMs: 2,
  action: 'analytics:view',
  route: null,
  cacheStatus: 'delegated',
  dbQueries: [ 'see nested FEATURE_GATE_AWAIT_TRACE events' ]
}
FEATURE_GATE_AWAIT_TRACE {
  event: 'start',
  fileName: 'backend/src/services/security/securityGovernanceOS.service.ts',
  redisOps: 'none',
  functionName: 'authorizeAccess:attestInfraIsolation',
  action: 'analytics:view',
  route: null,
  cacheStatus: 'none',
  dbQueries: [ 'isolationAttestationLedger.create' ]
}
FEATURE_GATE_AWAIT_TRACE {
  event: 'start',
  fileName: 'backend/src/services/security/securityGovernanceOS.service.ts',
  redisOps: 'none',
  functionName: 'attestInfraIsolation:isolationAttestationLedger.upsert',
  cacheStatus: 'none',
  dbQueries: [
    'isolationAttestationLedger.upsert(isolation_attest:8513927400ee601e05ea4bf7)'
  ],
  attestationKey: 'isolation_attest:8513927400ee601e05ea4bf7'
}
FEATURE_GATE_AWAIT_TRACE {
  event: 'start',
  fileName: 'backend/src/services/security/securityGovernanceOS.service.ts',
  redisOps: 'none',
  functionName: 'authorizeAccess:appendAuthEvent:authorized',
  action: 'analytics:view',
  route: null,
  cacheStatus: 'none',
  dbQueries: [ 'authEventLedger.upsert' ]
}
FEATURE_GATE_AWAIT_TRACE {
  event: 'start',
  fileName: 'backend/src/services/security/securityGovernanceOS.service.ts',
  redisOps: 'none',
  functionName: 'appendAuthEvent:authEventLedger.upsert',
  cacheStatus: 'none',
  dbQueries: [ 'authEventLedger.upsert(auth_evt:a1b0f80e7c1709e9588930532d)' ],
  eventKey: 'auth_evt:a1b0f80e7c1709e9588930532d',
  action: 'analytics:view',
  outcome: 'ALLOWED'
}
prisma:error 
Invalid `prisma.dataAccessAuditLedger.upsert()` invocation:


Raw query failed. Code: `unknown`. Message: `Kind: Transactions are not supported by this deployment, labels: {}, source: None`
prisma:error 
Invalid `prisma.isolationAttestationLedger.upsert()` invocation:


Raw query failed. Code: `unknown`. Message: `Kind: Transactions are not supported by this deployment, labels: {}, source: None`
FEATURE_GATE_AWAIT_TRACE {
  event: 'end',
  fileName: 'backend/src/services/security/securityGovernanceOS.service.ts',
  redisOps: 'none',
  functionName: 'attestInfraIsolation:isolationAttestationLedger.upsert',
  durationMs: 3,
  cacheStatus: 'none',
  dbQueries: [
    'isolationAttestationLedger.upsert(isolation_attest:8513927400ee601e05ea4bf7)'
  ],
  attestationKey: 'isolation_attest:8513927400ee601e05ea4bf7'
}
FEATURE_GATE_AWAIT_TRACE {
  event: 'end',
  fileName: 'backend/src/services/security/securityGovernanceOS.service.ts',
  redisOps: 'none',
  functionName: 'authorizeAccess:attestInfraIsolation',
  durationMs: 4,
  action: 'analytics:view',
  route: null,
  cacheStatus: 'none',
  dbQueries: [ 'isolationAttestationLedger.create' ]
}
prisma:error 
Invalid `prisma.authEventLedger.upsert()` invocation:


Raw query failed. Code: `unknown`. Message: `Kind: Transactions are not supported by this deployment, labels: {}, source: None`
FEATURE_GATE_AWAIT_TRACE {
  event: 'end',
  fileName: 'backend/src/services/security/securityGovernanceOS.service.ts',
  redisOps: 'none',
  functionName: 'appendAuthEvent:authEventLedger.upsert',
  durationMs: 3,
  cacheStatus: 'none',
  dbQueries: [ 'authEventLedger.upsert(auth_evt:a1b0f80e7c1709e9588930532d)' ],
  eventKey: 'auth_evt:a1b0f80e7c1709e9588930532d',
  action: 'analytics:view',
  outcome: 'ALLOWED'
}
FEATURE_GATE_AWAIT_TRACE {
  event: 'end',
  fileName: 'backend/src/services/security/securityGovernanceOS.service.ts',
  redisOps: 'none',
  functionName: 'authorizeAccess:appendAuthEvent:authorized',
  durationMs: 3,
  action: 'analytics:view',
  route: null,
  cacheStatus: 'none',
  dbQueries: [ 'authEventLedger.upsert' ]
}
startup_event_loop_lag {
  metric: 'startup_event_loop_lag',
  value: 4,
  businessId: null,
  route: 'startup_isolation',
  metadata: null,
  recordedAt: '2026-07-06T15:06:03.476Z'
}
FEATURE_GATE_AWAIT_TRACE {
  event: 'start',
  fileName: 'backend/src/services/security/securityGovernanceOS.service.ts',
  redisOps: 'none',
  functionName: 'assertAuthorizedAccess:authorizeAccess',
  action: 'analytics:view',
  route: null,
  cacheStatus: 'delegated',
  dbQueries: [ 'see nested FEATURE_GATE_AWAIT_TRACE events' ]
}
FEATURE_GATE_AWAIT_TRACE {
  event: 'start',
  fileName: 'backend/src/services/security/securityGovernanceOS.service.ts',
  redisOps: 'none',
  functionName: 'authorizeAccess:assertTenantIsolation',
  action: 'analytics:view',
  route: null,
  cacheStatus: 'none',
  dbQueries: [ 'tenantIsolationLedger.upsert' ]
}
FEATURE_GATE_AWAIT_TRACE {
  event: 'end',
  fileName: 'backend/src/services/security/securityGovernanceOS.service.ts',
  redisOps: 'none',
  functionName: 'authorizeAccess:assertTenantIsolation',
  durationMs: 1,
  action: 'analytics:view',
  route: null,
  cacheStatus: 'none',
  dbQueries: [ 'tenantIsolationLedger.upsert' ]
}
FEATURE_GATE_AWAIT_TRACE {
  event: 'end',
  fileName: 'backend/src/services/security/securityGovernanceOS.service.ts',
  redisOps: 'none',
  functionName: 'assertAuthorizedAccess:authorizeAccess',
  durationMs: 2,
  action: 'analytics:view',
  route: null,
  cacheStatus: 'delegated',
  dbQueries: [ 'see nested FEATURE_GATE_AWAIT_TRACE events' ]
}
FEATURE_GATE_AWAIT_TRACE {
  event: 'start',
  fileName: 'backend/src/services/security/securityGovernanceOS.service.ts',
  redisOps: 'none',
  functionName: 'authorizeAccess:attestInfraIsolation',
  action: 'analytics:view',
  route: null,
  cacheStatus: 'none',
  dbQueries: [ 'isolationAttestationLedger.create' ]
}
FEATURE_GATE_AWAIT_TRACE {
  event: 'start',
  fileName: 'backend/src/services/security/securityGovernanceOS.service.ts',
  redisOps: 'none',
  functionName: 'attestInfraIsolation:isolationAttestationLedger.upsert',
  cacheStatus: 'none',
  dbQueries: [
    'isolationAttestationLedger.upsert(isolation_attest:18b9d4e108c30b8ed68150c6)'
  ],
  attestationKey: 'isolation_attest:18b9d4e108c30b8ed68150c6'
}
FEATURE_GATE_AWAIT_TRACE {
  event: 'start',
  fileName: 'backend/src/services/security/securityGovernanceOS.service.ts',
  redisOps: 'none',
  functionName: 'authorizeAccess:appendAuthEvent:authorized',
  action: 'analytics:view',
  route: null,
  cacheStatus: 'none',
  dbQueries: [ 'authEventLedger.upsert' ]
}
FEATURE_GATE_AWAIT_TRACE {
  event: 'start',
  fileName: 'backend/src/services/security/securityGovernanceOS.service.ts',
  redisOps: 'none',
  functionName: 'appendAuthEvent:authEventLedger.upsert',
  cacheStatus: 'none',
  dbQueries: [ 'authEventLedger.upsert(auth_evt:b56bba5dfe6e232964fd0f44cb)' ],
  eventKey: 'auth_evt:b56bba5dfe6e232964fd0f44cb',
  action: 'analytics:view',
  outcome: 'ALLOWED'
}
prisma:error 
Invalid `prisma.dataAccessAuditLedger.upsert()` invocation:


Raw query failed. Code: `unknown`. Message: `Kind: Transactions are not supported by this deployment, labels: {}, source: None`
prisma:error 
Invalid `prisma.isolationAttestationLedger.upsert()` invocation:


Raw query failed. Code: `unknown`. Message: `Kind: Transactions are not supported by this deployment, labels: {}, source: None`
FEATURE_GATE_AWAIT_TRACE {
  event: 'end',
  fileName: 'backend/src/services/security/securityGovernanceOS.service.ts',
  redisOps: 'none',
  functionName: 'attestInfraIsolation:isolationAttestationLedger.upsert',
  durationMs: 2,
  cacheStatus: 'none',
  dbQueries: [
    'isolationAttestationLedger.upsert(isolation_attest:18b9d4e108c30b8ed68150c6)'
  ],
  attestationKey: 'isolation_attest:18b9d4e108c30b8ed68150c6'
}
FEATURE_GATE_AWAIT_TRACE {
  event: 'end',
  fileName: 'backend/src/services/security/securityGovernanceOS.service.ts',
  redisOps: 'none',
  functionName: 'authorizeAccess:attestInfraIsolation',
  durationMs: 3,
  action: 'analytics:view',
  route: null,
  cacheStatus: 'none',
  dbQueries: [ 'isolationAttestationLedger.create' ]
}
prisma:error 
Invalid `prisma.authEventLedger.upsert()` invocation:


Raw query failed. Code: `unknown`. Message: `Kind: Transactions are not supported by this deployment, labels: {}, source: None`
FEATURE_GATE_AWAIT_TRACE {
  event: 'end',
  fileName: 'backend/src/services/security/securityGovernanceOS.service.ts',
  redisOps: 'none',
  functionName: 'appendAuthEvent:authEventLedger.upsert',
  durationMs: 2,
  cacheStatus: 'none',
  dbQueries: [ 'authEventLedger.upsert(auth_evt:b56bba5dfe6e232964fd0f44cb)' ],
  eventKey: 'auth_evt:b56bba5dfe6e232964fd0f44cb',
  action: 'analytics:view',
  outcome: 'ALLOWED'
}
FEATURE_GATE_AWAIT_TRACE {
  event: 'end',
  fileName: 'backend/src/services/security/securityGovernanceOS.service.ts',
  redisOps: 'none',
  functionName: 'authorizeAccess:appendAuthEvent:authorized',
  durationMs: 3,
  action: 'analytics:view',
  route: null,
  cacheStatus: 'none',
  dbQueries: [ 'authEventLedger.upsert' ]
}
startup_event_loop_lag {
  metric: 'startup_event_loop_lag',
  value: 9,
  businessId: null,
  route: 'startup_isolation',
  metadata: null,
  recordedAt: '2026-07-06T15:06:04.579Z'
}
FEATURE_GATE_AWAIT_TRACE {
  event: 'start',
  fileName: 'backend/src/services/security/securityGovernanceOS.service.ts',
  redisOps: 'none',
  functionName: 'assertAuthorizedAccess:authorizeAccess',
  action: 'analytics:view',
  route: null,
  cacheStatus: 'delegated',
  dbQueries: [ 'see nested FEATURE_GATE_AWAIT_TRACE events' ]
}
FEATURE_GATE_AWAIT_TRACE {
  event: 'start',
  fileName: 'backend/src/services/security/securityGovernanceOS.service.ts',
  redisOps: 'none',
  functionName: 'authorizeAccess:assertTenantIsolation',
  action: 'analytics:view',
  route: null,
  cacheStatus: 'none',
  dbQueries: [ 'tenantIsolationLedger.upsert' ]
}
FEATURE_GATE_AWAIT_TRACE {
  event: 'end',
  fileName: 'backend/src/services/security/securityGovernanceOS.service.ts',
  redisOps: 'none',
  functionName: 'authorizeAccess:assertTenantIsolation',
  durationMs: 0,
  action: 'analytics:view',
  route: null,
  cacheStatus: 'none',
  dbQueries: [ 'tenantIsolationLedger.upsert' ]
}
FEATURE_GATE_AWAIT_TRACE {
  event: 'end',
  fileName: 'backend/src/services/security/securityGovernanceOS.service.ts',
  redisOps: 'none',
  functionName: 'assertAuthorizedAccess:authorizeAccess',
  durationMs: 2,
  action: 'analytics:view',
  route: null,
  cacheStatus: 'delegated',
  dbQueries: [ 'see nested FEATURE_GATE_AWAIT_TRACE events' ]
}
FEATURE_GATE_AWAIT_TRACE {
  event: 'start',
  fileName: 'backend/src/services/security/securityGovernanceOS.service.ts',
  redisOps: 'none',
  functionName: 'authorizeAccess:attestInfraIsolation',
  action: 'analytics:view',
  route: null,
  cacheStatus: 'none',
  dbQueries: [ 'isolationAttestationLedger.create' ]
}
FEATURE_GATE_AWAIT_TRACE {
  event: 'start',
  fileName: 'backend/src/services/security/securityGovernanceOS.service.ts',
  redisOps: 'none',
  functionName: 'attestInfraIsolation:isolationAttestationLedger.upsert',
  cacheStatus: 'none',
  dbQueries: [
    'isolationAttestationLedger.upsert(isolation_attest:136769c4c7fd283e4770c2c6)'
  ],
  attestationKey: 'isolation_attest:136769c4c7fd283e4770c2c6'
}
FEATURE_GATE_AWAIT_TRACE {
  event: 'start',
  fileName: 'backend/src/services/security/securityGovernanceOS.service.ts',
  redisOps: 'none',
  functionName: 'authorizeAccess:appendAuthEvent:authorized',
  action: 'analytics:view',
  route: null,
  cacheStatus: 'none',
  dbQueries: [ 'authEventLedger.upsert' ]
}
FEATURE_GATE_AWAIT_TRACE {
  event: 'start',
  fileName: 'backend/src/services/security/securityGovernanceOS.service.ts',
  redisOps: 'none',
  functionName: 'appendAuthEvent:authEventLedger.upsert',
  cacheStatus: 'none',
  dbQueries: [ 'authEventLedger.upsert(auth_evt:26478e22715fdcb252f35146c4)' ],
  eventKey: 'auth_evt:26478e22715fdcb252f35146c4',
  action: 'analytics:view',
  outcome: 'ALLOWED'
}
prisma:error 
Invalid `prisma.dataAccessAuditLedger.upsert()` invocation:


Raw query failed. Code: `unknown`. Message: `Kind: Transactions are not supported by this deployment, labels: {}, source: None`
prisma:error 
Invalid `prisma.isolationAttestationLedger.upsert()` invocation:


Raw query failed. Code: `unknown`. Message: `Kind: Transactions are not supported by this deployment, labels: {}, source: None`
FEATURE_GATE_AWAIT_TRACE {
  event: 'end',
  fileName: 'backend/src/services/security/securityGovernanceOS.service.ts',
  redisOps: 'none',
  functionName: 'attestInfraIsolation:isolationAttestationLedger.upsert',
  durationMs: 3,
  cacheStatus: 'none',
  dbQueries: [
    'isolationAttestationLedger.upsert(isolation_attest:136769c4c7fd283e4770c2c6)'
  ],
  attestationKey: 'isolation_attest:136769c4c7fd283e4770c2c6'
}
FEATURE_GATE_AWAIT_TRACE {
  event: 'end',
  fileName: 'backend/src/services/security/securityGovernanceOS.service.ts',
  redisOps: 'none',
  functionName: 'authorizeAccess:attestInfraIsolation',
  durationMs: 3,
  action: 'analytics:view',
  route: null,
  cacheStatus: 'none',
  dbQueries: [ 'isolationAttestationLedger.create' ]
}
prisma:error 
Invalid `prisma.authEventLedger.upsert()` invocation:


Raw query failed. Code: `unknown`. Message: `Kind: Transactions are not supported by this deployment, labels: {}, source: None`
FEATURE_GATE_AWAIT_TRACE {
  event: 'end',
  fileName: 'backend/src/services/security/securityGovernanceOS.service.ts',
  redisOps: 'none',
  functionName: 'appendAuthEvent:authEventLedger.upsert',
  durationMs: 3,
  cacheStatus: 'none',
  dbQueries: [ 'authEventLedger.upsert(auth_evt:26478e22715fdcb252f35146c4)' ],
  eventKey: 'auth_evt:26478e22715fdcb252f35146c4',
  action: 'analytics:view',
  outcome: 'ALLOWED'
}
FEATURE_GATE_AWAIT_TRACE {
  event: 'end',
  fileName: 'backend/src/services/security/securityGovernanceOS.service.ts',
  redisOps: 'none',
  functionName: 'authorizeAccess:appendAuthEvent:authorized',
  durationMs: 3,
  action: 'analytics:view',
  route: null,
  cacheStatus: 'none',
  dbQueries: [ 'authEventLedger.upsert' ]
}
startup_event_loop_lag {
  metric: 'startup_event_loop_lag',
  value: 12,
  businessId: null,
  route: 'startup_isolation',
  metadata: null,
  recordedAt: '2026-07-06T15:06:05.690Z'
}
FEATURE_GATE_AWAIT_TRACE {
  event: 'start',
  fileName: 'backend/src/services/security/securityGovernanceOS.service.ts',
  redisOps: 'none',
  functionName: 'assertAuthorizedAccess:authorizeAccess',
  action: 'analytics:view',
  route: null,
  cacheStatus: 'delegated',
  dbQueries: [ 'see nested FEATURE_GATE_AWAIT_TRACE events' ]
}
FEATURE_GATE_AWAIT_TRACE {
  event: 'start',
  fileName: 'backend/src/services/security/securityGovernanceOS.service.ts',
  redisOps: 'none',
  functionName: 'authorizeAccess:assertTenantIsolation',
  action: 'analytics:view',
  route: null,
  cacheStatus: 'none',
  dbQueries: [ 'tenantIsolationLedger.upsert' ]
}
FEATURE_GATE_AWAIT_TRACE {
  event: 'end',
  fileName: 'backend/src/services/security/securityGovernanceOS.service.ts',
  redisOps: 'none',
  functionName: 'authorizeAccess:assertTenantIsolation',
  durationMs: 1,
  action: 'analytics:view',
  route: null,
  cacheStatus: 'none',
  dbQueries: [ 'tenantIsolationLedger.upsert' ]
}
FEATURE_GATE_AWAIT_TRACE {
  event: 'end',
  fileName: 'backend/src/services/security/securityGovernanceOS.service.ts',
  redisOps: 'none',
  functionName: 'assertAuthorizedAccess:authorizeAccess',
  durationMs: 1,
  action: 'analytics:view',
  route: null,
  cacheStatus: 'delegated',
  dbQueries: [ 'see nested FEATURE_GATE_AWAIT_TRACE events' ]
}
FEATURE_GATE_AWAIT_TRACE {
  event: 'start',
  fileName: 'backend/src/services/security/securityGovernanceOS.service.ts',
  redisOps: 'none',
  functionName: 'authorizeAccess:attestInfraIsolation',
  action: 'analytics:view',
  route: null,
  cacheStatus: 'none',
  dbQueries: [ 'isolationAttestationLedger.create' ]
}
FEATURE_GATE_AWAIT_TRACE {
  event: 'start',
  fileName: 'backend/src/services/security/securityGovernanceOS.service.ts',
  redisOps: 'none',
  functionName: 'attestInfraIsolation:isolationAttestationLedger.upsert',
  cacheStatus: 'none',
  dbQueries: [
    'isolationAttestationLedger.upsert(isolation_attest:91dcbec9d200d523b83f46a3)'
  ],
  attestationKey: 'isolation_attest:91dcbec9d200d523b83f46a3'
}
FEATURE_GATE_AWAIT_TRACE {
  event: 'start',
  fileName: 'backend/src/services/security/securityGovernanceOS.service.ts',
  redisOps: 'none',
  functionName: 'authorizeAccess:appendAuthEvent:authorized',
  action: 'analytics:view',
  route: null,
  cacheStatus: 'none',
  dbQueries: [ 'authEventLedger.upsert' ]
}
FEATURE_GATE_AWAIT_TRACE {
  event: 'start',
  fileName: 'backend/src/services/security/securityGovernanceOS.service.ts',
  redisOps: 'none',
  functionName: 'appendAuthEvent:authEventLedger.upsert',
  cacheStatus: 'none',
  dbQueries: [ 'authEventLedger.upsert(auth_evt:0a33342a767aaeb32d394da6db)' ],
  eventKey: 'auth_evt:0a33342a767aaeb32d394da6db',
  action: 'analytics:view',
  outcome: 'ALLOWED'
}
prisma:error 
Invalid `prisma.dataAccessAuditLedger.upsert()` invocation:


Raw query failed. Code: `unknown`. Message: `Kind: Transactions are not supported by this deployment, labels: {}, source: None`
prisma:error 
Invalid `prisma.isolationAttestationLedger.upsert()` invocation:


Raw query failed. Code: `unknown`. Message: `Kind: Transactions are not supported by this deployment, labels: {}, source: None`
FEATURE_GATE_AWAIT_TRACE {
  event: 'end',
  fileName: 'backend/src/services/security/securityGovernanceOS.service.ts',
  redisOps: 'none',
  functionName: 'attestInfraIsolation:isolationAttestationLedger.upsert',
  durationMs: 2,
  cacheStatus: 'none',
  dbQueries: [
    'isolationAttestationLedger.upsert(isolation_attest:91dcbec9d200d523b83f46a3)'
  ],
  attestationKey: 'isolation_attest:91dcbec9d200d523b83f46a3'
}
FEATURE_GATE_AWAIT_TRACE {
  event: 'end',
  fileName: 'backend/src/services/security/securityGovernanceOS.service.ts',
  redisOps: 'none',
  functionName: 'authorizeAccess:attestInfraIsolation',
  durationMs: 4,
  action: 'analytics:view',
  route: null,
  cacheStatus: 'none',
  dbQueries: [ 'isolationAttestationLedger.create' ]
}
prisma:error 
Invalid `prisma.authEventLedger.upsert()` invocation:


Raw query failed. Code: `unknown`. Message: `Kind: Transactions are not supported by this deployment, labels: {}, source: None`
FEATURE_GATE_AWAIT_TRACE {
  event: 'end',
  fileName: 'backend/src/services/security/securityGovernanceOS.service.ts',
  redisOps: 'none',
  functionName: 'appendAuthEvent:authEventLedger.upsert',
  durationMs: 2,
  cacheStatus: 'none',
  dbQueries: [ 'authEventLedger.upsert(auth_evt:0a33342a767aaeb32d394da6db)' ],
  eventKey: 'auth_evt:0a33342a767aaeb32d394da6db',
  action: 'analytics:view',
  outcome: 'ALLOWED'
}
FEATURE_GATE_AWAIT_TRACE {
  event: 'end',
  fileName: 'backend/src/services/security/securityGovernanceOS.service.ts',
  redisOps: 'none',
  functionName: 'authorizeAccess:appendAuthEvent:authorized',
  durationMs: 3,
  action: 'analytics:view',
  route: null,
  cacheStatus: 'none',
  dbQueries: [ 'authEventLedger.upsert' ]
}
startup_event_loop_lag {
  metric: 'startup_event_loop_lag',
  value: 12,
  businessId: null,
  route: 'startup_isolation',
  metadata: null,
  recordedAt: '2026-07-06T15:06:06.807Z'
}
FEATURE_GATE_AWAIT_TRACE {
  event: 'start',
  fileName: 'backend/src/services/security/securityGovernanceOS.service.ts',
  redisOps: 'none',
  functionName: 'assertAuthorizedAccess:authorizeAccess',
  action: 'analytics:view',
  route: null,
  cacheStatus: 'delegated',
  dbQueries: [ 'see nested FEATURE_GATE_AWAIT_TRACE events' ]
}
FEATURE_GATE_AWAIT_TRACE {
  event: 'start',
  fileName: 'backend/src/services/security/securityGovernanceOS.service.ts',
  redisOps: 'none',
  functionName: 'authorizeAccess:assertTenantIsolation',
  action: 'analytics:view',
  route: null,
  cacheStatus: 'none',
  dbQueries: [ 'tenantIsolationLedger.upsert' ]
}
FEATURE_GATE_AWAIT_TRACE {
  event: 'end',
  fileName: 'backend/src/services/security/securityGovernanceOS.service.ts',
  redisOps: 'none',
  functionName: 'authorizeAccess:assertTenantIsolation',
  durationMs: 0,
  action: 'analytics:view',
  route: null,
  cacheStatus: 'none',
  dbQueries: [ 'tenantIsolationLedger.upsert' ]
}
FEATURE_GATE_AWAIT_TRACE {
  event: 'end',
  fileName: 'backend/src/services/security/securityGovernanceOS.service.ts',
  redisOps: 'none',
  functionName: 'assertAuthorizedAccess:authorizeAccess',
  durationMs: 2,
  action: 'analytics:view',
  route: null,
  cacheStatus: 'delegated',
  dbQueries: [ 'see nested FEATURE_GATE_AWAIT_TRACE events' ]
}
FEATURE_GATE_AWAIT_TRACE {
  event: 'start',
  fileName: 'backend/src/services/security/securityGovernanceOS.service.ts',
  redisOps: 'none',
  functionName: 'authorizeAccess:attestInfraIsolation',
  action: 'analytics:view',
  route: null,
  cacheStatus: 'none',
  dbQueries: [ 'isolationAttestationLedger.create' ]
}
FEATURE_GATE_AWAIT_TRACE {
  event: 'start',
  fileName: 'backend/src/services/security/securityGovernanceOS.service.ts',
  redisOps: 'none',
  functionName: 'attestInfraIsolation:isolationAttestationLedger.upsert',
  cacheStatus: 'none',
  dbQueries: [
    'isolationAttestationLedger.upsert(isolation_attest:9806c79797bc9975801bdd1e)'
  ],
  attestationKey: 'isolation_attest:9806c79797bc9975801bdd1e'
}
FEATURE_GATE_AWAIT_TRACE {
  event: 'start',
  fileName: 'backend/src/services/security/securityGovernanceOS.service.ts',
  redisOps: 'none',
  functionName: 'authorizeAccess:appendAuthEvent:authorized',
  action: 'analytics:view',
  route: null,
  cacheStatus: 'none',
  dbQueries: [ 'authEventLedger.upsert' ]
}
FEATURE_GATE_AWAIT_TRACE {
  event: 'start',
  fileName: 'backend/src/services/security/securityGovernanceOS.service.ts',
  redisOps: 'none',
  functionName: 'appendAuthEvent:authEventLedger.upsert',
  cacheStatus: 'none',
  dbQueries: [ 'authEventLedger.upsert(auth_evt:c9338c46c46c75f2db428eec36)' ],
  eventKey: 'auth_evt:c9338c46c46c75f2db428eec36',
  action: 'analytics:view',
  outcome: 'ALLOWED'
}
prisma:error 
Invalid `prisma.dataAccessAuditLedger.upsert()` invocation:


Raw query failed. Code: `unknown`. Message: `Kind: Transactions are not supported by this deployment, labels: {}, source: None`
prisma:error 
Invalid `prisma.isolationAttestationLedger.upsert()` invocation:


Raw query failed. Code: `unknown`. Message: `Kind: Transactions are not supported by this deployment, labels: {}, source: None`
FEATURE_GATE_AWAIT_TRACE {
  event: 'end',
  fileName: 'backend/src/services/security/securityGovernanceOS.service.ts',
  redisOps: 'none',
  functionName: 'attestInfraIsolation:isolationAttestationLedger.upsert',
  durationMs: 4,
  cacheStatus: 'none',
  dbQueries: [
    'isolationAttestationLedger.upsert(isolation_attest:9806c79797bc9975801bdd1e)'
  ],
  attestationKey: 'isolation_attest:9806c79797bc9975801bdd1e'
}
FEATURE_GATE_AWAIT_TRACE {
  event: 'end',
  fileName: 'backend/src/services/security/securityGovernanceOS.service.ts',
  redisOps: 'none',
  functionName: 'authorizeAccess:attestInfraIsolation',
  durationMs: 4,
  action: 'analytics:view',
  route: null,
  cacheStatus: 'none',
  dbQueries: [ 'isolationAttestationLedger.create' ]
}
prisma:error 
Invalid `prisma.authEventLedger.upsert()` invocation:


Raw query failed. Code: `unknown`. Message: `Kind: Transactions are not supported by this deployment, labels: {}, source: None`
FEATURE_GATE_AWAIT_TRACE {
  event: 'end',
  fileName: 'backend/src/services/security/securityGovernanceOS.service.ts',
  redisOps: 'none',
  functionName: 'appendAuthEvent:authEventLedger.upsert',
  durationMs: 4,
  cacheStatus: 'none',
  dbQueries: [ 'authEventLedger.upsert(auth_evt:c9338c46c46c75f2db428eec36)' ],
  eventKey: 'auth_evt:c9338c46c46c75f2db428eec36',
  action: 'analytics:view',
  outcome: 'ALLOWED'
}
FEATURE_GATE_AWAIT_TRACE {
  event: 'end',
  fileName: 'backend/src/services/security/securityGovernanceOS.service.ts',
  redisOps: 'none',
  functionName: 'authorizeAccess:appendAuthEvent:authorized',
  durationMs: 4,
  action: 'analytics:view',
  route: null,
  cacheStatus: 'none',
  dbQueries: [ 'authEventLedger.upsert' ]
}
startup_event_loop_lag {
  metric: 'startup_event_loop_lag',
  value: 13,
  businessId: null,
  route: 'startup_isolation',
  metadata: null,
  recordedAt: '2026-07-06T15:06:07.894Z'
}
FEATURE_GATE_AWAIT_TRACE {
  event: 'start',
  fileName: 'backend/src/services/security/securityGovernanceOS.service.ts',
  redisOps: 'none',
  functionName: 'assertAuthorizedAccess:authorizeAccess',
  action: 'analytics:view',
  route: null,
  cacheStatus: 'delegated',
  dbQueries: [ 'see nested FEATURE_GATE_AWAIT_TRACE events' ]
}
FEATURE_GATE_AWAIT_TRACE {
  event: 'start',
  fileName: 'backend/src/services/security/securityGovernanceOS.service.ts',
  redisOps: 'none',
  functionName: 'authorizeAccess:assertTenantIsolation',
  action: 'analytics:view',
  route: null,
  cacheStatus: 'none',
  dbQueries: [ 'tenantIsolationLedger.upsert' ]
}
FEATURE_GATE_AWAIT_TRACE {
  event: 'end',
  fileName: 'backend/src/services/security/securityGovernanceOS.service.ts',
  redisOps: 'none',
  functionName: 'authorizeAccess:assertTenantIsolation',
  durationMs: 1,
  action: 'analytics:view',
  route: null,
  cacheStatus: 'none',
  dbQueries: [ 'tenantIsolationLedger.upsert' ]
}
FEATURE_GATE_AWAIT_TRACE {
  event: 'end',
  fileName: 'backend/src/services/security/securityGovernanceOS.service.ts',
  redisOps: 'none',
  functionName: 'assertAuthorizedAccess:authorizeAccess',
  durationMs: 1,
  action: 'analytics:view',
  route: null,
  cacheStatus: 'delegated',
  dbQueries: [ 'see nested FEATURE_GATE_AWAIT_TRACE events' ]
}
FEATURE_GATE_AWAIT_TRACE {
  event: 'start',
  fileName: 'backend/src/services/security/securityGovernanceOS.service.ts',
  redisOps: 'none',
  functionName: 'authorizeAccess:attestInfraIsolation',
  action: 'analytics:view',
  route: null,
  cacheStatus: 'none',
  dbQueries: [ 'isolationAttestationLedger.create' ]
}
FEATURE_GATE_AWAIT_TRACE {
  event: 'start',
  fileName: 'backend/src/services/security/securityGovernanceOS.service.ts',
  redisOps: 'none',
  functionName: 'attestInfraIsolation:isolationAttestationLedger.upsert',
  cacheStatus: 'none',
  dbQueries: [
    'isolationAttestationLedger.upsert(isolation_attest:9aeb6b24eb0e72a5f515023b)'
  ],
  attestationKey: 'isolation_attest:9aeb6b24eb0e72a5f515023b'
}
FEATURE_GATE_AWAIT_TRACE {
  event: 'start',
  fileName: 'backend/src/services/security/securityGovernanceOS.service.ts',
  redisOps: 'none',
  functionName: 'authorizeAccess:appendAuthEvent:authorized',
  action: 'analytics:view',
  route: null,
  cacheStatus: 'none',
  dbQueries: [ 'authEventLedger.upsert' ]
}
FEATURE_GATE_AWAIT_TRACE {
  event: 'start',
  fileName: 'backend/src/services/security/securityGovernanceOS.service.ts',
  redisOps: 'none',
  functionName: 'appendAuthEvent:authEventLedger.upsert',
  cacheStatus: 'none',
  dbQueries: [ 'authEventLedger.upsert(auth_evt:d13818fb522e2110dac36642ec)' ],
  eventKey: 'auth_evt:d13818fb522e2110dac36642ec',
  action: 'analytics:view',
  outcome: 'ALLOWED'
}
prisma:error 
Invalid `prisma.dataAccessAuditLedger.upsert()` invocation:


Raw query failed. Code: `unknown`. Message: `Kind: Transactions are not supported by this deployment, labels: {}, source: None`
prisma:error 
Invalid `prisma.isolationAttestationLedger.upsert()` invocation:


Raw query failed. Code: `unknown`. Message: `Kind: Transactions are not supported by this deployment, labels: {}, source: None`
FEATURE_GATE_AWAIT_TRACE {
  event: 'end',
  fileName: 'backend/src/services/security/securityGovernanceOS.service.ts',
  redisOps: 'none',
  functionName: 'attestInfraIsolation:isolationAttestationLedger.upsert',
  durationMs: 2,
  cacheStatus: 'none',
  dbQueries: [
    'isolationAttestationLedger.upsert(isolation_attest:9aeb6b24eb0e72a5f515023b)'
  ],
  attestationKey: 'isolation_attest:9aeb6b24eb0e72a5f515023b'
}
FEATURE_GATE_AWAIT_TRACE {
  event: 'end',
  fileName: 'backend/src/services/security/securityGovernanceOS.service.ts',
  redisOps: 'none',
  functionName: 'authorizeAccess:attestInfraIsolation',
  durationMs: 3,
  action: 'analytics:view',
  route: null,
  cacheStatus: 'none',
  dbQueries: [ 'isolationAttestationLedger.create' ]
}
prisma:error 
Invalid `prisma.authEventLedger.upsert()` invocation:


Raw query failed. Code: `unknown`. Message: `Kind: Transactions are not supported by this deployment, labels: {}, source: None`
FEATURE_GATE_AWAIT_TRACE {
  event: 'end',
  fileName: 'backend/src/services/security/securityGovernanceOS.service.ts',
  redisOps: 'none',
  functionName: 'appendAuthEvent:authEventLedger.upsert',
  durationMs: 2,
  cacheStatus: 'none',
  dbQueries: [ 'authEventLedger.upsert(auth_evt:d13818fb522e2110dac36642ec)' ],
  eventKey: 'auth_evt:d13818fb522e2110dac36642ec',
  action: 'analytics:view',
  outcome: 'ALLOWED'
}
FEATURE_GATE_AWAIT_TRACE {
  event: 'end',
  fileName: 'backend/src/services/security/securityGovernanceOS.service.ts',
  redisOps: 'none',
  functionName: 'authorizeAccess:appendAuthEvent:authorized',
  durationMs: 3,
  action: 'analytics:view',
  route: null,
  cacheStatus: 'none',
  dbQueries: [ 'authEventLedger.upsert' ]
}
startup_event_loop_lag {
  metric: 'startup_event_loop_lag',
  value: 10,
  businessId: null,
  route: 'startup_isolation',
  metadata: null,
  recordedAt: '2026-07-06T15:06:08.971Z'
}
FEATURE_GATE_AWAIT_TRACE {
  event: 'start',
  fileName: 'backend/src/services/security/securityGovernanceOS.service.ts',
  redisOps: 'none',
  functionName: 'assertAuthorizedAccess:authorizeAccess',
  action: 'analytics:view',
  route: null,
  cacheStatus: 'delegated',
  dbQueries: [ 'see nested FEATURE_GATE_AWAIT_TRACE events' ]
}
FEATURE_GATE_AWAIT_TRACE {
  event: 'start',
  fileName: 'backend/src/services/security/securityGovernanceOS.service.ts',
  redisOps: 'none',
  functionName: 'authorizeAccess:assertTenantIsolation',
  action: 'analytics:view',
  route: null,
  cacheStatus: 'none',
  dbQueries: [ 'tenantIsolationLedger.upsert' ]
}
FEATURE_GATE_AWAIT_TRACE {
  event: 'end',
  fileName: 'backend/src/services/security/securityGovernanceOS.service.ts',
  redisOps: 'none',
  functionName: 'authorizeAccess:assertTenantIsolation',
  durationMs: 1,
  action: 'analytics:view',
  route: null,
  cacheStatus: 'none',
  dbQueries: [ 'tenantIsolationLedger.upsert' ]
}
FEATURE_GATE_AWAIT_TRACE {
  event: 'end',
  fileName: 'backend/src/services/security/securityGovernanceOS.service.ts',
  redisOps: 'none',
  functionName: 'assertAuthorizedAccess:authorizeAccess',
  durationMs: 1,
  action: 'analytics:view',
  route: null,
  cacheStatus: 'delegated',
  dbQueries: [ 'see nested FEATURE_GATE_AWAIT_TRACE events' ]
}
FEATURE_GATE_AWAIT_TRACE {
  event: 'start',
  fileName: 'backend/src/services/security/securityGovernanceOS.service.ts',
  redisOps: 'none',
  functionName: 'authorizeAccess:attestInfraIsolation',
  action: 'analytics:view',
  route: null,
  cacheStatus: 'none',
  dbQueries: [ 'isolationAttestationLedger.create' ]
}
FEATURE_GATE_AWAIT_TRACE {
  event: 'start',
  fileName: 'backend/src/services/security/securityGovernanceOS.service.ts',
  redisOps: 'none',
  functionName: 'attestInfraIsolation:isolationAttestationLedger.upsert',
  cacheStatus: 'none',
  dbQueries: [
    'isolationAttestationLedger.upsert(isolation_attest:c08ea2030cff7ebe024cfb54)'
  ],
  attestationKey: 'isolation_attest:c08ea2030cff7ebe024cfb54'
}
FEATURE_GATE_AWAIT_TRACE {
  event: 'start',
  fileName: 'backend/src/services/security/securityGovernanceOS.service.ts',
  redisOps: 'none',
  functionName: 'authorizeAccess:appendAuthEvent:authorized',
  action: 'analytics:view',
  route: null,
  cacheStatus: 'none',
  dbQueries: [ 'authEventLedger.upsert' ]
}
FEATURE_GATE_AWAIT_TRACE {
  event: 'start',
  fileName: 'backend/src/services/security/securityGovernanceOS.service.ts',
  redisOps: 'none',
  functionName: 'appendAuthEvent:authEventLedger.upsert',
  cacheStatus: 'none',
  dbQueries: [ 'authEventLedger.upsert(auth_evt:4ad0c91953f14b6f9d293bb4a7)' ],
  eventKey: 'auth_evt:4ad0c91953f14b6f9d293bb4a7',
  action: 'analytics:view',
  outcome: 'ALLOWED'
}
prisma:error 
Invalid `prisma.dataAccessAuditLedger.upsert()` invocation:


Raw query failed. Code: `unknown`. Message: `Kind: Transactions are not supported by this deployment, labels: {}, source: None`
prisma:error 
Invalid `prisma.isolationAttestationLedger.upsert()` invocation:


Raw query failed. Code: `unknown`. Message: `Kind: Transactions are not supported by this deployment, labels: {}, source: None`
FEATURE_GATE_AWAIT_TRACE {
  event: 'end',
  fileName: 'backend/src/services/security/securityGovernanceOS.service.ts',
  redisOps: 'none',
  functionName: 'attestInfraIsolation:isolationAttestationLedger.upsert',
  durationMs: 2,
  cacheStatus: 'none',
  dbQueries: [
    'isolationAttestationLedger.upsert(isolation_attest:c08ea2030cff7ebe024cfb54)'
  ],
  attestationKey: 'isolation_attest:c08ea2030cff7ebe024cfb54'
}
FEATURE_GATE_AWAIT_TRACE {
  event: 'end',
  fileName: 'backend/src/services/security/securityGovernanceOS.service.ts',
  redisOps: 'none',
  functionName: 'authorizeAccess:attestInfraIsolation',
  durationMs: 4,
  action: 'analytics:view',
  route: null,
  cacheStatus: 'none',
  dbQueries: [ 'isolationAttestationLedger.create' ]
}
prisma:error 
Invalid `prisma.authEventLedger.upsert()` invocation:


Raw query failed. Code: `unknown`. Message: `Kind: Transactions are not supported by this deployment, labels: {}, source: None`
FEATURE_GATE_AWAIT_TRACE {
  event: 'end',
  fileName: 'backend/src/services/security/securityGovernanceOS.service.ts',
  redisOps: 'none',
  functionName: 'appendAuthEvent:authEventLedger.upsert',
  durationMs: 2,
  cacheStatus: 'none',
  dbQueries: [ 'authEventLedger.upsert(auth_evt:4ad0c91953f14b6f9d293bb4a7)' ],
  eventKey: 'auth_evt:4ad0c91953f14b6f9d293bb4a7',
  action: 'analytics:view',
  outcome: 'ALLOWED'
}
FEATURE_GATE_AWAIT_TRACE {
  event: 'end',
  fileName: 'backend/src/services/security/securityGovernanceOS.service.ts',
  redisOps: 'none',
  functionName: 'authorizeAccess:appendAuthEvent:authorized',
  durationMs: 3,
  action: 'analytics:view',
  route: null,
  cacheStatus: 'none',
  dbQueries: [ 'authEventLedger.upsert' ]
}
prisma:error 
Invalid `prisma.user.findFirst()` invocation:


Raw query failed. Code: `unknown`. Message: `Kind: Server selection timeout: No available servers. Topology: { Type: Unknown, Servers: [ { Address: localhost:27017, Type: Unknown, Error: Kind: I/O error: No connection could be made because the target machine actively refused it. (os error 10061), labels: {}, source: None } ] }, labels: {}, source: None`
{"level":50,"time":1783350369775,"traceId":null,"correlationId":null,"tenantId":null,"leadId":null,"interactionId":null,"appointmentId":null,"proposalId":null,"contractId":null,"paymentId":null,"queueJobId":null,"workerId":null,"provider":null,"severity":"info","component":"runtime","phase":"operations","version":"phase6a.v1","err":{"type":"PrismaClientKnownRequestError","message":"\nInvalid `prisma.user.findFirst()` invocation:\n\n\nRaw query failed. Code: `unknown`. Message: `Kind: Server selection timeout: No available servers. Topology: { Type: Unknown, Servers: [ { Address: localhost:27017, Type: Unknown, Error: Kind: I/O error: No connection could be made because the target machine actively refused it. (os error 10061), labels: {}, source: None } ] }, labels: {}, source: None`","stack":"PrismaClientKnownRequestError: \nInvalid `prisma.user.findFirst()` invocation:\n\n\nRaw query failed. Code: `unknown`. Message: `Kind: Server selection timeout: No available servers. Topology: { Type: Unknown, Servers: [ { Address: localhost:27017, Type: Unknown, Error: Kind: I/O error: No connection could be made because the target machine actively refused it. (os error 10061), labels: {}, source: None } ] }, labels: {}, source: None`\n    at ei.handleRequestError (D:\\sylph-ai\\backend\\node_modules\\@prisma\\client\\runtime\\library.js:121:7268)\n    at ei.handleAndLogRequestError (D:\\sylph-ai\\backend\\node_modules\\@prisma\\client\\runtime\\library.js:121:6593)\n    at ei.request (D:\\sylph-ai\\backend\\node_modules\\@prisma\\client\\runtime\\library.js:121:6300)\n    at async a (D:\\sylph-ai\\backend\\node_modules\\@prisma\\client\\runtime\\library.js:130:9551)\n    at async startServer (D:\\sylph-ai\\backend\\dist\\server.js:394:9)","code":"P2010","meta":{"type":"Object","message":"Kind: Server selection timeout: No available servers. Topology: { Type: Unknown, Servers: [ { Address: localhost:27017, Type: Unknown, Error: Kind: I/O error: No connection could be made because the target machine actively refused it. (os error 10061), labels: {}, source: None } ] }, labels: {}, source: None","stack":"","modelName":"User","code":"unknown"},"clientVersion":"6.19.2","name":"PrismaClientKnownRequestError"},"msg":"Database connection failed or deferred during startup"}
[Runtime Kernel] Initializing Bootstrapper...
[Contract Registry] Registered contract for [memory.fact.created] v[1.0.0]
[Contract Registry] Registered contract for [identity.profile.created] v[1.0.0]
[Contract Registry] Registered contract for [knowledge.created] v[1.0.0]
[Contract Registry] Registered contract for [knowledge.updated] v[1.0.0]
[Contract Registry] Registered contract for [knowledge.deleted] v[1.0.0]
[Contract Registry] Registered contract for [knowledge.imported] v[1.0.0]
[Contract Registry] Registered contract for [knowledge.embedded] v[1.0.0]
[Contract Registry] Registered contract for [knowledge.indexed] v[1.0.0]
[Tool Registry] Registered tool [search_knowledge] v[1.0.0]
[Tool Registry] Registered tool [retrieve_knowledge] v[1.0.0]
[Tool Registry] Registered tool [import_knowledge] v[1.0.0]
[Tool Registry] Registered tool [update_knowledge] v[1.0.0]
[Tool Registry] Registered tool [delete_knowledge] v[1.0.0]
[Tool Registry] Registered tool [embed_knowledge] v[1.0.0]
[Tool Registry] Registered tool [index_knowledge] v[1.0.0]
[Plugin Registry] Registered plugin [Knowledge Runtime Plugin] v[1.0.0]
[Contract Registry] Registered contract for [lead.created] v[1.0.0]
[Contract Registry] Registered contract for [lead.updated] v[1.0.0]
[Contract Registry] Registered contract for [lead.deleted] v[1.0.0]
[Contract Registry] Registered contract for [customer.created] v[1.0.0]
[Contract Registry] Registered contract for [customer.updated] v[1.0.0]
[Contract Registry] Registered contract for [customer.converted] v[1.0.0]
[Contract Registry] Registered contract for [pipeline.stage.changed] v[1.0.0]
[Contract Registry] Registered contract for [deal.created] v[1.0.0]
[Contract Registry] Registered contract for [deal.won] v[1.0.0]
[Contract Registry] Registered contract for [deal.lost] v[1.0.0]
[Contract Registry] Registered contract for [contact.updated] v[1.0.0]
[Tool Registry] Registered tool [search_customer] v[1.0.0]
[Tool Registry] Registered tool [create_lead] v[1.0.0]
[Tool Registry] Registered tool [update_lead] v[1.0.0]
[Tool Registry] Registered tool [qualify_lead] v[1.0.0]
[Tool Registry] Registered tool [move_pipeline] v[1.0.0]
[Tool Registry] Registered tool [retrieve_customer] v[1.0.0]
[Tool Registry] Registered tool [merge_customer] v[1.0.0]
[Tool Registry] Registered tool [link_conversation] v[1.0.0]
[Tool Registry] Registered tool [attach_knowledge] v[1.0.0]
[Plugin Registry] Registered plugin [CRM Runtime Plugin] v[1.0.0]
[Contract Registry] Registered contract for [conversation.started] v[1.0.0]
[Contract Registry] Registered contract for [conversation.resumed] v[1.0.0]
[Contract Registry] Registered contract for [message.received] v[1.0.0]
[Contract Registry] Registered contract for [message.sent] v[1.0.0]
[Contract Registry] Registered contract for [conversation.paused] v[1.0.0]
[Contract Registry] Registered contract for [conversation.closed] v[1.0.0]
[Contract Registry] Registered contract for [conversation.escalated] v[1.0.0]
[Contract Registry] Registered contract for [conversation.handoff] v[1.0.0]
[Contract Registry] Registered contract for [conversation.summary.updated] v[1.0.0]
[Contract Registry] Registered contract for [context.updated] v[1.0.0]
[Contract Registry] Registered contract for [intent.changed] v[1.0.0]
[Contract Registry] Registered contract for [sentiment.changed] v[1.0.0]
[Tool Registry] Registered tool [retrieve_conversation] v[1.0.0]
[Tool Registry] Registered tool [append_message] v[1.0.0]
[Tool Registry] Registered tool [search_messages] v[1.0.0]
[Tool Registry] Registered tool [summarize_conversation] v[1.0.0]
[Tool Registry] Registered tool [update_summary] v[1.0.0]
[Tool Registry] Registered tool [attach_context] v[1.0.0]
[Tool Registry] Registered tool [retrieve_context] v[1.0.0]
[Tool Registry] Registered tool [generate_reply] v[1.0.0]
[Tool Registry] Registered tool [handoff_conversation] v[1.0.0]
[Tool Registry] Registered tool [close_conversation] v[1.0.0]
[Plugin Registry] Registered plugin [Conversation Runtime Plugin] v[1.0.0]
[Contract Registry] Registered contract for [growth.acquisition.captured] v[1.0.0]
[Contract Registry] Registered contract for [growth.attribution.captured] v[1.0.0]
[Contract Registry] Registered contract for [growth.referral.rewarded] v[1.0.0]
[Contract Registry] Registered contract for [growth.referral.blocked] v[1.0.0]
[Contract Registry] Registered contract for [growth.affiliate.flagged] v[1.0.0]
[Contract Registry] Registered contract for [growth.partner.onboarded] v[1.0.0]
[Contract Registry] Registered contract for [growth.lifecycle.advanced] v[1.0.0]
[Contract Registry] Registered contract for [growth.churn.intervention] v[1.0.0]
[Contract Registry] Registered contract for [growth.expansion.detected] v[1.0.0]
[Contract Registry] Registered contract for [growth.pricing.experiment_launched] v[1.0.0]
[Contract Registry] Registered contract for [growth.pricing.rolled_back] v[1.0.0]
[Contract Registry] Registered contract for [growth.offer.published] v[1.0.0]
[Contract Registry] Registered contract for [growth.content.generated] v[1.0.0]
[Contract Registry] Registered contract for [growth.advocacy.rewarded] v[1.0.0]
[Contract Registry] Registered contract for [growth.channel.saturated] v[1.0.0]
[Contract Registry] Registered contract for [growth.override.applied] v[1.0.0]
[Contract Registry] Registered contract for [growth.execution.failed] v[1.0.0]
[Contract Registry] Registered contract for [conversation.updated] v[1.0.0]
[Contract Registry] Registered contract for [booking.created] v[1.0.0]
[Contract Registry] Registered contract for [payment.received] v[1.0.0]
[Contract Registry] Registered contract for [campaign.finished] v[1.0.0]
[Contract Registry] Registered contract for [workflow.started] v[1.0.0]
[Contract Registry] Registered contract for [workflow.completed] v[1.0.0]
[Contract Registry] Registered contract for [workflow.failed] v[1.0.0]
[Contract Registry] Registered contract for [workflow.cancelled] v[1.0.0]
[Contract Registry] Registered contract for [workflow.retry] v[1.0.0]
[Tool Registry] Registered tool [apply_growth_policy] v[1.0.0]
[Tool Registry] Registered tool [apply_growth_override] v[1.0.0]
[Tool Registry] Registered tool [create_growth_campaign] v[1.0.0]
[Tool Registry] Registered tool [execute_growth_campaign] v[1.0.0]
[Tool Registry] Registered tool [record_acquisition] v[1.0.0]
[Tool Registry] Registered tool [record_growth_conversion] v[1.0.0]
[Tool Registry] Registered tool [create_referral_code] v[1.0.0]
[Tool Registry] Registered tool [credit_referral_conversion] v[1.0.0]
[Tool Registry] Registered tool [onboard_growth_partner] v[1.0.0]
[Tool Registry] Registered tool [record_affiliate_commission] v[1.0.0]
[Tool Registry] Registered tool [settle_partner_payout] v[1.0.0]
[Tool Registry] Registered tool [advance_lifecycle_journey] v[1.0.0]
[Tool Registry] Registered tool [assess_churn_risk] v[1.0.0]
[Tool Registry] Registered tool [detect_expansion_opportunity] v[1.0.0]
[Tool Registry] Registered tool [launch_pricing_experiment] v[1.0.0]
[Tool Registry] Registered tool [rollback_pricing_experiment] v[1.0.0]
[Tool Registry] Registered tool [publish_offer] v[1.0.0]
[Tool Registry] Registered tool [publish_content_campaign] v[1.0.0]
[Tool Registry] Registered tool [request_review_reward] v[1.0.0]
[Tool Registry] Registered tool [record_channel_performance] v[1.0.0]
[Tool Registry] Registered tool [start_workflow] v[1.0.0]
[Tool Registry] Registered tool [pause_workflow] v[1.0.0]
[Tool Registry] Registered tool [resume_workflow] v[1.0.0]
[Tool Registry] Registered tool [cancel_workflow] v[1.0.0]
[Tool Registry] Registered tool [schedule_workflow] v[1.0.0]
[Tool Registry] Registered tool [retry_workflow] v[1.0.0]
[Tool Registry] Registered tool [execute_action] v[1.0.0]
[Tool Registry] Registered tool [queue_action] v[1.0.0]
[Tool Registry] Registered tool [send_email] v[1.0.0]
[Tool Registry] Registered tool [send_whatsapp] v[1.0.0]
[Tool Registry] Registered tool [send_instagram] v[1.0.0]
[Tool Registry] Registered tool [update_crm] v[1.0.0]
[Tool Registry] Registered tool [create_task] v[1.0.0]
[Plugin Registry] Registered plugin [Growth Runtime Plugin] v[1.0.0]
[Contract Registry] Registered contract for [booking.updated] v[1.0.0]
[Contract Registry] Registered contract for [booking.confirmed] v[1.0.0]
[Contract Registry] Registered contract for [booking.cancelled] v[1.0.0]
[Contract Registry] Registered contract for [booking.completed] v[1.0.0]
[Contract Registry] Registered contract for [booking.rescheduled] v[1.0.0]
[Contract Registry] Registered contract for [booking.reminder.sent] v[1.0.0]
[Contract Registry] Registered contract for [calendar.synced] v[1.0.0]
[Contract Registry] Registered contract for [availability.updated] v[1.0.0]
[Contract Registry] Registered contract for [meeting.started] v[1.0.0]
[Contract Registry] Registered contract for [meeting.finished] v[1.0.0]
[Tool Registry] Registered tool [create_booking] v[1.0.0]
[Tool Registry] Registered tool [cancel_booking] v[1.0.0]
[Tool Registry] Registered tool [reschedule_booking] v[1.0.0]
[Tool Registry] Registered tool [confirm_booking] v[1.0.0]
[Tool Registry] Registered tool [retrieve_booking] v[1.0.0]
[Tool Registry] Registered tool [search_availability] v[1.0.0]
[Tool Registry] Registered tool [sync_calendar] v[1.0.0]
[Tool Registry] Registered tool [send_reminder] v[1.0.0]
[Tool Registry] Registered tool [generate_slots] v[1.0.0]
[Tool Registry] Registered tool [block_time] v[1.0.0]
[Tool Registry] Registered tool [unblock_time] v[1.0.0]
[Plugin Registry] Registered plugin [Scheduling Runtime Plugin] v[1.0.0]
[Contract Registry] Registered contract for [financial.invoice.created] v[1.0.0]
[Contract Registry] Registered contract for [financial.invoice.updated] v[1.0.0]
[Contract Registry] Registered contract for [financial.payment.charged] v[1.0.0]
[Contract Registry] Registered contract for [financial.payment.refunded] v[1.0.0]
[Contract Registry] Registered contract for [financial.revenue.recorded] v[1.0.0]
[Contract Registry] Registered contract for [financial.expense.recorded] v[1.0.0]
[Contract Registry] Registered contract for [financial.budget.created] v[1.0.0]
[Contract Registry] Registered contract for [financial.entity.linked] v[1.0.0]
[Tool Registry] Registered tool [create_invoice] v[1.0.0]
[Tool Registry] Registered tool [charge_payment] v[1.0.0]
[Tool Registry] Registered tool [record_revenue] v[1.0.0]
[Tool Registry] Registered tool [record_expense] v[1.0.0]
[Tool Registry] Registered tool [create_budget] v[1.0.0]
[Tool Registry] Registered tool [link_financial_entity] v[1.0.0]
[Plugin Registry] Registered plugin [Finance Runtime Plugin] v[1.0.0]
[Runtime Kernel] Bootstrap complete. Ready state achieved.
[Contract Registry] Registered contract for [executive.authorization.requested] v[1.0.0]
[Contract Registry] Registered contract for [executive.authorization.approved] v[1.0.0]
[Contract Registry] Registered contract for [executive.authorization.denied] v[1.0.0]
[Contract Registry] Registered contract for [executive.authorization.expired] v[1.0.0]
[Contract Registry] Registered contract for [executive.authorization.token.generated] v[1.0.0]
[Contract Registry] Registered contract for [executive.authorization.archived] v[1.0.0]
[Contract Registry] Registered contract for [executive.dispatch.requested] v[1.0.0]
[Contract Registry] Registered contract for [executive.dispatch.queued] v[1.0.0]
[Contract Registry] Registered contract for [executive.dispatch.dispatched] v[1.0.0]
[Contract Registry] Registered contract for [executive.dispatch.completed] v[1.0.0]
[Contract Registry] Registered contract for [executive.dispatch.failed] v[1.0.0]
[Contract Registry] Registered contract for [executive.authorization.completed] v[1.0.0]
[Contract Registry] Registered contract for [executive.authorization.escalated] v[1.0.0]
[Contract Registry] Registered contract for [executive.authorization.delegated] v[1.0.0]
[Contract Registry] Registered contract for [executive.dispatch.created] v[1.0.0]
[Contract Registry] Registered contract for [executive.dispatch.updated] v[1.0.0]
[Contract Registry] Registered contract for [executive.dispatch.ready] v[1.0.0]
[Contract Registry] Registered contract for [executive.dispatch.blocked] v[1.0.0]
[Contract Registry] Registered contract for [executive.dispatch.cancelled] v[1.0.0]
[Contract Registry] Registered contract for [executive.dispatch.archived] v[1.0.0]
[Contract Registry] Registered contract for [executive.dispatch.drifted] v[1.0.0]
[Contract Registry] Registered contract for [executive.monitoring.started] v[1.0.0]
[Contract Registry] Registered contract for [executive.monitoring.updated] v[1.0.0]
[Contract Registry] Registered contract for [executive.monitoring.drift.detected] v[1.0.0]
[Contract Registry] Registered contract for [executive.monitoring.alert.generated] v[1.0.0]
[Contract Registry] Registered contract for [executive.monitoring.health.updated] v[1.0.0]
[Contract Registry] Registered contract for [executive.monitoring.closed] v[1.0.0]
[Contract Registry] Registered contract for [executive.monitoring.archived] v[1.0.0]
[Contract Registry] Registered contract for [executive.decision.certification.started] v[1.0.0]
[Contract Registry] Registered contract for [executive.decision.certification.completed] v[1.0.0]
[Contract Registry] Registered contract for [executive.decision.integrity.failed] v[1.0.0]
[Contract Registry] Registered contract for [executive.decision.audit.completed] v[1.0.0]
[Contract Registry] Registered contract for [executive.decision.platform.frozen] v[1.0.0]
[Contract Registry] Registered contract for [executive.decision.architecture.certified] v[1.0.0]
[Contract Registry] Registered contract for [executive.created] v[1.0.0]
[Contract Registry] Registered contract for [executive.status.updated] v[1.0.0]
[Contract Registry] Registered contract for [executive.boundary.breached] v[1.0.0]
[Contract Registry] Registered contract for [executive.escalated] v[1.0.0]
[Contract Registry] Registered contract for [executive.lifecycle.transitioned] v[1.0.0]
[Contract Registry] Registered contract for [executive.health.updated] v[1.0.0]
[Contract Registry] Registered contract for [executive.mission.updated] v[1.0.0]
[Contract Registry] Registered contract for [executive.outcome.updated] v[1.0.0]
[Contract Registry] Registered contract for [executive.goal.aligned] v[1.0.0]
[Contract Registry] Registered contract for [executive.capability.negotiated] v[1.0.0]
[Contract Registry] Registered contract for [executive.diagnostics.reported] v[1.0.0]
[Contract Registry] Registered contract for [executive.decision.explained] v[1.0.0]
[Contract Registry] Registered contract for [executive.situation.perceived] v[1.0.0]
[Contract Registry] Registered contract for [executive.cognition.completed] v[1.0.0]
[Contract Registry] Registered contract for [executive.memory.registered] v[1.0.0]
[Contract Registry] Registered contract for [executive.memory.architecture.created] v[1.0.0]
[Contract Registry] Registered contract for [executive.memory.relationship.created] v[1.0.0]
[Contract Registry] Registered contract for [executive.memory.consolidated] v[1.0.0]
[Contract Registry] Registered contract for [executive.knowledge.generated] v[1.0.0]
[Contract Registry] Registered contract for [executive.memory.evolved] v[1.0.0]
[Contract Registry] Registered contract for [executive.memory.conflict.detected] v[1.0.0]
[Contract Registry] Registered contract for [executive.memory.context.updated] v[1.0.0]
[Contract Registry] Registered contract for [executive.context.created] v[1.0.0]
[Contract Registry] Registered contract for [executive.memory.retrieved] v[1.0.0]
[Contract Registry] Registered contract for [executive.memory.ranked] v[1.0.0]
[Contract Registry] Registered contract for [executive.memory.filtered] v[1.0.0]
[Contract Registry] Registered contract for [executive.relationship.created] v[1.0.0]
[Contract Registry] Registered contract for [executive.relationship.updated] v[1.0.0]
[Contract Registry] Registered contract for [executive.graph.validated] v[1.0.0]
[Contract Registry] Registered contract for [executive.memory.associated] v[1.0.0]
[Contract Registry] Registered contract for [executive.semantic.created] v[1.0.0]
[Contract Registry] Registered contract for [executive.semantic.updated] v[1.0.0]
[Contract Registry] Registered contract for [executive.semantic.conflict] v[1.0.0]
[Contract Registry] Registered contract for [executive.semantic.evolved] v[1.0.0]
[Contract Registry] Registered contract for [executive.knowledge.created] v[1.0.0]
[Contract Registry] Registered contract for [executive.knowledge.updated] v[1.0.0]
[Contract Registry] Registered contract for [executive.knowledge.validated] v[1.0.0]
[Contract Registry] Registered contract for [executive.knowledge.deprecated] v[1.0.0]
[Contract Registry] Registered contract for [executive.memory.optimized] v[1.0.0]
[Contract Registry] Registered contract for [executive.memory.archived] v[1.0.0]
[Contract Registry] Registered contract for [executive.memory.compressed] v[1.0.0]
[Contract Registry] Registered contract for [executive.memory.retention.updated] v[1.0.0]
[Contract Registry] Registered contract for [executive.memory.governed] v[1.0.0]
[Contract Registry] Registered contract for [executive.memory.policy.evaluated] v[1.0.0]
[Contract Registry] Registered contract for [executive.memory.trust.updated] v[1.0.0]
[Contract Registry] Registered contract for [executive.memory.audit.logged] v[1.0.0]
[Contract Registry] Registered contract for [executive.memory.certified] v[1.0.0]
[Contract Registry] Registered contract for [executive.memory.validation.completed] v[1.0.0]
[Contract Registry] Registered contract for [executive.memory.health.updated] v[1.0.0]
[Contract Registry] Registered contract for [executive.memory.scorecard.generated] v[1.0.0]
[Contract Registry] Registered contract for [executive.goal.created] v[1.0.0]
[Contract Registry] Registered contract for [executive.goal.updated] v[1.0.0]
[Contract Registry] Registered contract for [executive.goal.completed] v[1.0.0]
[Contract Registry] Registered contract for [executive.goal.failed] v[1.0.0]
[Contract Registry] Registered contract for [executive.goal.conflict] v[1.0.0]
[Contract Registry] Registered contract for [executive.goal.health.updated] v[1.0.0]
[Contract Registry] Registered contract for [executive.goal.tradeoff.created] v[1.0.0]
[Contract Registry] Registered contract for [executive.goal.success.updated] v[1.0.0]
[Contract Registry] Registered contract for [executive.goal.assumption.updated] v[1.0.0]
[Contract Registry] Registered contract for [executive.goal.outcome.projected] v[1.0.0]
[Contract Registry] Registered contract for [executive.plan.readiness.updated] v[1.0.0]
[Contract Registry] Registered contract for [executive.evidence.created] v[1.0.0]
[Contract Registry] Registered contract for [executive.evidence.verified] v[1.0.0]
[Contract Registry] Registered contract for [executive.evidence.conflict] v[1.0.0]
[Contract Registry] Registered contract for [executive.evidence.confidence.updated] v[1.0.0]
[Contract Registry] Registered contract for [executive.evidence.stale] v[1.0.0]
[Contract Registry] Registered contract for [executive.evidence.archived] v[1.0.0]
[Contract Registry] Registered contract for [executive.decision.created] v[1.0.0]
[Contract Registry] Registered contract for [executive.decision.status.updated] v[1.0.0]
[Contract Registry] Registered contract for [executive.decision.updated] v[1.0.0]
[Contract Registry] Registered contract for [executive.decision.archived] v[1.0.0]
[Contract Registry] Registered contract for [executive.decision.stability.updated] v[1.0.0]
[Contract Registry] Registered contract for [executive.decision.readiness.updated] v[1.0.0]
[Contract Registry] Registered contract for [executive.decision.snapshot.created] v[1.0.0]
[Contract Registry] Registered contract for [executive.decision.evidence.refreshed] v[1.0.0]
[Contract Registry] Registered contract for [executive.decision.lineage.audited] v[1.0.0]
[Contract Registry] Registered contract for [executive.decision.lineage.updated] v[1.0.0]
[Contract Registry] Registered contract for [executive.strategy.generated] v[1.0.0]
[Contract Registry] Registered contract for [executive.strategy.updated] v[1.0.0]
[Contract Registry] Registered contract for [executive.strategy.archived] v[1.0.0]
[Contract Registry] Registered contract for [executive.strategy.health.updated] v[1.0.0]
[Contract Registry] Registered contract for [executive.strategy.evaluated] v[1.0.0]
[Contract Registry] Registered contract for [executive.strategy.compared] v[1.0.0]
[Contract Registry] Registered contract for [executive.plan.created] v[1.0.0]
[Contract Registry] Registered contract for [executive.plan.updated] v[1.0.0]
[Contract Registry] Registered contract for [executive.plan.completed] v[1.0.0]
[Contract Registry] Registered contract for [executive.plan.archived] v[1.0.0]
[Contract Registry] Registered contract for [executive.plan.quality.updated] v[1.0.0]
[Contract Registry] Registered contract for [executive.planning.policy.checked] v[1.0.0]
[Contract Registry] Registered contract for [executive.planning.compliance.updated] v[1.0.0]
[Contract Registry] Registered contract for [executive.planning.certification.updated] v[1.0.0]
[Contract Registry] Registered contract for [executive.planning.governance.updated] v[1.0.0]
[Contract Registry] Registered contract for [executive.planning.audit.logged] v[1.0.0]
[Contract Registry] Registered contract for [executive.security.violation.detected] v[1.0.0]
[Contract Registry] Registered contract for [executive.sandbox.hardened] v[1.0.0]
[Contract Registry] Registered contract for [executive.plan.optimized] v[1.0.0]
[Contract Registry] Registered contract for [executive.resource.optimized] v[1.0.0]
[Contract Registry] Registered contract for [executive.cost.optimized] v[1.0.0]
[Contract Registry] Registered contract for [executive.resource.inventory.updated] v[1.0.0]
[Contract Registry] Registered contract for [executive.resource.allocation.generated] v[1.0.0]
[Contract Registry] Registered contract for [executive.resource.conflict.detected] v[1.0.0]
[Contract Registry] Registered contract for [executive.resource.health.updated] v[1.0.0]
[Contract Registry] Registered contract for [executive.risk.created] v[1.0.0]
[Contract Registry] Registered contract for [executive.contingency.generated] v[1.0.0]
[Contract Registry] Registered contract for [executive.risk.propagated] v[1.0.0]
[Contract Registry] Registered contract for [executive.risk.health.updated] v[1.0.0]
[Contract Registry] Registered contract for [executive.scenario.generated] v[1.0.0]
[Contract Registry] Registered contract for [executive.scenario.simulated] v[1.0.0]
[Contract Registry] Registered contract for [executive.warning.generated] v[1.0.0]
[Contract Registry] Registered contract for [executive.scenario.quality.updated] v[1.0.0]
[Contract Registry] Registered contract for [executive.timeline.rescheduled] v[1.0.0]
[Contract Registry] Registered contract for [executive.timeline.updated] v[1.0.0]
[Contract Registry] Registered contract for [executive.timeline.health.updated] v[1.0.0]
[Contract Registry] Registered contract for [executive.alternative.generated] v[1.0.0]
[Contract Registry] Registered contract for [executive.alternative.updated] v[1.0.0]
[Contract Registry] Registered contract for [executive.hypothesis.generated] v[1.0.0]
[Contract Registry] Registered contract for [executive.alternative.archived] v[1.0.0]
[Contract Registry] Registered contract for [executive.alternative.comparison.updated] v[1.0.0]
[Contract Registry] Registered contract for [executive.decision.evaluation.created] v[1.0.0]
[Contract Registry] Registered contract for [executive.decision.tradeoff.generated] v[1.0.0]
[Contract Registry] Registered contract for [executive.decision.ranked] v[1.0.0]
[Contract Registry] Registered contract for [executive.decision.business_impact.updated] v[1.0.0]
[Contract Registry] Registered contract for [executive.decision.roi.updated] v[1.0.0]
[Contract Registry] Registered contract for [executive.decision.evaluation.archived] v[1.0.0]
[Contract Registry] Registered contract for [executive.simulation.created] v[1.0.0]
[Contract Registry] Registered contract for [executive.simulation.completed] v[1.0.0]
[Contract Registry] Registered contract for [executive.simulation.failed] v[1.0.0]
[Contract Registry] Registered contract for [executive.simulation.forecast.updated] v[1.0.0]
[Contract Registry] Registered contract for [executive.simulation.recovery.generated] v[1.0.0]
[Contract Registry] Registered contract for [executive.simulation.archived] v[1.0.0]
[Contract Registry] Registered contract for [executive.decision.selected] v[1.0.0]
[Contract Registry] Registered contract for [executive.decision.rejected] v[1.0.0]
[Contract Registry] Registered contract for [executive.decision.committed] v[1.0.0]
[Contract Registry] Registered contract for [executive.decision.shortlisted] v[1.0.0]
[Contract Registry] Registered contract for [executive.decision.approval.required] v[1.0.0]
[Contract Registry] Registered contract for [executive.decision.commitment.generated] v[1.0.0]
[Contract Registry] Registered contract for [executive.execution.created] v[1.0.0]
[Contract Registry] Registered contract for [executive.execution.updated] v[1.0.0]
[Contract Registry] Registered contract for [executive.execution.started] v[1.0.0]
[Contract Registry] Registered contract for [executive.execution.completed] v[1.0.0]
[Contract Registry] Registered contract for [executive.execution.failed] v[1.0.0]
[Contract Registry] Registered contract for [executive.execution.archived] v[1.0.0]
[Contract Registry] Registered contract for [executive.execution.snapshot.created] v[1.0.0]
[Contract Registry] Registered contract for [executive.execution.trace.updated] v[1.0.0]
[Contract Registry] Registered contract for [executive.execution.integrity.updated] v[1.0.0]
[Contract Registry] Registered contract for [executive.execution.readiness.updated] v[1.0.0]
[Contract Registry] Registered contract for [executive.execution.stability.updated] v[1.0.0]
[Contract Registry] Registered contract for [executive.execution.drift.detected] v[1.0.0]
[Contract Registry] Registered contract for [executive.execution.hardening.completed] v[1.0.0]
[Contract Registry] Registered contract for [executive.execution.graph.created] v[1.0.0]
[Contract Registry] Registered contract for [executive.execution.graph.optimized] v[1.0.0]
[Contract Registry] Registered contract for [executive.execution.sequence.generated] v[1.0.0]
[Contract Registry] Registered contract for [executive.execution.priority.updated] v[1.0.0]
[Contract Registry] Registered contract for [executive.execution.rollback.generated] v[1.0.0]
[Contract Registry] Registered contract for [executive.execution.graph.archived] v[1.0.0]
[Contract Registry] Registered contract for [executive.execution.adapter.registered] v[1.0.0]
[Contract Registry] Registered contract for [executive.execution.adapter.updated] v[1.0.0]
[Contract Registry] Registered contract for [executive.execution.adapter.validated] v[1.0.0]
[Contract Registry] Registered contract for [executive.execution.adapter.connected] v[1.0.0]
[Contract Registry] Registered contract for [executive.execution.adapter.disconnected] v[1.0.0]
[Contract Registry] Registered contract for [executive.execution.adapter.failed] v[1.0.0]
[Contract Registry] Registered contract for [executive.execution.adapter.health.updated] v[1.0.0]
[Contract Registry] Registered contract for [executive.execution.adapter.archived] v[1.0.0]
[Contract Registry] Registered contract for [executive.execution.adapter.request.sent] v[1.0.0]
[Contract Registry] Registered contract for [executive.execution.adapter.request.completed] v[1.0.0]
[Contract Registry] Registered contract for [executive.execution.adapter.timeout.triggered] v[1.0.0]
[Contract Registry] Registered contract for [executive.execution.adapter.safety.violated] v[1.0.0]
[Contract Registry] Registered contract for [executive.execution.adapter.rollback.executed] v[1.0.0]
[Contract Registry] Registered contract for [executive.execution.adapter.package.compiled] v[1.0.0]
[Contract Registry] Registered contract for [executive.driver.registered] v[1.0.0]
[Contract Registry] Registered contract for [executive.driver.ready] v[1.0.0]
[Contract Registry] Registered contract for [executive.driver.execution.started] v[1.0.0]
[Contract Registry] Registered contract for [executive.driver.execution.completed] v[1.0.0]
[Contract Registry] Registered contract for [executive.driver.execution.failed] v[1.0.0]
[Contract Registry] Registered contract for [executive.driver.retry.started] v[1.0.0]
[Contract Registry] Registered contract for [executive.driver.rollback.started] v[1.0.0]
[Contract Registry] Registered contract for [executive.driver.rollback.completed] v[1.0.0]
[Contract Registry] Registered contract for [executive.driver.health.updated] v[1.0.0]
[Contract Registry] Registered contract for [executive.driver.archived] v[1.0.0]
[Contract Registry] Registered contract for [executive.workflow.created] v[1.0.0]
[Contract Registry] Registered contract for [executive.workflow.started] v[1.0.0]
[Contract Registry] Registered contract for [executive.workflow.paused] v[1.0.0]
[Contract Registry] Registered contract for [executive.workflow.resumed] v[1.0.0]
[Contract Registry] Registered contract for [executive.workflow.completed] v[1.0.0]
[Contract Registry] Registered contract for [executive.workflow.failed] v[1.0.0]
[Contract Registry] Registered contract for [executive.workflow.rollback.started] v[1.0.0]
[Contract Registry] Registered contract for [executive.workflow.rollback.completed] v[1.0.0]
[Contract Registry] Registered contract for [executive.workflow.checkpoint.created] v[1.0.0]
[Contract Registry] Registered contract for [executive.workflow.health.updated] v[1.0.0]
[Contract Registry] Registered contract for [executive.workflow.archived] v[1.0.0]
[Contract Registry] Registered contract for [executive.execution.health.updated] v[1.0.0]
[Contract Registry] Registered contract for [executive.execution.predicted_failure] v[1.0.0]
[Contract Registry] Registered contract for [executive.execution.replanned] v[1.0.0]
[Contract Registry] Registered contract for [executive.execution.optimized] v[1.0.0]
[Contract Registry] Registered contract for [executive.execution.retry.strategy.changed] v[1.0.0]
[Contract Registry] Registered contract for [executive.execution.self_healed] v[1.0.0]
[Contract Registry] Registered contract for [executive.execution.recovered] v[1.0.0]
[Contract Registry] Registered contract for [executive.execution.escalated] v[1.0.0]
[Contract Registry] Registered contract for [executive.execution.package.generated] v[1.0.0]
[Contract Registry] Registered contract for [executive.supervisor.audit.created] v[1.0.0]
[Contract Registry] Registered contract for [executive.supervisor.policy.violated] v[1.0.0]
[Contract Registry] Registered contract for [executive.supervisor.action.blocked] v[1.0.0]
[Contract Registry] Registered contract for [executive.supervisor.action.approved] v[1.0.0]
[Contract Registry] Registered contract for [executive.supervisor.override.signed] v[1.0.0]
[Contract Registry] Registered contract for [executive.supervisor.package.sealed] v[1.0.0]
[Contract Registry] Registered contract for [executive.operations.started] v[1.0.0]
[Contract Registry] Registered contract for [executive.operations.updated] v[1.0.0]
[Contract Registry] Registered contract for [executive.operations.capacity.changed] v[1.0.0]
[Contract Registry] Registered contract for [executive.operations.bottleneck.detected] v[1.0.0]
[Contract Registry] Registered contract for [executive.operations.sla.warning] v[1.0.0]
[Contract Registry] Registered contract for [executive.operations.workload.rebalanced] v[1.0.0]
[Contract Registry] Registered contract for [executive.operations.escalated] v[1.0.0]
[Contract Registry] Registered contract for [executive.scheduler.created] v[1.0.0]
[Contract Registry] Registered contract for [executive.scheduler.updated] v[1.0.0]
[Contract Registry] Registered contract for [executive.scheduler.triggered] v[1.0.0]
[Contract Registry] Registered contract for [executive.scheduler.completed] v[1.0.0]
[Contract Registry] Registered contract for [executive.scheduler.failed] v[1.0.0]
[Contract Registry] Registered contract for [executive.scheduler.cancelled] v[1.0.0]
[Contract Registry] Registered contract for [executive.scheduler.paused] v[1.0.0]
[Contract Registry] Registered contract for [executive.scheduler.resumed] v[1.0.0]
[Contract Registry] Registered contract for [executive.scheduler.optimized] v[1.0.0]
[Contract Registry] Registered contract for [executive.scheduler.archived] v[1.0.0]
[Contract Registry] Registered contract for [executive.learning.started] v[1.0.0]
[Contract Registry] Registered contract for [executive.learning.updated] v[1.0.0]
[Contract Registry] Registered contract for [executive.learning.pattern.detected] v[1.0.0]
[Contract Registry] Registered contract for [executive.learning.recommendation.generated] v[1.0.0]
[Contract Registry] Registered contract for [executive.learning.provider.updated] v[1.0.0]
[Contract Registry] Registered contract for [executive.learning.driver.updated] v[1.0.0]
[Contract Registry] Registered contract for [executive.learning.completed] v[1.0.0]
[Contract Registry] Registered contract for [executive.learning.archived] v[1.0.0]
[Contract Registry] Registered contract for [executive.execution.certification.started] v[1.0.0]
[Contract Registry] Registered contract for [executive.execution.certification.completed] v[1.0.0]
[Contract Registry] Registered contract for [executive.execution.validation.completed] v[1.0.0]
[Contract Registry] Registered contract for [executive.execution.benchmark.completed] v[1.0.0]
[Contract Registry] Registered contract for [executive.execution.chaos.completed] v[1.0.0]
[Contract Registry] Registered contract for [executive.execution.freeze.completed] v[1.0.0]
[Contract Registry] Registered contract for [executive.execution.enterprise.certified] v[1.0.0]
[Tool Registry] Registered tool [create_executive_identity] v[1.0.0]
[Tool Registry] Registered tool [validate_executive_authority] v[1.0.0]
[Tool Registry] Registered tool [check_executive_boundary] v[1.0.0]
[Tool Registry] Registered tool [transition_executive_lifecycle] v[1.0.0]
[Tool Registry] Registered tool [update_executive_mission_state] v[1.0.0]
[Tool Registry] Registered tool [update_executive_business_outcome] v[1.0.0]
[Tool Registry] Registered tool [record_executive_health_signal] v[1.0.0]
[Tool Registry] Registered tool [perceive_executive_situation] v[1.0.0]
[Tool Registry] Registered tool [orchestrate_executive_cognition] v[1.0.0]
[Tool Registry] Registered tool [register_executive_memory] v[1.0.0]
[Tool Registry] Registered tool [get_executive_memory] v[1.0.0]
[Tool Registry] Registered tool [memory_architecture_summary] v[1.0.0]
[Tool Registry] Registered tool [memory_relationship_map] v[1.0.0]
[Tool Registry] Registered tool [consolidate_executive_memory] v[1.0.0]
[Tool Registry] Registered tool [discover_memory_patterns] v[1.0.0]
[Tool Registry] Registered tool [retrieve_executive_knowledge] v[1.0.0]
[Tool Registry] Registered tool [associate_memory] v[1.0.0]
[Tool Registry] Registered tool [relationship_path] v[1.0.0]
[Tool Registry] Registered tool [add_semantic_concept] v[1.0.0]
[Tool Registry] Registered tool [resolve_semantic_intent] v[1.0.0]
[Tool Registry] Registered tool [extract_organizational_knowledge] v[1.0.0]
[Tool Registry] Registered tool [query_organizational_knowledge] v[1.0.0]
[Tool Registry] Registered tool [knowledge_dependencies] v[1.0.0]
[Tool Registry] Registered tool [optimize_memory] v[1.0.0]
[Tool Registry] Registered tool [memory_health_report] v[1.0.0]
[Tool Registry] Registered tool [duplicate_memory_scan] v[1.0.0]
[Tool Registry] Registered tool [memory_retention_analysis] v[1.0.0]
[Tool Registry] Registered tool [memory_governance_report] v[1.0.0]
[Tool Registry] Registered tool [memory_policy_check] v[1.0.0]
[Tool Registry] Registered tool [memory_trust_report] v[1.0.0]
[Tool Registry] Registered tool [memory_lineage] v[1.0.0]
[Tool Registry] Registered tool [memory_certification_report] v[1.0.0]
[Tool Registry] Registered tool [memory_quality_dashboard] v[1.0.0]
[Tool Registry] Registered tool [memory_enterprise_scorecard] v[1.0.0]
[Tool Registry] Registered tool [memory_platform_health] v[1.0.0]
[Tool Registry] Registered tool [create_executive_goal] v[1.0.0]
[Tool Registry] Registered tool [update_executive_goal] v[1.0.0]
[Tool Registry] Registered tool [evaluate_goal_health] v[1.0.0]
[Tool Registry] Registered tool [goal_dependency_graph] v[1.0.0]
[Tool Registry] Registered tool [goal_priority_report] v[1.0.0]
[Tool Registry] Registered tool [generate_alternatives] v[1.0.0]
[Tool Registry] Registered tool [generate_hypotheses] v[1.0.0]
[Tool Registry] Registered tool [alternative_comparison] v[1.0.0]
[Tool Registry] Registered tool [alternative_summary] v[1.0.0]
[Tool Registry] Registered tool [hypothesis_report] v[1.0.0]
[Tool Registry] Registered tool [opportunity_report] v[1.0.0]
[Tool Registry] Registered tool [evaluate_alternatives] v[1.0.0]
[Tool Registry] Registered tool [decision_tradeoff_report] v[1.0.0]
[Tool Registry] Registered tool [decision_ranking] v[1.0.0]
[Tool Registry] Registered tool [business_impact_report] v[1.0.0]
[Tool Registry] Registered tool [mcda_matrix] v[1.0.0]
[Tool Registry] Registered tool [roi_analysis] v[1.0.0]
[Tool Registry] Registered tool [sensitivity_analysis] v[1.0.0]
[Tool Registry] Registered tool [simulate_decision] v[1.0.0]
[Tool Registry] Registered tool [future_projection] v[1.0.0]
[Tool Registry] Registered tool [business_forecast] v[1.0.0]
[Tool Registry] Registered tool [financial_forecast] v[1.0.0]
[Tool Registry] Registered tool [failure_simulation] v[1.0.0]
[Tool Registry] Registered tool [recovery_simulation] v[1.0.0]
[Tool Registry] Registered tool [simulation_summary] v[1.0.0]
[Tool Registry] Registered tool [select_best_decision] v[1.0.0]
[Tool Registry] Registered tool [decision_commitment] v[1.0.0]
[Tool Registry] Registered tool [decision_shortlist] v[1.0.0]
[Tool Registry] Registered tool [decision_confidence] v[1.0.0]
[Tool Registry] Registered tool [decision_consistency] v[1.0.0]
[Tool Registry] Registered tool [approval_readiness] v[1.0.0]
[Tool Registry] Registered tool [commitment_summary] v[1.0.0]
[Tool Registry] Registered tool [authorize_decision] v[1.0.0]
[Tool Registry] Registered tool [authorization_summary] v[1.0.0]
[Tool Registry] Registered tool [policy_gate] v[1.0.0]
[Tool Registry] Registered tool [budget_validation] v[1.0.0]
[Tool Registry] Registered tool [risk_authorization] v[1.0.0]
[Tool Registry] Registered tool [compliance_authorization] v[1.0.0]
[Tool Registry] Registered tool [execution_token] v[1.0.0]
[Tool Registry] Registered tool [decision_execution_readiness] v[1.0.0]
[Tool Registry] Registered tool [decision_dispatch_plan] v[1.0.0]
[Tool Registry] Registered tool [dispatch_summary] v[1.0.0]
[Tool Registry] Registered tool [execution_window] v[1.0.0]
[Tool Registry] Registered tool [rollback_package] v[1.0.0]
[Tool Registry] Registered tool [execution_package] v[1.0.0]
[Tool Registry] Registered tool [decision_monitoring] v[1.0.0]
[Tool Registry] Registered tool [decision_health] v[1.0.0]
[Tool Registry] Registered tool [decision_drift] v[1.0.0]
[Tool Registry] Registered tool [decision_alerts] v[1.0.0]
[Tool Registry] Registered tool [decision_outcomes] v[1.0.0]
[Tool Registry] Registered tool [decision_kpis] v[1.0.0]
[Tool Registry] Registered tool [decision_trends] v[1.0.0]
[Tool Registry] Registered tool [decision_recovery] v[1.0.0]
[Tool Registry] Registered tool [monitoring_summary] v[1.0.0]
[Tool Registry] Registered tool [decision_integrity] v[1.0.0]
[Tool Registry] Registered tool [decision_certification] v[1.0.0]
[Tool Registry] Registered tool [decision_quality] v[1.0.0]
[Tool Registry] Registered tool [decision_readiness] v[1.0.0]
[Tool Registry] Registered tool [decision_audit] v[1.0.0]
[Tool Registry] Registered tool [decision_lineage_validation] v[1.0.0]
[Tool Registry] Registered tool [decision_freeze_validation] v[1.0.0]
[Tool Registry] Registered tool [decision_platform_summary] v[1.0.0]
[Tool Registry] Registered tool [create_executive_execution] v[1.0.0]
[Tool Registry] Registered tool [update_executive_execution] v[1.0.0]
[Tool Registry] Registered tool [get_executive_execution] v[1.0.0]
[Tool Registry] Registered tool [list_executive_executions] v[1.0.0]
[Tool Registry] Registered tool [archive_executive_execution] v[1.0.0]
[Tool Registry] Registered tool [snapshot_executive_execution] v[1.0.0]
[Tool Registry] Registered tool [compile_executive_execution_package] v[1.0.0]
[Tool Registry] Registered tool [compile_executive_execution_hardening_package] v[1.0.0]
[Tool Registry] Registered tool [explain_executive_execution] v[1.0.0]
[Tool Registry] Registered tool [execution_snapshot] v[1.0.0]
[Tool Registry] Registered tool [execution_trace] v[1.0.0]
[Tool Registry] Registered tool [execution_lineage] v[1.0.0]
[Tool Registry] Registered tool [execution_integrity] v[1.0.0]
[Tool Registry] Registered tool [execution_readiness] v[1.0.0]
[Tool Registry] Registered tool [execution_stability] v[1.0.0]
[Tool Registry] Registered tool [execution_drift] v[1.0.0]
[Tool Registry] Registered tool [execution_history] v[1.0.0]
[Tool Registry] Registered tool [execution_hardening_report] v[1.0.0]
[Tool Registry] Registered tool [build_execution_graph] v[1.0.0]
[Tool Registry] Registered tool [execution_graph] v[1.0.0]
[Tool Registry] Registered tool [execution_plan] v[1.0.0]
[Tool Registry] Registered tool [execution_dependencies] v[1.0.0]
[Tool Registry] Registered tool [execution_sequence] v[1.0.0]
[Tool Registry] Registered tool [execution_priority] v[1.0.0]
[Tool Registry] Registered tool [execution_constraints] v[1.0.0]
[Tool Registry] Registered tool [execution_graph_optimizer] v[1.0.0]
[Tool Registry] Registered tool [rollback_graph] v[1.0.0]
[Tool Registry] Registered tool [execution_graph_report] v[1.0.0]
[Tool Registry] Registered tool [compile_action_package] v[1.0.0]
[Tool Registry] Registered tool [register_execution_adapter] v[1.0.0]
[Tool Registry] Registered tool [update_execution_adapter] v[1.0.0]
[Tool Registry] Registered tool [validate_execution_adapter] v[1.0.0]
[Tool Registry] Registered tool [execution_adapter_status] v[1.0.0]
[Tool Registry] Registered tool [execution_capabilities] v[1.0.0]
[Tool Registry] Registered tool [execution_health] v[1.0.0]
[Tool Registry] Registered tool [execution_retry_policy] v[1.0.0]
[Tool Registry] Registered tool [execution_rate_limits] v[1.0.0]
[Tool Registry] Registered tool [execution_timeout] v[1.0.0]
[Tool Registry] Registered tool [execution_translation] v[1.0.0]
[Tool Registry] Registered tool [register_execution_driver] v[1.0.0]
[Tool Registry] Registered tool [driver_status] v[1.0.0]
[Tool Registry] Registered tool [driver_health] v[1.0.0]
[Tool Registry] Registered tool [driver_execute] v[1.0.0]
[Tool Registry] Registered tool [driver_retry] v[1.0.0]
[Tool Registry] Registered tool [driver_cancel] v[1.0.0]
[Tool Registry] Registered tool [driver_validate] v[1.0.0]
[Tool Registry] Registered tool [driver_capabilities] v[1.0.0]
[Tool Registry] Registered tool [driver_explain] v[1.0.0]
[Tool Registry] Registered tool [driver_execution_log] v[1.0.0]
[Tool Registry] Registered tool [driver_rollback] v[1.0.0]
[Tool Registry] Registered tool [create_workflow] v[1.0.0]
[Tool Registry] Registered tool [update_workflow] v[1.0.0]
[Tool Registry] Registered tool [workflow_status] v[1.0.0]
[Tool Registry] Registered tool [workflow_progress] v[1.0.0]
[Tool Registry] Registered tool [workflow_health] v[1.0.0]
[Tool Registry] Registered tool [workflow_checkpoint] v[1.0.0]
[Tool Registry] Registered tool [workflow_resume] v[1.0.0]
[Tool Registry] Registered tool [workflow_retry] v[1.0.0]
[Tool Registry] Registered tool [workflow_rollback] v[1.0.0]
[Tool Registry] Registered tool [workflow_explain] v[1.0.0]
[Tool Registry] Registered tool [workflow_package] v[1.0.0]
[Tool Registry] Registered tool [adaptive_execution] v[1.0.0]
[Tool Registry] Registered tool [execution_prediction] v[1.0.0]
[Tool Registry] Registered tool [execution_optimizer] v[1.0.0]
[Tool Registry] Registered tool [execution_recovery] v[1.0.0]
[Tool Registry] Registered tool [execution_replanning] v[1.0.0]
[Tool Registry] Registered tool [execution_explainability] v[1.0.0]
[Tool Registry] Registered tool [create_supervisor_audit] v[1.0.0]
[Tool Registry] Registered tool [evaluate_policies] v[1.0.0]
[Tool Registry] Registered tool [block_action] v[1.0.0]
[Tool Registry] Registered tool [approve_action] v[1.0.0]
[Tool Registry] Registered tool [override_action] v[1.0.0]
[Tool Registry] Registered tool [explain_supervisor_decision] v[1.0.0]
[Tool Registry] Registered tool [seal_supervisor_package] v[1.0.0]
[Tool Registry] Registered tool [create_operations_state] v[1.0.0]
[Tool Registry] Registered tool [analyze_workload] v[1.0.0]
[Tool Registry] Registered tool [coordinate_workflows] v[1.0.0]
[Tool Registry] Registered tool [arbitrate_priority] v[1.0.0]
[Tool Registry] Registered tool [trigger_operations_escalation] v[1.0.0]
[Tool Registry] Registered tool [explain_operations_decision] v[1.0.0]
[Tool Registry] Registered tool [compile_operations_package] v[1.0.0]
[Tool Registry] Registered tool [schedule_execution] v[1.0.0]
[Tool Registry] Registered tool [schedule_status] v[1.0.0]
[Tool Registry] Registered tool [schedule_pause] v[1.0.0]
[Tool Registry] Registered tool [schedule_resume] v[1.0.0]
[Tool Registry] Registered tool [schedule_cancel] v[1.0.0]
[Tool Registry] Registered tool [schedule_trigger] v[1.0.0]
[Tool Registry] Registered tool [schedule_conflicts] v[1.0.0]
[Tool Registry] Registered tool [schedule_calendar] v[1.0.0]
[Tool Registry] Registered tool [schedule_explain] v[1.0.0]
[Tool Registry] Registered tool [schedule_package] v[1.0.0]
[Tool Registry] Registered tool [execution_learning] v[1.0.0]
[Tool Registry] Registered tool [execution_confidence] v[1.0.0]
[Tool Registry] Registered tool [execution_recommendations] v[1.0.0]
[Tool Registry] Registered tool [execution_learning_package] v[1.0.0]
[Tool Registry] Registered tool [execution_certification] v[1.0.0]
[Tool Registry] Registered tool [execution_quality] v[1.0.0]
[Tool Registry] Registered tool [execution_validation] v[1.0.0]
[Tool Registry] Registered tool [execution_benchmark] v[1.0.0]
[Tool Registry] Registered tool [execution_freeze] v[1.0.0]
[Tool Registry] Registered tool [execution_audit] v[1.0.0]
[Plugin Registry] Registered plugin [Executive Identity Foundation Plugin] v[1.0.0]
AUTH_BCRYPT_RUNTIME {
  library: bcrypt
}
{"level":50,"time":1783350369777,"traceId":null,"correlationId":null,"tenantId":null,"leadId":null,"interactionId":null,"appointmentId":null,"proposalId":null,"contractId":null,"paymentId":null,"queueJobId":null,"workerId":null,"provider":null,"severity":"info","component":"runtime","phase":"operations","version":"phase6a.v1","err":{"type":"Error","message":"REDIS_URL must use rediss:// (or redis:// in integration/test mode)","stack":"Error: REDIS_URL must use rediss:// (or redis:// in integration/test mode)\n    at buildRedisOptions (D:\\sylph-ai\\backend\\dist\\config\\redis.js:61:15)\n    at createRedisClient (D:\\sylph-ai\\backend\\dist\\config\\redis.js:128:63)\n    at ensureSharedRedisClient (D:\\sylph-ai\\backend\\dist\\config\\redis.js:307:39)\n    at initRedis (D:\\sylph-ai\\backend\\dist\\config\\redis.js:382:13)\n    at D:\\sylph-ai\\backend\\dist\\runtime\\lifecycle.js:71:31\n    at initQueues (D:\\sylph-ai\\backend\\dist\\runtime\\lifecycle.js:91:7)\n    at waitForRuntimeInfrastructureWithinBudget (D:\\sylph-ai\\backend\\dist\\server.js:270:57)\n    at startServer (D:\\sylph-ai\\backend\\dist\\server.js:430:45)"},"msg":"Startup runtime infrastructure initialization failed"}
{"level":40,"time":1783350369777,"traceId":null,"correlationId":null,"tenantId":null,"leadId":null,"interactionId":null,"appointmentId":null,"proposalId":null,"contractId":null,"paymentId":null,"queueJobId":null,"workerId":null,"provider":null,"severity":"info","component":"runtime","phase":"operations","version":"phase6a.v1","startupQueueInitBudgetMs":2400,"startupQueueInitElapsedMs":1,"msg":"Runtime infrastructure exceeded startup critical budget; continuing with deferred initialization"}
{"level":30,"time":1783350369778,"traceId":null,"correlationId":null,"tenantId":null,"leadId":null,"interactionId":null,"appointmentId":null,"proposalId":null,"contractId":null,"paymentId":null,"queueJobId":null,"workerId":null,"provider":null,"severity":"info","component":"runtime","phase":"operations","version":"phase6a.v1","event":"Runtime Kernel Bootstrapping","msg":"Bootstrapping Universal Core Runtime..."}
{"level":30,"time":1783350369809,"traceId":null,"correlationId":null,"tenantId":null,"leadId":null,"interactionId":null,"appointmentId":null,"proposalId":null,"contractId":null,"paymentId":null,"queueJobId":null,"workerId":null,"provider":null,"severity":"info","component":"runtime","phase":"operations","version":"phase6a.v1","event":"Executive Plugin Registration","msg":"Mounting Executive Plugin..."}
{"level":30,"time":1783350369814,"traceId":null,"correlationId":null,"tenantId":null,"leadId":null,"interactionId":null,"appointmentId":null,"proposalId":null,"contractId":null,"paymentId":null,"queueJobId":null,"workerId":null,"provider":null,"severity":"info","component":"runtime","phase":"operations","version":"phase6a.v1","event":"Executive Plugin Loaded","module":"ExecutivePlugin","msg":"Executive Plugin Loaded"}
{"level":30,"time":1783350369814,"traceId":null,"correlationId":null,"tenantId":null,"leadId":null,"interactionId":null,"appointmentId":null,"proposalId":null,"contractId":null,"paymentId":null,"queueJobId":null,"workerId":null,"provider":null,"severity":"info","component":"runtime","phase":"operations","version":"phase6a.v1","event":"Identity Service Registered","module":"ExecutivePlugin","msg":"Identity Service Registered"}
{"level":30,"time":1783350369816,"traceId":null,"correlationId":null,"tenantId":null,"leadId":null,"interactionId":null,"appointmentId":null,"proposalId":null,"contractId":null,"paymentId":null,"queueJobId":null,"workerId":null,"provider":null,"severity":"info","component":"runtime","phase":"operations","version":"phase6a.v1","event":"Planning Service Registered","module":"ExecutivePlugin","msg":"Planning Service Registered"}
{"level":30,"time":1783350369818,"traceId":null,"correlationId":null,"tenantId":null,"leadId":null,"interactionId":null,"appointmentId":null,"proposalId":null,"contractId":null,"paymentId":null,"queueJobId":null,"workerId":null,"provider":null,"severity":"info","component":"runtime","phase":"operations","version":"phase6a.v1","event":"Decision Service Registered","module":"ExecutivePlugin","msg":"Decision Service Registered"}
{"level":30,"time":1783350369820,"traceId":null,"correlationId":null,"tenantId":null,"leadId":null,"interactionId":null,"appointmentId":null,"proposalId":null,"contractId":null,"paymentId":null,"queueJobId":null,"workerId":null,"provider":null,"severity":"info","component":"runtime","phase":"operations","version":"phase6a.v1","event":"Monitoring Service Registered","module":"ExecutivePlugin","msg":"Monitoring Service Registered"}
{"level":30,"time":1783350369820,"traceId":null,"correlationId":null,"tenantId":null,"leadId":null,"interactionId":null,"appointmentId":null,"proposalId":null,"contractId":null,"paymentId":null,"queueJobId":null,"workerId":null,"provider":null,"severity":"info","component":"runtime","phase":"operations","version":"phase6a.v1","event":"Execution Service Registered","module":"ExecutivePlugin","msg":"Execution Service Registered"}
{"level":30,"time":1783350369821,"traceId":null,"correlationId":null,"tenantId":null,"leadId":null,"interactionId":null,"appointmentId":null,"proposalId":null,"contractId":null,"paymentId":null,"queueJobId":null,"workerId":null,"provider":null,"severity":"info","component":"runtime","phase":"operations","version":"phase6a.v1","event":"Supervisor Service Registered","module":"ExecutivePlugin","msg":"Supervisor Service Registered"}
{"level":30,"time":1783350369821,"traceId":null,"correlationId":null,"tenantId":null,"leadId":null,"interactionId":null,"appointmentId":null,"proposalId":null,"contractId":null,"paymentId":null,"queueJobId":null,"workerId":null,"provider":null,"severity":"info","component":"runtime","phase":"operations","version":"phase6a.v1","event":"Learning Service Registered","module":"ExecutivePlugin","msg":"Learning Service Registered"}
{"level":30,"time":1783350369822,"traceId":null,"correlationId":null,"tenantId":null,"leadId":null,"interactionId":null,"appointmentId":null,"proposalId":null,"contractId":null,"paymentId":null,"queueJobId":null,"workerId":null,"provider":null,"severity":"info","component":"runtime","phase":"operations","version":"phase6a.v1","event":"Certification Service Registered","module":"ExecutivePlugin","msg":"Certification Service Registered"}
{"level":40,"time":1783350369872,"traceId":null,"correlationId":null,"tenantId":null,"leadId":null,"interactionId":null,"appointmentId":null,"proposalId":null,"contractId":null,"paymentId":null,"queueJobId":null,"workerId":null,"provider":null,"severity":"info","component":"runtime","phase":"operations","version":"phase6a.v1","module":"ExecutivePlugin","detail":"Tool [decision_consistency] already registered: Tool [decision_consistency] v[1.0.0] is already registered with a different signature. Duplicate registration rejected.","msg":"Tool [decision_consistency] already registered: Tool [decision_consistency] v[1.0.0] is already registered with a different signature. Duplicate registration rejected."}
{"level":40,"time":1783350369877,"traceId":null,"correlationId":null,"tenantId":null,"leadId":null,"interactionId":null,"appointmentId":null,"proposalId":null,"contractId":null,"paymentId":null,"queueJobId":null,"workerId":null,"provider":null,"severity":"info","component":"runtime","phase":"operations","version":"phase6a.v1","module":"ExecutivePlugin","detail":"Tool [execution_package] already registered: Tool [execution_package] v[1.0.0] is already registered with a different signature. Duplicate registration rejected.","msg":"Tool [execution_package] already registered: Tool [execution_package] v[1.0.0] is already registered with a different signature. Duplicate registration rejected."}
{"level":40,"time":1783350369880,"traceId":null,"correlationId":null,"tenantId":null,"leadId":null,"interactionId":null,"appointmentId":null,"proposalId":null,"contractId":null,"paymentId":null,"queueJobId":null,"workerId":null,"provider":null,"severity":"info","component":"runtime","phase":"operations","version":"phase6a.v1","module":"ExecutivePlugin","detail":"Tool [start_workflow] already registered: Tool [start_workflow] v[1.0.0] is already registered with a different signature. Duplicate registration rejected.","msg":"Tool [start_workflow] already registered: Tool [start_workflow] v[1.0.0] is already registered with a different signature. Duplicate registration rejected."}
{"level":40,"time":1783350369880,"traceId":null,"correlationId":null,"tenantId":null,"leadId":null,"interactionId":null,"appointmentId":null,"proposalId":null,"contractId":null,"paymentId":null,"queueJobId":null,"workerId":null,"provider":null,"severity":"info","component":"runtime","phase":"operations","version":"phase6a.v1","module":"ExecutivePlugin","detail":"Tool [pause_workflow] already registered: Tool [pause_workflow] v[1.0.0] is already registered with a different signature. Duplicate registration rejected.","msg":"Tool [pause_workflow] already registered: Tool [pause_workflow] v[1.0.0] is already registered with a different signature. Duplicate registration rejected."}
{"level":40,"time":1783350369880,"traceId":null,"correlationId":null,"tenantId":null,"leadId":null,"interactionId":null,"appointmentId":null,"proposalId":null,"contractId":null,"paymentId":null,"queueJobId":null,"workerId":null,"provider":null,"severity":"info","component":"runtime","phase":"operations","version":"phase6a.v1","module":"ExecutivePlugin","detail":"Tool [resume_workflow] already registered: Tool [resume_workflow] v[1.0.0] is already registered with a different signature. Duplicate registration rejected.","msg":"Tool [resume_workflow] already registered: Tool [resume_workflow] v[1.0.0] is already registered with a different signature. Duplicate registration rejected."}
{"level":40,"time":1783350369880,"traceId":null,"correlationId":null,"tenantId":null,"leadId":null,"interactionId":null,"appointmentId":null,"proposalId":null,"contractId":null,"paymentId":null,"queueJobId":null,"workerId":null,"provider":null,"severity":"info","component":"runtime","phase":"operations","version":"phase6a.v1","module":"ExecutivePlugin","detail":"Tool [cancel_workflow] already registered: Tool [cancel_workflow] v[1.0.0] is already registered with a different signature. Duplicate registration rejected.","msg":"Tool [cancel_workflow] already registered: Tool [cancel_workflow] v[1.0.0] is already registered with a different signature. Duplicate registration rejected."}
{"level":40,"time":1783350369881,"traceId":null,"correlationId":null,"tenantId":null,"leadId":null,"interactionId":null,"appointmentId":null,"proposalId":null,"contractId":null,"paymentId":null,"queueJobId":null,"workerId":null,"provider":null,"severity":"info","component":"runtime","phase":"operations","version":"phase6a.v1","module":"ExecutivePlugin","detail":"Tool [execution_health] already registered: Tool [execution_health] v[1.0.0] is already registered with a different signature. Duplicate registration rejected.","msg":"Tool [execution_health] already registered: Tool [execution_health] v[1.0.0] is already registered with a different signature. Duplicate registration rejected."}
{"level":40,"time":1783350369881,"traceId":null,"correlationId":null,"tenantId":null,"leadId":null,"interactionId":null,"appointmentId":null,"proposalId":null,"contractId":null,"paymentId":null,"queueJobId":null,"workerId":null,"provider":null,"severity":"info","component":"runtime","phase":"operations","version":"phase6a.v1","module":"ExecutivePlugin","detail":"Tool [execution_drift] already registered: Tool [execution_drift] v[1.0.0] is already registered with a different signature. Duplicate registration rejected.","msg":"Tool [execution_drift] already registered: Tool [execution_drift] v[1.0.0] is already registered with a different signature. Duplicate registration rejected."}
{"level":40,"time":1783350369883,"traceId":null,"correlationId":null,"tenantId":null,"leadId":null,"interactionId":null,"appointmentId":null,"proposalId":null,"contractId":null,"paymentId":null,"queueJobId":null,"workerId":null,"provider":null,"severity":"info","component":"runtime","phase":"operations","version":"phase6a.v1","module":"ExecutivePlugin","detail":"Tool [execution_package] already registered: Tool [execution_package] v[1.0.0] is already registered with a different signature. Duplicate registration rejected.","msg":"Tool [execution_package] already registered: Tool [execution_package] v[1.0.0] is already registered with a different signature. Duplicate registration rejected."}
{"level":40,"time":1783350369887,"traceId":null,"correlationId":null,"tenantId":null,"leadId":null,"interactionId":null,"appointmentId":null,"proposalId":null,"contractId":null,"paymentId":null,"queueJobId":null,"workerId":null,"provider":null,"severity":"info","component":"runtime","phase":"operations","version":"phase6a.v1","module":"ExecutivePlugin","detail":"Tool [execution_integrity] already registered: Tool [execution_integrity] v[1.0.0] is already registered with a different signature. Duplicate registration rejected.","msg":"Tool [execution_integrity] already registered: Tool [execution_integrity] v[1.0.0] is already registered with a different signature. Duplicate registration rejected."}
{"level":40,"time":1783350369887,"traceId":null,"correlationId":null,"tenantId":null,"leadId":null,"interactionId":null,"appointmentId":null,"proposalId":null,"contractId":null,"paymentId":null,"queueJobId":null,"workerId":null,"provider":null,"severity":"info","component":"runtime","phase":"operations","version":"phase6a.v1","module":"ExecutivePlugin","detail":"Tool [execution_lineage] already registered: Tool [execution_lineage] v[1.0.0] is already registered with a different signature. Duplicate registration rejected.","msg":"Tool [execution_lineage] already registered: Tool [execution_lineage] v[1.0.0] is already registered with a different signature. Duplicate registration rejected."}
{"level":40,"time":1783350369887,"traceId":null,"correlationId":null,"tenantId":null,"leadId":null,"interactionId":null,"appointmentId":null,"proposalId":null,"contractId":null,"paymentId":null,"queueJobId":null,"workerId":null,"provider":null,"severity":"info","component":"runtime","phase":"operations","version":"phase6a.v1","module":"ExecutivePlugin","detail":"Tool [execution_readiness] already registered: Tool [execution_readiness] v[1.0.0] is already registered with a different signature. Duplicate registration rejected.","msg":"Tool [execution_readiness] already registered: Tool [execution_readiness] v[1.0.0] is already registered with a different signature. Duplicate registration rejected."}
{"level":40,"time":1783350369889,"traceId":null,"correlationId":null,"tenantId":null,"leadId":null,"interactionId":null,"appointmentId":null,"proposalId":null,"contractId":null,"paymentId":null,"queueJobId":null,"workerId":null,"provider":null,"severity":"info","component":"runtime","phase":"operations","version":"phase6a.v1","module":"ExecutivePlugin","detail":"Tool [execution_package] already registered: Tool [execution_package] v[1.0.0] is already registered with a different signature. Duplicate registration rejected.","msg":"Tool [execution_package] already registered: Tool [execution_package] v[1.0.0] is already registered with a different signature. Duplicate registration rejected."}
{"level":30,"time":1783350369889,"traceId":null,"correlationId":null,"tenantId":null,"leadId":null,"interactionId":null,"appointmentId":null,"proposalId":null,"contractId":null,"paymentId":null,"queueJobId":null,"workerId":null,"provider":null,"severity":"info","component":"runtime","phase":"operations","version":"phase6a.v1","event":"All Executive Services Ready","module":"ExecutivePlugin","msg":"All Executive Services Ready"}
prisma:error 
Invalid `prisma.authEventLedger.upsert()` invocation:


Raw query failed. Code: `unknown`. Message: `Kind: Server selection timeout: No available servers. Topology: { Type: Unknown, Servers: [ { Address: localhost:27017, Type: Unknown, Error: Kind: I/O error: No connection could be made because the target machine actively refused it. (os error 10061), labels: {}, source: None } ] }, labels: {}, source: None`
FEATURE_GATE_AWAIT_TRACE {
  event: 'end',
  fileName: 'backend/src/services/security/securityGovernanceOS.service.ts',
  redisOps: 'none',
  functionName: 'appendAuthEvent:authEventLedger.upsert',
  durationMs: 30110,
  cacheStatus: 'none',
  dbQueries: [ 'authEventLedger.upsert(auth_evt:49b39a350c88daf2983496a580)' ],
  eventKey: 'auth_evt:49b39a350c88daf2983496a580',
  action: 'analytics:view',
  outcome: 'ALLOWED'
}
FEATURE_GATE_AWAIT_TRACE {
  event: 'end',
  fileName: 'backend/src/services/security/securityGovernanceOS.service.ts',
  redisOps: 'none',
  functionName: 'authorizeAccess:appendAuthEvent:authorized',
  durationMs: 30111,
  action: 'analytics:view',
  route: null,
  cacheStatus: 'none',
  dbQueries: [ 'authEventLedger.upsert' ]
}
prisma:error 
Invalid `prisma.isolationAttestationLedger.upsert()` invocation:


Raw query failed. Code: `unknown`. Message: `Kind: Server selection timeout: No available servers. Topology: { Type: Unknown, Servers: [ { Address: localhost:27017, Type: Unknown, Error: Kind: I/O error: No connection could be made because the target machine actively refused it. (os error 10061), labels: {}, source: None } ] }, labels: {}, source: None`
FEATURE_GATE_AWAIT_TRACE {
  event: 'end',
  fileName: 'backend/src/services/security/securityGovernanceOS.service.ts',
  redisOps: 'none',
  functionName: 'attestInfraIsolation:isolationAttestationLedger.upsert',
  durationMs: 30113,
  cacheStatus: 'none',
  dbQueries: [
    'isolationAttestationLedger.upsert(isolation_attest:5e26812961f7cb9310c0d9c3)'
  ],
  attestationKey: 'isolation_attest:5e26812961f7cb9310c0d9c3'
}
FEATURE_GATE_AWAIT_TRACE {
  event: 'end',
  fileName: 'backend/src/services/security/securityGovernanceOS.service.ts',
  redisOps: 'none',
  functionName: 'authorizeAccess:attestInfraIsolation',
  durationMs: 30114,
  action: 'analytics:view',
  route: null,
  cacheStatus: 'none',
  dbQueries: [ 'isolationAttestationLedger.create' ]
}
prisma:error 
Invalid `prisma.tenantIsolationLedger.upsert()` invocation:


Raw query failed. Code: `unknown`. Message: `Kind: Server selection timeout: No available servers. Topology: { Type: Unknown, Servers: [ { Address: localhost:27017, Type: Unknown, Error: Kind: I/O error: No connection could be made because the target machine actively refused it. (os error 10061), labels: {}, source: None } ] }, labels: {}, source: None`
FEATURE_GATE_AWAIT_TRACE {
  event: 'end',
  fileName: 'backend/src/services/security/securityGovernanceOS.service.ts',
  redisOps: 'none',
  functionName: 'assertTenantIsolation:tenantIsolationLedger.upsert',
  durationMs: 30117,
  cacheStatus: 'none',
  dbQueries: [
    'tenantIsolationLedger.upsert(tenant_isolation:3361079b658d750b8147835f)'
  ],
  isolationKey: 'tenant_isolation:3361079b658d750b8147835f'
}
prisma:error 
Invalid `prisma.dataAccessAuditLedger.upsert()` invocation:


Raw query failed. Code: `unknown`. Message: `Kind: Server selection timeout: No available servers. Topology: { Type: Unknown, Servers: [ { Address: localhost:27017, Type: Unknown, Error: Kind: I/O error: No connection could be made because the target machine actively refused it. (os error 10061), labels: {}, source: None } ] }, labels: {}, source: None`
FEATURE_GATE_AWAIT_TRACE {
  event: 'start',
  fileName: 'backend/src/services/security/securityGovernanceOS.service.ts',
  redisOps: 'none',
  functionName: 'assertAuthorizedAccess:authorizeAccess',
  action: 'analytics:view',
  route: null,
  cacheStatus: 'delegated',
  dbQueries: [ 'see nested FEATURE_GATE_AWAIT_TRACE events' ]
}
FEATURE_GATE_AWAIT_TRACE {
  event: 'start',
  fileName: 'backend/src/services/security/securityGovernanceOS.service.ts',
  redisOps: 'none',
  functionName: 'authorizeAccess:assertTenantIsolation',
  action: 'analytics:view',
  route: null,
  cacheStatus: 'none',
  dbQueries: [ 'tenantIsolationLedger.upsert' ]
}
FEATURE_GATE_AWAIT_TRACE {
  event: 'end',
  fileName: 'backend/src/services/security/securityGovernanceOS.service.ts',
  redisOps: 'none',
  functionName: 'authorizeAccess:assertTenantIsolation',
  durationMs: 1,
  action: 'analytics:view',
  route: null,
  cacheStatus: 'none',
  dbQueries: [ 'tenantIsolationLedger.upsert' ]
}
FEATURE_GATE_AWAIT_TRACE {
  event: 'end',
  fileName: 'backend/src/services/security/securityGovernanceOS.service.ts',
  redisOps: 'none',
  functionName: 'assertAuthorizedAccess:authorizeAccess',
  durationMs: 1,
  action: 'analytics:view',
  route: null,
  cacheStatus: 'delegated',
  dbQueries: [ 'see nested FEATURE_GATE_AWAIT_TRACE events' ]
}
{"level":30,"time":1783350369889,"traceId":null,"correlationId":null,"tenantId":null,"leadId":null,"interactionId":null,"appointmentId":null,"proposalId":null,"contractId":null,"paymentId":null,"queueJobId":null,"workerId":null,"provider":null,"severity":"info","component":"runtime","phase":"operations","version":"phase6a.v1","event":"Executive Platform Wire Complete","startupTimeMs":31,"initializationTimeMs":80,"memoryOverheadBytes":1217264,"msg":"Universal Core Runtime bootstrapped and Executive Plugin registered successfully."}
{"level":30,"time":1783350370812,"traceId":null,"correlationId":null,"tenantId":null,"leadId":null,"interactionId":null,"appointmentId":null,"proposalId":null,"contractId":null,"paymentId":null,"queueJobId":null,"workerId":null,"provider":null,"severity":"info","component":"runtime","phase":"operations","version":"phase6a.v1","port":4199,"msg":"Server listening"}
{"level":30,"time":1783350370815,"traceId":null,"correlationId":null,"tenantId":null,"leadId":null,"interactionId":null,"appointmentId":null,"proposalId":null,"contractId":null,"paymentId":null,"queueJobId":null,"workerId":null,"provider":null,"severity":"info","component":"runtime","phase":"operations","version":"phase6a.v1","event":"internal_health_startup_diagnostics","internalApiKeyLoaded":true,"internalApiKeyLength":21,"nodeEnv":"production","serviceName":"backend","gitCommit":null,"startupTimestamp":"2026-07-06T15:05:39.705Z","msg":"Internal health startup diagnostics"}
{"level":30,"time":1783350370815,"traceId":null,"correlationId":null,"tenantId":null,"leadId":null,"interactionId":null,"appointmentId":null,"proposalId":null,"contractId":null,"paymentId":null,"queueJobId":null,"workerId":null,"provider":null,"severity":"info","component":"runtime","phase":"operations","version":"phase6a.v1","event":"deployment_metadata","applicationStartTime":"2026-07-06T15:05:39.705Z","renderInstanceId":null,"renderServiceName":null,"gitCommit":null,"buildTimestamp":null,"nodeVersion":"v22.20.0","msg":"Deployment metadata"}
{"level":40,"time":1783350370833,"traceId":null,"correlationId":null,"tenantId":null,"leadId":null,"interactionId":null,"appointmentId":null,"proposalId":null,"contractId":null,"paymentId":null,"queueJobId":null,"workerId":null,"provider":null,"severity":"info","component":"runtime","phase":"operations","version":"phase6a.v1","err":{"type":"Error","message":"REDIS_URL must use rediss:// (or redis:// in integration/test mode)","stack":"Error: REDIS_URL must use rediss:// (or redis:// in integration/test mode)\n    at buildRedisOptions (D:\\sylph-ai\\backend\\dist\\config\\redis.js:61:15)\n    at createRedisClient (D:\\sylph-ai\\backend\\dist\\config\\redis.js:128:63)\n    at getWorkerRedisConnection (D:\\sylph-ai\\backend\\dist\\config\\redis.js:477:60)\n    at initAuthEmailWorker (D:\\sylph-ai\\backend\\dist\\workers\\authEmail.worker.js:40:58)\n    at initWorkers (D:\\sylph-ai\\backend\\dist\\runtime\\lifecycle.js:117:52)\n    at scheduleBackgroundStartupTask.priority (D:\\sylph-ai\\backend\\dist\\server.js:355:37)\n    at Timeout._onTimeout (D:\\sylph-ai\\backend\\dist\\server.js:144:18)\n    at listOnTimeout (node:internal/timers:588:17)\n    at process.processTimers (node:internal/timers:523:7)"},"task":"worker_bootstrap_core","msg":"Startup background task failed"}
{"level":40,"time":1783350370834,"traceId":null,"correlationId":null,"tenantId":null,"leadId":null,"interactionId":null,"appointmentId":null,"proposalId":null,"contractId":null,"paymentId":null,"queueJobId":null,"workerId":null,"provider":null,"severity":"info","component":"runtime","phase":"operations","version":"phase6a.v1","err":{"type":"Error","message":"REDIS_URL must use rediss:// (or redis:// in integration/test mode)","stack":"Error: REDIS_URL must use rediss:// (or redis:// in integration/test mode)\n    at buildRedisOptions (D:\\sylph-ai\\backend\\dist\\config\\redis.js:61:15)\n    at createRedisClient (D:\\sylph-ai\\backend\\dist\\config\\redis.js:128:63)\n    at getWorkerRedisConnection (D:\\sylph-ai\\backend\\dist\\config\\redis.js:477:60)\n    at initIntegrationOnboardingProjectionWorker (D:\\sylph-ai\\backend\\dist\\workers\\integrationOnboardingProjection.worker.js:52:58)\n    at initWorkers (D:\\sylph-ai\\backend\\dist\\runtime\\lifecycle.js:138:96)\n    at scheduleBackgroundStartupTask.priority (D:\\sylph-ai\\backend\\dist\\server.js:362:37)\n    at Timeout._onTimeout (D:\\sylph-ai\\backend\\dist\\server.js:144:18)\n    at listOnTimeout (node:internal/timers:588:17)\n    at process.processTimers (node:internal/timers:523:7)"},"task":"worker_bootstrap_integration","msg":"Startup background task failed"}
{"level":40,"time":1783350370863,"traceId":null,"correlationId":null,"tenantId":null,"leadId":null,"interactionId":null,"appointmentId":null,"proposalId":null,"contractId":null,"paymentId":null,"queueJobId":null,"workerId":null,"provider":null,"severity":"info","component":"runtime","phase":"operations","version":"phase6a.v1","err":{"type":"Error","message":"REDIS_URL must use rediss:// (or redis:// in integration/test mode)","stack":"Error: REDIS_URL must use rediss:// (or redis:// in integration/test mode)\n    at buildRedisOptions (D:\\sylph-ai\\backend\\dist\\config\\redis.js:61:15)\n    at createRedisClient (D:\\sylph-ai\\backend\\dist\\config\\redis.js:128:63)\n    at ensureSharedRedisClient (D:\\sylph-ai\\backend\\dist\\config\\redis.js:307:39)\n    at initRedis (D:\\sylph-ai\\backend\\dist\\config\\redis.js:382:13)\n    at D:\\sylph-ai\\backend\\dist\\runtime\\lifecycle.js:71:31\n    at initQueues (D:\\sylph-ai\\backend\\dist\\runtime\\lifecycle.js:91:7)\n    at scheduleBackgroundStartupTask.priority (D:\\sylph-ai\\backend\\dist\\server.js:560:54)\n    at Timeout._onTimeout (D:\\sylph-ai\\backend\\dist\\server.js:144:18)\n    at listOnTimeout (node:internal/timers:588:17)\n    at process.processTimers (node:internal/timers:523:7)"},"task":"runtime_queue_init_recovery","msg":"Startup background task failed"}
prisma:error 
Invalid `prisma.dataAccessAuditLedger.upsert()` invocation:


Raw query failed. Code: `unknown`. Message: `Kind: Transactions are not supported by this deployment, labels: {}, source: None`
FEATURE_GATE_AWAIT_TRACE {
  event: 'start',
  fileName: 'backend/src/services/security/securityGovernanceOS.service.ts',
  redisOps: 'none',
  functionName: 'authorizeAccess:attestInfraIsolation',
  action: 'analytics:view',
  route: null,
  cacheStatus: 'none',
  dbQueries: [ 'isolationAttestationLedger.create' ]
}
FEATURE_GATE_AWAIT_TRACE {
  event: 'start',
  fileName: 'backend/src/services/security/securityGovernanceOS.service.ts',
  redisOps: 'none',
  functionName: 'attestInfraIsolation:isolationAttestationLedger.upsert',
  cacheStatus: 'none',
  dbQueries: [
    'isolationAttestationLedger.upsert(isolation_attest:8e06c66e1394b1ac0b59e2c0)'
  ],
  attestationKey: 'isolation_attest:8e06c66e1394b1ac0b59e2c0'
}
FEATURE_GATE_AWAIT_TRACE {
  event: 'start',
  fileName: 'backend/src/services/security/securityGovernanceOS.service.ts',
  redisOps: 'none',
  functionName: 'authorizeAccess:appendAuthEvent:authorized',
  action: 'analytics:view',
  route: null,
  cacheStatus: 'none',
  dbQueries: [ 'authEventLedger.upsert' ]
}
FEATURE_GATE_AWAIT_TRACE {
  event: 'start',
  fileName: 'backend/src/services/security/securityGovernanceOS.service.ts',
  redisOps: 'none',
  functionName: 'appendAuthEvent:authEventLedger.upsert',
  cacheStatus: 'none',
  dbQueries: [ 'authEventLedger.upsert(auth_evt:bb780658696fac2022a3882085)' ],
  eventKey: 'auth_evt:bb780658696fac2022a3882085',
  action: 'analytics:view',
  outcome: 'ALLOWED'
}
prisma:error 
Invalid `prisma.isolationAttestationLedger.upsert()` invocation:


Raw query failed. Code: `unknown`. Message: `Kind: Transactions are not supported by this deployment, labels: {}, source: None`
FEATURE_GATE_AWAIT_TRACE {
  event: 'end',
  fileName: 'backend/src/services/security/securityGovernanceOS.service.ts',
  redisOps: 'none',
  functionName: 'attestInfraIsolation:isolationAttestationLedger.upsert',
  durationMs: 3,
  cacheStatus: 'none',
  dbQueries: [
    'isolationAttestationLedger.upsert(isolation_attest:8e06c66e1394b1ac0b59e2c0)'
  ],
  attestationKey: 'isolation_attest:8e06c66e1394b1ac0b59e2c0'
}
FEATURE_GATE_AWAIT_TRACE {
  event: 'end',
  fileName: 'backend/src/services/security/securityGovernanceOS.service.ts',
  redisOps: 'none',
  functionName: 'authorizeAccess:attestInfraIsolation',
  durationMs: 3,
  action: 'analytics:view',
  route: null,
  cacheStatus: 'none',
  dbQueries: [ 'isolationAttestationLedger.create' ]
}
prisma:error 
Invalid `prisma.authEventLedger.upsert()` invocation:


Raw query failed. Code: `unknown`. Message: `Kind: Transactions are not supported by this deployment, labels: {}, source: None`
FEATURE_GATE_AWAIT_TRACE {
  event: 'end',
  fileName: 'backend/src/services/security/securityGovernanceOS.service.ts',
  redisOps: 'none',
  functionName: 'appendAuthEvent:authEventLedger.upsert',
  durationMs: 3,
  cacheStatus: 'none',
  dbQueries: [ 'authEventLedger.upsert(auth_evt:bb780658696fac2022a3882085)' ],
  eventKey: 'auth_evt:bb780658696fac2022a3882085',
  action: 'analytics:view',
  outcome: 'ALLOWED'
}
FEATURE_GATE_AWAIT_TRACE {
  event: 'end',
  fileName: 'backend/src/services/security/securityGovernanceOS.service.ts',
  redisOps: 'none',
  functionName: 'authorizeAccess:appendAuthEvent:authorized',
  durationMs: 3,
  action: 'analytics:view',
  route: null,
  cacheStatus: 'none',
  dbQueries: [ 'authEventLedger.upsert' ]
}
startup_event_loop_lag {
  metric: 'startup_event_loop_lag',
  value: 3,
  businessId: null,
  route: 'startup_isolation',
  metadata: null,
  recordedAt: '2026-07-06T15:06:11.034Z'
}
FEATURE_GATE_AWAIT_TRACE {
  event: 'start',
  fileName: 'backend/src/services/security/securityGovernanceOS.service.ts',
  redisOps: 'none',
  functionName: 'assertAuthorizedAccess:authorizeAccess',
  action: 'analytics:view',
  route: null,
  cacheStatus: 'delegated',
  dbQueries: [ 'see nested FEATURE_GATE_AWAIT_TRACE events' ]
}
FEATURE_GATE_AWAIT_TRACE {
  event: 'start',
  fileName: 'backend/src/services/security/securityGovernanceOS.service.ts',
  redisOps: 'none',
  functionName: 'authorizeAccess:assertTenantIsolation',
  action: 'analytics:view',
  route: null,
  cacheStatus: 'none',
  dbQueries: [ 'tenantIsolationLedger.upsert' ]
}
FEATURE_GATE_AWAIT_TRACE {
  event: 'end',
  fileName: 'backend/src/services/security/securityGovernanceOS.service.ts',
  redisOps: 'none',
  functionName: 'authorizeAccess:assertTenantIsolation',
  durationMs: 1,
  action: 'analytics:view',
  route: null,
  cacheStatus: 'none',
  dbQueries: [ 'tenantIsolationLedger.upsert' ]
}
FEATURE_GATE_AWAIT_TRACE {
  event: 'end',
  fileName: 'backend/src/services/security/securityGovernanceOS.service.ts',
  redisOps: 'none',
  functionName: 'assertAuthorizedAccess:authorizeAccess',
  durationMs: 1,
  action: 'analytics:view',
  route: null,
  cacheStatus: 'delegated',
  dbQueries: [ 'see nested FEATURE_GATE_AWAIT_TRACE events' ]
}
FEATURE_GATE_AWAIT_TRACE {
  event: 'start',
  fileName: 'backend/src/services/security/securityGovernanceOS.service.ts',
  redisOps: 'none',
  functionName: 'authorizeAccess:attestInfraIsolation',
  action: 'analytics:view',
  route: null,
  cacheStatus: 'none',
  dbQueries: [ 'isolationAttestationLedger.create' ]
}
FEATURE_GATE_AWAIT_TRACE {
  event: 'start',
  fileName: 'backend/src/services/security/securityGovernanceOS.service.ts',
  redisOps: 'none',
  functionName: 'attestInfraIsolation:isolationAttestationLedger.upsert',
  cacheStatus: 'none',
  dbQueries: [
    'isolationAttestationLedger.upsert(isolation_attest:ed803d6b5b3ba84f1603552b)'
  ],
  attestationKey: 'isolation_attest:ed803d6b5b3ba84f1603552b'
}
FEATURE_GATE_AWAIT_TRACE {
  event: 'start',
  fileName: 'backend/src/services/security/securityGovernanceOS.service.ts',
  redisOps: 'none',
  functionName: 'authorizeAccess:appendAuthEvent:authorized',
  action: 'analytics:view',
  route: null,
  cacheStatus: 'none',
  dbQueries: [ 'authEventLedger.upsert' ]
}
FEATURE_GATE_AWAIT_TRACE {
  event: 'start',
  fileName: 'backend/src/services/security/securityGovernanceOS.service.ts',
  redisOps: 'none',
  functionName: 'appendAuthEvent:authEventLedger.upsert',
  cacheStatus: 'none',
  dbQueries: [ 'authEventLedger.upsert(auth_evt:823abb9e08053602638d7f39af)' ],
  eventKey: 'auth_evt:823abb9e08053602638d7f39af',
  action: 'analytics:view',
  outcome: 'ALLOWED'
}
prisma:error 
Invalid `prisma.dataAccessAuditLedger.upsert()` invocation:


Raw query failed. Code: `unknown`. Message: `Kind: Transactions are not supported by this deployment, labels: {}, source: None`
prisma:error 
Invalid `prisma.isolationAttestationLedger.upsert()` invocation:


Raw query failed. Code: `unknown`. Message: `Kind: Transactions are not supported by this deployment, labels: {}, source: None`
FEATURE_GATE_AWAIT_TRACE {
  event: 'end',
  fileName: 'backend/src/services/security/securityGovernanceOS.service.ts',
  redisOps: 'none',
  functionName: 'attestInfraIsolation:isolationAttestationLedger.upsert',
  durationMs: 3,
  cacheStatus: 'none',
  dbQueries: [
    'isolationAttestationLedger.upsert(isolation_attest:ed803d6b5b3ba84f1603552b)'
  ],
  attestationKey: 'isolation_attest:ed803d6b5b3ba84f1603552b'
}
FEATURE_GATE_AWAIT_TRACE {
  event: 'end',
  fileName: 'backend/src/services/security/securityGovernanceOS.service.ts',
  redisOps: 'none',
  functionName: 'authorizeAccess:attestInfraIsolation',
  durationMs: 3,
  action: 'analytics:view',
  route: null,
  cacheStatus: 'none',
  dbQueries: [ 'isolationAttestationLedger.create' ]
}
prisma:error 
Invalid `prisma.authEventLedger.upsert()` invocation:


Raw query failed. Code: `unknown`. Message: `Kind: Transactions are not supported by this deployment, labels: {}, source: None`
FEATURE_GATE_AWAIT_TRACE {
  event: 'end',
  fileName: 'backend/src/services/security/securityGovernanceOS.service.ts',
  redisOps: 'none',
  functionName: 'appendAuthEvent:authEventLedger.upsert',
  durationMs: 3,
  cacheStatus: 'none',
  dbQueries: [ 'authEventLedger.upsert(auth_evt:823abb9e08053602638d7f39af)' ],
  eventKey: 'auth_evt:823abb9e08053602638d7f39af',
  action: 'analytics:view',
  outcome: 'ALLOWED'
}
FEATURE_GATE_AWAIT_TRACE {
  event: 'end',
  fileName: 'backend/src/services/security/securityGovernanceOS.service.ts',
  redisOps: 'none',
  functionName: 'authorizeAccess:appendAuthEvent:authorized',
  durationMs: 3,
  action: 'analytics:view',
  route: null,
  cacheStatus: 'none',
  dbQueries: [ 'authEventLedger.upsert' ]
}
prisma:error 
Invalid `prisma.isolationAttestationLedger.upsert()` invocation:


Raw query failed. Code: `unknown`. Message: `Kind: Server selection timeout: No available servers. Topology: { Type: Unknown, Servers: [ { Address: localhost:27017, Type: Unknown, Error: Kind: I/O error: No connection could be made because the target machine actively refused it. (os error 10061), labels: {}, source: None } ] }, labels: {}, source: None`
FEATURE_GATE_AWAIT_TRACE {
  event: 'end',
  fileName: 'backend/src/services/security/securityGovernanceOS.service.ts',
  redisOps: 'none',
  functionName: 'attestInfraIsolation:isolationAttestationLedger.upsert',
  durationMs: 30006,
  cacheStatus: 'none',
  dbQueries: [
    'isolationAttestationLedger.upsert(isolation_attest:f80530bbcc5da5585203103c)'
  ],
  attestationKey: 'isolation_attest:f80530bbcc5da5585203103c'
}
FEATURE_GATE_AWAIT_TRACE {
  event: 'end',
  fileName: 'backend/src/services/security/securityGovernanceOS.service.ts',
  redisOps: 'none',
  functionName: 'authorizeAccess:attestInfraIsolation',
  durationMs: 30008,
  action: 'analytics:view',
  route: null,
  cacheStatus: 'none',
  dbQueries: [ 'isolationAttestationLedger.create' ]
}
prisma:error 
Invalid `prisma.dataAccessAuditLedger.upsert()` invocation:


Raw query failed. Code: `unknown`. Message: `Kind: Server selection timeout: No available servers. Topology: { Type: Unknown, Servers: [ { Address: localhost:27017, Type: Unknown, Error: Kind: I/O error: No connection could be made because the target machine actively refused it. (os error 10061), labels: {}, source: None } ] }, labels: {}, source: None`
prisma:error 
Invalid `prisma.authEventLedger.upsert()` invocation:


Raw query failed. Code: `unknown`. Message: `Kind: Server selection timeout: No available servers. Topology: { Type: Unknown, Servers: [ { Address: localhost:27017, Type: Unknown, Error: Kind: I/O error: No connection could be made because the target machine actively refused it. (os error 10061), labels: {}, source: None } ] }, labels: {}, source: None`
FEATURE_GATE_AWAIT_TRACE {
  event: 'end',
  fileName: 'backend/src/services/security/securityGovernanceOS.service.ts',
  redisOps: 'none',
  functionName: 'appendAuthEvent:authEventLedger.upsert',
  durationMs: 30007,
  cacheStatus: 'none',
  dbQueries: [ 'authEventLedger.upsert(auth_evt:bcbf5518f31646dc7798c8374c)' ],
  eventKey: 'auth_evt:bcbf5518f31646dc7798c8374c',
  action: 'analytics:view',
  outcome: 'ALLOWED'
}
FEATURE_GATE_AWAIT_TRACE {
  event: 'end',
  fileName: 'backend/src/services/security/securityGovernanceOS.service.ts',
  redisOps: 'none',
  functionName: 'authorizeAccess:appendAuthEvent:authorized',
  durationMs: 30007,
  action: 'analytics:view',
  route: null,
  cacheStatus: 'none',
  dbQueries: [ 'authEventLedger.upsert' ]
}
startup_event_loop_lag {
  metric: 'startup_event_loop_lag',
  value: 14,
  businessId: null,
  route: 'startup_isolation',
  metadata: null,
  recordedAt: '2026-07-06T15:06:12.103Z'
}
FEATURE_GATE_AWAIT_TRACE {
  event: 'start',
  fileName: 'backend/src/services/security/securityGovernanceOS.service.ts',
  redisOps: 'none',
  functionName: 'assertAuthorizedAccess:authorizeAccess',
  action: 'analytics:view',
  route: null,
  cacheStatus: 'delegated',
  dbQueries: [ 'see nested FEATURE_GATE_AWAIT_TRACE events' ]
}
FEATURE_GATE_AWAIT_TRACE {
  event: 'start',
  fileName: 'backend/src/services/security/securityGovernanceOS.service.ts',
  redisOps: 'none',
  functionName: 'authorizeAccess:assertTenantIsolation',
  action: 'analytics:view',
  route: null,
  cacheStatus: 'none',
  dbQueries: [ 'tenantIsolationLedger.upsert' ]
}
FEATURE_GATE_AWAIT_TRACE {
  event: 'end',
  fileName: 'backend/src/services/security/securityGovernanceOS.service.ts',
  redisOps: 'none',
  functionName: 'authorizeAccess:assertTenantIsolation',
  durationMs: 0,
  action: 'analytics:view',
  route: null,
  cacheStatus: 'none',
  dbQueries: [ 'tenantIsolationLedger.upsert' ]
}
FEATURE_GATE_AWAIT_TRACE {
  event: 'end',
  fileName: 'backend/src/services/security/securityGovernanceOS.service.ts',
  redisOps: 'none',
  functionName: 'assertAuthorizedAccess:authorizeAccess',
  durationMs: 2,
  action: 'analytics:view',
  route: null,
  cacheStatus: 'delegated',
  dbQueries: [ 'see nested FEATURE_GATE_AWAIT_TRACE events' ]
}
FEATURE_GATE_AWAIT_TRACE {
  event: 'start',
  fileName: 'backend/src/services/security/securityGovernanceOS.service.ts',
  redisOps: 'none',
  functionName: 'authorizeAccess:attestInfraIsolation',
  action: 'analytics:view',
  route: null,
  cacheStatus: 'none',
  dbQueries: [ 'isolationAttestationLedger.create' ]
}
FEATURE_GATE_AWAIT_TRACE {
  event: 'start',
  fileName: 'backend/src/services/security/securityGovernanceOS.service.ts',
  redisOps: 'none',
  functionName: 'attestInfraIsolation:isolationAttestationLedger.upsert',
  cacheStatus: 'none',
  dbQueries: [
    'isolationAttestationLedger.upsert(isolation_attest:4186cf6e61f59893793c72ea)'
  ],
  attestationKey: 'isolation_attest:4186cf6e61f59893793c72ea'
}
FEATURE_GATE_AWAIT_TRACE {
  event: 'start',
  fileName: 'backend/src/services/security/securityGovernanceOS.service.ts',
  redisOps: 'none',
  functionName: 'authorizeAccess:appendAuthEvent:authorized',
  action: 'analytics:view',
  route: null,
  cacheStatus: 'none',
  dbQueries: [ 'authEventLedger.upsert' ]
}
FEATURE_GATE_AWAIT_TRACE {
  event: 'start',
  fileName: 'backend/src/services/security/securityGovernanceOS.service.ts',
  redisOps: 'none',
  functionName: 'appendAuthEvent:authEventLedger.upsert',
  cacheStatus: 'none',
  dbQueries: [ 'authEventLedger.upsert(auth_evt:d5c071b0fb2007c258e3c0c983)' ],
  eventKey: 'auth_evt:d5c071b0fb2007c258e3c0c983',
  action: 'analytics:view',
  outcome: 'ALLOWED'
}
prisma:error 
Invalid `prisma.dataAccessAuditLedger.upsert()` invocation:


Raw query failed. Code: `unknown`. Message: `Kind: Transactions are not supported by this deployment, labels: {}, source: None`
prisma:error 
Invalid `prisma.isolationAttestationLedger.upsert()` invocation:


Raw query failed. Code: `unknown`. Message: `Kind: Transactions are not supported by this deployment, labels: {}, source: None`
FEATURE_GATE_AWAIT_TRACE {
  event: 'end',
  fileName: 'backend/src/services/security/securityGovernanceOS.service.ts',
  redisOps: 'none',
  functionName: 'attestInfraIsolation:isolationAttestationLedger.upsert',
  durationMs: 2,
  cacheStatus: 'none',
  dbQueries: [
    'isolationAttestationLedger.upsert(isolation_attest:4186cf6e61f59893793c72ea)'
  ],
  attestationKey: 'isolation_attest:4186cf6e61f59893793c72ea'
}
FEATURE_GATE_AWAIT_TRACE {
  event: 'end',
  fileName: 'backend/src/services/security/securityGovernanceOS.service.ts',
  redisOps: 'none',
  functionName: 'authorizeAccess:attestInfraIsolation',
  durationMs: 3,
  action: 'analytics:view',
  route: null,
  cacheStatus: 'none',
  dbQueries: [ 'isolationAttestationLedger.create' ]
}
prisma:error 
Invalid `prisma.authEventLedger.upsert()` invocation:


Raw query failed. Code: `unknown`. Message: `Kind: Transactions are not supported by this deployment, labels: {}, source: None`
FEATURE_GATE_AWAIT_TRACE {
  event: 'end',
  fileName: 'backend/src/services/security/securityGovernanceOS.service.ts',
  redisOps: 'none',
  functionName: 'appendAuthEvent:authEventLedger.upsert',
  durationMs: 2,
  cacheStatus: 'none',
  dbQueries: [ 'authEventLedger.upsert(auth_evt:d5c071b0fb2007c258e3c0c983)' ],
  eventKey: 'auth_evt:d5c071b0fb2007c258e3c0c983',
  action: 'analytics:view',
  outcome: 'ALLOWED'
}
FEATURE_GATE_AWAIT_TRACE {
  event: 'end',
  fileName: 'backend/src/services/security/securityGovernanceOS.service.ts',
  redisOps: 'none',
  functionName: 'authorizeAccess:appendAuthEvent:authorized',
  durationMs: 2,
  action: 'analytics:view',
  route: null,
  cacheStatus: 'none',
  dbQueries: [ 'authEventLedger.upsert' ]
}
prisma:error 
Invalid `prisma.observabilityEventLedger.findUnique()` invocation:


Raw query failed. Code: `unknown`. Message: `Kind: Server selection timeout: No available servers. Topology: { Type: Unknown, Servers: [ { Address: localhost:27017, Type: Unknown, Error: Kind: I/O error: No connection could be made because the target machine actively refused it. (os error 10061), labels: {}, source: None } ] }, labels: {}, source: None`
prisma:error 
Invalid `prisma.observabilityEventLedger.upsert()` invocation:


Raw query failed. Code: `unknown`. Message: `Kind: Transactions are not supported by this deployment, labels: {}, source: None`
startup_event_loop_lag {
  metric: 'startup_event_loop_lag',
  value: 1,
  businessId: null,
  route: 'startup_isolation',
  metadata: null,
  recordedAt: '2026-07-06T15:06:13.171Z'
}
FEATURE_GATE_AWAIT_TRACE {
  event: 'start',
  fileName: 'backend/src/services/security/securityGovernanceOS.service.ts',
  redisOps: 'none',
  functionName: 'assertAuthorizedAccess:authorizeAccess',
  action: 'analytics:view',
  route: null,
  cacheStatus: 'delegated',
  dbQueries: [ 'see nested FEATURE_GATE_AWAIT_TRACE events' ]
}
FEATURE_GATE_AWAIT_TRACE {
  event: 'start',
  fileName: 'backend/src/services/security/securityGovernanceOS.service.ts',
  redisOps: 'none',
  functionName: 'authorizeAccess:assertTenantIsolation',
  action: 'analytics:view',
  route: null,
  cacheStatus: 'none',
  dbQueries: [ 'tenantIsolationLedger.upsert' ]
}
FEATURE_GATE_AWAIT_TRACE {
  event: 'end',
  fileName: 'backend/src/services/security/securityGovernanceOS.service.ts',
  redisOps: 'none',
  functionName: 'authorizeAccess:assertTenantIsolation',
  durationMs: 0,
  action: 'analytics:view',
  route: null,
  cacheStatus: 'none',
  dbQueries: [ 'tenantIsolationLedger.upsert' ]
}
FEATURE_GATE_AWAIT_TRACE {
  event: 'end',
  fileName: 'backend/src/services/security/securityGovernanceOS.service.ts',
  redisOps: 'none',
  functionName: 'assertAuthorizedAccess:authorizeAccess',
  durationMs: 2,
  action: 'analytics:view',
  route: null,
  cacheStatus: 'delegated',
  dbQueries: [ 'see nested FEATURE_GATE_AWAIT_TRACE events' ]
}
FEATURE_GATE_AWAIT_TRACE {
  event: 'start',
  fileName: 'backend/src/services/security/securityGovernanceOS.service.ts',
  redisOps: 'none',
  functionName: 'authorizeAccess:attestInfraIsolation',
  action: 'analytics:view',
  route: null,
  cacheStatus: 'none',
  dbQueries: [ 'isolationAttestationLedger.create' ]
}
FEATURE_GATE_AWAIT_TRACE {
  event: 'start',
  fileName: 'backend/src/services/security/securityGovernanceOS.service.ts',
  redisOps: 'none',
  functionName: 'attestInfraIsolation:isolationAttestationLedger.upsert',
  cacheStatus: 'none',
  dbQueries: [
    'isolationAttestationLedger.upsert(isolation_attest:515c72bafc2793d90b564feb)'
  ],
  attestationKey: 'isolation_attest:515c72bafc2793d90b564feb'
}
FEATURE_GATE_AWAIT_TRACE {
  event: 'start',
  fileName: 'backend/src/services/security/securityGovernanceOS.service.ts',
  redisOps: 'none',
  functionName: 'authorizeAccess:appendAuthEvent:authorized',
  action: 'analytics:view',
  route: null,
  cacheStatus: 'none',
  dbQueries: [ 'authEventLedger.upsert' ]
}
FEATURE_GATE_AWAIT_TRACE {
  event: 'start',
  fileName: 'backend/src/services/security/securityGovernanceOS.service.ts',
  redisOps: 'none',
  functionName: 'appendAuthEvent:authEventLedger.upsert',
  cacheStatus: 'none',
  dbQueries: [ 'authEventLedger.upsert(auth_evt:7fb6bbbfe3ad632ddca4149493)' ],
  eventKey: 'auth_evt:7fb6bbbfe3ad632ddca4149493',
  action: 'analytics:view',
  outcome: 'ALLOWED'
}
prisma:error 
Invalid `prisma.dataAccessAuditLedger.upsert()` invocation:


Raw query failed. Code: `unknown`. Message: `Kind: Transactions are not supported by this deployment, labels: {}, source: None`
prisma:error 
Invalid `prisma.isolationAttestationLedger.upsert()` invocation:


Raw query failed. Code: `unknown`. Message: `Kind: Transactions are not supported by this deployment, labels: {}, source: None`
FEATURE_GATE_AWAIT_TRACE {
  event: 'end',
  fileName: 'backend/src/services/security/securityGovernanceOS.service.ts',
  redisOps: 'none',
  functionName: 'attestInfraIsolation:isolationAttestationLedger.upsert',
  durationMs: 4,
  cacheStatus: 'none',
  dbQueries: [
    'isolationAttestationLedger.upsert(isolation_attest:515c72bafc2793d90b564feb)'
  ],
  attestationKey: 'isolation_attest:515c72bafc2793d90b564feb'
}
FEATURE_GATE_AWAIT_TRACE {
  event: 'end',
  fileName: 'backend/src/services/security/securityGovernanceOS.service.ts',
  redisOps: 'none',
  functionName: 'authorizeAccess:attestInfraIsolation',
  durationMs: 4,
  action: 'analytics:view',
  route: null,
  cacheStatus: 'none',
  dbQueries: [ 'isolationAttestationLedger.create' ]
}
prisma:error 
Invalid `prisma.authEventLedger.upsert()` invocation:


Raw query failed. Code: `unknown`. Message: `Kind: Transactions are not supported by this deployment, labels: {}, source: None`
FEATURE_GATE_AWAIT_TRACE {
  event: 'end',
  fileName: 'backend/src/services/security/securityGovernanceOS.service.ts',
  redisOps: 'none',
  functionName: 'appendAuthEvent:authEventLedger.upsert',
  durationMs: 4,
  cacheStatus: 'none',
  dbQueries: [ 'authEventLedger.upsert(auth_evt:7fb6bbbfe3ad632ddca4149493)' ],
  eventKey: 'auth_evt:7fb6bbbfe3ad632ddca4149493',
  action: 'analytics:view',
  outcome: 'ALLOWED'
}
FEATURE_GATE_AWAIT_TRACE {
  event: 'end',
  fileName: 'backend/src/services/security/securityGovernanceOS.service.ts',
  redisOps: 'none',
  functionName: 'authorizeAccess:appendAuthEvent:authorized',
  durationMs: 4,
  action: 'analytics:view',
  route: null,
  cacheStatus: 'none',
  dbQueries: [ 'authEventLedger.upsert' ]
}
prisma:error 
Invalid `prisma.observabilityEventLedger.findUnique()` invocation:


Raw query failed. Code: `unknown`. Message: `Kind: Server selection timeout: No available servers. Topology: { Type: Unknown, Servers: [ { Address: localhost:27017, Type: Unknown, Error: Kind: I/O error: No connection could be made because the target machine actively refused it. (os error 10061), labels: {}, source: None } ] }, labels: {}, source: None`
prisma:error 
Invalid `prisma.observabilityEventLedger.upsert()` invocation:


Raw query failed. Code: `unknown`. Message: `Kind: Transactions are not supported by this deployment, labels: {}, source: None`
startup_event_loop_lag {
  metric: 'startup_event_loop_lag',
  value: 13,
  businessId: null,
  route: 'startup_isolation',
  metadata: null,
  recordedAt: '2026-07-06T15:06:14.270Z'
}
FEATURE_GATE_AWAIT_TRACE {
  event: 'start',
  fileName: 'backend/src/services/security/securityGovernanceOS.service.ts',
  redisOps: 'none',
  functionName: 'assertAuthorizedAccess:authorizeAccess',
  action: 'analytics:view',
  route: null,
  cacheStatus: 'delegated',
  dbQueries: [ 'see nested FEATURE_GATE_AWAIT_TRACE events' ]
}
FEATURE_GATE_AWAIT_TRACE {
  event: 'start',
  fileName: 'backend/src/services/security/securityGovernanceOS.service.ts',
  redisOps: 'none',
  functionName: 'authorizeAccess:assertTenantIsolation',
  action: 'analytics:view',
  route: null,
  cacheStatus: 'none',
  dbQueries: [ 'tenantIsolationLedger.upsert' ]
}
FEATURE_GATE_AWAIT_TRACE {
  event: 'end',
  fileName: 'backend/src/services/security/securityGovernanceOS.service.ts',
  redisOps: 'none',
  functionName: 'authorizeAccess:assertTenantIsolation',
  durationMs: 1,
  action: 'analytics:view',
  route: null,
  cacheStatus: 'none',
  dbQueries: [ 'tenantIsolationLedger.upsert' ]
}
FEATURE_GATE_AWAIT_TRACE {
  event: 'end',
  fileName: 'backend/src/services/security/securityGovernanceOS.service.ts',
  redisOps: 'none',
  functionName: 'assertAuthorizedAccess:authorizeAccess',
  durationMs: 3,
  action: 'analytics:view',
  route: null,
  cacheStatus: 'delegated',
  dbQueries: [ 'see nested FEATURE_GATE_AWAIT_TRACE events' ]
}
FEATURE_GATE_AWAIT_TRACE {
  event: 'start',
  fileName: 'backend/src/services/security/securityGovernanceOS.service.ts',
  redisOps: 'none',
  functionName: 'authorizeAccess:attestInfraIsolation',
  action: 'analytics:view',
  route: null,
  cacheStatus: 'none',
  dbQueries: [ 'isolationAttestationLedger.create' ]
}
FEATURE_GATE_AWAIT_TRACE {
  event: 'start',
  fileName: 'backend/src/services/security/securityGovernanceOS.service.ts',
  redisOps: 'none',
  functionName: 'attestInfraIsolation:isolationAttestationLedger.upsert',
  cacheStatus: 'none',
  dbQueries: [
    'isolationAttestationLedger.upsert(isolation_attest:e7abf05f7c3494b23f09ab8a)'
  ],
  attestationKey: 'isolation_attest:e7abf05f7c3494b23f09ab8a'
}
FEATURE_GATE_AWAIT_TRACE {
  event: 'start',
  fileName: 'backend/src/services/security/securityGovernanceOS.service.ts',
  redisOps: 'none',
  functionName: 'authorizeAccess:appendAuthEvent:authorized',
  action: 'analytics:view',
  route: null,
  cacheStatus: 'none',
  dbQueries: [ 'authEventLedger.upsert' ]
}
FEATURE_GATE_AWAIT_TRACE {
  event: 'start',
  fileName: 'backend/src/services/security/securityGovernanceOS.service.ts',
  redisOps: 'none',
  functionName: 'appendAuthEvent:authEventLedger.upsert',
  cacheStatus: 'none',
  dbQueries: [ 'authEventLedger.upsert(auth_evt:3e9c4f339c23be0598fffaf21c)' ],
  eventKey: 'auth_evt:3e9c4f339c23be0598fffaf21c',
  action: 'analytics:view',
  outcome: 'ALLOWED'
}
prisma:error 
Invalid `prisma.dataAccessAuditLedger.upsert()` invocation:


Raw query failed. Code: `unknown`. Message: `Kind: Transactions are not supported by this deployment, labels: {}, source: None`
prisma:error 
Invalid `prisma.isolationAttestationLedger.upsert()` invocation:


Raw query failed. Code: `unknown`. Message: `Kind: Transactions are not supported by this deployment, labels: {}, source: None`
FEATURE_GATE_AWAIT_TRACE {
  event: 'end',
  fileName: 'backend/src/services/security/securityGovernanceOS.service.ts',
  redisOps: 'none',
  functionName: 'attestInfraIsolation:isolationAttestationLedger.upsert',
  durationMs: 2,
  cacheStatus: 'none',
  dbQueries: [
    'isolationAttestationLedger.upsert(isolation_attest:e7abf05f7c3494b23f09ab8a)'
  ],
  attestationKey: 'isolation_attest:e7abf05f7c3494b23f09ab8a'
}
FEATURE_GATE_AWAIT_TRACE {
  event: 'end',
  fileName: 'backend/src/services/security/securityGovernanceOS.service.ts',
  redisOps: 'none',
  functionName: 'authorizeAccess:attestInfraIsolation',
  durationMs: 3,
  action: 'analytics:view',
  route: null,
  cacheStatus: 'none',
  dbQueries: [ 'isolationAttestationLedger.create' ]
}
prisma:error 
Invalid `prisma.authEventLedger.upsert()` invocation:


Raw query failed. Code: `unknown`. Message: `Kind: Transactions are not supported by this deployment, labels: {}, source: None`
FEATURE_GATE_AWAIT_TRACE {
  event: 'end',
  fileName: 'backend/src/services/security/securityGovernanceOS.service.ts',
  redisOps: 'none',
  functionName: 'appendAuthEvent:authEventLedger.upsert',
  durationMs: 2,
  cacheStatus: 'none',
  dbQueries: [ 'authEventLedger.upsert(auth_evt:3e9c4f339c23be0598fffaf21c)' ],
  eventKey: 'auth_evt:3e9c4f339c23be0598fffaf21c',
  action: 'analytics:view',
  outcome: 'ALLOWED'
}
FEATURE_GATE_AWAIT_TRACE {
  event: 'end',
  fileName: 'backend/src/services/security/securityGovernanceOS.service.ts',
  redisOps: 'none',
  functionName: 'authorizeAccess:appendAuthEvent:authorized',
  durationMs: 3,
  action: 'analytics:view',
  route: null,
  cacheStatus: 'none',
  dbQueries: [ 'authEventLedger.upsert' ]
}
prisma:error 
Invalid `prisma.observabilityEventLedger.findUnique()` invocation:


Raw query failed. Code: `unknown`. Message: `Kind: Server selection timeout: No available servers. Topology: { Type: Unknown, Servers: [ { Address: localhost:27017, Type: Unknown, Error: Kind: I/O error: No connection could be made because the target machine actively refused it. (os error 10061), labels: {}, source: None } ] }, labels: {}, source: None`
prisma:error 
Invalid `prisma.observabilityEventLedger.upsert()` invocation:


Raw query failed. Code: `unknown`. Message: `Kind: Transactions are not supported by this deployment, labels: {}, source: None`
startup_event_loop_lag {
  metric: 'startup_event_loop_lag',
  value: 12,
  businessId: null,
  route: 'startup_isolation',
  metadata: null,
  recordedAt: '2026-07-06T15:06:15.383Z'
}
FEATURE_GATE_AWAIT_TRACE {
  event: 'start',
  fileName: 'backend/src/services/security/securityGovernanceOS.service.ts',
  redisOps: 'none',
  functionName: 'assertAuthorizedAccess:authorizeAccess',
  action: 'analytics:view',
  route: null,
  cacheStatus: 'delegated',
  dbQueries: [ 'see nested FEATURE_GATE_AWAIT_TRACE events' ]
}
FEATURE_GATE_AWAIT_TRACE {
  event: 'start',
  fileName: 'backend/src/services/security/securityGovernanceOS.service.ts',
  redisOps: 'none',
  functionName: 'authorizeAccess:assertTenantIsolation',
  action: 'analytics:view',
  route: null,
  cacheStatus: 'none',
  dbQueries: [ 'tenantIsolationLedger.upsert' ]
}
FEATURE_GATE_AWAIT_TRACE {
  event: 'end',
  fileName: 'backend/src/services/security/securityGovernanceOS.service.ts',
  redisOps: 'none',
  functionName: 'authorizeAccess:assertTenantIsolation',
  durationMs: 0,
  action: 'analytics:view',
  route: null,
  cacheStatus: 'none',
  dbQueries: [ 'tenantIsolationLedger.upsert' ]
}
FEATURE_GATE_AWAIT_TRACE {
  event: 'end',
  fileName: 'backend/src/services/security/securityGovernanceOS.service.ts',
  redisOps: 'none',
  functionName: 'assertAuthorizedAccess:authorizeAccess',
  durationMs: 2,
  action: 'analytics:view',
  route: null,
  cacheStatus: 'delegated',
  dbQueries: [ 'see nested FEATURE_GATE_AWAIT_TRACE events' ]
}
FEATURE_GATE_AWAIT_TRACE {
  event: 'start',
  fileName: 'backend/src/services/security/securityGovernanceOS.service.ts',
  redisOps: 'none',
  functionName: 'authorizeAccess:attestInfraIsolation',
  action: 'analytics:view',
  route: null,
  cacheStatus: 'none',
  dbQueries: [ 'isolationAttestationLedger.create' ]
}
FEATURE_GATE_AWAIT_TRACE {
  event: 'start',
  fileName: 'backend/src/services/security/securityGovernanceOS.service.ts',
  redisOps: 'none',
  functionName: 'attestInfraIsolation:isolationAttestationLedger.upsert',
  cacheStatus: 'none',
  dbQueries: [
    'isolationAttestationLedger.upsert(isolation_attest:2d60355ed0fe1e9026b4bfe8)'
  ],
  attestationKey: 'isolation_attest:2d60355ed0fe1e9026b4bfe8'
}
FEATURE_GATE_AWAIT_TRACE {
  event: 'start',
  fileName: 'backend/src/services/security/securityGovernanceOS.service.ts',
  redisOps: 'none',
  functionName: 'authorizeAccess:appendAuthEvent:authorized',
  action: 'analytics:view',
  route: null,
  cacheStatus: 'none',
  dbQueries: [ 'authEventLedger.upsert' ]
}
FEATURE_GATE_AWAIT_TRACE {
  event: 'start',
  fileName: 'backend/src/services/security/securityGovernanceOS.service.ts',
  redisOps: 'none',
  functionName: 'appendAuthEvent:authEventLedger.upsert',
  cacheStatus: 'none',
  dbQueries: [ 'authEventLedger.upsert(auth_evt:a5266a23f2ece53a845c7b1910)' ],
  eventKey: 'auth_evt:a5266a23f2ece53a845c7b1910',
  action: 'analytics:view',
  outcome: 'ALLOWED'
}
prisma:error 
Invalid `prisma.dataAccessAuditLedger.upsert()` invocation:


Raw query failed. Code: `unknown`. Message: `Kind: Transactions are not supported by this deployment, labels: {}, source: None`
prisma:error 
Invalid `prisma.isolationAttestationLedger.upsert()` invocation:


Raw query failed. Code: `unknown`. Message: `Kind: Transactions are not supported by this deployment, labels: {}, source: None`
FEATURE_GATE_AWAIT_TRACE {
  event: 'end',
  fileName: 'backend/src/services/security/securityGovernanceOS.service.ts',
  redisOps: 'none',
  functionName: 'attestInfraIsolation:isolationAttestationLedger.upsert',
  durationMs: 4,
  cacheStatus: 'none',
  dbQueries: [
    'isolationAttestationLedger.upsert(isolation_attest:2d60355ed0fe1e9026b4bfe8)'
  ],
  attestationKey: 'isolation_attest:2d60355ed0fe1e9026b4bfe8'
}
FEATURE_GATE_AWAIT_TRACE {
  event: 'end',
  fileName: 'backend/src/services/security/securityGovernanceOS.service.ts',
  redisOps: 'none',
  functionName: 'authorizeAccess:attestInfraIsolation',
  durationMs: 4,
  action: 'analytics:view',
  route: null,
  cacheStatus: 'none',
  dbQueries: [ 'isolationAttestationLedger.create' ]
}
prisma:error 
Invalid `prisma.authEventLedger.upsert()` invocation:


Raw query failed. Code: `unknown`. Message: `Kind: Transactions are not supported by this deployment, labels: {}, source: None`
FEATURE_GATE_AWAIT_TRACE {
  event: 'end',
  fileName: 'backend/src/services/security/securityGovernanceOS.service.ts',
  redisOps: 'none',
  functionName: 'appendAuthEvent:authEventLedger.upsert',
  durationMs: 3,
  cacheStatus: 'none',
  dbQueries: [ 'authEventLedger.upsert(auth_evt:a5266a23f2ece53a845c7b1910)' ],
  eventKey: 'auth_evt:a5266a23f2ece53a845c7b1910',
  action: 'analytics:view',
  outcome: 'ALLOWED'
}
FEATURE_GATE_AWAIT_TRACE {
  event: 'end',
  fileName: 'backend/src/services/security/securityGovernanceOS.service.ts',
  redisOps: 'none',
  functionName: 'authorizeAccess:appendAuthEvent:authorized',
  durationMs: 4,
  action: 'analytics:view',
  route: null,
  cacheStatus: 'none',
  dbQueries: [ 'authEventLedger.upsert' ]
}
prisma:error 
Invalid `prisma.observabilityEventLedger.findUnique()` invocation:


Raw query failed. Code: `unknown`. Message: `Kind: Server selection timeout: No available servers. Topology: { Type: Unknown, Servers: [ { Address: localhost:27017, Type: Unknown, Error: Kind: I/O error: No connection could be made because the target machine actively refused it. (os error 10061), labels: {}, source: None } ] }, labels: {}, source: None`
prisma:error 
Invalid `prisma.observabilityEventLedger.upsert()` invocation:


Raw query failed. Code: `unknown`. Message: `Kind: Transactions are not supported by this deployment, labels: {}, source: None`
startup_event_loop_lag {
  metric: 'startup_event_loop_lag',
  value: 12,
  businessId: null,
  route: 'startup_isolation',
  metadata: null,
  recordedAt: '2026-07-06T15:06:16.485Z'
}
FEATURE_GATE_AWAIT_TRACE {
  event: 'start',
  fileName: 'backend/src/services/security/securityGovernanceOS.service.ts',
  redisOps: 'none',
  functionName: 'assertAuthorizedAccess:authorizeAccess',
  action: 'analytics:view',
  route: null,
  cacheStatus: 'delegated',
  dbQueries: [ 'see nested FEATURE_GATE_AWAIT_TRACE events' ]
}
FEATURE_GATE_AWAIT_TRACE {
  event: 'start',
  fileName: 'backend/src/services/security/securityGovernanceOS.service.ts',
  redisOps: 'none',
  functionName: 'authorizeAccess:assertTenantIsolation',
  action: 'analytics:view',
  route: null,
  cacheStatus: 'none',
  dbQueries: [ 'tenantIsolationLedger.upsert' ]
}
FEATURE_GATE_AWAIT_TRACE {
  event: 'end',
  fileName: 'backend/src/services/security/securityGovernanceOS.service.ts',
  redisOps: 'none',
  functionName: 'authorizeAccess:assertTenantIsolation',
  durationMs: 0,
  action: 'analytics:view',
  route: null,
  cacheStatus: 'none',
  dbQueries: [ 'tenantIsolationLedger.upsert' ]
}
FEATURE_GATE_AWAIT_TRACE {
  event: 'end',
  fileName: 'backend/src/services/security/securityGovernanceOS.service.ts',
  redisOps: 'none',
  functionName: 'assertAuthorizedAccess:authorizeAccess',
  durationMs: 2,
  action: 'analytics:view',
  route: null,
  cacheStatus: 'delegated',
  dbQueries: [ 'see nested FEATURE_GATE_AWAIT_TRACE events' ]
}
FEATURE_GATE_AWAIT_TRACE {
  event: 'start',
  fileName: 'backend/src/services/security/securityGovernanceOS.service.ts',
  redisOps: 'none',
  functionName: 'authorizeAccess:attestInfraIsolation',
  action: 'analytics:view',
  route: null,
  cacheStatus: 'none',
  dbQueries: [ 'isolationAttestationLedger.create' ]
}
FEATURE_GATE_AWAIT_TRACE {
  event: 'start',
  fileName: 'backend/src/services/security/securityGovernanceOS.service.ts',
  redisOps: 'none',
  functionName: 'attestInfraIsolation:isolationAttestationLedger.upsert',
  cacheStatus: 'none',
  dbQueries: [
    'isolationAttestationLedger.upsert(isolation_attest:a78f61c201afc99b4e4df8d1)'
  ],
  attestationKey: 'isolation_attest:a78f61c201afc99b4e4df8d1'
}
FEATURE_GATE_AWAIT_TRACE {
  event: 'start',
  fileName: 'backend/src/services/security/securityGovernanceOS.service.ts',
  redisOps: 'none',
  functionName: 'authorizeAccess:appendAuthEvent:authorized',
  action: 'analytics:view',
  route: null,
  cacheStatus: 'none',
  dbQueries: [ 'authEventLedger.upsert' ]
}
FEATURE_GATE_AWAIT_TRACE {
  event: 'start',
  fileName: 'backend/src/services/security/securityGovernanceOS.service.ts',
  redisOps: 'none',
  functionName: 'appendAuthEvent:authEventLedger.upsert',
  cacheStatus: 'none',
  dbQueries: [ 'authEventLedger.upsert(auth_evt:d5b47b25080267cae9b04acbd4)' ],
  eventKey: 'auth_evt:d5b47b25080267cae9b04acbd4',
  action: 'analytics:view',
  outcome: 'ALLOWED'
}
prisma:error 
Invalid `prisma.dataAccessAuditLedger.upsert()` invocation:


Raw query failed. Code: `unknown`. Message: `Kind: Transactions are not supported by this deployment, labels: {}, source: None`
prisma:error 
Invalid `prisma.isolationAttestationLedger.upsert()` invocation:


Raw query failed. Code: `unknown`. Message: `Kind: Transactions are not supported by this deployment, labels: {}, source: None`
FEATURE_GATE_AWAIT_TRACE {
  event: 'end',
  fileName: 'backend/src/services/security/securityGovernanceOS.service.ts',
  redisOps: 'none',
  functionName: 'attestInfraIsolation:isolationAttestationLedger.upsert',
  durationMs: 3,
  cacheStatus: 'none',
  dbQueries: [
    'isolationAttestationLedger.upsert(isolation_attest:a78f61c201afc99b4e4df8d1)'
  ],
  attestationKey: 'isolation_attest:a78f61c201afc99b4e4df8d1'
}
FEATURE_GATE_AWAIT_TRACE {
  event: 'end',
  fileName: 'backend/src/services/security/securityGovernanceOS.service.ts',
  redisOps: 'none',
  functionName: 'authorizeAccess:attestInfraIsolation',
  durationMs: 5,
  action: 'analytics:view',
  route: null,
  cacheStatus: 'none',
  dbQueries: [ 'isolationAttestationLedger.create' ]
}
prisma:error 
Invalid `prisma.authEventLedger.upsert()` invocation:


Raw query failed. Code: `unknown`. Message: `Kind: Transactions are not supported by this deployment, labels: {}, source: None`
FEATURE_GATE_AWAIT_TRACE {
  event: 'end',
  fileName: 'backend/src/services/security/securityGovernanceOS.service.ts',
  redisOps: 'none',
  functionName: 'appendAuthEvent:authEventLedger.upsert',
  durationMs: 3,
  cacheStatus: 'none',
  dbQueries: [ 'authEventLedger.upsert(auth_evt:d5b47b25080267cae9b04acbd4)' ],
  eventKey: 'auth_evt:d5b47b25080267cae9b04acbd4',
  action: 'analytics:view',
  outcome: 'ALLOWED'
}
FEATURE_GATE_AWAIT_TRACE {
  event: 'end',
  fileName: 'backend/src/services/security/securityGovernanceOS.service.ts',
  redisOps: 'none',
  functionName: 'authorizeAccess:appendAuthEvent:authorized',
  durationMs: 4,
  action: 'analytics:view',
  route: null,
  cacheStatus: 'none',
  dbQueries: [ 'authEventLedger.upsert' ]
}
prisma:error 
Invalid `prisma.observabilityEventLedger.findUnique()` invocation:


Raw query failed. Code: `unknown`. Message: `Kind: Server selection timeout: No available servers. Topology: { Type: Unknown, Servers: [ { Address: localhost:27017, Type: Unknown, Error: Kind: I/O error: No connection could be made because the target machine actively refused it. (os error 10061), labels: {}, source: None } ] }, labels: {}, source: None`
prisma:error 
Invalid `prisma.observabilityEventLedger.upsert()` invocation:


Raw query failed. Code: `unknown`. Message: `Kind: Transactions are not supported by this deployment, labels: {}, source: None`
startup_event_loop_lag {
  metric: 'startup_event_loop_lag',
  value: 9,
  businessId: null,
  route: 'startup_isolation',
  metadata: null,
  recordedAt: '2026-07-06T15:06:17.576Z'
}
FEATURE_GATE_AWAIT_TRACE {
  event: 'start',
  fileName: 'backend/src/services/security/securityGovernanceOS.service.ts',
  redisOps: 'none',
  functionName: 'assertAuthorizedAccess:authorizeAccess',
  action: 'analytics:view',
  route: null,
  cacheStatus: 'delegated',
  dbQueries: [ 'see nested FEATURE_GATE_AWAIT_TRACE events' ]
}
FEATURE_GATE_AWAIT_TRACE {
  event: 'start',
  fileName: 'backend/src/services/security/securityGovernanceOS.service.ts',
  redisOps: 'none',
  functionName: 'authorizeAccess:assertTenantIsolation',
  action: 'analytics:view',
  route: null,
  cacheStatus: 'none',
  dbQueries: [ 'tenantIsolationLedger.upsert' ]
}
FEATURE_GATE_AWAIT_TRACE {
  event: 'end',
  fileName: 'backend/src/services/security/securityGovernanceOS.service.ts',
  redisOps: 'none',
  functionName: 'authorizeAccess:assertTenantIsolation',
  durationMs: 1,
  action: 'analytics:view',
  route: null,
  cacheStatus: 'none',
  dbQueries: [ 'tenantIsolationLedger.upsert' ]
}
FEATURE_GATE_AWAIT_TRACE {
  event: 'end',
  fileName: 'backend/src/services/security/securityGovernanceOS.service.ts',
  redisOps: 'none',
  functionName: 'assertAuthorizedAccess:authorizeAccess',
  durationMs: 1,
  action: 'analytics:view',
  route: null,
  cacheStatus: 'delegated',
  dbQueries: [ 'see nested FEATURE_GATE_AWAIT_TRACE events' ]
}
FEATURE_GATE_AWAIT_TRACE {
  event: 'start',
  fileName: 'backend/src/services/security/securityGovernanceOS.service.ts',
  redisOps: 'none',
  functionName: 'authorizeAccess:attestInfraIsolation',
  action: 'analytics:view',
  route: null,
  cacheStatus: 'none',
  dbQueries: [ 'isolationAttestationLedger.create' ]
}
FEATURE_GATE_AWAIT_TRACE {
  event: 'start',
  fileName: 'backend/src/services/security/securityGovernanceOS.service.ts',
  redisOps: 'none',
  functionName: 'attestInfraIsolation:isolationAttestationLedger.upsert',
  cacheStatus: 'none',
  dbQueries: [
    'isolationAttestationLedger.upsert(isolation_attest:dda54b4b5560eca9baaa0f93)'
  ],
  attestationKey: 'isolation_attest:dda54b4b5560eca9baaa0f93'
}
FEATURE_GATE_AWAIT_TRACE {
  event: 'start',
  fileName: 'backend/src/services/security/securityGovernanceOS.service.ts',
  redisOps: 'none',
  functionName: 'authorizeAccess:appendAuthEvent:authorized',
  action: 'analytics:view',
  route: null,
  cacheStatus: 'none',
  dbQueries: [ 'authEventLedger.upsert' ]
}
FEATURE_GATE_AWAIT_TRACE {
  event: 'start',
  fileName: 'backend/src/services/security/securityGovernanceOS.service.ts',
  redisOps: 'none',
  functionName: 'appendAuthEvent:authEventLedger.upsert',
  cacheStatus: 'none',
  dbQueries: [ 'authEventLedger.upsert(auth_evt:66e932b016b0c3bdb6ac5535e2)' ],
  eventKey: 'auth_evt:66e932b016b0c3bdb6ac5535e2',
  action: 'analytics:view',
  outcome: 'ALLOWED'
}
prisma:error 
Invalid `prisma.dataAccessAuditLedger.upsert()` invocation:


Raw query failed. Code: `unknown`. Message: `Kind: Transactions are not supported by this deployment, labels: {}, source: None`
prisma:error 
Invalid `prisma.isolationAttestationLedger.upsert()` invocation:


Raw query failed. Code: `unknown`. Message: `Kind: Transactions are not supported by this deployment, labels: {}, source: None`
FEATURE_GATE_AWAIT_TRACE {
  event: 'end',
  fileName: 'backend/src/services/security/securityGovernanceOS.service.ts',
  redisOps: 'none',
  functionName: 'attestInfraIsolation:isolationAttestationLedger.upsert',
  durationMs: 2,
  cacheStatus: 'none',
  dbQueries: [
    'isolationAttestationLedger.upsert(isolation_attest:dda54b4b5560eca9baaa0f93)'
  ],
  attestationKey: 'isolation_attest:dda54b4b5560eca9baaa0f93'
}
FEATURE_GATE_AWAIT_TRACE {
  event: 'end',
  fileName: 'backend/src/services/security/securityGovernanceOS.service.ts',
  redisOps: 'none',
  functionName: 'authorizeAccess:attestInfraIsolation',
  durationMs: 3,
  action: 'analytics:view',
  route: null,
  cacheStatus: 'none',
  dbQueries: [ 'isolationAttestationLedger.create' ]
}
prisma:error 
Invalid `prisma.authEventLedger.upsert()` invocation:


Raw query failed. Code: `unknown`. Message: `Kind: Transactions are not supported by this deployment, labels: {}, source: None`
FEATURE_GATE_AWAIT_TRACE {
  event: 'end',
  fileName: 'backend/src/services/security/securityGovernanceOS.service.ts',
  redisOps: 'none',
  functionName: 'appendAuthEvent:authEventLedger.upsert',
  durationMs: 2,
  cacheStatus: 'none',
  dbQueries: [ 'authEventLedger.upsert(auth_evt:66e932b016b0c3bdb6ac5535e2)' ],
  eventKey: 'auth_evt:66e932b016b0c3bdb6ac5535e2',
  action: 'analytics:view',
  outcome: 'ALLOWED'
}
FEATURE_GATE_AWAIT_TRACE {
  event: 'end',
  fileName: 'backend/src/services/security/securityGovernanceOS.service.ts',
  redisOps: 'none',
  functionName: 'authorizeAccess:appendAuthEvent:authorized',
  durationMs: 2,
  action: 'analytics:view',
  route: null,
  cacheStatus: 'none',
  dbQueries: [ 'authEventLedger.upsert' ]
}
prisma:error 
Invalid `prisma.observabilityEventLedger.findUnique()` invocation:


Raw query failed. Code: `unknown`. Message: `Kind: Server selection timeout: No available servers. Topology: { Type: Unknown, Servers: [ { Address: localhost:27017, Type: Unknown, Error: Kind: I/O error: No connection could be made because the target machine actively refused it. (os error 10061), labels: {}, source: None } ] }, labels: {}, source: None`
prisma:error 
Invalid `prisma.observabilityEventLedger.upsert()` invocation:


Raw query failed. Code: `unknown`. Message: `Kind: Transactions are not supported by this deployment, labels: {}, source: None`
startup_event_loop_lag {
  metric: 'startup_event_loop_lag',
  value: 13,
  businessId: null,
  route: 'startup_isolation',
  metadata: null,
  recordedAt: '2026-07-06T15:06:18.675Z'
}
FEATURE_GATE_AWAIT_TRACE {
  event: 'start',
  fileName: 'backend/src/services/security/securityGovernanceOS.service.ts',
  redisOps: 'none',
  functionName: 'assertAuthorizedAccess:authorizeAccess',
  action: 'analytics:view',
  route: null,
  cacheStatus: 'delegated',
  dbQueries: [ 'see nested FEATURE_GATE_AWAIT_TRACE events' ]
}
FEATURE_GATE_AWAIT_TRACE {
  event: 'start',
  fileName: 'backend/src/services/security/securityGovernanceOS.service.ts',
  redisOps: 'none',
  functionName: 'authorizeAccess:assertTenantIsolation',
  action: 'analytics:view',
  route: null,
  cacheStatus: 'none',
  dbQueries: [ 'tenantIsolationLedger.upsert' ]
}
FEATURE_GATE_AWAIT_TRACE {
  event: 'end',
  fileName: 'backend/src/services/security/securityGovernanceOS.service.ts',
  redisOps: 'none',
  functionName: 'authorizeAccess:assertTenantIsolation',
  durationMs: 0,
  action: 'analytics:view',
  route: null,
  cacheStatus: 'none',
  dbQueries: [ 'tenantIsolationLedger.upsert' ]
}
FEATURE_GATE_AWAIT_TRACE {
  event: 'end',
  fileName: 'backend/src/services/security/securityGovernanceOS.service.ts',
  redisOps: 'none',
  functionName: 'assertAuthorizedAccess:authorizeAccess',
  durationMs: 2,
  action: 'analytics:view',
  route: null,
  cacheStatus: 'delegated',
  dbQueries: [ 'see nested FEATURE_GATE_AWAIT_TRACE events' ]
}
FEATURE_GATE_AWAIT_TRACE {
  event: 'start',
  fileName: 'backend/src/services/security/securityGovernanceOS.service.ts',
  redisOps: 'none',
  functionName: 'authorizeAccess:attestInfraIsolation',
  action: 'analytics:view',
  route: null,
  cacheStatus: 'none',
  dbQueries: [ 'isolationAttestationLedger.create' ]
}
FEATURE_GATE_AWAIT_TRACE {
  event: 'start',
  fileName: 'backend/src/services/security/securityGovernanceOS.service.ts',
  redisOps: 'none',
  functionName: 'attestInfraIsolation:isolationAttestationLedger.upsert',
  cacheStatus: 'none',
  dbQueries: [
    'isolationAttestationLedger.upsert(isolation_attest:f03bed35e33e14d8c8cf9ed0)'
  ],
  attestationKey: 'isolation_attest:f03bed35e33e14d8c8cf9ed0'
}
FEATURE_GATE_AWAIT_TRACE {
  event: 'start',
  fileName: 'backend/src/services/security/securityGovernanceOS.service.ts',
  redisOps: 'none',
  functionName: 'authorizeAccess:appendAuthEvent:authorized',
  action: 'analytics:view',
  route: null,
  cacheStatus: 'none',
  dbQueries: [ 'authEventLedger.upsert' ]
}
FEATURE_GATE_AWAIT_TRACE {
  event: 'start',
  fileName: 'backend/src/services/security/securityGovernanceOS.service.ts',
  redisOps: 'none',
  functionName: 'appendAuthEvent:authEventLedger.upsert',
  cacheStatus: 'none',
  dbQueries: [ 'authEventLedger.upsert(auth_evt:caaba6b642b6361d26bae29c97)' ],
  eventKey: 'auth_evt:caaba6b642b6361d26bae29c97',
  action: 'analytics:view',
  outcome: 'ALLOWED'
}
prisma:error 
Invalid `prisma.dataAccessAuditLedger.upsert()` invocation:


Raw query failed. Code: `unknown`. Message: `Kind: Transactions are not supported by this deployment, labels: {}, source: None`
prisma:error 
Invalid `prisma.isolationAttestationLedger.upsert()` invocation:


Raw query failed. Code: `unknown`. Message: `Kind: Transactions are not supported by this deployment, labels: {}, source: None`
FEATURE_GATE_AWAIT_TRACE {
  event: 'end',
  fileName: 'backend/src/services/security/securityGovernanceOS.service.ts',
  redisOps: 'none',
  functionName: 'attestInfraIsolation:isolationAttestationLedger.upsert',
  durationMs: 3,
  cacheStatus: 'none',
  dbQueries: [
    'isolationAttestationLedger.upsert(isolation_attest:f03bed35e33e14d8c8cf9ed0)'
  ],
  attestationKey: 'isolation_attest:f03bed35e33e14d8c8cf9ed0'
}
FEATURE_GATE_AWAIT_TRACE {
  event: 'end',
  fileName: 'backend/src/services/security/securityGovernanceOS.service.ts',
  redisOps: 'none',
  functionName: 'authorizeAccess:attestInfraIsolation',
  durationMs: 5,
  action: 'analytics:view',
  route: null,
  cacheStatus: 'none',
  dbQueries: [ 'isolationAttestationLedger.create' ]
}
prisma:error 
Invalid `prisma.authEventLedger.upsert()` invocation:


Raw query failed. Code: `unknown`. Message: `Kind: Transactions are not supported by this deployment, labels: {}, source: None`
FEATURE_GATE_AWAIT_TRACE {
  event: 'end',
  fileName: 'backend/src/services/security/securityGovernanceOS.service.ts',
  redisOps: 'none',
  functionName: 'appendAuthEvent:authEventLedger.upsert',
  durationMs: 2,
  cacheStatus: 'none',
  dbQueries: [ 'authEventLedger.upsert(auth_evt:caaba6b642b6361d26bae29c97)' ],
  eventKey: 'auth_evt:caaba6b642b6361d26bae29c97',
  action: 'analytics:view',
  outcome: 'ALLOWED'
}
FEATURE_GATE_AWAIT_TRACE {
  event: 'end',
  fileName: 'backend/src/services/security/securityGovernanceOS.service.ts',
  redisOps: 'none',
  functionName: 'authorizeAccess:appendAuthEvent:authorized',
  durationMs: 4,
  action: 'analytics:view',
  route: null,
  cacheStatus: 'none',
  dbQueries: [ 'authEventLedger.upsert' ]
}
prisma:error 
Invalid `prisma.observabilityEventLedger.findUnique()` invocation:


Raw query failed. Code: `unknown`. Message: `Kind: Server selection timeout: No available servers. Topology: { Type: Unknown, Servers: [ { Address: localhost:27017, Type: Unknown, Error: Kind: I/O error: No connection could be made because the target machine actively refused it. (os error 10061), labels: {}, source: None } ] }, labels: {}, source: None`
prisma:error 
Invalid `prisma.observabilityEventLedger.upsert()` invocation:


Raw query failed. Code: `unknown`. Message: `Kind: Transactions are not supported by this deployment, labels: {}, source: None`
startup_event_loop_lag {
  metric: 'startup_event_loop_lag',
  value: 12,
  businessId: null,
  route: 'startup_isolation',
  metadata: null,
  recordedAt: '2026-07-06T15:06:19.773Z'
}
FEATURE_GATE_AWAIT_TRACE {
  event: 'start',
  fileName: 'backend/src/services/security/securityGovernanceOS.service.ts',
  redisOps: 'none',
  functionName: 'assertAuthorizedAccess:authorizeAccess',
  action: 'analytics:view',
  route: null,
  cacheStatus: 'delegated',
  dbQueries: [ 'see nested FEATURE_GATE_AWAIT_TRACE events' ]
}
FEATURE_GATE_AWAIT_TRACE {
  event: 'start',
  fileName: 'backend/src/services/security/securityGovernanceOS.service.ts',
  redisOps: 'none',
  functionName: 'authorizeAccess:assertTenantIsolation',
  action: 'analytics:view',
  route: null,
  cacheStatus: 'none',
  dbQueries: [ 'tenantIsolationLedger.upsert' ]
}
FEATURE_GATE_AWAIT_TRACE {
  event: 'end',
  fileName: 'backend/src/services/security/securityGovernanceOS.service.ts',
  redisOps: 'none',
  functionName: 'authorizeAccess:assertTenantIsolation',
  durationMs: 1,
  action: 'analytics:view',
  route: null,
  cacheStatus: 'none',
  dbQueries: [ 'tenantIsolationLedger.upsert' ]
}
FEATURE_GATE_AWAIT_TRACE {
  event: 'end',
  fileName: 'backend/src/services/security/securityGovernanceOS.service.ts',
  redisOps: 'none',
  functionName: 'assertAuthorizedAccess:authorizeAccess',
  durationMs: 1,
  action: 'analytics:view',
  route: null,
  cacheStatus: 'delegated',
  dbQueries: [ 'see nested FEATURE_GATE_AWAIT_TRACE events' ]
}
FEATURE_GATE_AWAIT_TRACE {
  event: 'start',
  fileName: 'backend/src/services/security/securityGovernanceOS.service.ts',
  redisOps: 'none',
  functionName: 'authorizeAccess:attestInfraIsolation',
  action: 'analytics:view',
  route: null,
  cacheStatus: 'none',
  dbQueries: [ 'isolationAttestationLedger.create' ]
}
FEATURE_GATE_AWAIT_TRACE {
  event: 'start',
  fileName: 'backend/src/services/security/securityGovernanceOS.service.ts',
  redisOps: 'none',
  functionName: 'attestInfraIsolation:isolationAttestationLedger.upsert',
  cacheStatus: 'none',
  dbQueries: [
    'isolationAttestationLedger.upsert(isolation_attest:5cf91bf09c3f022508165167)'
  ],
  attestationKey: 'isolation_attest:5cf91bf09c3f022508165167'
}
FEATURE_GATE_AWAIT_TRACE {
  event: 'start',
  fileName: 'backend/src/services/security/securityGovernanceOS.service.ts',
  redisOps: 'none',
  functionName: 'authorizeAccess:appendAuthEvent:authorized',
  action: 'analytics:view',
  route: null,
  cacheStatus: 'none',
  dbQueries: [ 'authEventLedger.upsert' ]
}
FEATURE_GATE_AWAIT_TRACE {
  event: 'start',
  fileName: 'backend/src/services/security/securityGovernanceOS.service.ts',
  redisOps: 'none',
  functionName: 'appendAuthEvent:authEventLedger.upsert',
  cacheStatus: 'none',
  dbQueries: [ 'authEventLedger.upsert(auth_evt:222fddf9f32be04bee49a5bba0)' ],
  eventKey: 'auth_evt:222fddf9f32be04bee49a5bba0',
  action: 'analytics:view',
  outcome: 'ALLOWED'
}
prisma:error 
Invalid `prisma.dataAccessAuditLedger.upsert()` invocation:


Raw query failed. Code: `unknown`. Message: `Kind: Transactions are not supported by this deployment, labels: {}, source: None`
prisma:error 
Invalid `prisma.isolationAttestationLedger.upsert()` invocation:


Raw query failed. Code: `unknown`. Message: `Kind: Transactions are not supported by this deployment, labels: {}, source: None`
FEATURE_GATE_AWAIT_TRACE {
  event: 'end',
  fileName: 'backend/src/services/security/securityGovernanceOS.service.ts',
  redisOps: 'none',
  functionName: 'attestInfraIsolation:isolationAttestationLedger.upsert',
  durationMs: 3,
  cacheStatus: 'none',
  dbQueries: [
    'isolationAttestationLedger.upsert(isolation_attest:5cf91bf09c3f022508165167)'
  ],
  attestationKey: 'isolation_attest:5cf91bf09c3f022508165167'
}
FEATURE_GATE_AWAIT_TRACE {
  event: 'end',
  fileName: 'backend/src/services/security/securityGovernanceOS.service.ts',
  redisOps: 'none',
  functionName: 'authorizeAccess:attestInfraIsolation',
  durationMs: 5,
  action: 'analytics:view',
  route: null,
  cacheStatus: 'none',
  dbQueries: [ 'isolationAttestationLedger.create' ]
}
prisma:error 
Invalid `prisma.authEventLedger.upsert()` invocation:


Raw query failed. Code: `unknown`. Message: `Kind: Transactions are not supported by this deployment, labels: {}, source: None`
FEATURE_GATE_AWAIT_TRACE {
  event: 'end',
  fileName: 'backend/src/services/security/securityGovernanceOS.service.ts',
  redisOps: 'none',
  functionName: 'appendAuthEvent:authEventLedger.upsert',
  durationMs: 3,
  cacheStatus: 'none',
  dbQueries: [ 'authEventLedger.upsert(auth_evt:222fddf9f32be04bee49a5bba0)' ],
  eventKey: 'auth_evt:222fddf9f32be04bee49a5bba0',
  action: 'analytics:view',
  outcome: 'ALLOWED'
}
FEATURE_GATE_AWAIT_TRACE {
  event: 'end',
  fileName: 'backend/src/services/security/securityGovernanceOS.service.ts',
  redisOps: 'none',
  functionName: 'authorizeAccess:appendAuthEvent:authorized',
  durationMs: 5,
  action: 'analytics:view',
  route: null,
  cacheStatus: 'none',
  dbQueries: [ 'authEventLedger.upsert' ]
}
prisma:error 
Invalid `prisma.observabilityEventLedger.findUnique()` invocation:


Raw query failed. Code: `unknown`. Message: `Kind: Server selection timeout: No available servers. Topology: { Type: Unknown, Servers: [ { Address: localhost:27017, Type: Unknown, Error: Kind: I/O error: No connection could be made because the target machine actively refused it. (os error 10061), labels: {}, source: None } ] }, labels: {}, source: None`
prisma:error 
Invalid `prisma.observabilityEventLedger.upsert()` invocation:


Raw query failed. Code: `unknown`. Message: `Kind: Transactions are not supported by this deployment, labels: {}, source: None`
startup_event_loop_lag {
  metric: 'startup_event_loop_lag',
  value: 13,
  businessId: null,
  route: 'startup_isolation',
  metadata: null,
  recordedAt: '2026-07-06T15:06:20.854Z'
}
FEATURE_GATE_AWAIT_TRACE {
  event: 'start',
  fileName: 'backend/src/services/security/securityGovernanceOS.service.ts',
  redisOps: 'none',
  functionName: 'assertAuthorizedAccess:authorizeAccess',
  action: 'analytics:view',
  route: null,
  cacheStatus: 'delegated',
  dbQueries: [ 'see nested FEATURE_GATE_AWAIT_TRACE events' ]
}
FEATURE_GATE_AWAIT_TRACE {
  event: 'start',
  fileName: 'backend/src/services/security/securityGovernanceOS.service.ts',
  redisOps: 'none',
  functionName: 'authorizeAccess:assertTenantIsolation',
  action: 'analytics:view',
  route: null,
  cacheStatus: 'none',
  dbQueries: [ 'tenantIsolationLedger.upsert' ]
}
FEATURE_GATE_AWAIT_TRACE {
  event: 'end',
  fileName: 'backend/src/services/security/securityGovernanceOS.service.ts',
  redisOps: 'none',
  functionName: 'authorizeAccess:assertTenantIsolation',
  durationMs: 1,
  action: 'analytics:view',
  route: null,
  cacheStatus: 'none',
  dbQueries: [ 'tenantIsolationLedger.upsert' ]
}
FEATURE_GATE_AWAIT_TRACE {
  event: 'end',
  fileName: 'backend/src/services/security/securityGovernanceOS.service.ts',
  redisOps: 'none',
  functionName: 'assertAuthorizedAccess:authorizeAccess',
  durationMs: 2,
  action: 'analytics:view',
  route: null,
  cacheStatus: 'delegated',
  dbQueries: [ 'see nested FEATURE_GATE_AWAIT_TRACE events' ]
}
FEATURE_GATE_AWAIT_TRACE {
  event: 'start',
  fileName: 'backend/src/services/security/securityGovernanceOS.service.ts',
  redisOps: 'none',
  functionName: 'authorizeAccess:attestInfraIsolation',
  action: 'analytics:view',
  route: null,
  cacheStatus: 'none',
  dbQueries: [ 'isolationAttestationLedger.create' ]
}
FEATURE_GATE_AWAIT_TRACE {
  event: 'start',
  fileName: 'backend/src/services/security/securityGovernanceOS.service.ts',
  redisOps: 'none',
  functionName: 'attestInfraIsolation:isolationAttestationLedger.upsert',
  cacheStatus: 'none',
  dbQueries: [
    'isolationAttestationLedger.upsert(isolation_attest:62e0b73150df67d777f12fa2)'
  ],
  attestationKey: 'isolation_attest:62e0b73150df67d777f12fa2'
}
FEATURE_GATE_AWAIT_TRACE {
  event: 'start',
  fileName: 'backend/src/services/security/securityGovernanceOS.service.ts',
  redisOps: 'none',
  functionName: 'authorizeAccess:appendAuthEvent:authorized',
  action: 'analytics:view',
  route: null,
  cacheStatus: 'none',
  dbQueries: [ 'authEventLedger.upsert' ]
}
FEATURE_GATE_AWAIT_TRACE {
  event: 'start',
  fileName: 'backend/src/services/security/securityGovernanceOS.service.ts',
  redisOps: 'none',
  functionName: 'appendAuthEvent:authEventLedger.upsert',
  cacheStatus: 'none',
  dbQueries: [ 'authEventLedger.upsert(auth_evt:c816ce4c0587f1e34227d3dff3)' ],
  eventKey: 'auth_evt:c816ce4c0587f1e34227d3dff3',
  action: 'analytics:view',
  outcome: 'ALLOWED'
}
prisma:error 
Invalid `prisma.dataAccessAuditLedger.upsert()` invocation:


Raw query failed. Code: `unknown`. Message: `Kind: Transactions are not supported by this deployment, labels: {}, source: None`
prisma:error 
Invalid `prisma.isolationAttestationLedger.upsert()` invocation:


Raw query failed. Code: `unknown`. Message: `Kind: Transactions are not supported by this deployment, labels: {}, source: None`
FEATURE_GATE_AWAIT_TRACE {
  event: 'end',
  fileName: 'backend/src/services/security/securityGovernanceOS.service.ts',
  redisOps: 'none',
  functionName: 'attestInfraIsolation:isolationAttestationLedger.upsert',
  durationMs: 3,
  cacheStatus: 'none',
  dbQueries: [
    'isolationAttestationLedger.upsert(isolation_attest:62e0b73150df67d777f12fa2)'
  ],
  attestationKey: 'isolation_attest:62e0b73150df67d777f12fa2'
}
FEATURE_GATE_AWAIT_TRACE {
  event: 'end',
  fileName: 'backend/src/services/security/securityGovernanceOS.service.ts',
  redisOps: 'none',
  functionName: 'authorizeAccess:attestInfraIsolation',
  durationMs: 4,
  action: 'analytics:view',
  route: null,
  cacheStatus: 'none',
  dbQueries: [ 'isolationAttestationLedger.create' ]
}
prisma:error 
Invalid `prisma.authEventLedger.upsert()` invocation:


Raw query failed. Code: `unknown`. Message: `Kind: Transactions are not supported by this deployment, labels: {}, source: None`
FEATURE_GATE_AWAIT_TRACE {
  event: 'end',
  fileName: 'backend/src/services/security/securityGovernanceOS.service.ts',
  redisOps: 'none',
  functionName: 'appendAuthEvent:authEventLedger.upsert',
  durationMs: 3,
  cacheStatus: 'none',
  dbQueries: [ 'authEventLedger.upsert(auth_evt:c816ce4c0587f1e34227d3dff3)' ],
  eventKey: 'auth_evt:c816ce4c0587f1e34227d3dff3',
  action: 'analytics:view',
  outcome: 'ALLOWED'
}
FEATURE_GATE_AWAIT_TRACE {
  event: 'end',
  fileName: 'backend/src/services/security/securityGovernanceOS.service.ts',
  redisOps: 'none',
  functionName: 'authorizeAccess:appendAuthEvent:authorized',
  durationMs: 3,
  action: 'analytics:view',
  route: null,
  cacheStatus: 'none',
  dbQueries: [ 'authEventLedger.upsert' ]
}
prisma:error 
Invalid `prisma.observabilityEventLedger.findUnique()` invocation:


Raw query failed. Code: `unknown`. Message: `Kind: Server selection timeout: No available servers. Topology: { Type: Unknown, Servers: [ { Address: localhost:27017, Type: Unknown, Error: Kind: I/O error: No connection could be made because the target machine actively refused it. (os error 10061), labels: {}, source: None } ] }, labels: {}, source: None`
prisma:error 
Invalid `prisma.observabilityEventLedger.upsert()` invocation:


Raw query failed. Code: `unknown`. Message: `Kind: Transactions are not supported by this deployment, labels: {}, source: None`
startup_event_loop_lag {
  metric: 'startup_event_loop_lag',
  value: 11,
  businessId: null,
  route: 'startup_isolation',
  metadata: null,
  recordedAt: '2026-07-06T15:06:21.966Z'
}
FEATURE_GATE_AWAIT_TRACE {
  event: 'start',
  fileName: 'backend/src/services/security/securityGovernanceOS.service.ts',
  redisOps: 'none',
  functionName: 'assertAuthorizedAccess:authorizeAccess',
  action: 'analytics:view',
  route: null,
  cacheStatus: 'delegated',
  dbQueries: [ 'see nested FEATURE_GATE_AWAIT_TRACE events' ]
}
FEATURE_GATE_AWAIT_TRACE {
  event: 'start',
  fileName: 'backend/src/services/security/securityGovernanceOS.service.ts',
  redisOps: 'none',
  functionName: 'authorizeAccess:assertTenantIsolation',
  action: 'analytics:view',
  route: null,
  cacheStatus: 'none',
  dbQueries: [ 'tenantIsolationLedger.upsert' ]
}
FEATURE_GATE_AWAIT_TRACE {
  event: 'end',
  fileName: 'backend/src/services/security/securityGovernanceOS.service.ts',
  redisOps: 'none',
  functionName: 'authorizeAccess:assertTenantIsolation',
  durationMs: 0,
  action: 'analytics:view',
  route: null,
  cacheStatus: 'none',
  dbQueries: [ 'tenantIsolationLedger.upsert' ]
}
FEATURE_GATE_AWAIT_TRACE {
  event: 'end',
  fileName: 'backend/src/services/security/securityGovernanceOS.service.ts',
  redisOps: 'none',
  functionName: 'assertAuthorizedAccess:authorizeAccess',
  durationMs: 1,
  action: 'analytics:view',
  route: null,
  cacheStatus: 'delegated',
  dbQueries: [ 'see nested FEATURE_GATE_AWAIT_TRACE events' ]
}
FEATURE_GATE_AWAIT_TRACE {
  event: 'start',
  fileName: 'backend/src/services/security/securityGovernanceOS.service.ts',
  redisOps: 'none',
  functionName: 'authorizeAccess:attestInfraIsolation',
  action: 'analytics:view',
  route: null,
  cacheStatus: 'none',
  dbQueries: [ 'isolationAttestationLedger.create' ]
}
FEATURE_GATE_AWAIT_TRACE {
  event: 'start',
  fileName: 'backend/src/services/security/securityGovernanceOS.service.ts',
  redisOps: 'none',
  functionName: 'attestInfraIsolation:isolationAttestationLedger.upsert',
  cacheStatus: 'none',
  dbQueries: [
    'isolationAttestationLedger.upsert(isolation_attest:394b50d1b0dcbf8384045ab0)'
  ],
  attestationKey: 'isolation_attest:394b50d1b0dcbf8384045ab0'
}
FEATURE_GATE_AWAIT_TRACE {
  event: 'start',
  fileName: 'backend/src/services/security/securityGovernanceOS.service.ts',
  redisOps: 'none',
  functionName: 'authorizeAccess:appendAuthEvent:authorized',
  action: 'analytics:view',
  route: null,
  cacheStatus: 'none',
  dbQueries: [ 'authEventLedger.upsert' ]
}
FEATURE_GATE_AWAIT_TRACE {
  event: 'start',
  fileName: 'backend/src/services/security/securityGovernanceOS.service.ts',
  redisOps: 'none',
  functionName: 'appendAuthEvent:authEventLedger.upsert',
  cacheStatus: 'none',
  dbQueries: [ 'authEventLedger.upsert(auth_evt:17b23af89cee7bcab6ae98845b)' ],
  eventKey: 'auth_evt:17b23af89cee7bcab6ae98845b',
  action: 'analytics:view',
  outcome: 'ALLOWED'
}
prisma:error 
Invalid `prisma.dataAccessAuditLedger.upsert()` invocation:


Raw query failed. Code: `unknown`. Message: `Kind: Transactions are not supported by this deployment, labels: {}, source: None`
prisma:error 
Invalid `prisma.isolationAttestationLedger.upsert()` invocation:


Raw query failed. Code: `unknown`. Message: `Kind: Transactions are not supported by this deployment, labels: {}, source: None`
FEATURE_GATE_AWAIT_TRACE {
  event: 'end',
  fileName: 'backend/src/services/security/securityGovernanceOS.service.ts',
  redisOps: 'none',
  functionName: 'attestInfraIsolation:isolationAttestationLedger.upsert',
  durationMs: 2,
  cacheStatus: 'none',
  dbQueries: [
    'isolationAttestationLedger.upsert(isolation_attest:394b50d1b0dcbf8384045ab0)'
  ],
  attestationKey: 'isolation_attest:394b50d1b0dcbf8384045ab0'
}
FEATURE_GATE_AWAIT_TRACE {
  event: 'end',
  fileName: 'backend/src/services/security/securityGovernanceOS.service.ts',
  redisOps: 'none',
  functionName: 'authorizeAccess:attestInfraIsolation',
  durationMs: 2,
  action: 'analytics:view',
  route: null,
  cacheStatus: 'none',
  dbQueries: [ 'isolationAttestationLedger.create' ]
}
prisma:error 
Invalid `prisma.authEventLedger.upsert()` invocation:


Raw query failed. Code: `unknown`. Message: `Kind: Transactions are not supported by this deployment, labels: {}, source: None`
FEATURE_GATE_AWAIT_TRACE {
  event: 'end',
  fileName: 'backend/src/services/security/securityGovernanceOS.service.ts',
  redisOps: 'none',
  functionName: 'appendAuthEvent:authEventLedger.upsert',
  durationMs: 2,
  cacheStatus: 'none',
  dbQueries: [ 'authEventLedger.upsert(auth_evt:17b23af89cee7bcab6ae98845b)' ],
  eventKey: 'auth_evt:17b23af89cee7bcab6ae98845b',
  action: 'analytics:view',
  outcome: 'ALLOWED'
}
FEATURE_GATE_AWAIT_TRACE {
  event: 'end',
  fileName: 'backend/src/services/security/securityGovernanceOS.service.ts',
  redisOps: 'none',
  functionName: 'authorizeAccess:appendAuthEvent:authorized',
  durationMs: 2,
  action: 'analytics:view',
  route: null,
  cacheStatus: 'none',
  dbQueries: [ 'authEventLedger.upsert' ]
}
prisma:error 
Invalid `prisma.observabilityEventLedger.findUnique()` invocation:


Raw query failed. Code: `unknown`. Message: `Kind: Server selection timeout: No available servers. Topology: { Type: Unknown, Servers: [ { Address: localhost:27017, Type: Unknown, Error: Kind: I/O error: No connection could be made because the target machine actively refused it. (os error 10061), labels: {}, source: None } ] }, labels: {}, source: None`
prisma:error 
Invalid `prisma.observabilityEventLedger.upsert()` invocation:


Raw query failed. Code: `unknown`. Message: `Kind: Transactions are not supported by this deployment, labels: {}, source: None`
{"level":30,"time":1783350382828,"traceId":null,"correlationId":null,"tenantId":null,"leadId":null,"interactionId":null,"appointmentId":null,"proposalId":null,"contractId":null,"paymentId":null,"queueJobId":null,"workerId":null,"provider":null,"severity":"info","component":"runtime","phase":"operations","version":"phase6a.v1","msg":"Skipping eager embedding model warmup during startup to prevent event-loop blocking"}
startup_event_loop_lag {
  metric: 'startup_event_loop_lag',
  value: 13,
  businessId: null,
  route: 'startup_isolation',
  metadata: null,
  recordedAt: '2026-07-06T15:06:23.082Z'
}
FEATURE_GATE_AWAIT_TRACE {
  event: 'start',
  fileName: 'backend/src/services/security/securityGovernanceOS.service.ts',
  redisOps: 'none',
  functionName: 'assertAuthorizedAccess:authorizeAccess',
  action: 'analytics:view',
  route: null,
  cacheStatus: 'delegated',
  dbQueries: [ 'see nested FEATURE_GATE_AWAIT_TRACE events' ]
}
FEATURE_GATE_AWAIT_TRACE {
  event: 'start',
  fileName: 'backend/src/services/security/securityGovernanceOS.service.ts',
  redisOps: 'none',
  functionName: 'authorizeAccess:assertTenantIsolation',
  action: 'analytics:view',
  route: null,
  cacheStatus: 'none',
  dbQueries: [ 'tenantIsolationLedger.upsert' ]
}
FEATURE_GATE_AWAIT_TRACE {
  event: 'end',
  fileName: 'backend/src/services/security/securityGovernanceOS.service.ts',
  redisOps: 'none',
  functionName: 'authorizeAccess:assertTenantIsolation',
  durationMs: 1,
  action: 'analytics:view',
  route: null,
  cacheStatus: 'none',
  dbQueries: [ 'tenantIsolationLedger.upsert' ]
}
FEATURE_GATE_AWAIT_TRACE {
  event: 'end',
  fileName: 'backend/src/services/security/securityGovernanceOS.service.ts',
  redisOps: 'none',
  functionName: 'assertAuthorizedAccess:authorizeAccess',
  durationMs: 2,
  action: 'analytics:view',
  route: null,
  cacheStatus: 'delegated',
  dbQueries: [ 'see nested FEATURE_GATE_AWAIT_TRACE events' ]
}
FEATURE_GATE_AWAIT_TRACE {
  event: 'start',
  fileName: 'backend/src/services/security/securityGovernanceOS.service.ts',
  redisOps: 'none',
  functionName: 'authorizeAccess:attestInfraIsolation',
  action: 'analytics:view',
  route: null,
  cacheStatus: 'none',
  dbQueries: [ 'isolationAttestationLedger.create' ]
}
FEATURE_GATE_AWAIT_TRACE {
  event: 'start',
  fileName: 'backend/src/services/security/securityGovernanceOS.service.ts',
  redisOps: 'none',
  functionName: 'attestInfraIsolation:isolationAttestationLedger.upsert',
  cacheStatus: 'none',
  dbQueries: [
    'isolationAttestationLedger.upsert(isolation_attest:049b7a846d0908af6200c0db)'
  ],
  attestationKey: 'isolation_attest:049b7a846d0908af6200c0db'
}
FEATURE_GATE_AWAIT_TRACE {
  event: 'start',
  fileName: 'backend/src/services/security/securityGovernanceOS.service.ts',
  redisOps: 'none',
  functionName: 'authorizeAccess:appendAuthEvent:authorized',
  action: 'analytics:view',
  route: null,
  cacheStatus: 'none',
  dbQueries: [ 'authEventLedger.upsert' ]
}
FEATURE_GATE_AWAIT_TRACE {
  event: 'start',
  fileName: 'backend/src/services/security/securityGovernanceOS.service.ts',
  redisOps: 'none',
  functionName: 'appendAuthEvent:authEventLedger.upsert',
  cacheStatus: 'none',
  dbQueries: [ 'authEventLedger.upsert(auth_evt:da727ce80591d6cc4134703af6)' ],
  eventKey: 'auth_evt:da727ce80591d6cc4134703af6',
  action: 'analytics:view',
  outcome: 'ALLOWED'
}
prisma:error 
Invalid `prisma.dataAccessAuditLedger.upsert()` invocation:


Raw query failed. Code: `unknown`. Message: `Kind: Transactions are not supported by this deployment, labels: {}, source: None`
prisma:error 
Invalid `prisma.isolationAttestationLedger.upsert()` invocation:


Raw query failed. Code: `unknown`. Message: `Kind: Transactions are not supported by this deployment, labels: {}, source: None`
FEATURE_GATE_AWAIT_TRACE {
  event: 'end',
  fileName: 'backend/src/services/security/securityGovernanceOS.service.ts',
  redisOps: 'none',
  functionName: 'attestInfraIsolation:isolationAttestationLedger.upsert',
  durationMs: 4,
  cacheStatus: 'none',
  dbQueries: [
    'isolationAttestationLedger.upsert(isolation_attest:049b7a846d0908af6200c0db)'
  ],
  attestationKey: 'isolation_attest:049b7a846d0908af6200c0db'
}
FEATURE_GATE_AWAIT_TRACE {
  event: 'end',
  fileName: 'backend/src/services/security/securityGovernanceOS.service.ts',
  redisOps: 'none',
  functionName: 'authorizeAccess:attestInfraIsolation',
  durationMs: 4,
  action: 'analytics:view',
  route: null,
  cacheStatus: 'none',
  dbQueries: [ 'isolationAttestationLedger.create' ]
}
prisma:error 
Invalid `prisma.authEventLedger.upsert()` invocation:


Raw query failed. Code: `unknown`. Message: `Kind: Transactions are not supported by this deployment, labels: {}, source: None`
FEATURE_GATE_AWAIT_TRACE {
  event: 'end',
  fileName: 'backend/src/services/security/securityGovernanceOS.service.ts',
  redisOps: 'none',
  functionName: 'appendAuthEvent:authEventLedger.upsert',
  durationMs: 3,
  cacheStatus: 'none',
  dbQueries: [ 'authEventLedger.upsert(auth_evt:da727ce80591d6cc4134703af6)' ],
  eventKey: 'auth_evt:da727ce80591d6cc4134703af6',
  action: 'analytics:view',
  outcome: 'ALLOWED'
}
FEATURE_GATE_AWAIT_TRACE {
  event: 'end',
  fileName: 'backend/src/services/security/securityGovernanceOS.service.ts',
  redisOps: 'none',
  functionName: 'authorizeAccess:appendAuthEvent:authorized',
  durationMs: 4,
  action: 'analytics:view',
  route: null,
  cacheStatus: 'none',
  dbQueries: [ 'authEventLedger.upsert' ]
}
prisma:error 
Invalid `prisma.observabilityEventLedger.findUnique()` invocation:


Raw query failed. Code: `unknown`. Message: `Kind: Server selection timeout: No available servers. Topology: { Type: Unknown, Servers: [ { Address: localhost:27017, Type: Unknown, Error: Kind: I/O error: No connection could be made because the target machine actively refused it. (os error 10061), labels: {}, source: None } ] }, labels: {}, source: None`
prisma:error 
Invalid `prisma.observabilityEventLedger.upsert()` invocation:


Raw query failed. Code: `unknown`. Message: `Kind: Transactions are not supported by this deployment, labels: {}, source: None`
startup_event_loop_lag {
  metric: 'startup_event_loop_lag',
  value: 1,
  businessId: null,
  route: 'startup_isolation',
  metadata: null,
  recordedAt: '2026-07-06T15:06:24.185Z'
}
FEATURE_GATE_AWAIT_TRACE {
  event: 'start',
  fileName: 'backend/src/services/security/securityGovernanceOS.service.ts',
  redisOps: 'none',
  functionName: 'assertAuthorizedAccess:authorizeAccess',
  action: 'analytics:view',
  route: null,
  cacheStatus: 'delegated',
  dbQueries: [ 'see nested FEATURE_GATE_AWAIT_TRACE events' ]
}
FEATURE_GATE_AWAIT_TRACE {
  event: 'start',
  fileName: 'backend/src/services/security/securityGovernanceOS.service.ts',
  redisOps: 'none',
  functionName: 'authorizeAccess:assertTenantIsolation',
  action: 'analytics:view',
  route: null,
  cacheStatus: 'none',
  dbQueries: [ 'tenantIsolationLedger.upsert' ]
}
FEATURE_GATE_AWAIT_TRACE {
  event: 'end',
  fileName: 'backend/src/services/security/securityGovernanceOS.service.ts',
  redisOps: 'none',
  functionName: 'authorizeAccess:assertTenantIsolation',
  durationMs: 1,
  action: 'analytics:view',
  route: null,
  cacheStatus: 'none',
  dbQueries: [ 'tenantIsolationLedger.upsert' ]
}
FEATURE_GATE_AWAIT_TRACE {
  event: 'end',
  fileName: 'backend/src/services/security/securityGovernanceOS.service.ts',
  redisOps: 'none',
  functionName: 'assertAuthorizedAccess:authorizeAccess',
  durationMs: 1,
  action: 'analytics:view',
  route: null,
  cacheStatus: 'delegated',
  dbQueries: [ 'see nested FEATURE_GATE_AWAIT_TRACE events' ]
}
FEATURE_GATE_AWAIT_TRACE {
  event: 'start',
  fileName: 'backend/src/services/security/securityGovernanceOS.service.ts',
  redisOps: 'none',
  functionName: 'authorizeAccess:attestInfraIsolation',
  action: 'analytics:view',
  route: null,
  cacheStatus: 'none',
  dbQueries: [ 'isolationAttestationLedger.create' ]
}
FEATURE_GATE_AWAIT_TRACE {
  event: 'start',
  fileName: 'backend/src/services/security/securityGovernanceOS.service.ts',
  redisOps: 'none',
  functionName: 'attestInfraIsolation:isolationAttestationLedger.upsert',
  cacheStatus: 'none',
  dbQueries: [
    'isolationAttestationLedger.upsert(isolation_attest:5f34fe9271b162c2049c4bec)'
  ],
  attestationKey: 'isolation_attest:5f34fe9271b162c2049c4bec'
}
FEATURE_GATE_AWAIT_TRACE {
  event: 'start',
  fileName: 'backend/src/services/security/securityGovernanceOS.service.ts',
  redisOps: 'none',
  functionName: 'authorizeAccess:appendAuthEvent:authorized',
  action: 'analytics:view',
  route: null,
  cacheStatus: 'none',
  dbQueries: [ 'authEventLedger.upsert' ]
}
FEATURE_GATE_AWAIT_TRACE {
  event: 'start',
  fileName: 'backend/src/services/security/securityGovernanceOS.service.ts',
  redisOps: 'none',
  functionName: 'appendAuthEvent:authEventLedger.upsert',
  cacheStatus: 'none',
  dbQueries: [ 'authEventLedger.upsert(auth_evt:ebf576fc7b1aeb92d308839a5e)' ],
  eventKey: 'auth_evt:ebf576fc7b1aeb92d308839a5e',
  action: 'analytics:view',
  outcome: 'ALLOWED'
}
prisma:error 
Invalid `prisma.dataAccessAuditLedger.upsert()` invocation:


Raw query failed. Code: `unknown`. Message: `Kind: Transactions are not supported by this deployment, labels: {}, source: None`
prisma:error 
Invalid `prisma.isolationAttestationLedger.upsert()` invocation:


Raw query failed. Code: `unknown`. Message: `Kind: Transactions are not supported by this deployment, labels: {}, source: None`
FEATURE_GATE_AWAIT_TRACE {
  event: 'end',
  fileName: 'backend/src/services/security/securityGovernanceOS.service.ts',
  redisOps: 'none',
  functionName: 'attestInfraIsolation:isolationAttestationLedger.upsert',
  durationMs: 2,
  cacheStatus: 'none',
  dbQueries: [
    'isolationAttestationLedger.upsert(isolation_attest:5f34fe9271b162c2049c4bec)'
  ],
  attestationKey: 'isolation_attest:5f34fe9271b162c2049c4bec'
}
FEATURE_GATE_AWAIT_TRACE {
  event: 'end',
  fileName: 'backend/src/services/security/securityGovernanceOS.service.ts',
  redisOps: 'none',
  functionName: 'authorizeAccess:attestInfraIsolation',
  durationMs: 3,
  action: 'analytics:view',
  route: null,
  cacheStatus: 'none',
  dbQueries: [ 'isolationAttestationLedger.create' ]
}
prisma:error 
Invalid `prisma.authEventLedger.upsert()` invocation:


Raw query failed. Code: `unknown`. Message: `Kind: Transactions are not supported by this deployment, labels: {}, source: None`
FEATURE_GATE_AWAIT_TRACE {
  event: 'end',
  fileName: 'backend/src/services/security/securityGovernanceOS.service.ts',
  redisOps: 'none',
  functionName: 'appendAuthEvent:authEventLedger.upsert',
  durationMs: 2,
  cacheStatus: 'none',
  dbQueries: [ 'authEventLedger.upsert(auth_evt:ebf576fc7b1aeb92d308839a5e)' ],
  eventKey: 'auth_evt:ebf576fc7b1aeb92d308839a5e',
  action: 'analytics:view',
  outcome: 'ALLOWED'
}
FEATURE_GATE_AWAIT_TRACE {
  event: 'end',
  fileName: 'backend/src/services/security/securityGovernanceOS.service.ts',
  redisOps: 'none',
  functionName: 'authorizeAccess:appendAuthEvent:authorized',
  durationMs: 3,
  action: 'analytics:view',
  route: null,
  cacheStatus: 'none',
  dbQueries: [ 'authEventLedger.upsert' ]
}
prisma:error 
Invalid `prisma.observabilityEventLedger.findUnique()` invocation:


Raw query failed. Code: `unknown`. Message: `Kind: Server selection timeout: No available servers. Topology: { Type: Unknown, Servers: [ { Address: localhost:27017, Type: Unknown, Error: Kind: I/O error: No connection could be made because the target machine actively refused it. (os error 10061), labels: {}, source: None } ] }, labels: {}, source: None`
prisma:error 
Invalid `prisma.observabilityEventLedger.upsert()` invocation:


Raw query failed. Code: `unknown`. Message: `Kind: Transactions are not supported by this deployment, labels: {}, source: None`
startup_event_loop_lag {
  metric: 'startup_event_loop_lag',
  value: 14,
  businessId: null,
  route: 'startup_isolation',
  metadata: null,
  recordedAt: '2026-07-06T15:06:25.282Z'
}
FEATURE_GATE_AWAIT_TRACE {
  event: 'start',
  fileName: 'backend/src/services/security/securityGovernanceOS.service.ts',
  redisOps: 'none',
  functionName: 'assertAuthorizedAccess:authorizeAccess',
  action: 'analytics:view',
  route: null,
  cacheStatus: 'delegated',
  dbQueries: [ 'see nested FEATURE_GATE_AWAIT_TRACE events' ]
}
FEATURE_GATE_AWAIT_TRACE {
  event: 'start',
  fileName: 'backend/src/services/security/securityGovernanceOS.service.ts',
  redisOps: 'none',
  functionName: 'authorizeAccess:assertTenantIsolation',
  action: 'analytics:view',
  route: null,
  cacheStatus: 'none',
  dbQueries: [ 'tenantIsolationLedger.upsert' ]
}
FEATURE_GATE_AWAIT_TRACE {
  event: 'end',
  fileName: 'backend/src/services/security/securityGovernanceOS.service.ts',
  redisOps: 'none',
  functionName: 'authorizeAccess:assertTenantIsolation',
  durationMs: 1,
  action: 'analytics:view',
  route: null,
  cacheStatus: 'none',
  dbQueries: [ 'tenantIsolationLedger.upsert' ]
}
FEATURE_GATE_AWAIT_TRACE {
  event: 'end',
  fileName: 'backend/src/services/security/securityGovernanceOS.service.ts',
  redisOps: 'none',
  functionName: 'assertAuthorizedAccess:authorizeAccess',
  durationMs: 2,
  action: 'analytics:view',
  route: null,
  cacheStatus: 'delegated',
  dbQueries: [ 'see nested FEATURE_GATE_AWAIT_TRACE events' ]
}
FEATURE_GATE_AWAIT_TRACE {
  event: 'start',
  fileName: 'backend/src/services/security/securityGovernanceOS.service.ts',
  redisOps: 'none',
  functionName: 'authorizeAccess:attestInfraIsolation',
  action: 'analytics:view',
  route: null,
  cacheStatus: 'none',
  dbQueries: [ 'isolationAttestationLedger.create' ]
}
FEATURE_GATE_AWAIT_TRACE {
  event: 'start',
  fileName: 'backend/src/services/security/securityGovernanceOS.service.ts',
  redisOps: 'none',
  functionName: 'attestInfraIsolation:isolationAttestationLedger.upsert',
  cacheStatus: 'none',
  dbQueries: [
    'isolationAttestationLedger.upsert(isolation_attest:d4d9a4e7137ffb5b048d2c10)'
  ],
  attestationKey: 'isolation_attest:d4d9a4e7137ffb5b048d2c10'
}
FEATURE_GATE_AWAIT_TRACE {
  event: 'start',
  fileName: 'backend/src/services/security/securityGovernanceOS.service.ts',
  redisOps: 'none',
  functionName: 'authorizeAccess:appendAuthEvent:authorized',
  action: 'analytics:view',
  route: null,
  cacheStatus: 'none',
  dbQueries: [ 'authEventLedger.upsert' ]
}
FEATURE_GATE_AWAIT_TRACE {
  event: 'start',
  fileName: 'backend/src/services/security/securityGovernanceOS.service.ts',
  redisOps: 'none',
  functionName: 'appendAuthEvent:authEventLedger.upsert',
  cacheStatus: 'none',
  dbQueries: [ 'authEventLedger.upsert(auth_evt:3c711ff2cd280b25dc175a6456)' ],
  eventKey: 'auth_evt:3c711ff2cd280b25dc175a6456',
  action: 'analytics:view',
  outcome: 'ALLOWED'
}
prisma:error 
Invalid `prisma.dataAccessAuditLedger.upsert()` invocation:


Raw query failed. Code: `unknown`. Message: `Kind: Transactions are not supported by this deployment, labels: {}, source: None`
prisma:error 
Invalid `prisma.isolationAttestationLedger.upsert()` invocation:


Raw query failed. Code: `unknown`. Message: `Kind: Transactions are not supported by this deployment, labels: {}, source: None`
FEATURE_GATE_AWAIT_TRACE {
  event: 'end',
  fileName: 'backend/src/services/security/securityGovernanceOS.service.ts',
  redisOps: 'none',
  functionName: 'attestInfraIsolation:isolationAttestationLedger.upsert',
  durationMs: 4,
  cacheStatus: 'none',
  dbQueries: [
    'isolationAttestationLedger.upsert(isolation_attest:d4d9a4e7137ffb5b048d2c10)'
  ],
  attestationKey: 'isolation_attest:d4d9a4e7137ffb5b048d2c10'
}
FEATURE_GATE_AWAIT_TRACE {
  event: 'end',
  fileName: 'backend/src/services/security/securityGovernanceOS.service.ts',
  redisOps: 'none',
  functionName: 'authorizeAccess:attestInfraIsolation',
  durationMs: 4,
  action: 'analytics:view',
  route: null,
  cacheStatus: 'none',
  dbQueries: [ 'isolationAttestationLedger.create' ]
}
prisma:error 
Invalid `prisma.authEventLedger.upsert()` invocation:


Raw query failed. Code: `unknown`. Message: `Kind: Transactions are not supported by this deployment, labels: {}, source: None`
FEATURE_GATE_AWAIT_TRACE {
  event: 'end',
  fileName: 'backend/src/services/security/securityGovernanceOS.service.ts',
  redisOps: 'none',
  functionName: 'appendAuthEvent:authEventLedger.upsert',
  durationMs: 3,
  cacheStatus: 'none',
  dbQueries: [ 'authEventLedger.upsert(auth_evt:3c711ff2cd280b25dc175a6456)' ],
  eventKey: 'auth_evt:3c711ff2cd280b25dc175a6456',
  action: 'analytics:view',
  outcome: 'ALLOWED'
}
FEATURE_GATE_AWAIT_TRACE {
  event: 'end',
  fileName: 'backend/src/services/security/securityGovernanceOS.service.ts',
  redisOps: 'none',
  functionName: 'authorizeAccess:appendAuthEvent:authorized',
  durationMs: 4,
  action: 'analytics:view',
  route: null,
  cacheStatus: 'none',
  dbQueries: [ 'authEventLedger.upsert' ]
}
prisma:error 
Invalid `prisma.observabilityEventLedger.findUnique()` invocation:


Raw query failed. Code: `unknown`. Message: `Kind: Server selection timeout: No available servers. Topology: { Type: Unknown, Servers: [ { Address: localhost:27017, Type: Unknown, Error: Kind: I/O error: No connection could be made because the target machine actively refused it. (os error 10061), labels: {}, source: None } ] }, labels: {}, source: None`
prisma:error 
Invalid `prisma.observabilityEventLedger.upsert()` invocation:


Raw query failed. Code: `unknown`. Message: `Kind: Transactions are not supported by this deployment, labels: {}, source: None`
startup_event_loop_lag {
  metric: 'startup_event_loop_lag',
  value: 12,
  businessId: null,
  route: 'startup_isolation',
  metadata: null,
  recordedAt: '2026-07-06T15:06:26.396Z'
}
FEATURE_GATE_AWAIT_TRACE {
  event: 'start',
  fileName: 'backend/src/services/security/securityGovernanceOS.service.ts',
  redisOps: 'none',
  functionName: 'assertAuthorizedAccess:authorizeAccess',
  action: 'analytics:view',
  route: null,
  cacheStatus: 'delegated',
  dbQueries: [ 'see nested FEATURE_GATE_AWAIT_TRACE events' ]
}
FEATURE_GATE_AWAIT_TRACE {
  event: 'start',
  fileName: 'backend/src/services/security/securityGovernanceOS.service.ts',
  redisOps: 'none',
  functionName: 'authorizeAccess:assertTenantIsolation',
  action: 'analytics:view',
  route: null,
  cacheStatus: 'none',
  dbQueries: [ 'tenantIsolationLedger.upsert' ]
}
FEATURE_GATE_AWAIT_TRACE {
  event: 'end',
  fileName: 'backend/src/services/security/securityGovernanceOS.service.ts',
  redisOps: 'none',
  functionName: 'authorizeAccess:assertTenantIsolation',
  durationMs: 1,
  action: 'analytics:view',
  route: null,
  cacheStatus: 'none',
  dbQueries: [ 'tenantIsolationLedger.upsert' ]
}
FEATURE_GATE_AWAIT_TRACE {
  event: 'end',
  fileName: 'backend/src/services/security/securityGovernanceOS.service.ts',
  redisOps: 'none',
  functionName: 'assertAuthorizedAccess:authorizeAccess',
  durationMs: 3,
  action: 'analytics:view',
  route: null,
  cacheStatus: 'delegated',
  dbQueries: [ 'see nested FEATURE_GATE_AWAIT_TRACE events' ]
}
FEATURE_GATE_AWAIT_TRACE {
  event: 'start',
  fileName: 'backend/src/services/security/securityGovernanceOS.service.ts',
  redisOps: 'none',
  functionName: 'authorizeAccess:attestInfraIsolation',
  action: 'analytics:view',
  route: null,
  cacheStatus: 'none',
  dbQueries: [ 'isolationAttestationLedger.create' ]
}
FEATURE_GATE_AWAIT_TRACE {
  event: 'start',
  fileName: 'backend/src/services/security/securityGovernanceOS.service.ts',
  redisOps: 'none',
  functionName: 'attestInfraIsolation:isolationAttestationLedger.upsert',
  cacheStatus: 'none',
  dbQueries: [
    'isolationAttestationLedger.upsert(isolation_attest:92a2dbb929f63359d4f92e07)'
  ],
  attestationKey: 'isolation_attest:92a2dbb929f63359d4f92e07'
}
FEATURE_GATE_AWAIT_TRACE {
  event: 'start',
  fileName: 'backend/src/services/security/securityGovernanceOS.service.ts',
  redisOps: 'none',
  functionName: 'authorizeAccess:appendAuthEvent:authorized',
  action: 'analytics:view',
  route: null,
  cacheStatus: 'none',
  dbQueries: [ 'authEventLedger.upsert' ]
}
FEATURE_GATE_AWAIT_TRACE {
  event: 'start',
  fileName: 'backend/src/services/security/securityGovernanceOS.service.ts',
  redisOps: 'none',
  functionName: 'appendAuthEvent:authEventLedger.upsert',
  cacheStatus: 'none',
  dbQueries: [ 'authEventLedger.upsert(auth_evt:b0abbede04d6b0f4bd485836af)' ],
  eventKey: 'auth_evt:b0abbede04d6b0f4bd485836af',
  action: 'analytics:view',
  outcome: 'ALLOWED'
}
prisma:error 
Invalid `prisma.dataAccessAuditLedger.upsert()` invocation:


Raw query failed. Code: `unknown`. Message: `Kind: Transactions are not supported by this deployment, labels: {}, source: None`
prisma:error 
Invalid `prisma.isolationAttestationLedger.upsert()` invocation:


Raw query failed. Code: `unknown`. Message: `Kind: Transactions are not supported by this deployment, labels: {}, source: None`
FEATURE_GATE_AWAIT_TRACE {
  event: 'end',
  fileName: 'backend/src/services/security/securityGovernanceOS.service.ts',
  redisOps: 'none',
  functionName: 'attestInfraIsolation:isolationAttestationLedger.upsert',
  durationMs: 4,
  cacheStatus: 'none',
  dbQueries: [
    'isolationAttestationLedger.upsert(isolation_attest:92a2dbb929f63359d4f92e07)'
  ],
  attestationKey: 'isolation_attest:92a2dbb929f63359d4f92e07'
}
FEATURE_GATE_AWAIT_TRACE {
  event: 'end',
  fileName: 'backend/src/services/security/securityGovernanceOS.service.ts',
  redisOps: 'none',
  functionName: 'authorizeAccess:attestInfraIsolation',
  durationMs: 5,
  action: 'analytics:view',
  route: null,
  cacheStatus: 'none',
  dbQueries: [ 'isolationAttestationLedger.create' ]
}
prisma:error 
Invalid `prisma.authEventLedger.upsert()` invocation:


Raw query failed. Code: `unknown`. Message: `Kind: Transactions are not supported by this deployment, labels: {}, source: None`
FEATURE_GATE_AWAIT_TRACE {
  event: 'end',
  fileName: 'backend/src/services/security/securityGovernanceOS.service.ts',
  redisOps: 'none',
  functionName: 'appendAuthEvent:authEventLedger.upsert',
  durationMs: 3,
  cacheStatus: 'none',
  dbQueries: [ 'authEventLedger.upsert(auth_evt:b0abbede04d6b0f4bd485836af)' ],
  eventKey: 'auth_evt:b0abbede04d6b0f4bd485836af',
  action: 'analytics:view',
  outcome: 'ALLOWED'
}
FEATURE_GATE_AWAIT_TRACE {
  event: 'end',
  fileName: 'backend/src/services/security/securityGovernanceOS.service.ts',
  redisOps: 'none',
  functionName: 'authorizeAccess:appendAuthEvent:authorized',
  durationMs: 5,
  action: 'analytics:view',
  route: null,
  cacheStatus: 'none',
  dbQueries: [ 'authEventLedger.upsert' ]
}
prisma:error 
Invalid `prisma.observabilityEventLedger.findUnique()` invocation:


Raw query failed. Code: `unknown`. Message: `Kind: Server selection timeout: No available servers. Topology: { Type: Unknown, Servers: [ { Address: localhost:27017, Type: Unknown, Error: Kind: I/O error: No connection could be made because the target machine actively refused it. (os error 10061), labels: {}, source: None } ] }, labels: {}, source: None`
prisma:error 
Invalid `prisma.observabilityEventLedger.upsert()` invocation:


Raw query failed. Code: `unknown`. Message: `Kind: Transactions are not supported by this deployment, labels: {}, source: None`
startup_event_loop_lag {
  metric: 'startup_event_loop_lag',
  value: 12,
  businessId: null,
  route: 'startup_isolation',
  metadata: null,
  recordedAt: '2026-07-06T15:06:27.496Z'
}
FEATURE_GATE_AWAIT_TRACE {
  event: 'start',
  fileName: 'backend/src/services/security/securityGovernanceOS.service.ts',
  redisOps: 'none',
  functionName: 'assertAuthorizedAccess:authorizeAccess',
  action: 'analytics:view',
  route: null,
  cacheStatus: 'delegated',
  dbQueries: [ 'see nested FEATURE_GATE_AWAIT_TRACE events' ]
}
FEATURE_GATE_AWAIT_TRACE {
  event: 'start',
  fileName: 'backend/src/services/security/securityGovernanceOS.service.ts',
  redisOps: 'none',
  functionName: 'authorizeAccess:assertTenantIsolation',
  action: 'analytics:view',
  route: null,
  cacheStatus: 'none',
  dbQueries: [ 'tenantIsolationLedger.upsert' ]
}
FEATURE_GATE_AWAIT_TRACE {
  event: 'end',
  fileName: 'backend/src/services/security/securityGovernanceOS.service.ts',
  redisOps: 'none',
  functionName: 'authorizeAccess:assertTenantIsolation',
  durationMs: 0,
  action: 'analytics:view',
  route: null,
  cacheStatus: 'none',
  dbQueries: [ 'tenantIsolationLedger.upsert' ]
}
FEATURE_GATE_AWAIT_TRACE {
  event: 'end',
  fileName: 'backend/src/services/security/securityGovernanceOS.service.ts',
  redisOps: 'none',
  functionName: 'assertAuthorizedAccess:authorizeAccess',
  durationMs: 2,
  action: 'analytics:view',
  route: null,
  cacheStatus: 'delegated',
  dbQueries: [ 'see nested FEATURE_GATE_AWAIT_TRACE events' ]
}
FEATURE_GATE_AWAIT_TRACE {
  event: 'start',
  fileName: 'backend/src/services/security/securityGovernanceOS.service.ts',
  redisOps: 'none',
  functionName: 'authorizeAccess:attestInfraIsolation',
  action: 'analytics:view',
  route: null,
  cacheStatus: 'none',
  dbQueries: [ 'isolationAttestationLedger.create' ]
}
FEATURE_GATE_AWAIT_TRACE {
  event: 'start',
  fileName: 'backend/src/services/security/securityGovernanceOS.service.ts',
  redisOps: 'none',
  functionName: 'attestInfraIsolation:isolationAttestationLedger.upsert',
  cacheStatus: 'none',
  dbQueries: [
    'isolationAttestationLedger.upsert(isolation_attest:ce8673e24ac3648fe49bcb24)'
  ],
  attestationKey: 'isolation_attest:ce8673e24ac3648fe49bcb24'
}
FEATURE_GATE_AWAIT_TRACE {
  event: 'start',
  fileName: 'backend/src/services/security/securityGovernanceOS.service.ts',
  redisOps: 'none',
  functionName: 'authorizeAccess:appendAuthEvent:authorized',
  action: 'analytics:view',
  route: null,
  cacheStatus: 'none',
  dbQueries: [ 'authEventLedger.upsert' ]
}
FEATURE_GATE_AWAIT_TRACE {
  event: 'start',
  fileName: 'backend/src/services/security/securityGovernanceOS.service.ts',
  redisOps: 'none',
  functionName: 'appendAuthEvent:authEventLedger.upsert',
  cacheStatus: 'none',
  dbQueries: [ 'authEventLedger.upsert(auth_evt:1a9716afd63b0810a4bbd4b831)' ],
  eventKey: 'auth_evt:1a9716afd63b0810a4bbd4b831',
  action: 'analytics:view',
  outcome: 'ALLOWED'
}
prisma:error 
Invalid `prisma.dataAccessAuditLedger.upsert()` invocation:


Raw query failed. Code: `unknown`. Message: `Kind: Transactions are not supported by this deployment, labels: {}, source: None`
prisma:error 
Invalid `prisma.isolationAttestationLedger.upsert()` invocation:


Raw query failed. Code: `unknown`. Message: `Kind: Transactions are not supported by this deployment, labels: {}, source: None`
FEATURE_GATE_AWAIT_TRACE {
  event: 'end',
  fileName: 'backend/src/services/security/securityGovernanceOS.service.ts',
  redisOps: 'none',
  functionName: 'attestInfraIsolation:isolationAttestationLedger.upsert',
  durationMs: 4,
  cacheStatus: 'none',
  dbQueries: [
    'isolationAttestationLedger.upsert(isolation_attest:ce8673e24ac3648fe49bcb24)'
  ],
  attestationKey: 'isolation_attest:ce8673e24ac3648fe49bcb24'
}
FEATURE_GATE_AWAIT_TRACE {
  event: 'end',
  fileName: 'backend/src/services/security/securityGovernanceOS.service.ts',
  redisOps: 'none',
  functionName: 'authorizeAccess:attestInfraIsolation',
  durationMs: 5,
  action: 'analytics:view',
  route: null,
  cacheStatus: 'none',
  dbQueries: [ 'isolationAttestationLedger.create' ]
}
prisma:error 
Invalid `prisma.authEventLedger.upsert()` invocation:


Raw query failed. Code: `unknown`. Message: `Kind: Transactions are not supported by this deployment, labels: {}, source: None`
FEATURE_GATE_AWAIT_TRACE {
  event: 'end',
  fileName: 'backend/src/services/security/securityGovernanceOS.service.ts',
  redisOps: 'none',
  functionName: 'appendAuthEvent:authEventLedger.upsert',
  durationMs: 3,
  cacheStatus: 'none',
  dbQueries: [ 'authEventLedger.upsert(auth_evt:1a9716afd63b0810a4bbd4b831)' ],
  eventKey: 'auth_evt:1a9716afd63b0810a4bbd4b831',
  action: 'analytics:view',
  outcome: 'ALLOWED'
}
FEATURE_GATE_AWAIT_TRACE {
  event: 'end',
  fileName: 'backend/src/services/security/securityGovernanceOS.service.ts',
  redisOps: 'none',
  functionName: 'authorizeAccess:appendAuthEvent:authorized',
  durationMs: 4,
  action: 'analytics:view',
  route: null,
  cacheStatus: 'none',
  dbQueries: [ 'authEventLedger.upsert' ]
}
prisma:error 
Invalid `prisma.observabilityEventLedger.findUnique()` invocation:


Raw query failed. Code: `unknown`. Message: `Kind: Server selection timeout: No available servers. Topology: { Type: Unknown, Servers: [ { Address: localhost:27017, Type: Unknown, Error: Kind: I/O error: No connection could be made because the target machine actively refused it. (os error 10061), labels: {}, source: None } ] }, labels: {}, source: None`
prisma:error 
Invalid `prisma.observabilityEventLedger.upsert()` invocation:


Raw query failed. Code: `unknown`. Message: `Kind: Transactions are not supported by this deployment, labels: {}, source: None`
startup_event_loop_lag {
  metric: 'startup_event_loop_lag',
  value: 4,
  businessId: null,
  route: 'startup_isolation',
  metadata: null,
  recordedAt: '2026-07-06T15:06:28.573Z'
}
FEATURE_GATE_AWAIT_TRACE {
  event: 'start',
  fileName: 'backend/src/services/security/securityGovernanceOS.service.ts',
  redisOps: 'none',
  functionName: 'assertAuthorizedAccess:authorizeAccess',
  action: 'analytics:view',
  route: null,
  cacheStatus: 'delegated',
  dbQueries: [ 'see nested FEATURE_GATE_AWAIT_TRACE events' ]
}
FEATURE_GATE_AWAIT_TRACE {
  event: 'start',
  fileName: 'backend/src/services/security/securityGovernanceOS.service.ts',
  redisOps: 'none',
  functionName: 'authorizeAccess:assertTenantIsolation',
  action: 'analytics:view',
  route: null,
  cacheStatus: 'none',
  dbQueries: [ 'tenantIsolationLedger.upsert' ]
}
FEATURE_GATE_AWAIT_TRACE {
  event: 'end',
  fileName: 'backend/src/services/security/securityGovernanceOS.service.ts',
  redisOps: 'none',
  functionName: 'authorizeAccess:assertTenantIsolation',
  durationMs: 0,
  action: 'analytics:view',
  route: null,
  cacheStatus: 'none',
  dbQueries: [ 'tenantIsolationLedger.upsert' ]
}
FEATURE_GATE_AWAIT_TRACE {
  event: 'end',
  fileName: 'backend/src/services/security/securityGovernanceOS.service.ts',
  redisOps: 'none',
  functionName: 'assertAuthorizedAccess:authorizeAccess',
  durationMs: 2,
  action: 'analytics:view',
  route: null,
  cacheStatus: 'delegated',
  dbQueries: [ 'see nested FEATURE_GATE_AWAIT_TRACE events' ]
}
FEATURE_GATE_AWAIT_TRACE {
  event: 'start',
  fileName: 'backend/src/services/security/securityGovernanceOS.service.ts',
  redisOps: 'none',
  functionName: 'authorizeAccess:attestInfraIsolation',
  action: 'analytics:view',
  route: null,
  cacheStatus: 'none',
  dbQueries: [ 'isolationAttestationLedger.create' ]
}
FEATURE_GATE_AWAIT_TRACE {
  event: 'start',
  fileName: 'backend/src/services/security/securityGovernanceOS.service.ts',
  redisOps: 'none',
  functionName: 'attestInfraIsolation:isolationAttestationLedger.upsert',
  cacheStatus: 'none',
  dbQueries: [
    'isolationAttestationLedger.upsert(isolation_attest:a815fe344d790d24bfdf913e)'
  ],
  attestationKey: 'isolation_attest:a815fe344d790d24bfdf913e'
}
FEATURE_GATE_AWAIT_TRACE {
  event: 'start',
  fileName: 'backend/src/services/security/securityGovernanceOS.service.ts',
  redisOps: 'none',
  functionName: 'authorizeAccess:appendAuthEvent:authorized',
  action: 'analytics:view',
  route: null,
  cacheStatus: 'none',
  dbQueries: [ 'authEventLedger.upsert' ]
}
FEATURE_GATE_AWAIT_TRACE {
  event: 'start',
  fileName: 'backend/src/services/security/securityGovernanceOS.service.ts',
  redisOps: 'none',
  functionName: 'appendAuthEvent:authEventLedger.upsert',
  cacheStatus: 'none',
  dbQueries: [ 'authEventLedger.upsert(auth_evt:b2dc93aed6238ca87e2423779a)' ],
  eventKey: 'auth_evt:b2dc93aed6238ca87e2423779a',
  action: 'analytics:view',
  outcome: 'ALLOWED'
}
prisma:error 
Invalid `prisma.dataAccessAuditLedger.upsert()` invocation:


Raw query failed. Code: `unknown`. Message: `Kind: Transactions are not supported by this deployment, labels: {}, source: None`
prisma:error 
Invalid `prisma.isolationAttestationLedger.upsert()` invocation:


Raw query failed. Code: `unknown`. Message: `Kind: Transactions are not supported by this deployment, labels: {}, source: None`
FEATURE_GATE_AWAIT_TRACE {
  event: 'end',
  fileName: 'backend/src/services/security/securityGovernanceOS.service.ts',
  redisOps: 'none',
  functionName: 'attestInfraIsolation:isolationAttestationLedger.upsert',
  durationMs: 3,
  cacheStatus: 'none',
  dbQueries: [
    'isolationAttestationLedger.upsert(isolation_attest:a815fe344d790d24bfdf913e)'
  ],
  attestationKey: 'isolation_attest:a815fe344d790d24bfdf913e'
}
FEATURE_GATE_AWAIT_TRACE {
  event: 'end',
  fileName: 'backend/src/services/security/securityGovernanceOS.service.ts',
  redisOps: 'none',
  functionName: 'authorizeAccess:attestInfraIsolation',
  durationMs: 4,
  action: 'analytics:view',
  route: null,
  cacheStatus: 'none',
  dbQueries: [ 'isolationAttestationLedger.create' ]
}
prisma:error 
Invalid `prisma.authEventLedger.upsert()` invocation:


Raw query failed. Code: `unknown`. Message: `Kind: Transactions are not supported by this deployment, labels: {}, source: None`
FEATURE_GATE_AWAIT_TRACE {
  event: 'end',
  fileName: 'backend/src/services/security/securityGovernanceOS.service.ts',
  redisOps: 'none',
  functionName: 'appendAuthEvent:authEventLedger.upsert',
  durationMs: 2,
  cacheStatus: 'none',
  dbQueries: [ 'authEventLedger.upsert(auth_evt:b2dc93aed6238ca87e2423779a)' ],
  eventKey: 'auth_evt:b2dc93aed6238ca87e2423779a',
  action: 'analytics:view',
  outcome: 'ALLOWED'
}
FEATURE_GATE_AWAIT_TRACE {
  event: 'end',
  fileName: 'backend/src/services/security/securityGovernanceOS.service.ts',
  redisOps: 'none',
  functionName: 'authorizeAccess:appendAuthEvent:authorized',
  durationMs: 3,
  action: 'analytics:view',
  route: null,
  cacheStatus: 'none',
  dbQueries: [ 'authEventLedger.upsert' ]
}
prisma:error 
Invalid `prisma.observabilityEventLedger.findUnique()` invocation:


Raw query failed. Code: `unknown`. Message: `Kind: Server selection timeout: No available servers. Topology: { Type: Unknown, Servers: [ { Address: localhost:27017, Type: Unknown, Error: Kind: I/O error: No connection could be made because the target machine actively refused it. (os error 10061), labels: {}, source: None } ] }, labels: {}, source: None`
prisma:error 
Invalid `prisma.observabilityEventLedger.upsert()` invocation:


Raw query failed. Code: `unknown`. Message: `Kind: Transactions are not supported by this deployment, labels: {}, source: None`
startup_event_loop_lag {
  metric: 'startup_event_loop_lag',
  value: 13,
  businessId: null,
  route: 'startup_isolation',
  metadata: null,
  recordedAt: '2026-07-06T15:06:29.654Z'
}
FEATURE_GATE_AWAIT_TRACE {
  event: 'start',
  fileName: 'backend/src/services/security/securityGovernanceOS.service.ts',
  redisOps: 'none',
  functionName: 'assertAuthorizedAccess:authorizeAccess',
  action: 'analytics:view',
  route: null,
  cacheStatus: 'delegated',
  dbQueries: [ 'see nested FEATURE_GATE_AWAIT_TRACE events' ]
}
FEATURE_GATE_AWAIT_TRACE {
  event: 'start',
  fileName: 'backend/src/services/security/securityGovernanceOS.service.ts',
  redisOps: 'none',
  functionName: 'authorizeAccess:assertTenantIsolation',
  action: 'analytics:view',
  route: null,
  cacheStatus: 'none',
  dbQueries: [ 'tenantIsolationLedger.upsert' ]
}
FEATURE_GATE_AWAIT_TRACE {
  event: 'end',
  fileName: 'backend/src/services/security/securityGovernanceOS.service.ts',
  redisOps: 'none',
  functionName: 'authorizeAccess:assertTenantIsolation',
  durationMs: 1,
  action: 'analytics:view',
  route: null,
  cacheStatus: 'none',
  dbQueries: [ 'tenantIsolationLedger.upsert' ]
}
FEATURE_GATE_AWAIT_TRACE {
  event: 'end',
  fileName: 'backend/src/services/security/securityGovernanceOS.service.ts',
  redisOps: 'none',
  functionName: 'assertAuthorizedAccess:authorizeAccess',
  durationMs: 3,
  action: 'analytics:view',
  route: null,
  cacheStatus: 'delegated',
  dbQueries: [ 'see nested FEATURE_GATE_AWAIT_TRACE events' ]
}
FEATURE_GATE_AWAIT_TRACE {
  event: 'start',
  fileName: 'backend/src/services/security/securityGovernanceOS.service.ts',
  redisOps: 'none',
  functionName: 'authorizeAccess:attestInfraIsolation',
  action: 'analytics:view',
  route: null,
  cacheStatus: 'none',
  dbQueries: [ 'isolationAttestationLedger.create' ]
}
FEATURE_GATE_AWAIT_TRACE {
  event: 'start',
  fileName: 'backend/src/services/security/securityGovernanceOS.service.ts',
  redisOps: 'none',
  functionName: 'attestInfraIsolation:isolationAttestationLedger.upsert',
  cacheStatus: 'none',
  dbQueries: [
    'isolationAttestationLedger.upsert(isolation_attest:216ad83d56f2db6067ce5a01)'
  ],
  attestationKey: 'isolation_attest:216ad83d56f2db6067ce5a01'
}
FEATURE_GATE_AWAIT_TRACE {
  event: 'start',
  fileName: 'backend/src/services/security/securityGovernanceOS.service.ts',
  redisOps: 'none',
  functionName: 'authorizeAccess:appendAuthEvent:authorized',
  action: 'analytics:view',
  route: null,
  cacheStatus: 'none',
  dbQueries: [ 'authEventLedger.upsert' ]
}
FEATURE_GATE_AWAIT_TRACE {
  event: 'start',
  fileName: 'backend/src/services/security/securityGovernanceOS.service.ts',
  redisOps: 'none',
  functionName: 'appendAuthEvent:authEventLedger.upsert',
  cacheStatus: 'none',
  dbQueries: [ 'authEventLedger.upsert(auth_evt:1712c9bc2ad8776048be4a0c0e)' ],
  eventKey: 'auth_evt:1712c9bc2ad8776048be4a0c0e',
  action: 'analytics:view',
  outcome: 'ALLOWED'
}
prisma:error 
Invalid `prisma.dataAccessAuditLedger.upsert()` invocation:


Raw query failed. Code: `unknown`. Message: `Kind: Transactions are not supported by this deployment, labels: {}, source: None`
prisma:error 
Invalid `prisma.isolationAttestationLedger.upsert()` invocation:


Raw query failed. Code: `unknown`. Message: `Kind: Transactions are not supported by this deployment, labels: {}, source: None`
FEATURE_GATE_AWAIT_TRACE {
  event: 'end',
  fileName: 'backend/src/services/security/securityGovernanceOS.service.ts',
  redisOps: 'none',
  functionName: 'attestInfraIsolation:isolationAttestationLedger.upsert',
  durationMs: 3,
  cacheStatus: 'none',
  dbQueries: [
    'isolationAttestationLedger.upsert(isolation_attest:216ad83d56f2db6067ce5a01)'
  ],
  attestationKey: 'isolation_attest:216ad83d56f2db6067ce5a01'
}
FEATURE_GATE_AWAIT_TRACE {
  event: 'end',
  fileName: 'backend/src/services/security/securityGovernanceOS.service.ts',
  redisOps: 'none',
  functionName: 'authorizeAccess:attestInfraIsolation',
  durationMs: 3,
  action: 'analytics:view',
  route: null,
  cacheStatus: 'none',
  dbQueries: [ 'isolationAttestationLedger.create' ]
}
prisma:error 
Invalid `prisma.authEventLedger.upsert()` invocation:


Raw query failed. Code: `unknown`. Message: `Kind: Transactions are not supported by this deployment, labels: {}, source: None`
FEATURE_GATE_AWAIT_TRACE {
  event: 'end',
  fileName: 'backend/src/services/security/securityGovernanceOS.service.ts',
  redisOps: 'none',
  functionName: 'appendAuthEvent:authEventLedger.upsert',
  durationMs: 3,
  cacheStatus: 'none',
  dbQueries: [ 'authEventLedger.upsert(auth_evt:1712c9bc2ad8776048be4a0c0e)' ],
  eventKey: 'auth_evt:1712c9bc2ad8776048be4a0c0e',
  action: 'analytics:view',
  outcome: 'ALLOWED'
}
FEATURE_GATE_AWAIT_TRACE {
  event: 'end',
  fileName: 'backend/src/services/security/securityGovernanceOS.service.ts',
  redisOps: 'none',
  functionName: 'authorizeAccess:appendAuthEvent:authorized',
  durationMs: 3,
  action: 'analytics:view',
  route: null,
  cacheStatus: 'none',
  dbQueries: [ 'authEventLedger.upsert' ]
}
prisma:error 
Invalid `prisma.observabilityEventLedger.findUnique()` invocation:


Raw query failed. Code: `unknown`. Message: `Kind: Server selection timeout: No available servers. Topology: { Type: Unknown, Servers: [ { Address: localhost:27017, Type: Unknown, Error: Kind: I/O error: No connection could be made because the target machine actively refused it. (os error 10061), labels: {}, source: None } ] }, labels: {}, source: None`
prisma:error 
Invalid `prisma.observabilityEventLedger.upsert()` invocation:


Raw query failed. Code: `unknown`. Message: `Kind: Transactions are not supported by this deployment, labels: {}, source: None`
startup_event_loop_lag {
  metric: 'startup_event_loop_lag',
  value: 13,
  businessId: null,
  route: 'startup_isolation',
  metadata: null,
  recordedAt: '2026-07-06T15:06:30.767Z'
}
FEATURE_GATE_AWAIT_TRACE {
  event: 'start',
  fileName: 'backend/src/services/security/securityGovernanceOS.service.ts',
  redisOps: 'none',
  functionName: 'assertAuthorizedAccess:authorizeAccess',
  action: 'analytics:view',
  route: null,
  cacheStatus: 'delegated',
  dbQueries: [ 'see nested FEATURE_GATE_AWAIT_TRACE events' ]
}
FEATURE_GATE_AWAIT_TRACE {
  event: 'start',
  fileName: 'backend/src/services/security/securityGovernanceOS.service.ts',
  redisOps: 'none',
  functionName: 'authorizeAccess:assertTenantIsolation',
  action: 'analytics:view',
  route: null,
  cacheStatus: 'none',
  dbQueries: [ 'tenantIsolationLedger.upsert' ]
}
FEATURE_GATE_AWAIT_TRACE {
  event: 'end',
  fileName: 'backend/src/services/security/securityGovernanceOS.service.ts',
  redisOps: 'none',
  functionName: 'authorizeAccess:assertTenantIsolation',
  durationMs: 0,
  action: 'analytics:view',
  route: null,
  cacheStatus: 'none',
  dbQueries: [ 'tenantIsolationLedger.upsert' ]
}
FEATURE_GATE_AWAIT_TRACE {
  event: 'end',
  fileName: 'backend/src/services/security/securityGovernanceOS.service.ts',
  redisOps: 'none',
  functionName: 'assertAuthorizedAccess:authorizeAccess',
  durationMs: 2,
  action: 'analytics:view',
  route: null,
  cacheStatus: 'delegated',
  dbQueries: [ 'see nested FEATURE_GATE_AWAIT_TRACE events' ]
}
FEATURE_GATE_AWAIT_TRACE {
  event: 'start',
  fileName: 'backend/src/services/security/securityGovernanceOS.service.ts',
  redisOps: 'none',
  functionName: 'authorizeAccess:attestInfraIsolation',
  action: 'analytics:view',
  route: null,
  cacheStatus: 'none',
  dbQueries: [ 'isolationAttestationLedger.create' ]
}
FEATURE_GATE_AWAIT_TRACE {
  event: 'start',
  fileName: 'backend/src/services/security/securityGovernanceOS.service.ts',
  redisOps: 'none',
  functionName: 'attestInfraIsolation:isolationAttestationLedger.upsert',
  cacheStatus: 'none',
  dbQueries: [
    'isolationAttestationLedger.upsert(isolation_attest:5c7b7eb78aff06cbb25afb9e)'
  ],
  attestationKey: 'isolation_attest:5c7b7eb78aff06cbb25afb9e'
}
FEATURE_GATE_AWAIT_TRACE {
  event: 'start',
  fileName: 'backend/src/services/security/securityGovernanceOS.service.ts',
  redisOps: 'none',
  functionName: 'authorizeAccess:appendAuthEvent:authorized',
  action: 'analytics:view',
  route: null,
  cacheStatus: 'none',
  dbQueries: [ 'authEventLedger.upsert' ]
}
FEATURE_GATE_AWAIT_TRACE {
  event: 'start',
  fileName: 'backend/src/services/security/securityGovernanceOS.service.ts',
  redisOps: 'none',
  functionName: 'appendAuthEvent:authEventLedger.upsert',
  cacheStatus: 'none',
  dbQueries: [ 'authEventLedger.upsert(auth_evt:7f37e7cfb05b2fdfdef823cc91)' ],
  eventKey: 'auth_evt:7f37e7cfb05b2fdfdef823cc91',
  action: 'analytics:view',
  outcome: 'ALLOWED'
}
prisma:error 
Invalid `prisma.dataAccessAuditLedger.upsert()` invocation:


Raw query failed. Code: `unknown`. Message: `Kind: Transactions are not supported by this deployment, labels: {}, source: None`
prisma:error 
Invalid `prisma.isolationAttestationLedger.upsert()` invocation:


Raw query failed. Code: `unknown`. Message: `Kind: Transactions are not supported by this deployment, labels: {}, source: None`
FEATURE_GATE_AWAIT_TRACE {
  event: 'end',
  fileName: 'backend/src/services/security/securityGovernanceOS.service.ts',
  redisOps: 'none',
  functionName: 'attestInfraIsolation:isolationAttestationLedger.upsert',
  durationMs: 4,
  cacheStatus: 'none',
  dbQueries: [
    'isolationAttestationLedger.upsert(isolation_attest:5c7b7eb78aff06cbb25afb9e)'
  ],
  attestationKey: 'isolation_attest:5c7b7eb78aff06cbb25afb9e'
}
FEATURE_GATE_AWAIT_TRACE {
  event: 'end',
  fileName: 'backend/src/services/security/securityGovernanceOS.service.ts',
  redisOps: 'none',
  functionName: 'authorizeAccess:attestInfraIsolation',
  durationMs: 5,
  action: 'analytics:view',
  route: null,
  cacheStatus: 'none',
  dbQueries: [ 'isolationAttestationLedger.create' ]
}
prisma:error 
Invalid `prisma.authEventLedger.upsert()` invocation:


Raw query failed. Code: `unknown`. Message: `Kind: Transactions are not supported by this deployment, labels: {}, source: None`
FEATURE_GATE_AWAIT_TRACE {
  event: 'end',
  fileName: 'backend/src/services/security/securityGovernanceOS.service.ts',
  redisOps: 'none',
  functionName: 'appendAuthEvent:authEventLedger.upsert',
  durationMs: 3,
  cacheStatus: 'none',
  dbQueries: [ 'authEventLedger.upsert(auth_evt:7f37e7cfb05b2fdfdef823cc91)' ],
  eventKey: 'auth_evt:7f37e7cfb05b2fdfdef823cc91',
  action: 'analytics:view',
  outcome: 'ALLOWED'
}
FEATURE_GATE_AWAIT_TRACE {
  event: 'end',
  fileName: 'backend/src/services/security/securityGovernanceOS.service.ts',
  redisOps: 'none',
  functionName: 'authorizeAccess:appendAuthEvent:authorized',
  durationMs: 4,
  action: 'analytics:view',
  route: null,
  cacheStatus: 'none',
  dbQueries: [ 'authEventLedger.upsert' ]
}
prisma:error 
Invalid `prisma.observabilityEventLedger.findUnique()` invocation:


Raw query failed. Code: `unknown`. Message: `Kind: Server selection timeout: No available servers. Topology: { Type: Unknown, Servers: [ { Address: localhost:27017, Type: Unknown, Error: Kind: I/O error: No connection could be made because the target machine actively refused it. (os error 10061), labels: {}, source: None } ] }, labels: {}, source: None`
prisma:error 
Invalid `prisma.observabilityEventLedger.upsert()` invocation:


Raw query failed. Code: `unknown`. Message: `Kind: Transactions are not supported by this deployment, labels: {}, source: None`
startup_event_loop_lag {
  metric: 'startup_event_loop_lag',
  value: 12,
  businessId: null,
  route: 'startup_isolation',
  metadata: null,
  recordedAt: '2026-07-06T15:06:31.867Z'
}
FEATURE_GATE_AWAIT_TRACE {
  event: 'start',
  fileName: 'backend/src/services/security/securityGovernanceOS.service.ts',
  redisOps: 'none',
  functionName: 'assertAuthorizedAccess:authorizeAccess',
  action: 'analytics:view',
  route: null,
  cacheStatus: 'delegated',
  dbQueries: [ 'see nested FEATURE_GATE_AWAIT_TRACE events' ]
}
FEATURE_GATE_AWAIT_TRACE {
  event: 'start',
  fileName: 'backend/src/services/security/securityGovernanceOS.service.ts',
  redisOps: 'none',
  functionName: 'authorizeAccess:assertTenantIsolation',
  action: 'analytics:view',
  route: null,
  cacheStatus: 'none',
  dbQueries: [ 'tenantIsolationLedger.upsert' ]
}
FEATURE_GATE_AWAIT_TRACE {
  event: 'end',
  fileName: 'backend/src/services/security/securityGovernanceOS.service.ts',
  redisOps: 'none',
  functionName: 'authorizeAccess:assertTenantIsolation',
  durationMs: 0,
  action: 'analytics:view',
  route: null,
  cacheStatus: 'none',
  dbQueries: [ 'tenantIsolationLedger.upsert' ]
}
FEATURE_GATE_AWAIT_TRACE {
  event: 'end',
  fileName: 'backend/src/services/security/securityGovernanceOS.service.ts',
  redisOps: 'none',
  functionName: 'assertAuthorizedAccess:authorizeAccess',
  durationMs: 2,
  action: 'analytics:view',
  route: null,
  cacheStatus: 'delegated',
  dbQueries: [ 'see nested FEATURE_GATE_AWAIT_TRACE events' ]
}
FEATURE_GATE_AWAIT_TRACE {
  event: 'start',
  fileName: 'backend/src/services/security/securityGovernanceOS.service.ts',
  redisOps: 'none',
  functionName: 'authorizeAccess:attestInfraIsolation',
  action: 'analytics:view',
  route: null,
  cacheStatus: 'none',
  dbQueries: [ 'isolationAttestationLedger.create' ]
}
FEATURE_GATE_AWAIT_TRACE {
  event: 'start',
  fileName: 'backend/src/services/security/securityGovernanceOS.service.ts',
  redisOps: 'none',
  functionName: 'attestInfraIsolation:isolationAttestationLedger.upsert',
  cacheStatus: 'none',
  dbQueries: [
    'isolationAttestationLedger.upsert(isolation_attest:a3dfe731e9bf228ee7d2387c)'
  ],
  attestationKey: 'isolation_attest:a3dfe731e9bf228ee7d2387c'
}
FEATURE_GATE_AWAIT_TRACE {
  event: 'start',
  fileName: 'backend/src/services/security/securityGovernanceOS.service.ts',
  redisOps: 'none',
  functionName: 'authorizeAccess:appendAuthEvent:authorized',
  action: 'analytics:view',
  route: null,
  cacheStatus: 'none',
  dbQueries: [ 'authEventLedger.upsert' ]
}
FEATURE_GATE_AWAIT_TRACE {
  event: 'start',
  fileName: 'backend/src/services/security/securityGovernanceOS.service.ts',
  redisOps: 'none',
  functionName: 'appendAuthEvent:authEventLedger.upsert',
  cacheStatus: 'none',
  dbQueries: [ 'authEventLedger.upsert(auth_evt:87f1177b5ae05c1e475d92dd6d)' ],
  eventKey: 'auth_evt:87f1177b5ae05c1e475d92dd6d',
  action: 'analytics:view',
  outcome: 'ALLOWED'
}
prisma:error 
Invalid `prisma.dataAccessAuditLedger.upsert()` invocation:


Raw query failed. Code: `unknown`. Message: `Kind: Transactions are not supported by this deployment, labels: {}, source: None`
prisma:error 
Invalid `prisma.isolationAttestationLedger.upsert()` invocation:


Raw query failed. Code: `unknown`. Message: `Kind: Transactions are not supported by this deployment, labels: {}, source: None`
FEATURE_GATE_AWAIT_TRACE {
  event: 'end',
  fileName: 'backend/src/services/security/securityGovernanceOS.service.ts',
  redisOps: 'none',
  functionName: 'attestInfraIsolation:isolationAttestationLedger.upsert',
  durationMs: 4,
  cacheStatus: 'none',
  dbQueries: [
    'isolationAttestationLedger.upsert(isolation_attest:a3dfe731e9bf228ee7d2387c)'
  ],
  attestationKey: 'isolation_attest:a3dfe731e9bf228ee7d2387c'
}
FEATURE_GATE_AWAIT_TRACE {
  event: 'end',
  fileName: 'backend/src/services/security/securityGovernanceOS.service.ts',
  redisOps: 'none',
  functionName: 'authorizeAccess:attestInfraIsolation',
  durationMs: 4,
  action: 'analytics:view',
  route: null,
  cacheStatus: 'none',
  dbQueries: [ 'isolationAttestationLedger.create' ]
}
prisma:error 
Invalid `prisma.authEventLedger.upsert()` invocation:


Raw query failed. Code: `unknown`. Message: `Kind: Transactions are not supported by this deployment, labels: {}, source: None`
FEATURE_GATE_AWAIT_TRACE {
  event: 'end',
  fileName: 'backend/src/services/security/securityGovernanceOS.service.ts',
  redisOps: 'none',
  functionName: 'appendAuthEvent:authEventLedger.upsert',
  durationMs: 4,
  cacheStatus: 'none',
  dbQueries: [ 'authEventLedger.upsert(auth_evt:87f1177b5ae05c1e475d92dd6d)' ],
  eventKey: 'auth_evt:87f1177b5ae05c1e475d92dd6d',
  action: 'analytics:view',
  outcome: 'ALLOWED'
}
FEATURE_GATE_AWAIT_TRACE {
  event: 'end',
  fileName: 'backend/src/services/security/securityGovernanceOS.service.ts',
  redisOps: 'none',
  functionName: 'authorizeAccess:appendAuthEvent:authorized',
  durationMs: 4,
  action: 'analytics:view',
  route: null,
  cacheStatus: 'none',
  dbQueries: [ 'authEventLedger.upsert' ]
}
prisma:error 
Invalid `prisma.observabilityEventLedger.findUnique()` invocation:


Raw query failed. Code: `unknown`. Message: `Kind: Server selection timeout: No available servers. Topology: { Type: Unknown, Servers: [ { Address: localhost:27017, Type: Unknown, Error: Kind: I/O error: No connection could be made because the target machine actively refused it. (os error 10061), labels: {}, source: None } ] }, labels: {}, source: None`
prisma:error 
Invalid `prisma.observabilityEventLedger.upsert()` invocation:


Raw query failed. Code: `unknown`. Message: `Kind: Transactions are not supported by this deployment, labels: {}, source: None`
startup_event_loop_lag {
  metric: 'startup_event_loop_lag',
  value: 12,
  businessId: null,
  route: 'startup_isolation',
  metadata: null,
  recordedAt: '2026-07-06T15:06:32.963Z'
}
FEATURE_GATE_AWAIT_TRACE {
  event: 'start',
  fileName: 'backend/src/services/security/securityGovernanceOS.service.ts',
  redisOps: 'none',
  functionName: 'assertAuthorizedAccess:authorizeAccess',
  action: 'analytics:view',
  route: null,
  cacheStatus: 'delegated',
  dbQueries: [ 'see nested FEATURE_GATE_AWAIT_TRACE events' ]
}
FEATURE_GATE_AWAIT_TRACE {
  event: 'start',
  fileName: 'backend/src/services/security/securityGovernanceOS.service.ts',
  redisOps: 'none',
  functionName: 'authorizeAccess:assertTenantIsolation',
  action: 'analytics:view',
  route: null,
  cacheStatus: 'none',
  dbQueries: [ 'tenantIsolationLedger.upsert' ]
}
FEATURE_GATE_AWAIT_TRACE {
  event: 'end',
  fileName: 'backend/src/services/security/securityGovernanceOS.service.ts',
  redisOps: 'none',
  functionName: 'authorizeAccess:assertTenantIsolation',
  durationMs: 1,
  action: 'analytics:view',
  route: null,
  cacheStatus: 'none',
  dbQueries: [ 'tenantIsolationLedger.upsert' ]
}
FEATURE_GATE_AWAIT_TRACE {
  event: 'end',
  fileName: 'backend/src/services/security/securityGovernanceOS.service.ts',
  redisOps: 'none',
  functionName: 'assertAuthorizedAccess:authorizeAccess',
  durationMs: 2,
  action: 'analytics:view',
  route: null,
  cacheStatus: 'delegated',
  dbQueries: [ 'see nested FEATURE_GATE_AWAIT_TRACE events' ]
}
FEATURE_GATE_AWAIT_TRACE {
  event: 'start',
  fileName: 'backend/src/services/security/securityGovernanceOS.service.ts',
  redisOps: 'none',
  functionName: 'authorizeAccess:attestInfraIsolation',
  action: 'analytics:view',
  route: null,
  cacheStatus: 'none',
  dbQueries: [ 'isolationAttestationLedger.create' ]
}
FEATURE_GATE_AWAIT_TRACE {
  event: 'start',
  fileName: 'backend/src/services/security/securityGovernanceOS.service.ts',
  redisOps: 'none',
  functionName: 'attestInfraIsolation:isolationAttestationLedger.upsert',
  cacheStatus: 'none',
  dbQueries: [
    'isolationAttestationLedger.upsert(isolation_attest:b01175e134683d0d926c3a05)'
  ],
  attestationKey: 'isolation_attest:b01175e134683d0d926c3a05'
}
FEATURE_GATE_AWAIT_TRACE {
  event: 'start',
  fileName: 'backend/src/services/security/securityGovernanceOS.service.ts',
  redisOps: 'none',
  functionName: 'authorizeAccess:appendAuthEvent:authorized',
  action: 'analytics:view',
  route: null,
  cacheStatus: 'none',
  dbQueries: [ 'authEventLedger.upsert' ]
}
FEATURE_GATE_AWAIT_TRACE {
  event: 'start',
  fileName: 'backend/src/services/security/securityGovernanceOS.service.ts',
  redisOps: 'none',
  functionName: 'appendAuthEvent:authEventLedger.upsert',
  cacheStatus: 'none',
  dbQueries: [ 'authEventLedger.upsert(auth_evt:a5a9e1139e6d59ea07aa5f7d71)' ],
  eventKey: 'auth_evt:a5a9e1139e6d59ea07aa5f7d71',
  action: 'analytics:view',
  outcome: 'ALLOWED'
}
prisma:error 
Invalid `prisma.dataAccessAuditLedger.upsert()` invocation:


Raw query failed. Code: `unknown`. Message: `Kind: Transactions are not supported by this deployment, labels: {}, source: None`
prisma:error 
Invalid `prisma.isolationAttestationLedger.upsert()` invocation:


Raw query failed. Code: `unknown`. Message: `Kind: Transactions are not supported by this deployment, labels: {}, source: None`
FEATURE_GATE_AWAIT_TRACE {
  event: 'end',
  fileName: 'backend/src/services/security/securityGovernanceOS.service.ts',
  redisOps: 'none',
  functionName: 'attestInfraIsolation:isolationAttestationLedger.upsert',
  durationMs: 3,
  cacheStatus: 'none',
  dbQueries: [
    'isolationAttestationLedger.upsert(isolation_attest:b01175e134683d0d926c3a05)'
  ],
  attestationKey: 'isolation_attest:b01175e134683d0d926c3a05'
}
FEATURE_GATE_AWAIT_TRACE {
  event: 'end',
  fileName: 'backend/src/services/security/securityGovernanceOS.service.ts',
  redisOps: 'none',
  functionName: 'authorizeAccess:attestInfraIsolation',
  durationMs: 3,
  action: 'analytics:view',
  route: null,
  cacheStatus: 'none',
  dbQueries: [ 'isolationAttestationLedger.create' ]
}
prisma:error 
Invalid `prisma.authEventLedger.upsert()` invocation:


Raw query failed. Code: `unknown`. Message: `Kind: Transactions are not supported by this deployment, labels: {}, source: None`
FEATURE_GATE_AWAIT_TRACE {
  event: 'end',
  fileName: 'backend/src/services/security/securityGovernanceOS.service.ts',
  redisOps: 'none',
  functionName: 'appendAuthEvent:authEventLedger.upsert',
  durationMs: 3,
  cacheStatus: 'none',
  dbQueries: [ 'authEventLedger.upsert(auth_evt:a5a9e1139e6d59ea07aa5f7d71)' ],
  eventKey: 'auth_evt:a5a9e1139e6d59ea07aa5f7d71',
  action: 'analytics:view',
  outcome: 'ALLOWED'
}
FEATURE_GATE_AWAIT_TRACE {
  event: 'end',
  fileName: 'backend/src/services/security/securityGovernanceOS.service.ts',
  redisOps: 'none',
  functionName: 'authorizeAccess:appendAuthEvent:authorized',
  durationMs: 3,
  action: 'analytics:view',
  route: null,
  cacheStatus: 'none',
  dbQueries: [ 'authEventLedger.upsert' ]
}
prisma:error 
Invalid `prisma.observabilityEventLedger.findUnique()` invocation:


Raw query failed. Code: `unknown`. Message: `Kind: Server selection timeout: No available servers. Topology: { Type: Unknown, Servers: [ { Address: localhost:27017, Type: Unknown, Error: Kind: I/O error: No connection could be made because the target machine actively refused it. (os error 10061), labels: {}, source: None } ] }, labels: {}, source: None`
prisma:error 
Invalid `prisma.observabilityEventLedger.upsert()` invocation:


Raw query failed. Code: `unknown`. Message: `Kind: Transactions are not supported by this deployment, labels: {}, source: None`
startup_event_loop_lag {
  metric: 'startup_event_loop_lag',
  value: 13,
  businessId: null,
  route: 'startup_isolation',
  metadata: null,
  recordedAt: '2026-07-06T15:06:34.062Z'
}
FEATURE_GATE_AWAIT_TRACE {
  event: 'start',
  fileName: 'backend/src/services/security/securityGovernanceOS.service.ts',
  redisOps: 'none',
  functionName: 'assertAuthorizedAccess:authorizeAccess',
  action: 'analytics:view',
  route: null,
  cacheStatus: 'delegated',
  dbQueries: [ 'see nested FEATURE_GATE_AWAIT_TRACE events' ]
}
FEATURE_GATE_AWAIT_TRACE {
  event: 'start',
  fileName: 'backend/src/services/security/securityGovernanceOS.service.ts',
  redisOps: 'none',
  functionName: 'authorizeAccess:assertTenantIsolation',
  action: 'analytics:view',
  route: null,
  cacheStatus: 'none',
  dbQueries: [ 'tenantIsolationLedger.upsert' ]
}
FEATURE_GATE_AWAIT_TRACE {
  event: 'end',
  fileName: 'backend/src/services/security/securityGovernanceOS.service.ts',
  redisOps: 'none',
  functionName: 'authorizeAccess:assertTenantIsolation',
  durationMs: 1,
  action: 'analytics:view',
  route: null,
  cacheStatus: 'none',
  dbQueries: [ 'tenantIsolationLedger.upsert' ]
}
FEATURE_GATE_AWAIT_TRACE {
  event: 'end',
  fileName: 'backend/src/services/security/securityGovernanceOS.service.ts',
  redisOps: 'none',
  functionName: 'assertAuthorizedAccess:authorizeAccess',
  durationMs: 2,
  action: 'analytics:view',
  route: null,
  cacheStatus: 'delegated',
  dbQueries: [ 'see nested FEATURE_GATE_AWAIT_TRACE events' ]
}
FEATURE_GATE_AWAIT_TRACE {
  event: 'start',
  fileName: 'backend/src/services/security/securityGovernanceOS.service.ts',
  redisOps: 'none',
  functionName: 'authorizeAccess:attestInfraIsolation',
  action: 'analytics:view',
  route: null,
  cacheStatus: 'none',
  dbQueries: [ 'isolationAttestationLedger.create' ]
}
FEATURE_GATE_AWAIT_TRACE {
  event: 'start',
  fileName: 'backend/src/services/security/securityGovernanceOS.service.ts',
  redisOps: 'none',
  functionName: 'attestInfraIsolation:isolationAttestationLedger.upsert',
  cacheStatus: 'none',
  dbQueries: [
    'isolationAttestationLedger.upsert(isolation_attest:2e394b216f1fe49ef94df16a)'
  ],
  attestationKey: 'isolation_attest:2e394b216f1fe49ef94df16a'
}
FEATURE_GATE_AWAIT_TRACE {
  event: 'start',
  fileName: 'backend/src/services/security/securityGovernanceOS.service.ts',
  redisOps: 'none',
  functionName: 'authorizeAccess:appendAuthEvent:authorized',
  action: 'analytics:view',
  route: null,
  cacheStatus: 'none',
  dbQueries: [ 'authEventLedger.upsert' ]
}
FEATURE_GATE_AWAIT_TRACE {
  event: 'start',
  fileName: 'backend/src/services/security/securityGovernanceOS.service.ts',
  redisOps: 'none',
  functionName: 'appendAuthEvent:authEventLedger.upsert',
  cacheStatus: 'none',
  dbQueries: [ 'authEventLedger.upsert(auth_evt:87ec94f0c2b492f3c065d2b083)' ],
  eventKey: 'auth_evt:87ec94f0c2b492f3c065d2b083',
  action: 'analytics:view',
  outcome: 'ALLOWED'
}
prisma:error 
Invalid `prisma.dataAccessAuditLedger.upsert()` invocation:


Raw query failed. Code: `unknown`. Message: `Kind: Transactions are not supported by this deployment, labels: {}, source: None`
prisma:error 
Invalid `prisma.isolationAttestationLedger.upsert()` invocation:


Raw query failed. Code: `unknown`. Message: `Kind: Transactions are not supported by this deployment, labels: {}, source: None`
FEATURE_GATE_AWAIT_TRACE {
  event: 'end',
  fileName: 'backend/src/services/security/securityGovernanceOS.service.ts',
  redisOps: 'none',
  functionName: 'attestInfraIsolation:isolationAttestationLedger.upsert',
  durationMs: 2,
  cacheStatus: 'none',
  dbQueries: [
    'isolationAttestationLedger.upsert(isolation_attest:2e394b216f1fe49ef94df16a)'
  ],
  attestationKey: 'isolation_attest:2e394b216f1fe49ef94df16a'
}
FEATURE_GATE_AWAIT_TRACE {
  event: 'end',
  fileName: 'backend/src/services/security/securityGovernanceOS.service.ts',
  redisOps: 'none',
  functionName: 'authorizeAccess:attestInfraIsolation',
  durationMs: 4,
  action: 'analytics:view',
  route: null,
  cacheStatus: 'none',
  dbQueries: [ 'isolationAttestationLedger.create' ]
}
prisma:error 
Invalid `prisma.authEventLedger.upsert()` invocation:


Raw query failed. Code: `unknown`. Message: `Kind: Transactions are not supported by this deployment, labels: {}, source: None`
FEATURE_GATE_AWAIT_TRACE {
  event: 'end',
  fileName: 'backend/src/services/security/securityGovernanceOS.service.ts',
  redisOps: 'none',
  functionName: 'appendAuthEvent:authEventLedger.upsert',
  durationMs: 3,
  cacheStatus: 'none',
  dbQueries: [ 'authEventLedger.upsert(auth_evt:87ec94f0c2b492f3c065d2b083)' ],
  eventKey: 'auth_evt:87ec94f0c2b492f3c065d2b083',
  action: 'analytics:view',
  outcome: 'ALLOWED'
}
FEATURE_GATE_AWAIT_TRACE {
  event: 'end',
  fileName: 'backend/src/services/security/securityGovernanceOS.service.ts',
  redisOps: 'none',
  functionName: 'authorizeAccess:appendAuthEvent:authorized',
  durationMs: 4,
  action: 'analytics:view',
  route: null,
  cacheStatus: 'none',
  dbQueries: [ 'authEventLedger.upsert' ]
}
prisma:error 
Invalid `prisma.observabilityEventLedger.findUnique()` invocation:


Raw query failed. Code: `unknown`. Message: `Kind: Server selection timeout: No available servers. Topology: { Type: Unknown, Servers: [ { Address: localhost:27017, Type: Unknown, Error: Kind: I/O error: No connection could be made because the target machine actively refused it. (os error 10061), labels: {}, source: None } ] }, labels: {}, source: None`
prisma:error 
Invalid `prisma.observabilityEventLedger.upsert()` invocation:


Raw query failed. Code: `unknown`. Message: `Kind: Transactions are not supported by this deployment, labels: {}, source: None`
startup_event_loop_lag {
  metric: 'startup_event_loop_lag',
  value: 0,
  businessId: null,
  route: 'startup_isolation',
  metadata: null,
  recordedAt: '2026-07-06T15:06:35.145Z'
}
FEATURE_GATE_AWAIT_TRACE {
  event: 'start',
  fileName: 'backend/src/services/security/securityGovernanceOS.service.ts',
  redisOps: 'none',
  functionName: 'assertAuthorizedAccess:authorizeAccess',
  action: 'analytics:view',
  route: null,
  cacheStatus: 'delegated',
  dbQueries: [ 'see nested FEATURE_GATE_AWAIT_TRACE events' ]
}
FEATURE_GATE_AWAIT_TRACE {
  event: 'start',
  fileName: 'backend/src/services/security/securityGovernanceOS.service.ts',
  redisOps: 'none',
  functionName: 'authorizeAccess:assertTenantIsolation',
  action: 'analytics:view',
  route: null,
  cacheStatus: 'none',
  dbQueries: [ 'tenantIsolationLedger.upsert' ]
}
FEATURE_GATE_AWAIT_TRACE {
  event: 'end',
  fileName: 'backend/src/services/security/securityGovernanceOS.service.ts',
  redisOps: 'none',
  functionName: 'authorizeAccess:assertTenantIsolation',
  durationMs: 1,
  action: 'analytics:view',
  route: null,
  cacheStatus: 'none',
  dbQueries: [ 'tenantIsolationLedger.upsert' ]
}
FEATURE_GATE_AWAIT_TRACE {
  event: 'end',
  fileName: 'backend/src/services/security/securityGovernanceOS.service.ts',
  redisOps: 'none',
  functionName: 'assertAuthorizedAccess:authorizeAccess',
  durationMs: 2,
  action: 'analytics:view',
  route: null,
  cacheStatus: 'delegated',
  dbQueries: [ 'see nested FEATURE_GATE_AWAIT_TRACE events' ]
}
FEATURE_GATE_AWAIT_TRACE {
  event: 'start',
  fileName: 'backend/src/services/security/securityGovernanceOS.service.ts',
  redisOps: 'none',
  functionName: 'authorizeAccess:attestInfraIsolation',
  action: 'analytics:view',
  route: null,
  cacheStatus: 'none',
  dbQueries: [ 'isolationAttestationLedger.create' ]
}
FEATURE_GATE_AWAIT_TRACE {
  event: 'start',
  fileName: 'backend/src/services/security/securityGovernanceOS.service.ts',
  redisOps: 'none',
  functionName: 'attestInfraIsolation:isolationAttestationLedger.upsert',
  cacheStatus: 'none',
  dbQueries: [
    'isolationAttestationLedger.upsert(isolation_attest:73fd835cd6e482b7510bb5c4)'
  ],
  attestationKey: 'isolation_attest:73fd835cd6e482b7510bb5c4'
}
FEATURE_GATE_AWAIT_TRACE {
  event: 'start',
  fileName: 'backend/src/services/security/securityGovernanceOS.service.ts',
  redisOps: 'none',
  functionName: 'authorizeAccess:appendAuthEvent:authorized',
  action: 'analytics:view',
  route: null,
  cacheStatus: 'none',
  dbQueries: [ 'authEventLedger.upsert' ]
}
FEATURE_GATE_AWAIT_TRACE {
  event: 'start',
  fileName: 'backend/src/services/security/securityGovernanceOS.service.ts',
  redisOps: 'none',
  functionName: 'appendAuthEvent:authEventLedger.upsert',
  cacheStatus: 'none',
  dbQueries: [ 'authEventLedger.upsert(auth_evt:b7f562cf0e41d1ed0adf14dccd)' ],
  eventKey: 'auth_evt:b7f562cf0e41d1ed0adf14dccd',
  action: 'analytics:view',
  outcome: 'ALLOWED'
}
prisma:error 
Invalid `prisma.dataAccessAuditLedger.upsert()` invocation:


Raw query failed. Code: `unknown`. Message: `Kind: Transactions are not supported by this deployment, labels: {}, source: None`
prisma:error 
Invalid `prisma.isolationAttestationLedger.upsert()` invocation:


Raw query failed. Code: `unknown`. Message: `Kind: Transactions are not supported by this deployment, labels: {}, source: None`
FEATURE_GATE_AWAIT_TRACE {
  event: 'end',
  fileName: 'backend/src/services/security/securityGovernanceOS.service.ts',
  redisOps: 'none',
  functionName: 'attestInfraIsolation:isolationAttestationLedger.upsert',
  durationMs: 2,
  cacheStatus: 'none',
  dbQueries: [
    'isolationAttestationLedger.upsert(isolation_attest:73fd835cd6e482b7510bb5c4)'
  ],
  attestationKey: 'isolation_attest:73fd835cd6e482b7510bb5c4'
}
FEATURE_GATE_AWAIT_TRACE {
  event: 'end',
  fileName: 'backend/src/services/security/securityGovernanceOS.service.ts',
  redisOps: 'none',
  functionName: 'authorizeAccess:attestInfraIsolation',
  durationMs: 3,
  action: 'analytics:view',
  route: null,
  cacheStatus: 'none',
  dbQueries: [ 'isolationAttestationLedger.create' ]
}
prisma:error 
Invalid `prisma.authEventLedger.upsert()` invocation:


Raw query failed. Code: `unknown`. Message: `Kind: Transactions are not supported by this deployment, labels: {}, source: None`
FEATURE_GATE_AWAIT_TRACE {
  event: 'end',
  fileName: 'backend/src/services/security/securityGovernanceOS.service.ts',
  redisOps: 'none',
  functionName: 'appendAuthEvent:authEventLedger.upsert',
  durationMs: 2,
  cacheStatus: 'none',
  dbQueries: [ 'authEventLedger.upsert(auth_evt:b7f562cf0e41d1ed0adf14dccd)' ],
  eventKey: 'auth_evt:b7f562cf0e41d1ed0adf14dccd',
  action: 'analytics:view',
  outcome: 'ALLOWED'
}
FEATURE_GATE_AWAIT_TRACE {
  event: 'end',
  fileName: 'backend/src/services/security/securityGovernanceOS.service.ts',
  redisOps: 'none',
  functionName: 'authorizeAccess:appendAuthEvent:authorized',
  durationMs: 3,
  action: 'analytics:view',
  route: null,
  cacheStatus: 'none',
  dbQueries: [ 'authEventLedger.upsert' ]
}
prisma:error 
Invalid `prisma.observabilityEventLedger.findUnique()` invocation:


Raw query failed. Code: `unknown`. Message: `Kind: Server selection timeout: No available servers. Topology: { Type: Unknown, Servers: [ { Address: localhost:27017, Type: Unknown, Error: Kind: I/O error: No connection could be made because the target machine actively refused it. (os error 10061), labels: {}, source: None } ] }, labels: {}, source: None`
prisma:error 
Invalid `prisma.observabilityEventLedger.upsert()` invocation:


Raw query failed. Code: `unknown`. Message: `Kind: Transactions are not supported by this deployment, labels: {}, source: None`
startup_event_loop_lag {
  metric: 'startup_event_loop_lag',
  value: 1,
  businessId: null,
  route: 'startup_isolation',
  metadata: null,
  recordedAt: '2026-07-06T15:06:36.231Z'
}
FEATURE_GATE_AWAIT_TRACE {
  event: 'start',
  fileName: 'backend/src/services/security/securityGovernanceOS.service.ts',
  redisOps: 'none',
  functionName: 'assertAuthorizedAccess:authorizeAccess',
  action: 'analytics:view',
  route: null,
  cacheStatus: 'delegated',
  dbQueries: [ 'see nested FEATURE_GATE_AWAIT_TRACE events' ]
}
FEATURE_GATE_AWAIT_TRACE {
  event: 'start',
  fileName: 'backend/src/services/security/securityGovernanceOS.service.ts',
  redisOps: 'none',
  functionName: 'authorizeAccess:assertTenantIsolation',
  action: 'analytics:view',
  route: null,
  cacheStatus: 'none',
  dbQueries: [ 'tenantIsolationLedger.upsert' ]
}
FEATURE_GATE_AWAIT_TRACE {
  event: 'end',
  fileName: 'backend/src/services/security/securityGovernanceOS.service.ts',
  redisOps: 'none',
  functionName: 'authorizeAccess:assertTenantIsolation',
  durationMs: 1,
  action: 'analytics:view',
  route: null,
  cacheStatus: 'none',
  dbQueries: [ 'tenantIsolationLedger.upsert' ]
}
FEATURE_GATE_AWAIT_TRACE {
  event: 'end',
  fileName: 'backend/src/services/security/securityGovernanceOS.service.ts',
  redisOps: 'none',
  functionName: 'assertAuthorizedAccess:authorizeAccess',
  durationMs: 3,
  action: 'analytics:view',
  route: null,
  cacheStatus: 'delegated',
  dbQueries: [ 'see nested FEATURE_GATE_AWAIT_TRACE events' ]
}
FEATURE_GATE_AWAIT_TRACE {
  event: 'start',
  fileName: 'backend/src/services/security/securityGovernanceOS.service.ts',
  redisOps: 'none',
  functionName: 'authorizeAccess:attestInfraIsolation',
  action: 'analytics:view',
  route: null,
  cacheStatus: 'none',
  dbQueries: [ 'isolationAttestationLedger.create' ]
}
FEATURE_GATE_AWAIT_TRACE {
  event: 'start',
  fileName: 'backend/src/services/security/securityGovernanceOS.service.ts',
  redisOps: 'none',
  functionName: 'attestInfraIsolation:isolationAttestationLedger.upsert',
  cacheStatus: 'none',
  dbQueries: [
    'isolationAttestationLedger.upsert(isolation_attest:c4e6998694a0e03c17c84ad7)'
  ],
  attestationKey: 'isolation_attest:c4e6998694a0e03c17c84ad7'
}
FEATURE_GATE_AWAIT_TRACE {
  event: 'start',
  fileName: 'backend/src/services/security/securityGovernanceOS.service.ts',
  redisOps: 'none',
  functionName: 'authorizeAccess:appendAuthEvent:authorized',
  action: 'analytics:view',
  route: null,
  cacheStatus: 'none',
  dbQueries: [ 'authEventLedger.upsert' ]
}
FEATURE_GATE_AWAIT_TRACE {
  event: 'start',
  fileName: 'backend/src/services/security/securityGovernanceOS.service.ts',
  redisOps: 'none',
  functionName: 'appendAuthEvent:authEventLedger.upsert',
  cacheStatus: 'none',
  dbQueries: [ 'authEventLedger.upsert(auth_evt:66455ea29d1fad9e7a6df8b81d)' ],
  eventKey: 'auth_evt:66455ea29d1fad9e7a6df8b81d',
  action: 'analytics:view',
  outcome: 'ALLOWED'
}
prisma:error 
Invalid `prisma.dataAccessAuditLedger.upsert()` invocation:


Raw query failed. Code: `unknown`. Message: `Kind: Transactions are not supported by this deployment, labels: {}, source: None`
prisma:error 
Invalid `prisma.isolationAttestationLedger.upsert()` invocation:


Raw query failed. Code: `unknown`. Message: `Kind: Transactions are not supported by this deployment, labels: {}, source: None`
FEATURE_GATE_AWAIT_TRACE {
  event: 'end',
  fileName: 'backend/src/services/security/securityGovernanceOS.service.ts',
  redisOps: 'none',
  functionName: 'attestInfraIsolation:isolationAttestationLedger.upsert',
  durationMs: 3,
  cacheStatus: 'none',
  dbQueries: [
    'isolationAttestationLedger.upsert(isolation_attest:c4e6998694a0e03c17c84ad7)'
  ],
  attestationKey: 'isolation_attest:c4e6998694a0e03c17c84ad7'
}
FEATURE_GATE_AWAIT_TRACE {
  event: 'end',
  fileName: 'backend/src/services/security/securityGovernanceOS.service.ts',
  redisOps: 'none',
  functionName: 'authorizeAccess:attestInfraIsolation',
  durationMs: 4,
  action: 'analytics:view',
  route: null,
  cacheStatus: 'none',
  dbQueries: [ 'isolationAttestationLedger.create' ]
}
prisma:error 
Invalid `prisma.authEventLedger.upsert()` invocation:


Raw query failed. Code: `unknown`. Message: `Kind: Transactions are not supported by this deployment, labels: {}, source: None`
FEATURE_GATE_AWAIT_TRACE {
  event: 'end',
  fileName: 'backend/src/services/security/securityGovernanceOS.service.ts',
  redisOps: 'none',
  functionName: 'appendAuthEvent:authEventLedger.upsert',
  durationMs: 4,
  cacheStatus: 'none',
  dbQueries: [ 'authEventLedger.upsert(auth_evt:66455ea29d1fad9e7a6df8b81d)' ],
  eventKey: 'auth_evt:66455ea29d1fad9e7a6df8b81d',
  action: 'analytics:view',
  outcome: 'ALLOWED'
}
FEATURE_GATE_AWAIT_TRACE {
  event: 'end',
  fileName: 'backend/src/services/security/securityGovernanceOS.service.ts',
  redisOps: 'none',
  functionName: 'authorizeAccess:appendAuthEvent:authorized',
  durationMs: 4,
  action: 'analytics:view',
  route: null,
  cacheStatus: 'none',
  dbQueries: [ 'authEventLedger.upsert' ]
}
prisma:error 
Invalid `prisma.observabilityEventLedger.findUnique()` invocation:


Raw query failed. Code: `unknown`. Message: `Kind: Server selection timeout: No available servers. Topology: { Type: Unknown, Servers: [ { Address: localhost:27017, Type: Unknown, Error: Kind: I/O error: No connection could be made because the target machine actively refused it. (os error 10061), labels: {}, source: None } ] }, labels: {}, source: None`
prisma:error 
Invalid `prisma.observabilityEventLedger.upsert()` invocation:


Raw query failed. Code: `unknown`. Message: `Kind: Transactions are not supported by this deployment, labels: {}, source: None`
startup_event_loop_lag {
  metric: 'startup_event_loop_lag',
  value: 12,
  businessId: null,
  route: 'startup_isolation',
  metadata: null,
  recordedAt: '2026-07-06T15:06:37.323Z'
}
FEATURE_GATE_AWAIT_TRACE {
  event: 'start',
  fileName: 'backend/src/services/security/securityGovernanceOS.service.ts',
  redisOps: 'none',
  functionName: 'assertAuthorizedAccess:authorizeAccess',
  action: 'analytics:view',
  route: null,
  cacheStatus: 'delegated',
  dbQueries: [ 'see nested FEATURE_GATE_AWAIT_TRACE events' ]
}
FEATURE_GATE_AWAIT_TRACE {
  event: 'start',
  fileName: 'backend/src/services/security/securityGovernanceOS.service.ts',
  redisOps: 'none',
  functionName: 'authorizeAccess:assertTenantIsolation',
  action: 'analytics:view',
  route: null,
  cacheStatus: 'none',
  dbQueries: [ 'tenantIsolationLedger.upsert' ]
}
FEATURE_GATE_AWAIT_TRACE {
  event: 'end',
  fileName: 'backend/src/services/security/securityGovernanceOS.service.ts',
  redisOps: 'none',
  functionName: 'authorizeAccess:assertTenantIsolation',
  durationMs: 0,
  action: 'analytics:view',
  route: null,
  cacheStatus: 'none',
  dbQueries: [ 'tenantIsolationLedger.upsert' ]
}
FEATURE_GATE_AWAIT_TRACE {
  event: 'end',
  fileName: 'backend/src/services/security/securityGovernanceOS.service.ts',
  redisOps: 'none',
  functionName: 'assertAuthorizedAccess:authorizeAccess',
  durationMs: 1,
  action: 'analytics:view',
  route: null,
  cacheStatus: 'delegated',
  dbQueries: [ 'see nested FEATURE_GATE_AWAIT_TRACE events' ]
}
FEATURE_GATE_AWAIT_TRACE {
  event: 'start',
  fileName: 'backend/src/services/security/securityGovernanceOS.service.ts',
  redisOps: 'none',
  functionName: 'authorizeAccess:attestInfraIsolation',
  action: 'analytics:view',
  route: null,
  cacheStatus: 'none',
  dbQueries: [ 'isolationAttestationLedger.create' ]
}
FEATURE_GATE_AWAIT_TRACE {
  event: 'start',
  fileName: 'backend/src/services/security/securityGovernanceOS.service.ts',
  redisOps: 'none',
  functionName: 'attestInfraIsolation:isolationAttestationLedger.upsert',
  cacheStatus: 'none',
  dbQueries: [
    'isolationAttestationLedger.upsert(isolation_attest:45b119fd3e426ea9c0a7c040)'
  ],
  attestationKey: 'isolation_attest:45b119fd3e426ea9c0a7c040'
}
FEATURE_GATE_AWAIT_TRACE {
  event: 'start',
  fileName: 'backend/src/services/security/securityGovernanceOS.service.ts',
  redisOps: 'none',
  functionName: 'authorizeAccess:appendAuthEvent:authorized',
  action: 'analytics:view',
  route: null,
  cacheStatus: 'none',
  dbQueries: [ 'authEventLedger.upsert' ]
}
FEATURE_GATE_AWAIT_TRACE {
  event: 'start',
  fileName: 'backend/src/services/security/securityGovernanceOS.service.ts',
  redisOps: 'none',
  functionName: 'appendAuthEvent:authEventLedger.upsert',
  cacheStatus: 'none',
  dbQueries: [ 'authEventLedger.upsert(auth_evt:9986ee36a0d521205a73b34fc5)' ],
  eventKey: 'auth_evt:9986ee36a0d521205a73b34fc5',
  action: 'analytics:view',
  outcome: 'ALLOWED'
}
prisma:error 
Invalid `prisma.dataAccessAuditLedger.upsert()` invocation:


Raw query failed. Code: `unknown`. Message: `Kind: Transactions are not supported by this deployment, labels: {}, source: None`
prisma:error 
Invalid `prisma.isolationAttestationLedger.upsert()` invocation:


Raw query failed. Code: `unknown`. Message: `Kind: Transactions are not supported by this deployment, labels: {}, source: None`
FEATURE_GATE_AWAIT_TRACE {
  event: 'end',
  fileName: 'backend/src/services/security/securityGovernanceOS.service.ts',
  redisOps: 'none',
  functionName: 'attestInfraIsolation:isolationAttestationLedger.upsert',
  durationMs: 2,
  cacheStatus: 'none',
  dbQueries: [
    'isolationAttestationLedger.upsert(isolation_attest:45b119fd3e426ea9c0a7c040)'
  ],
  attestationKey: 'isolation_attest:45b119fd3e426ea9c0a7c040'
}
FEATURE_GATE_AWAIT_TRACE {
  event: 'end',
  fileName: 'backend/src/services/security/securityGovernanceOS.service.ts',
  redisOps: 'none',
  functionName: 'authorizeAccess:attestInfraIsolation',
  durationMs: 3,
  action: 'analytics:view',
  route: null,
  cacheStatus: 'none',
  dbQueries: [ 'isolationAttestationLedger.create' ]
}
prisma:error 
Invalid `prisma.authEventLedger.upsert()` invocation:


Raw query failed. Code: `unknown`. Message: `Kind: Transactions are not supported by this deployment, labels: {}, source: None`
FEATURE_GATE_AWAIT_TRACE {
  event: 'end',
  fileName: 'backend/src/services/security/securityGovernanceOS.service.ts',
  redisOps: 'none',
  functionName: 'appendAuthEvent:authEventLedger.upsert',
  durationMs: 3,
  cacheStatus: 'none',
  dbQueries: [ 'authEventLedger.upsert(auth_evt:9986ee36a0d521205a73b34fc5)' ],
  eventKey: 'auth_evt:9986ee36a0d521205a73b34fc5',
  action: 'analytics:view',
  outcome: 'ALLOWED'
}
FEATURE_GATE_AWAIT_TRACE {
  event: 'end',
  fileName: 'backend/src/services/security/securityGovernanceOS.service.ts',
  redisOps: 'none',
  functionName: 'authorizeAccess:appendAuthEvent:authorized',
  durationMs: 4,
  action: 'analytics:view',
  route: null,
  cacheStatus: 'none',
  dbQueries: [ 'authEventLedger.upsert' ]
}
prisma:error 
Invalid `prisma.observabilityEventLedger.findUnique()` invocation:


Raw query failed. Code: `unknown`. Message: `Kind: Server selection timeout: No available servers. Topology: { Type: Unknown, Servers: [ { Address: localhost:27017, Type: Unknown, Error: Kind: I/O error: No connection could be made because the target machine actively refused it. (os error 10061), labels: {}, source: None } ] }, labels: {}, source: None`
prisma:error 
Invalid `prisma.observabilityEventLedger.upsert()` invocation:


Raw query failed. Code: `unknown`. Message: `Kind: Transactions are not supported by this deployment, labels: {}, source: None`
startup_event_loop_lag {
  metric: 'startup_event_loop_lag',
  value: 5,
  businessId: null,
  route: 'startup_isolation',
  metadata: null,
  recordedAt: '2026-07-06T15:06:38.398Z'
}
FEATURE_GATE_AWAIT_TRACE {
  event: 'start',
  fileName: 'backend/src/services/security/securityGovernanceOS.service.ts',
  redisOps: 'none',
  functionName: 'assertAuthorizedAccess:authorizeAccess',
  action: 'analytics:view',
  route: null,
  cacheStatus: 'delegated',
  dbQueries: [ 'see nested FEATURE_GATE_AWAIT_TRACE events' ]
}
FEATURE_GATE_AWAIT_TRACE {
  event: 'start',
  fileName: 'backend/src/services/security/securityGovernanceOS.service.ts',
  redisOps: 'none',
  functionName: 'authorizeAccess:assertTenantIsolation',
  action: 'analytics:view',
  route: null,
  cacheStatus: 'none',
  dbQueries: [ 'tenantIsolationLedger.upsert' ]
}
FEATURE_GATE_AWAIT_TRACE {
  event: 'end',
  fileName: 'backend/src/services/security/securityGovernanceOS.service.ts',
  redisOps: 'none',
  functionName: 'authorizeAccess:assertTenantIsolation',
  durationMs: 1,
  action: 'analytics:view',
  route: null,
  cacheStatus: 'none',
  dbQueries: [ 'tenantIsolationLedger.upsert' ]
}
FEATURE_GATE_AWAIT_TRACE {
  event: 'end',
  fileName: 'backend/src/services/security/securityGovernanceOS.service.ts',
  redisOps: 'none',
  functionName: 'assertAuthorizedAccess:authorizeAccess',
  durationMs: 1,
  action: 'analytics:view',
  route: null,
  cacheStatus: 'delegated',
  dbQueries: [ 'see nested FEATURE_GATE_AWAIT_TRACE events' ]
}
FEATURE_GATE_AWAIT_TRACE {
  event: 'start',
  fileName: 'backend/src/services/security/securityGovernanceOS.service.ts',
  redisOps: 'none',
  functionName: 'authorizeAccess:attestInfraIsolation',
  action: 'analytics:view',
  route: null,
  cacheStatus: 'none',
  dbQueries: [ 'isolationAttestationLedger.create' ]
}
FEATURE_GATE_AWAIT_TRACE {
  event: 'start',
  fileName: 'backend/src/services/security/securityGovernanceOS.service.ts',
  redisOps: 'none',
  functionName: 'attestInfraIsolation:isolationAttestationLedger.upsert',
  cacheStatus: 'none',
  dbQueries: [
    'isolationAttestationLedger.upsert(isolation_attest:41a2035f0f5f28d8d9f1786c)'
  ],
  attestationKey: 'isolation_attest:41a2035f0f5f28d8d9f1786c'
}
FEATURE_GATE_AWAIT_TRACE {
  event: 'start',
  fileName: 'backend/src/services/security/securityGovernanceOS.service.ts',
  redisOps: 'none',
  functionName: 'authorizeAccess:appendAuthEvent:authorized',
  action: 'analytics:view',
  route: null,
  cacheStatus: 'none',
  dbQueries: [ 'authEventLedger.upsert' ]
}
FEATURE_GATE_AWAIT_TRACE {
  event: 'start',
  fileName: 'backend/src/services/security/securityGovernanceOS.service.ts',
  redisOps: 'none',
  functionName: 'appendAuthEvent:authEventLedger.upsert',
  cacheStatus: 'none',
  dbQueries: [ 'authEventLedger.upsert(auth_evt:56d96b242c0db3a832b832338d)' ],
  eventKey: 'auth_evt:56d96b242c0db3a832b832338d',
  action: 'analytics:view',
  outcome: 'ALLOWED'
}
prisma:error 
Invalid `prisma.dataAccessAuditLedger.upsert()` invocation:


Raw query failed. Code: `unknown`. Message: `Kind: Transactions are not supported by this deployment, labels: {}, source: None`
prisma:error 
Invalid `prisma.isolationAttestationLedger.upsert()` invocation:


Raw query failed. Code: `unknown`. Message: `Kind: Transactions are not supported by this deployment, labels: {}, source: None`
FEATURE_GATE_AWAIT_TRACE {
  event: 'end',
  fileName: 'backend/src/services/security/securityGovernanceOS.service.ts',
  redisOps: 'none',
  functionName: 'attestInfraIsolation:isolationAttestationLedger.upsert',
  durationMs: 2,
  cacheStatus: 'none',
  dbQueries: [
    'isolationAttestationLedger.upsert(isolation_attest:41a2035f0f5f28d8d9f1786c)'
  ],
  attestationKey: 'isolation_attest:41a2035f0f5f28d8d9f1786c'
}
FEATURE_GATE_AWAIT_TRACE {
  event: 'end',
  fileName: 'backend/src/services/security/securityGovernanceOS.service.ts',
  redisOps: 'none',
  functionName: 'authorizeAccess:attestInfraIsolation',
  durationMs: 3,
  action: 'analytics:view',
  route: null,
  cacheStatus: 'none',
  dbQueries: [ 'isolationAttestationLedger.create' ]
}
prisma:error 
Invalid `prisma.authEventLedger.upsert()` invocation:


Raw query failed. Code: `unknown`. Message: `Kind: Transactions are not supported by this deployment, labels: {}, source: None`
FEATURE_GATE_AWAIT_TRACE {
  event: 'end',
  fileName: 'backend/src/services/security/securityGovernanceOS.service.ts',
  redisOps: 'none',
  functionName: 'appendAuthEvent:authEventLedger.upsert',
  durationMs: 2,
  cacheStatus: 'none',
  dbQueries: [ 'authEventLedger.upsert(auth_evt:56d96b242c0db3a832b832338d)' ],
  eventKey: 'auth_evt:56d96b242c0db3a832b832338d',
  action: 'analytics:view',
  outcome: 'ALLOWED'
}
FEATURE_GATE_AWAIT_TRACE {
  event: 'end',
  fileName: 'backend/src/services/security/securityGovernanceOS.service.ts',
  redisOps: 'none',
  functionName: 'authorizeAccess:appendAuthEvent:authorized',
  durationMs: 3,
  action: 'analytics:view',
  route: null,
  cacheStatus: 'none',
  dbQueries: [ 'authEventLedger.upsert' ]
}
prisma:error 
Invalid `prisma.observabilityEventLedger.findUnique()` invocation:


Raw query failed. Code: `unknown`. Message: `Kind: Server selection timeout: No available servers. Topology: { Type: Unknown, Servers: [ { Address: localhost:27017, Type: Unknown, Error: Kind: I/O error: No connection could be made because the target machine actively refused it. (os error 10061), labels: {}, source: None } ] }, labels: {}, source: None`
prisma:error 
Invalid `prisma.observabilityEventLedger.upsert()` invocation:


Raw query failed. Code: `unknown`. Message: `Kind: Transactions are not supported by this deployment, labels: {}, source: None`
prisma:error 
Invalid `prisma.observabilityEventLedger.findUnique()` invocation:


Raw query failed. Code: `unknown`. Message: `Kind: Server selection timeout: No available servers. Topology: { Type: Unknown, Servers: [ { Address: localhost:27017, Type: Unknown, Error: Kind: I/O error: No connection could be made because the target machine actively refused it. (os error 10061), labels: {}, source: None } ] }, labels: {}, source: None`
prisma:error 
Invalid `prisma.paymentIntentLedger.findMany()` invocation:


Raw query failed. Code: `unknown`. Message: `Kind: Server selection timeout: No available servers. Topology: { Type: Unknown, Servers: [ { Address: localhost:27017, Type: Unknown, Error: Kind: I/O error: No connection could be made because the target machine actively refused it. (os error 10061), labels: {}, source: None } ] }, labels: {}, source: None`
prisma:error 
Invalid `prisma.externalCommerceIdempotency.findMany()` invocation:


Raw query failed. Code: `unknown`. Message: `Kind: Server selection timeout: No available servers. Topology: { Type: Unknown, Servers: [ { Address: localhost:27017, Type: Unknown, Error: Kind: I/O error: No connection could be made because the target machine actively refused it. (os error 10061), labels: {}, source: None } ] }, labels: {}, source: None`
prisma:error 
Invalid `prisma.observabilityEventLedger.upsert()` invocation:


Raw query failed. Code: `unknown`. Message: `Kind: Transactions are not supported by this deployment, labels: {}, source: None`
prisma:error 
Invalid `prisma.observabilityEventLedger.findUnique()` invocation:


Raw query failed. Code: `unknown`. Message: `Kind: Server selection timeout: No available servers. Topology: { Type: Unknown, Servers: [ { Address: localhost:27017, Type: Unknown, Error: Kind: I/O error: No connection could be made because the target machine actively refused it. (os error 10061), labels: {}, source: None } ] }, labels: {}, source: None`
prisma:error 
Invalid `prisma.observabilityEventLedger.upsert()` invocation:


Raw query failed. Code: `unknown`. Message: `Kind: Transactions are not supported by this deployment, labels: {}, source: None`
{"level":30,"time":1783350400893,"traceId":null,"correlationId":null,"tenantId":null,"leadId":null,"interactionId":null,"appointmentId":null,"proposalId":null,"contractId":null,"paymentId":null,"queueJobId":null,"workerId":null,"provider":null,"severity":"info","component":"runtime","phase":"operations","version":"phase6a.v1","reason":"startup_boot","msg":"Starting critical-only prewarm pipeline..."}
{"level":40,"time":1783350400893,"traceId":null,"correlationId":null,"tenantId":null,"leadId":null,"interactionId":null,"appointmentId":null,"proposalId":null,"contractId":null,"paymentId":null,"queueJobId":null,"workerId":null,"provider":null,"severity":"info","component":"runtime","phase":"operations","version":"phase6a.v1","err":{"type":"Error","message":"REDIS_URL must use rediss:// (or redis:// in integration/test mode)","stack":"Error: REDIS_URL must use rediss:// (or redis:// in integration/test mode)\n    at buildRedisOptions (D:\\sylph-ai\\backend\\dist\\config\\redis.js:61:15)\n    at createRedisClient (D:\\sylph-ai\\backend\\dist\\config\\redis.js:128:63)\n    at ensureSharedRedisClient (D:\\sylph-ai\\backend\\dist\\config\\redis.js:307:39)\n    at getSharedRedisConnection (D:\\sylph-ai\\backend\\dist\\config\\redis.js:471:40)\n    at D:\\sylph-ai\\backend\\dist\\services\\prewarm.service.js:49:69\n    at Object.triggerAsyncPrewarm (D:\\sylph-ai\\backend\\dist\\services\\prewarm.service.js:112:11)\n    at checkAndRunPrewarm (D:\\sylph-ai\\backend\\dist\\server.js:301:46)\n    at scheduleBackgroundStartupTask.priority (D:\\sylph-ai\\backend\\dist\\server.js:310:13)"},"msg":"Error during prewarm pipeline execution"}
prisma:error 
Invalid `prisma.observabilityEventLedger.findUnique()` invocation:


Raw query failed. Code: `unknown`. Message: `Kind: Server selection timeout: No available servers. Topology: { Type: Unknown, Servers: [ { Address: localhost:27017, Type: Unknown, Error: Kind: I/O error: No connection could be made because the target machine actively refused it. (os error 10061), labels: {}, source: None } ] }, labels: {}, source: None`
prisma:error 
Invalid `prisma.observabilityEventLedger.upsert()` invocation:


Raw query failed. Code: `unknown`. Message: `Kind: Transactions are not supported by this deployment, labels: {}, source: None`
prisma:error 
Invalid `prisma.observabilityEventLedger.findUnique()` invocation:


Raw query failed. Code: `unknown`. Message: `Kind: Server selection timeout: No available servers. Topology: { Type: Unknown, Servers: [ { Address: localhost:27017, Type: Unknown, Error: Kind: I/O error: No connection could be made because the target machine actively refused it. (os error 10061), labels: {}, source: None } ] }, labels: {}, source: None`
prisma:error 
Invalid `prisma.observabilityEventLedger.upsert()` invocation:


Raw query failed. Code: `unknown`. Message: `Kind: Transactions are not supported by this deployment, labels: {}, source: None`
prisma:error 
Invalid `prisma.observabilityEventLedger.findUnique()` invocation:


Raw query failed. Code: `unknown`. Message: `Kind: Server selection timeout: No available servers. Topology: { Type: Unknown, Servers: [ { Address: localhost:27017, Type: Unknown, Error: Kind: I/O error: No connection could be made because the target machine actively refused it. (os error 10061), labels: {}, source: None } ] }, labels: {}, source: None`
prisma:error 
Invalid `prisma.observabilityEventLedger.upsert()` invocation:


Raw query failed. Code: `unknown`. Message: `Kind: Transactions are not supported by this deployment, labels: {}, source: None`
prisma:error 
Invalid `prisma.observabilityEventLedger.findUnique()` invocation:


Raw query failed. Code: `unknown`. Message: `Kind: Server selection timeout: No available servers. Topology: { Type: Unknown, Servers: [ { Address: localhost:27017, Type: Unknown, Error: Kind: I/O error: No connection could be made because the target machine actively refused it. (os error 10061), labels: {}, source: None } ] }, labels: {}, source: None`
prisma:error 
Invalid `prisma.observabilityEventLedger.upsert()` invocation:


Raw query failed. Code: `unknown`. Message: `Kind: Transactions are not supported by this deployment, labels: {}, source: None`
prisma:error 
Invalid `prisma.observabilityEventLedger.findUnique()` invocation:


Raw query failed. Code: `unknown`. Message: `Kind: Server selection timeout: No available servers. Topology: { Type: Unknown, Servers: [ { Address: localhost:27017, Type: Unknown, Error: Kind: I/O error: No connection could be made because the target machine actively refused it. (os error 10061), labels: {}, source: None } ] }, labels: {}, source: None`
prisma:error 
Invalid `prisma.observabilityEventLedger.upsert()` invocation:


Raw query failed. Code: `unknown`. Message: `Kind: Transactions are not supported by this deployment, labels: {}, source: None`
prisma:error 
Invalid `prisma.observabilityEventLedger.findUnique()` invocation:


Raw query failed. Code: `unknown`. Message: `Kind: Server selection timeout: No available servers. Topology: { Type: Unknown, Servers: [ { Address: localhost:27017, Type: Unknown, Error: Kind: I/O error: No connection could be made because the target machine actively refused it. (os error 10061), labels: {}, source: None } ] }, labels: {}, source: None`
prisma:error 
Invalid `prisma.observabilityEventLedger.upsert()` invocation:


Raw query failed. Code: `unknown`. Message: `Kind: Transactions are not supported by this deployment, labels: {}, source: None`
prisma:error 
Invalid `prisma.observabilityEventLedger.findUnique()` invocation:


Raw query failed. Code: `unknown`. Message: `Kind: Server selection timeout: No available servers. Topology: { Type: Unknown, Servers: [ { Address: localhost:27017, Type: Unknown, Error: Kind: I/O error: No connection could be made because the target machine actively refused it. (os error 10061), labels: {}, source: None } ] }, labels: {}, source: None`
prisma:error 
Invalid `prisma.observabilityEventLedger.upsert()` invocation:


Raw query failed. Code: `unknown`. Message: `Kind: Transactions are not supported by this deployment, labels: {}, source: None`
prisma:error 
Invalid `prisma.observabilityEventLedger.findUnique()` invocation:


Raw query failed. Code: `unknown`. Message: `Kind: Server selection timeout: No available servers. Topology: { Type: Unknown, Servers: [ { Address: localhost:27017, Type: Unknown, Error: Kind: I/O error: No connection could be made because the target machine actively refused it. (os error 10061), labels: {}, source: None } ] }, labels: {}, source: None`
prisma:error 
Invalid `prisma.observabilityEventLedger.upsert()` invocation:


Raw query failed. Code: `unknown`. Message: `Kind: Transactions are not supported by this deployment, labels: {}, source: None`
prisma:error 
Invalid `prisma.observabilityEventLedger.findUnique()` invocation:


Raw query failed. Code: `unknown`. Message: `Kind: Server selection timeout: No available servers. Topology: { Type: Unknown, Servers: [ { Address: localhost:27017, Type: Unknown, Error: Kind: I/O error: No connection could be made because the target machine actively refused it. (os error 10061), labels: {}, source: None } ] }, labels: {}, source: None`
prisma:error 
Invalid `prisma.observabilityEventLedger.upsert()` invocation:


Raw query failed. Code: `unknown`. Message: `Kind: Transactions are not supported by this deployment, labels: {}, source: None`
prisma:error 
Invalid `prisma.observabilityEventLedger.findUnique()` invocation:


Raw query failed. Code: `unknown`. Message: `Kind: Server selection timeout: No available servers. Topology: { Type: Unknown, Servers: [ { Address: localhost:27017, Type: Unknown, Error: Kind: I/O error: No connection could be made because the target machine actively refused it. (os error 10061), labels: {}, source: None } ] }, labels: {}, source: None`
prisma:error 
Invalid `prisma.observabilityEventLedger.upsert()` invocation:


Raw query failed. Code: `unknown`. Message: `Kind: Transactions are not supported by this deployment, labels: {}, source: None`
prisma:error 
Invalid `prisma.observabilityEventLedger.findUnique()` invocation:


Raw query failed. Code: `unknown`. Message: `Kind: Server selection timeout: No available servers. Topology: { Type: Unknown, Servers: [ { Address: localhost:27017, Type: Unknown, Error: Kind: I/O error: No connection could be made because the target machine actively refused it. (os error 10061), labels: {}, source: None } ] }, labels: {}, source: None`
prisma:error 
Invalid `prisma.observabilityEventLedger.upsert()` invocation:


Raw query failed. Code: `unknown`. Message: `Kind: Transactions are not supported by this deployment, labels: {}, source: None`
prisma:error 
Invalid `prisma.observabilityEventLedger.findUnique()` invocation:


Raw query failed. Code: `unknown`. Message: `Kind: Server selection timeout: No available servers. Topology: { Type: Unknown, Servers: [ { Address: localhost:27017, Type: Unknown, Error: Kind: I/O error: No connection could be made because the target machine actively refused it. (os error 10061), labels: {}, source: None } ] }, labels: {}, source: None`
prisma:error 
Invalid `prisma.observabilityEventLedger.upsert()` invocation:


Raw query failed. Code: `unknown`. Message: `Kind: Transactions are not supported by this deployment, labels: {}, source: None`
prisma:error 
Invalid `prisma.observabilityEventLedger.findUnique()` invocation:


Raw query failed. Code: `unknown`. Message: `Kind: Server selection timeout: No available servers. Topology: { Type: Unknown, Servers: [ { Address: localhost:27017, Type: Unknown, Error: Kind: I/O error: No connection could be made because the target machine actively refused it. (os error 10061), labels: {}, source: None } ] }, labels: {}, source: None`
prisma:error 
Invalid `prisma.observabilityEventLedger.upsert()` invocation:


Raw query failed. Code: `unknown`. Message: `Kind: Transactions are not supported by this deployment, labels: {}, source: None`
prisma:error 
Invalid `prisma.observabilityEventLedger.findUnique()` invocation:


Raw query failed. Code: `unknown`. Message: `Kind: Server selection timeout: No available servers. Topology: { Type: Unknown, Servers: [ { Address: localhost:27017, Type: Unknown, Error: Kind: I/O error: No connection could be made because the target machine actively refused it. (os error 10061), labels: {}, source: None } ] }, labels: {}, source: None`
prisma:error 
Invalid `prisma.observabilityEventLedger.upsert()` invocation:


Raw query failed. Code: `unknown`. Message: `Kind: Transactions are not supported by this deployment, labels: {}, source: None`
prisma:error 
Invalid `prisma.observabilityEventLedger.findUnique()` invocation:


Raw query failed. Code: `unknown`. Message: `Kind: Server selection timeout: No available servers. Topology: { Type: Unknown, Servers: [ { Address: localhost:27017, Type: Unknown, Error: Kind: I/O error: No connection could be made because the target machine actively refused it. (os error 10061), labels: {}, source: None } ] }, labels: {}, source: None`
prisma:error 
Invalid `prisma.observabilityEventLedger.upsert()` invocation:


Raw query failed. Code: `unknown`. Message: `Kind: Transactions are not supported by this deployment, labels: {}, source: None`
prisma:error 
Invalid `prisma.observabilityEventLedger.findUnique()` invocation:


Raw query failed. Code: `unknown`. Message: `Kind: Server selection timeout: No available servers. Topology: { Type: Unknown, Servers: [ { Address: localhost:27017, Type: Unknown, Error: Kind: I/O error: No connection could be made because the target machine actively refused it. (os error 10061), labels: {}, source: None } ] }, labels: {}, source: None`
prisma:error 
Invalid `prisma.observabilityEventLedger.upsert()` invocation:


Raw query failed. Code: `unknown`. Message: `Kind: Transactions are not supported by this deployment, labels: {}, source: None`
prisma:error 
Invalid `prisma.observabilityEventLedger.findUnique()` invocation:


Raw query failed. Code: `unknown`. Message: `Kind: Server selection timeout: No available servers. Topology: { Type: Unknown, Servers: [ { Address: localhost:27017, Type: Unknown, Error: Kind: I/O error: No connection could be made because the target machine actively refused it. (os error 10061), labels: {}, source: None } ] }, labels: {}, source: None`
prisma:error 
Invalid `prisma.observabilityEventLedger.upsert()` invocation:


Raw query failed. Code: `unknown`. Message: `Kind: Transactions are not supported by this deployment, labels: {}, source: None`
prisma:error 
Invalid `prisma.observabilityEventLedger.findUnique()` invocation:


Raw query failed. Code: `unknown`. Message: `Kind: Server selection timeout: No available servers. Topology: { Type: Unknown, Servers: [ { Address: localhost:27017, Type: Unknown, Error: Kind: I/O error: No connection could be made because the target machine actively refused it. (os error 10061), labels: {}, source: None } ] }, labels: {}, source: None`
prisma:error 
Invalid `prisma.observabilityEventLedger.upsert()` invocation:


Raw query failed. Code: `unknown`. Message: `Kind: Transactions are not supported by this deployment, labels: {}, source: None`
prisma:error 
Invalid `prisma.observabilityEventLedger.findUnique()` invocation:


Raw query failed. Code: `unknown`. Message: `Kind: Server selection timeout: No available servers. Topology: { Type: Unknown, Servers: [ { Address: localhost:27017, Type: Unknown, Error: Kind: I/O error: No connection could be made because the target machine actively refused it. (os error 10061), labels: {}, source: None } ] }, labels: {}, source: None`
prisma:error 
Invalid `prisma.observabilityEventLedger.upsert()` invocation:


Raw query failed. Code: `unknown`. Message: `Kind: Transactions are not supported by this deployment, labels: {}, source: None`
prisma:error 
Invalid `prisma.observabilityEventLedger.findUnique()` invocation:


Raw query failed. Code: `unknown`. Message: `Kind: Server selection timeout: No available servers. Topology: { Type: Unknown, Servers: [ { Address: localhost:27017, Type: Unknown, Error: Kind: I/O error: No connection could be made because the target machine actively refused it. (os error 10061), labels: {}, source: None } ] }, labels: {}, source: None`
prisma:error 
Invalid `prisma.observabilityEventLedger.upsert()` invocation:


Raw query failed. Code: `unknown`. Message: `Kind: Transactions are not supported by this deployment, labels: {}, source: None`
prisma:error 
Invalid `prisma.observabilityEventLedger.findUnique()` invocation:


Raw query failed. Code: `unknown`. Message: `Kind: Server selection timeout: No available servers. Topology: { Type: Unknown, Servers: [ { Address: localhost:27017, Type: Unknown, Error: Kind: I/O error: No connection could be made because the target machine actively refused it. (os error 10061), labels: {}, source: None } ] }, labels: {}, source: None`
prisma:error 
Invalid `prisma.observabilityEventLedger.upsert()` invocation:


Raw query failed. Code: `unknown`. Message: `Kind: Transactions are not supported by this deployment, labels: {}, source: None`
prisma:error 
Invalid `prisma.observabilityEventLedger.findUnique()` invocation:


Raw query failed. Code: `unknown`. Message: `Kind: Server selection timeout: No available servers. Topology: { Type: Unknown, Servers: [ { Address: localhost:27017, Type: Unknown, Error: Kind: I/O error: No connection could be made because the target machine actively refused it. (os error 10061), labels: {}, source: None } ] }, labels: {}, source: None`
prisma:error 
Invalid `prisma.observabilityEventLedger.upsert()` invocation:


Raw query failed. Code: `unknown`. Message: `Kind: Transactions are not supported by this deployment, labels: {}, source: None`
prisma:error 
Invalid `prisma.observabilityEventLedger.findUnique()` invocation:


Raw query failed. Code: `unknown`. Message: `Kind: Server selection timeout: No available servers. Topology: { Type: Unknown, Servers: [ { Address: localhost:27017, Type: Unknown, Error: Kind: I/O error: No connection could be made because the target machine actively refused it. (os error 10061), labels: {}, source: None } ] }, labels: {}, source: None`
prisma:error 
Invalid `prisma.observabilityEventLedger.upsert()` invocation:


Raw query failed. Code: `unknown`. Message: `Kind: Transactions are not supported by this deployment, labels: {}, source: None`
prisma:error 
Invalid `prisma.observabilityEventLedger.findUnique()` invocation:


Raw query failed. Code: `unknown`. Message: `Kind: Server selection timeout: No available servers. Topology: { Type: Unknown, Servers: [ { Address: localhost:27017, Type: Unknown, Error: Kind: I/O error: No connection could be made because the target machine actively refused it. (os error 10061), labels: {}, source: None } ] }, labels: {}, source: None`
prisma:error 
Invalid `prisma.observabilityEventLedger.upsert()` invocation:


Raw query failed. Code: `unknown`. Message: `Kind: Transactions are not supported by this deployment, labels: {}, source: None`
prisma:error 
Invalid `prisma.observabilityEventLedger.findUnique()` invocation:


Raw query failed. Code: `unknown`. Message: `Kind: Server selection timeout: No available servers. Topology: { Type: Unknown, Servers: [ { Address: localhost:27017, Type: Unknown, Error: Kind: I/O error: No connection could be made because the target machine actively refused it. (os error 10061), labels: {}, source: None } ] }, labels: {}, source: None`
prisma:error 
Invalid `prisma.observabilityEventLedger.upsert()` invocation:


Raw query failed. Code: `unknown`. Message: `Kind: Transactions are not supported by this deployment, labels: {}, source: None`
prisma:error 
Invalid `prisma.observabilityEventLedger.findUnique()` invocation:


Raw query failed. Code: `unknown`. Message: `Kind: Server selection timeout: No available servers. Topology: { Type: Unknown, Servers: [ { Address: localhost:27017, Type: Unknown, Error: Kind: I/O error: No connection could be made because the target machine actively refused it. (os error 10061), labels: {}, source: None } ] }, labels: {}, source: None`
prisma:error 
Invalid `prisma.observabilityEventLedger.upsert()` invocation:


Raw query failed. Code: `unknown`. Message: `Kind: Transactions are not supported by this deployment, labels: {}, source: None`
prisma:error 
Invalid `prisma.observabilityEventLedger.findUnique()` invocation:


Raw query failed. Code: `unknown`. Message: `Kind: Server selection timeout: No available servers. Topology: { Type: Unknown, Servers: [ { Address: localhost:27017, Type: Unknown, Error: Kind: I/O error: No connection could be made because the target machine actively refused it. (os error 10061), labels: {}, source: None } ] }, labels: {}, source: None`
prisma:error 
Invalid `prisma.observabilityEventLedger.upsert()` invocation:


Raw query failed. Code: `unknown`. Message: `Kind: Transactions are not supported by this deployment, labels: {}, source: None`
prisma:error 
Invalid `prisma.infrastructureRecoveryLedger.count()` invocation:


Raw query failed. Code: `unknown`. Message: `Kind: Server selection timeout: No available servers. Topology: { Type: Unknown, Servers: [ { Address: localhost:27017, Type: Unknown, Error: Kind: I/O error: No connection could be made because the target machine actively refused it. (os error 10061), labels: {}, source: None } ] }, labels: {}, source: None`
replay_suppressed_count {
  metric: 'replay_suppressed_count',
  value: 0,
  businessId: null,
  route: 'integrations_onboarding_recovery',
  metadata: {
    suppression: 'queue_not_writable',
    suspendMs: 60000,
    queueDepth: 0,
    redisCircuitOpen: false
  },
  recordedAt: '2026-07-06T15:07:30.039Z'
}
FEATURE_GATE_AWAIT_TRACE {
  event: 'start',
  fileName: 'backend/src/services/security/securityGovernanceOS.service.ts',
  redisOps: 'none',
  functionName: 'assertAuthorizedAccess:authorizeAccess',
  action: 'analytics:view',
  route: null,
  cacheStatus: 'delegated',
  dbQueries: [ 'see nested FEATURE_GATE_AWAIT_TRACE events' ]
}
FEATURE_GATE_AWAIT_TRACE {
  event: 'start',
  fileName: 'backend/src/services/security/securityGovernanceOS.service.ts',
  redisOps: 'none',
  functionName: 'authorizeAccess:assertTenantIsolation',
  action: 'analytics:view',
  route: null,
  cacheStatus: 'none',
  dbQueries: [ 'tenantIsolationLedger.upsert' ]
}
FEATURE_GATE_AWAIT_TRACE {
  event: 'end',
  fileName: 'backend/src/services/security/securityGovernanceOS.service.ts',
  redisOps: 'none',
  functionName: 'authorizeAccess:assertTenantIsolation',
  durationMs: 0,
  action: 'analytics:view',
  route: null,
  cacheStatus: 'none',
  dbQueries: [ 'tenantIsolationLedger.upsert' ]
}
FEATURE_GATE_AWAIT_TRACE {
  event: 'end',
  fileName: 'backend/src/services/security/securityGovernanceOS.service.ts',
  redisOps: 'none',
  functionName: 'assertAuthorizedAccess:authorizeAccess',
  durationMs: 2,
  action: 'analytics:view',
  route: null,
  cacheStatus: 'delegated',
  dbQueries: [ 'see nested FEATURE_GATE_AWAIT_TRACE events' ]
}
FEATURE_GATE_AWAIT_TRACE {
  event: 'start',
  fileName: 'backend/src/services/security/securityGovernanceOS.service.ts',
  redisOps: 'none',
  functionName: 'authorizeAccess:attestInfraIsolation',
  action: 'analytics:view',
  route: null,
  cacheStatus: 'none',
  dbQueries: [ 'isolationAttestationLedger.create' ]
}
FEATURE_GATE_AWAIT_TRACE {
  event: 'start',
  fileName: 'backend/src/services/security/securityGovernanceOS.service.ts',
  redisOps: 'none',
  functionName: 'attestInfraIsolation:isolationAttestationLedger.upsert',
  cacheStatus: 'none',
  dbQueries: [
    'isolationAttestationLedger.upsert(isolation_attest:0417f3472779c1abda2b8715)'
  ],
  attestationKey: 'isolation_attest:0417f3472779c1abda2b8715'
}
FEATURE_GATE_AWAIT_TRACE {
  event: 'start',
  fileName: 'backend/src/services/security/securityGovernanceOS.service.ts',
  redisOps: 'none',
  functionName: 'authorizeAccess:appendAuthEvent:authorized',
  action: 'analytics:view',
  route: null,
  cacheStatus: 'none',
  dbQueries: [ 'authEventLedger.upsert' ]
}
FEATURE_GATE_AWAIT_TRACE {
  event: 'start',
  fileName: 'backend/src/services/security/securityGovernanceOS.service.ts',
  redisOps: 'none',
  functionName: 'appendAuthEvent:authEventLedger.upsert',
  cacheStatus: 'none',
  dbQueries: [ 'authEventLedger.upsert(auth_evt:cd1b8df5bbe8547db857b162c8)' ],
  eventKey: 'auth_evt:cd1b8df5bbe8547db857b162c8',
  action: 'analytics:view',
  outcome: 'ALLOWED'
}
prisma:error 
Invalid `prisma.dataAccessAuditLedger.upsert()` invocation:


Raw query failed. Code: `unknown`. Message: `Kind: Transactions are not supported by this deployment, labels: {}, source: None`
prisma:error 
Invalid `prisma.isolationAttestationLedger.upsert()` invocation:


Raw query failed. Code: `unknown`. Message: `Kind: Transactions are not supported by this deployment, labels: {}, source: None`
FEATURE_GATE_AWAIT_TRACE {
  event: 'end',
  fileName: 'backend/src/services/security/securityGovernanceOS.service.ts',
  redisOps: 'none',
  functionName: 'attestInfraIsolation:isolationAttestationLedger.upsert',
  durationMs: 3,
  cacheStatus: 'none',
  dbQueries: [
    'isolationAttestationLedger.upsert(isolation_attest:0417f3472779c1abda2b8715)'
  ],
  attestationKey: 'isolation_attest:0417f3472779c1abda2b8715'
}
FEATURE_GATE_AWAIT_TRACE {
  event: 'end',
  fileName: 'backend/src/services/security/securityGovernanceOS.service.ts',
  redisOps: 'none',
  functionName: 'authorizeAccess:attestInfraIsolation',
  durationMs: 4,
  action: 'analytics:view',
  route: null,
  cacheStatus: 'none',
  dbQueries: [ 'isolationAttestationLedger.create' ]
}
prisma:error 
Invalid `prisma.authEventLedger.upsert()` invocation:


Raw query failed. Code: `unknown`. Message: `Kind: Transactions are not supported by this deployment, labels: {}, source: None`
FEATURE_GATE_AWAIT_TRACE {
  event: 'end',
  fileName: 'backend/src/services/security/securityGovernanceOS.service.ts',
  redisOps: 'none',
  functionName: 'appendAuthEvent:authEventLedger.upsert',
  durationMs: 3,
  cacheStatus: 'none',
  dbQueries: [ 'authEventLedger.upsert(auth_evt:cd1b8df5bbe8547db857b162c8)' ],
  eventKey: 'auth_evt:cd1b8df5bbe8547db857b162c8',
  action: 'analytics:view',
  outcome: 'ALLOWED'
}
FEATURE_GATE_AWAIT_TRACE {
  event: 'end',
  fileName: 'backend/src/services/security/securityGovernanceOS.service.ts',
  redisOps: 'none',
  functionName: 'authorizeAccess:appendAuthEvent:authorized',
  durationMs: 3,
  action: 'analytics:view',
  route: null,
  cacheStatus: 'none',
  dbQueries: [ 'authEventLedger.upsert' ]
}
prisma:error 
Invalid `prisma.observabilityEventLedger.findUnique()` invocation:


Raw query failed. Code: `unknown`. Message: `Kind: Server selection timeout: No available servers. Topology: { Type: Unknown, Servers: [ { Address: localhost:27017, Type: Unknown, Error: Kind: I/O error: No connection could be made because the target machine actively refused it. (os error 10061), labels: {}, source: None } ] }, labels: {}, source: None`
prisma:error 
Invalid `prisma.observabilityEventLedger.upsert()` invocation:


Raw query failed. Code: `unknown`. Message: `Kind: Transactions are not supported by this deployment, labels: {}, source: None`
prisma:error 
Invalid `prisma.infrastructureRecoveryLedger.count()` invocation:


Raw query failed. Code: `unknown`. Message: `Kind: Server selection timeout: No available servers. Topology: { Type: Unknown, Servers: [ { Address: localhost:27017, Type: Unknown, Error: Kind: I/O error: No connection could be made because the target machine actively refused it. (os error 10061), labels: {}, source: None } ] }, labels: {}, source: None`
replay_suppressed_count {
  metric: 'replay_suppressed_count',
  value: 0,
  businessId: null,
  route: 'integrations_onboarding_recovery',
  metadata: {
    suppression: 'queue_not_writable',
    suspendMs: 60000,
    queueDepth: 0,
    redisCircuitOpen: false
  },
  recordedAt: '2026-07-06T15:08:30.039Z'
}
FEATURE_GATE_AWAIT_TRACE {
  event: 'start',
  fileName: 'backend/src/services/security/securityGovernanceOS.service.ts',
  redisOps: 'none',
  functionName: 'assertAuthorizedAccess:authorizeAccess',
  action: 'analytics:view',
  route: null,
  cacheStatus: 'delegated',
  dbQueries: [ 'see nested FEATURE_GATE_AWAIT_TRACE events' ]
}
FEATURE_GATE_AWAIT_TRACE {
  event: 'start',
  fileName: 'backend/src/services/security/securityGovernanceOS.service.ts',
  redisOps: 'none',
  functionName: 'authorizeAccess:assertTenantIsolation',
  action: 'analytics:view',
  route: null,
  cacheStatus: 'none',
  dbQueries: [ 'tenantIsolationLedger.upsert' ]
}
FEATURE_GATE_AWAIT_TRACE {
  event: 'end',
  fileName: 'backend/src/services/security/securityGovernanceOS.service.ts',
  redisOps: 'none',
  functionName: 'authorizeAccess:assertTenantIsolation',
  durationMs: 1,
  action: 'analytics:view',
  route: null,
  cacheStatus: 'none',
  dbQueries: [ 'tenantIsolationLedger.upsert' ]
}
FEATURE_GATE_AWAIT_TRACE {
  event: 'end',
  fileName: 'backend/src/services/security/securityGovernanceOS.service.ts',
  redisOps: 'none',
  functionName: 'assertAuthorizedAccess:authorizeAccess',
  durationMs: 2,
  action: 'analytics:view',
  route: null,
  cacheStatus: 'delegated',
  dbQueries: [ 'see nested FEATURE_GATE_AWAIT_TRACE events' ]
}
FEATURE_GATE_AWAIT_TRACE {
  event: 'start',
  fileName: 'backend/src/services/security/securityGovernanceOS.service.ts',
  redisOps: 'none',
  functionName: 'authorizeAccess:attestInfraIsolation',
  action: 'analytics:view',
  route: null,
  cacheStatus: 'none',
  dbQueries: [ 'isolationAttestationLedger.create' ]
}
FEATURE_GATE_AWAIT_TRACE {
  event: 'start',
  fileName: 'backend/src/services/security/securityGovernanceOS.service.ts',
  redisOps: 'none',
  functionName: 'attestInfraIsolation:isolationAttestationLedger.upsert',
  cacheStatus: 'none',
  dbQueries: [
    'isolationAttestationLedger.upsert(isolation_attest:215e1da828672511f62d8138)'
  ],
  attestationKey: 'isolation_attest:215e1da828672511f62d8138'
}
FEATURE_GATE_AWAIT_TRACE {
  event: 'start',
  fileName: 'backend/src/services/security/securityGovernanceOS.service.ts',
  redisOps: 'none',
  functionName: 'authorizeAccess:appendAuthEvent:authorized',
  action: 'analytics:view',
  route: null,
  cacheStatus: 'none',
  dbQueries: [ 'authEventLedger.upsert' ]
}
FEATURE_GATE_AWAIT_TRACE {
  event: 'start',
  fileName: 'backend/src/services/security/securityGovernanceOS.service.ts',
  redisOps: 'none',
  functionName: 'appendAuthEvent:authEventLedger.upsert',
  cacheStatus: 'none',
  dbQueries: [ 'authEventLedger.upsert(auth_evt:bd3e6a832e0747f989874214ea)' ],
  eventKey: 'auth_evt:bd3e6a832e0747f989874214ea',
  action: 'analytics:view',
  outcome: 'ALLOWED'
}
prisma:error 
Invalid `prisma.dataAccessAuditLedger.upsert()` invocation:


Raw query failed. Code: `unknown`. Message: `Kind: Transactions are not supported by this deployment, labels: {}, source: None`
prisma:error 
Invalid `prisma.isolationAttestationLedger.upsert()` invocation:


Raw query failed. Code: `unknown`. Message: `Kind: Transactions are not supported by this deployment, labels: {}, source: None`
FEATURE_GATE_AWAIT_TRACE {
  event: 'end',
  fileName: 'backend/src/services/security/securityGovernanceOS.service.ts',
  redisOps: 'none',
  functionName: 'attestInfraIsolation:isolationAttestationLedger.upsert',
  durationMs: 3,
  cacheStatus: 'none',
  dbQueries: [
    'isolationAttestationLedger.upsert(isolation_attest:215e1da828672511f62d8138)'
  ],
  attestationKey: 'isolation_attest:215e1da828672511f62d8138'
}
FEATURE_GATE_AWAIT_TRACE {
  event: 'end',
  fileName: 'backend/src/services/security/securityGovernanceOS.service.ts',
  redisOps: 'none',
  functionName: 'authorizeAccess:attestInfraIsolation',
  durationMs: 4,
  action: 'analytics:view',
  route: null,
  cacheStatus: 'none',
  dbQueries: [ 'isolationAttestationLedger.create' ]
}
prisma:error 
Invalid `prisma.authEventLedger.upsert()` invocation:


Raw query failed. Code: `unknown`. Message: `Kind: Transactions are not supported by this deployment, labels: {}, source: None`
FEATURE_GATE_AWAIT_TRACE {
  event: 'end',
  fileName: 'backend/src/services/security/securityGovernanceOS.service.ts',
  redisOps: 'none',
  functionName: 'appendAuthEvent:authEventLedger.upsert',
  durationMs: 3,
  cacheStatus: 'none',
  dbQueries: [ 'authEventLedger.upsert(auth_evt:bd3e6a832e0747f989874214ea)' ],
  eventKey: 'auth_evt:bd3e6a832e0747f989874214ea',
  action: 'analytics:view',
  outcome: 'ALLOWED'
}
FEATURE_GATE_AWAIT_TRACE {
  event: 'end',
  fileName: 'backend/src/services/security/securityGovernanceOS.service.ts',
  redisOps: 'none',
  functionName: 'authorizeAccess:appendAuthEvent:authorized',
  durationMs: 4,
  action: 'analytics:view',
  route: null,
  cacheStatus: 'none',
  dbQueries: [ 'authEventLedger.upsert' ]
}
prisma:error 
Invalid `prisma.observabilityEventLedger.findUnique()` invocation:


Raw query failed. Code: `unknown`. Message: `Kind: Server selection timeout: No available servers. Topology: { Type: Unknown, Servers: [ { Address: localhost:27017, Type: Unknown, Error: Kind: I/O error: No connection could be made because the target machine actively refused it. (os error 10061), labels: {}, source: None } ] }, labels: {}, source: None`
prisma:error 
Invalid `prisma.observabilityEventLedger.upsert()` invocation:


Raw query failed. Code: `unknown`. Message: `Kind: Transactions are not supported by this deployment, labels: {}, source: None`
prisma:error 
Invalid `prisma.infrastructureRecoveryLedger.count()` invocation:


Raw query failed. Code: `unknown`. Message: `Kind: Server selection timeout: No available servers. Topology: { Type: Unknown, Servers: [ { Address: localhost:27017, Type: Unknown, Error: Kind: I/O error: No connection could be made because the target machine actively refused it. (os error 10061), labels: {}, source: None } ] }, labels: {}, source: None`
replay_suppressed_count {
  metric: 'replay_suppressed_count',
  value: 0,
  businessId: null,
  route: 'integrations_onboarding_recovery',
  metadata: {
    suppression: 'queue_not_writable',
    suspendMs: 60000,
    queueDepth: 0,
    redisCircuitOpen: false
  },
  recordedAt: '2026-07-06T15:09:30.037Z'
}
FEATURE_GATE_AWAIT_TRACE {
  event: 'start',
  fileName: 'backend/src/services/security/securityGovernanceOS.service.ts',
  redisOps: 'none',
  functionName: 'assertAuthorizedAccess:authorizeAccess',
  action: 'analytics:view',
  route: null,
  cacheStatus: 'delegated',
  dbQueries: [ 'see nested FEATURE_GATE_AWAIT_TRACE events' ]
}
FEATURE_GATE_AWAIT_TRACE {
  event: 'start',
  fileName: 'backend/src/services/security/securityGovernanceOS.service.ts',
  redisOps: 'none',
  functionName: 'authorizeAccess:assertTenantIsolation',
  action: 'analytics:view',
  route: null,
  cacheStatus: 'none',
  dbQueries: [ 'tenantIsolationLedger.upsert' ]
}
FEATURE_GATE_AWAIT_TRACE {
  event: 'end',
  fileName: 'backend/src/services/security/securityGovernanceOS.service.ts',
  redisOps: 'none',
  functionName: 'authorizeAccess:assertTenantIsolation',
  durationMs: 0,
  action: 'analytics:view',
  route: null,
  cacheStatus: 'none',
  dbQueries: [ 'tenantIsolationLedger.upsert' ]
}
FEATURE_GATE_AWAIT_TRACE {
  event: 'end',
  fileName: 'backend/src/services/security/securityGovernanceOS.service.ts',
  redisOps: 'none',
  functionName: 'assertAuthorizedAccess:authorizeAccess',
  durationMs: 1,
  action: 'analytics:view',
  route: null,
  cacheStatus: 'delegated',
  dbQueries: [ 'see nested FEATURE_GATE_AWAIT_TRACE events' ]
}
FEATURE_GATE_AWAIT_TRACE {
  event: 'start',
  fileName: 'backend/src/services/security/securityGovernanceOS.service.ts',
  redisOps: 'none',
  functionName: 'authorizeAccess:attestInfraIsolation',
  action: 'analytics:view',
  route: null,
  cacheStatus: 'none',
  dbQueries: [ 'isolationAttestationLedger.create' ]
}
FEATURE_GATE_AWAIT_TRACE {
  event: 'start',
  fileName: 'backend/src/services/security/securityGovernanceOS.service.ts',
  redisOps: 'none',
  functionName: 'attestInfraIsolation:isolationAttestationLedger.upsert',
  cacheStatus: 'none',
  dbQueries: [
    'isolationAttestationLedger.upsert(isolation_attest:4aba96e63360b0ee9d8f0b22)'
  ],
  attestationKey: 'isolation_attest:4aba96e63360b0ee9d8f0b22'
}
FEATURE_GATE_AWAIT_TRACE {
  event: 'start',
  fileName: 'backend/src/services/security/securityGovernanceOS.service.ts',
  redisOps: 'none',
  functionName: 'authorizeAccess:appendAuthEvent:authorized',
  action: 'analytics:view',
  route: null,
  cacheStatus: 'none',
  dbQueries: [ 'authEventLedger.upsert' ]
}
FEATURE_GATE_AWAIT_TRACE {
  event: 'start',
  fileName: 'backend/src/services/security/securityGovernanceOS.service.ts',
  redisOps: 'none',
  functionName: 'appendAuthEvent:authEventLedger.upsert',
  cacheStatus: 'none',
  dbQueries: [ 'authEventLedger.upsert(auth_evt:be515cf0246a56de6ada607110)' ],
  eventKey: 'auth_evt:be515cf0246a56de6ada607110',
  action: 'analytics:view',
  outcome: 'ALLOWED'
}
prisma:error 
Invalid `prisma.dataAccessAuditLedger.upsert()` invocation:


Raw query failed. Code: `unknown`. Message: `Kind: Transactions are not supported by this deployment, labels: {}, source: None`
prisma:error 
Invalid `prisma.isolationAttestationLedger.upsert()` invocation:


Raw query failed. Code: `unknown`. Message: `Kind: Transactions are not supported by this deployment, labels: {}, source: None`
FEATURE_GATE_AWAIT_TRACE {
  event: 'end',
  fileName: 'backend/src/services/security/securityGovernanceOS.service.ts',
  redisOps: 'none',
  functionName: 'attestInfraIsolation:isolationAttestationLedger.upsert',
  durationMs: 3,
  cacheStatus: 'none',
  dbQueries: [
    'isolationAttestationLedger.upsert(isolation_attest:4aba96e63360b0ee9d8f0b22)'
  ],
  attestationKey: 'isolation_attest:4aba96e63360b0ee9d8f0b22'
}
FEATURE_GATE_AWAIT_TRACE {
  event: 'end',
  fileName: 'backend/src/services/security/securityGovernanceOS.service.ts',
  redisOps: 'none',
  functionName: 'authorizeAccess:attestInfraIsolation',
  durationMs: 3,
  action: 'analytics:view',
  route: null,
  cacheStatus: 'none',
  dbQueries: [ 'isolationAttestationLedger.create' ]
}
prisma:error 
Invalid `prisma.authEventLedger.upsert()` invocation:


Raw query failed. Code: `unknown`. Message: `Kind: Transactions are not supported by this deployment, labels: {}, source: None`
FEATURE_GATE_AWAIT_TRACE {
  event: 'end',
  fileName: 'backend/src/services/security/securityGovernanceOS.service.ts',
  redisOps: 'none',
  functionName: 'appendAuthEvent:authEventLedger.upsert',
  durationMs: 3,
  cacheStatus: 'none',
  dbQueries: [ 'authEventLedger.upsert(auth_evt:be515cf0246a56de6ada607110)' ],
  eventKey: 'auth_evt:be515cf0246a56de6ada607110',
  action: 'analytics:view',
  outcome: 'ALLOWED'
}
FEATURE_GATE_AWAIT_TRACE {
  event: 'end',
  fileName: 'backend/src/services/security/securityGovernanceOS.service.ts',
  redisOps: 'none',
  functionName: 'authorizeAccess:appendAuthEvent:authorized',
  durationMs: 4,
  action: 'analytics:view',
  route: null,
  cacheStatus: 'none',
  dbQueries: [ 'authEventLedger.upsert' ]
}
prisma:error 
Invalid `prisma.observabilityEventLedger.findUnique()` invocation:


Raw query failed. Code: `unknown`. Message: `Kind: Server selection timeout: No available servers. Topology: { Type: Unknown, Servers: [ { Address: localhost:27017, Type: Unknown, Error: Kind: I/O error: No connection could be made because the target machine actively refused it. (os error 10061), labels: {}, source: None } ] }, labels: {}, source: None`
prisma:error 
Invalid `prisma.observabilityEventLedger.upsert()` invocation:


Raw query failed. Code: `unknown`. Message: `Kind: Transactions are not supported by this deployment, labels: {}, source: None`
prisma:error 
Invalid `prisma.infrastructureRecoveryLedger.count()` invocation:


Raw query failed. Code: `unknown`. Message: `Kind: Server selection timeout: No available servers. Topology: { Type: Unknown, Servers: [ { Address: localhost:27017, Type: Unknown, Error: Kind: I/O error: No connection could be made because the target machine actively refused it. (os error 10061), labels: {}, source: None } ] }, labels: {}, source: None`
replay_suppressed_count {
  metric: 'replay_suppressed_count',
  value: 0,
  businessId: null,
  route: 'integrations_onboarding_recovery',
  metadata: {
    suppression: 'queue_not_writable',
    suspendMs: 60000,
    queueDepth: 0,
    redisCircuitOpen: false
  },
  recordedAt: '2026-07-06T15:10:30.040Z'
}
FEATURE_GATE_AWAIT_TRACE {
  event: 'start',
  fileName: 'backend/src/services/security/securityGovernanceOS.service.ts',
  redisOps: 'none',
  functionName: 'assertAuthorizedAccess:authorizeAccess',
  action: 'analytics:view',
  route: null,
  cacheStatus: 'delegated',
  dbQueries: [ 'see nested FEATURE_GATE_AWAIT_TRACE events' ]
}
FEATURE_GATE_AWAIT_TRACE {
  event: 'start',
  fileName: 'backend/src/services/security/securityGovernanceOS.service.ts',
  redisOps: 'none',
  functionName: 'authorizeAccess:assertTenantIsolation',
  action: 'analytics:view',
  route: null,
  cacheStatus: 'none',
  dbQueries: [ 'tenantIsolationLedger.upsert' ]
}
FEATURE_GATE_AWAIT_TRACE {
  event: 'end',
  fileName: 'backend/src/services/security/securityGovernanceOS.service.ts',
  redisOps: 'none',
  functionName: 'authorizeAccess:assertTenantIsolation',
  durationMs: 0,
  action: 'analytics:view',
  route: null,
  cacheStatus: 'none',
  dbQueries: [ 'tenantIsolationLedger.upsert' ]
}
FEATURE_GATE_AWAIT_TRACE {
  event: 'end',
  fileName: 'backend/src/services/security/securityGovernanceOS.service.ts',
  redisOps: 'none',
  functionName: 'assertAuthorizedAccess:authorizeAccess',
  durationMs: 3,
  action: 'analytics:view',
  route: null,
  cacheStatus: 'delegated',
  dbQueries: [ 'see nested FEATURE_GATE_AWAIT_TRACE events' ]
}
FEATURE_GATE_AWAIT_TRACE {
  event: 'start',
  fileName: 'backend/src/services/security/securityGovernanceOS.service.ts',
  redisOps: 'none',
  functionName: 'authorizeAccess:attestInfraIsolation',
  action: 'analytics:view',
  route: null,
  cacheStatus: 'none',
  dbQueries: [ 'isolationAttestationLedger.create' ]
}
FEATURE_GATE_AWAIT_TRACE {
  event: 'start',
  fileName: 'backend/src/services/security/securityGovernanceOS.service.ts',
  redisOps: 'none',
  functionName: 'attestInfraIsolation:isolationAttestationLedger.upsert',
  cacheStatus: 'none',
  dbQueries: [
    'isolationAttestationLedger.upsert(isolation_attest:55077fa7fcacc8dcacbfc0cc)'
  ],
  attestationKey: 'isolation_attest:55077fa7fcacc8dcacbfc0cc'
}
FEATURE_GATE_AWAIT_TRACE {
  event: 'start',
  fileName: 'backend/src/services/security/securityGovernanceOS.service.ts',
  redisOps: 'none',
  functionName: 'authorizeAccess:appendAuthEvent:authorized',
  action: 'analytics:view',
  route: null,
  cacheStatus: 'none',
  dbQueries: [ 'authEventLedger.upsert' ]
}
FEATURE_GATE_AWAIT_TRACE {
  event: 'start',
  fileName: 'backend/src/services/security/securityGovernanceOS.service.ts',
  redisOps: 'none',
  functionName: 'appendAuthEvent:authEventLedger.upsert',
  cacheStatus: 'none',
  dbQueries: [ 'authEventLedger.upsert(auth_evt:628e4f96633eec2a43fbe6205a)' ],
  eventKey: 'auth_evt:628e4f96633eec2a43fbe6205a',
  action: 'analytics:view',
  outcome: 'ALLOWED'
}
prisma:error 
Invalid `prisma.dataAccessAuditLedger.upsert()` invocation:


Raw query failed. Code: `unknown`. Message: `Kind: Transactions are not supported by this deployment, labels: {}, source: None`
prisma:error 
Invalid `prisma.isolationAttestationLedger.upsert()` invocation:


Raw query failed. Code: `unknown`. Message: `Kind: Transactions are not supported by this deployment, labels: {}, source: None`
FEATURE_GATE_AWAIT_TRACE {
  event: 'end',
  fileName: 'backend/src/services/security/securityGovernanceOS.service.ts',
  redisOps: 'none',
  functionName: 'attestInfraIsolation:isolationAttestationLedger.upsert',
  durationMs: 2,
  cacheStatus: 'none',
  dbQueries: [
    'isolationAttestationLedger.upsert(isolation_attest:55077fa7fcacc8dcacbfc0cc)'
  ],
  attestationKey: 'isolation_attest:55077fa7fcacc8dcacbfc0cc'
}
FEATURE_GATE_AWAIT_TRACE {
  event: 'end',
  fileName: 'backend/src/services/security/securityGovernanceOS.service.ts',
  redisOps: 'none',
  functionName: 'authorizeAccess:attestInfraIsolation',
  durationMs: 3,
  action: 'analytics:view',
  route: null,
  cacheStatus: 'none',
  dbQueries: [ 'isolationAttestationLedger.create' ]
}
prisma:error 
Invalid `prisma.authEventLedger.upsert()` invocation:


Raw query failed. Code: `unknown`. Message: `Kind: Transactions are not supported by this deployment, labels: {}, source: None`
FEATURE_GATE_AWAIT_TRACE {
  event: 'end',
  fileName: 'backend/src/services/security/securityGovernanceOS.service.ts',
  redisOps: 'none',
  functionName: 'appendAuthEvent:authEventLedger.upsert',
  durationMs: 2,
  cacheStatus: 'none',
  dbQueries: [ 'authEventLedger.upsert(auth_evt:628e4f96633eec2a43fbe6205a)' ],
  eventKey: 'auth_evt:628e4f96633eec2a43fbe6205a',
  action: 'analytics:view',
  outcome: 'ALLOWED'
}
FEATURE_GATE_AWAIT_TRACE {
  event: 'end',
  fileName: 'backend/src/services/security/securityGovernanceOS.service.ts',
  redisOps: 'none',
  functionName: 'authorizeAccess:appendAuthEvent:authorized',
  durationMs: 3,
  action: 'analytics:view',
  route: null,
  cacheStatus: 'none',
  dbQueries: [ 'authEventLedger.upsert' ]
}
prisma:error 
Invalid `prisma.observabilityEventLedger.findUnique()` invocation:


Raw query failed. Code: `unknown`. Message: `Kind: Server selection timeout: No available servers. Topology: { Type: Unknown, Servers: [ { Address: localhost:27017, Type: Unknown, Error: Kind: I/O error: No connection could be made because the target machine actively refused it. (os error 10061), labels: {}, source: None } ] }, labels: {}, source: None`
prisma:error 
Invalid `prisma.observabilityEventLedger.upsert()` invocation:


Raw query failed. Code: `unknown`. Message: `Kind: Transactions are not supported by this deployment, labels: {}, source: None`
prisma:error 
Invalid `prisma.infrastructureRecoveryLedger.count()` invocation:


Raw query failed. Code: `unknown`. Message: `Kind: Server selection timeout: No available servers. Topology: { Type: Unknown, Servers: [ { Address: localhost:27017, Type: Unknown, Error: Kind: I/O error: No connection could be made because the target machine actively refused it. (os error 10061), labels: {}, source: None } ] }, labels: {}, source: None`
replay_suppressed_count {
  metric: 'replay_suppressed_count',
  value: 0,
  businessId: null,
  route: 'integrations_onboarding_recovery',
  metadata: {
    suppression: 'queue_not_writable',
    suspendMs: 60000,
    queueDepth: 0,
    redisCircuitOpen: false
  },
  recordedAt: '2026-07-06T15:11:30.034Z'
}
FEATURE_GATE_AWAIT_TRACE {
  event: 'start',
  fileName: 'backend/src/services/security/securityGovernanceOS.service.ts',
  redisOps: 'none',
  functionName: 'assertAuthorizedAccess:authorizeAccess',
  action: 'analytics:view',
  route: null,
  cacheStatus: 'delegated',
  dbQueries: [ 'see nested FEATURE_GATE_AWAIT_TRACE events' ]
}
FEATURE_GATE_AWAIT_TRACE {
  event: 'start',
  fileName: 'backend/src/services/security/securityGovernanceOS.service.ts',
  redisOps: 'none',
  functionName: 'authorizeAccess:assertTenantIsolation',
  action: 'analytics:view',
  route: null,
  cacheStatus: 'none',
  dbQueries: [ 'tenantIsolationLedger.upsert' ]
}
FEATURE_GATE_AWAIT_TRACE {
  event: 'end',
  fileName: 'backend/src/services/security/securityGovernanceOS.service.ts',
  redisOps: 'none',
  functionName: 'authorizeAccess:assertTenantIsolation',
  durationMs: 0,
  action: 'analytics:view',
  route: null,
  cacheStatus: 'none',
  dbQueries: [ 'tenantIsolationLedger.upsert' ]
}
FEATURE_GATE_AWAIT_TRACE {
  event: 'end',
  fileName: 'backend/src/services/security/securityGovernanceOS.service.ts',
  redisOps: 'none',
  functionName: 'assertAuthorizedAccess:authorizeAccess',
  durationMs: 1,
  action: 'analytics:view',
  route: null,
  cacheStatus: 'delegated',
  dbQueries: [ 'see nested FEATURE_GATE_AWAIT_TRACE events' ]
}
FEATURE_GATE_AWAIT_TRACE {
  event: 'start',
  fileName: 'backend/src/services/security/securityGovernanceOS.service.ts',
  redisOps: 'none',
  functionName: 'authorizeAccess:attestInfraIsolation',
  action: 'analytics:view',
  route: null,
  cacheStatus: 'none',
  dbQueries: [ 'isolationAttestationLedger.create' ]
}
FEATURE_GATE_AWAIT_TRACE {
  event: 'start',
  fileName: 'backend/src/services/security/securityGovernanceOS.service.ts',
  redisOps: 'none',
  functionName: 'attestInfraIsolation:isolationAttestationLedger.upsert',
  cacheStatus: 'none',
  dbQueries: [
    'isolationAttestationLedger.upsert(isolation_attest:b2de6962a7ab3be1a2b620e8)'
  ],
  attestationKey: 'isolation_attest:b2de6962a7ab3be1a2b620e8'
}
FEATURE_GATE_AWAIT_TRACE {
  event: 'start',
  fileName: 'backend/src/services/security/securityGovernanceOS.service.ts',
  redisOps: 'none',
  functionName: 'authorizeAccess:appendAuthEvent:authorized',
  action: 'analytics:view',
  route: null,
  cacheStatus: 'none',
  dbQueries: [ 'authEventLedger.upsert' ]
}
FEATURE_GATE_AWAIT_TRACE {
  event: 'start',
  fileName: 'backend/src/services/security/securityGovernanceOS.service.ts',
  redisOps: 'none',
  functionName: 'appendAuthEvent:authEventLedger.upsert',
  cacheStatus: 'none',
  dbQueries: [ 'authEventLedger.upsert(auth_evt:4050e4e46b8bb19b2f0b21364b)' ],
  eventKey: 'auth_evt:4050e4e46b8bb19b2f0b21364b',
  action: 'analytics:view',
  outcome: 'ALLOWED'
}
prisma:error 
Invalid `prisma.dataAccessAuditLedger.upsert()` invocation:


Raw query failed. Code: `unknown`. Message: `Kind: Transactions are not supported by this deployment, labels: {}, source: None`
prisma:error 
Invalid `prisma.isolationAttestationLedger.upsert()` invocation:


Raw query failed. Code: `unknown`. Message: `Kind: Transactions are not supported by this deployment, labels: {}, source: None`
FEATURE_GATE_AWAIT_TRACE {
  event: 'end',
  fileName: 'backend/src/services/security/securityGovernanceOS.service.ts',
  redisOps: 'none',
  functionName: 'attestInfraIsolation:isolationAttestationLedger.upsert',
  durationMs: 3,
  cacheStatus: 'none',
  dbQueries: [
    'isolationAttestationLedger.upsert(isolation_attest:b2de6962a7ab3be1a2b620e8)'
  ],
  attestationKey: 'isolation_attest:b2de6962a7ab3be1a2b620e8'
}
FEATURE_GATE_AWAIT_TRACE {
  event: 'end',
  fileName: 'backend/src/services/security/securityGovernanceOS.service.ts',
  redisOps: 'none',
  functionName: 'authorizeAccess:attestInfraIsolation',
  durationMs: 3,
  action: 'analytics:view',
  route: null,
  cacheStatus: 'none',
  dbQueries: [ 'isolationAttestationLedger.create' ]
}
prisma:error 
Invalid `prisma.authEventLedger.upsert()` invocation:


Raw query failed. Code: `unknown`. Message: `Kind: Transactions are not supported by this deployment, labels: {}, source: None`
FEATURE_GATE_AWAIT_TRACE {
  event: 'end',
  fileName: 'backend/src/services/security/securityGovernanceOS.service.ts',
  redisOps: 'none',
  functionName: 'appendAuthEvent:authEventLedger.upsert',
  durationMs: 3,
  cacheStatus: 'none',
  dbQueries: [ 'authEventLedger.upsert(auth_evt:4050e4e46b8bb19b2f0b21364b)' ],
  eventKey: 'auth_evt:4050e4e46b8bb19b2f0b21364b',
  action: 'analytics:view',
  outcome: 'ALLOWED'
}
FEATURE_GATE_AWAIT_TRACE {
  event: 'end',
  fileName: 'backend/src/services/security/securityGovernanceOS.service.ts',
  redisOps: 'none',
  functionName: 'authorizeAccess:appendAuthEvent:authorized',
  durationMs: 3,
  action: 'analytics:view',
  route: null,
  cacheStatus: 'none',
  dbQueries: [ 'authEventLedger.upsert' ]
}
prisma:error 
Invalid `prisma.observabilityEventLedger.findUnique()` invocation:


Raw query failed. Code: `unknown`. Message: `Kind: Server selection timeout: No available servers. Topology: { Type: Unknown, Servers: [ { Address: localhost:27017, Type: Unknown, Error: Kind: I/O error: No connection could be made because the target machine actively refused it. (os error 10061), labels: {}, source: None } ] }, labels: {}, source: None`
prisma:error 
Invalid `prisma.observabilityEventLedger.upsert()` invocation:


Raw query failed. Code: `unknown`. Message: `Kind: Transactions are not supported by this deployment, labels: {}, source: None`
prisma:error 
Invalid `prisma.infrastructureRecoveryLedger.count()` invocation:


Raw query failed. Code: `unknown`. Message: `Kind: Server selection timeout: No available servers. Topology: { Type: Unknown, Servers: [ { Address: localhost:27017, Type: Unknown, Error: Kind: I/O error: No connection could be made because the target machine actively refused it. (os error 10061), labels: {}, source: None } ] }, labels: {}, source: None`
replay_suppressed_count {
  metric: 'replay_suppressed_count',
  value: 0,
  businessId: null,
  route: 'integrations_onboarding_recovery',
  metadata: {
    suppression: 'queue_not_writable',
    suspendMs: 60000,
    queueDepth: 0,
    redisCircuitOpen: false
  },
  recordedAt: '2026-07-06T15:12:30.036Z'
}
FEATURE_GATE_AWAIT_TRACE {
  event: 'start',
  fileName: 'backend/src/services/security/securityGovernanceOS.service.ts',
  redisOps: 'none',
  functionName: 'assertAuthorizedAccess:authorizeAccess',
  action: 'analytics:view',
  route: null,
  cacheStatus: 'delegated',
  dbQueries: [ 'see nested FEATURE_GATE_AWAIT_TRACE events' ]
}
FEATURE_GATE_AWAIT_TRACE {
  event: 'start',
  fileName: 'backend/src/services/security/securityGovernanceOS.service.ts',
  redisOps: 'none',
  functionName: 'authorizeAccess:assertTenantIsolation',
  action: 'analytics:view',
  route: null,
  cacheStatus: 'none',
  dbQueries: [ 'tenantIsolationLedger.upsert' ]
}
FEATURE_GATE_AWAIT_TRACE {
  event: 'end',
  fileName: 'backend/src/services/security/securityGovernanceOS.service.ts',
  redisOps: 'none',
  functionName: 'authorizeAccess:assertTenantIsolation',
  durationMs: 0,
  action: 'analytics:view',
  route: null,
  cacheStatus: 'none',
  dbQueries: [ 'tenantIsolationLedger.upsert' ]
}
FEATURE_GATE_AWAIT_TRACE {
  event: 'end',
  fileName: 'backend/src/services/security/securityGovernanceOS.service.ts',
  redisOps: 'none',
  functionName: 'assertAuthorizedAccess:authorizeAccess',
  durationMs: 2,
  action: 'analytics:view',
  route: null,
  cacheStatus: 'delegated',
  dbQueries: [ 'see nested FEATURE_GATE_AWAIT_TRACE events' ]
}
FEATURE_GATE_AWAIT_TRACE {
  event: 'start',
  fileName: 'backend/src/services/security/securityGovernanceOS.service.ts',
  redisOps: 'none',
  functionName: 'authorizeAccess:attestInfraIsolation',
  action: 'analytics:view',
  route: null,
  cacheStatus: 'none',
  dbQueries: [ 'isolationAttestationLedger.create' ]
}
FEATURE_GATE_AWAIT_TRACE {
  event: 'start',
  fileName: 'backend/src/services/security/securityGovernanceOS.service.ts',
  redisOps: 'none',
  functionName: 'attestInfraIsolation:isolationAttestationLedger.upsert',
  cacheStatus: 'none',
  dbQueries: [
    'isolationAttestationLedger.upsert(isolation_attest:a66e39decd76e01e45d56316)'
  ],
  attestationKey: 'isolation_attest:a66e39decd76e01e45d56316'
}
FEATURE_GATE_AWAIT_TRACE {
  event: 'start',
  fileName: 'backend/src/services/security/securityGovernanceOS.service.ts',
  redisOps: 'none',
  functionName: 'authorizeAccess:appendAuthEvent:authorized',
  action: 'analytics:view',
  route: null,
  cacheStatus: 'none',
  dbQueries: [ 'authEventLedger.upsert' ]
}
FEATURE_GATE_AWAIT_TRACE {
  event: 'start',
  fileName: 'backend/src/services/security/securityGovernanceOS.service.ts',
  redisOps: 'none',
  functionName: 'appendAuthEvent:authEventLedger.upsert',
  cacheStatus: 'none',
  dbQueries: [ 'authEventLedger.upsert(auth_evt:c6ed9e678ff7e7b295a9e8d220)' ],
  eventKey: 'auth_evt:c6ed9e678ff7e7b295a9e8d220',
  action: 'analytics:view',
  outcome: 'ALLOWED'
}
prisma:error 
Invalid `prisma.dataAccessAuditLedger.upsert()` invocation:


Raw query failed. Code: `unknown`. Message: `Kind: Transactions are not supported by this deployment, labels: {}, source: None`
prisma:error 
Invalid `prisma.isolationAttestationLedger.upsert()` invocation:


Raw query failed. Code: `unknown`. Message: `Kind: Transactions are not supported by this deployment, labels: {}, source: None`
FEATURE_GATE_AWAIT_TRACE {
  event: 'end',
  fileName: 'backend/src/services/security/securityGovernanceOS.service.ts',
  redisOps: 'none',
  functionName: 'attestInfraIsolation:isolationAttestationLedger.upsert',
  durationMs: 3,
  cacheStatus: 'none',
  dbQueries: [
    'isolationAttestationLedger.upsert(isolation_attest:a66e39decd76e01e45d56316)'
  ],
  attestationKey: 'isolation_attest:a66e39decd76e01e45d56316'
}
FEATURE_GATE_AWAIT_TRACE {
  event: 'end',
  fileName: 'backend/src/services/security/securityGovernanceOS.service.ts',
  redisOps: 'none',
  functionName: 'authorizeAccess:attestInfraIsolation',
  durationMs: 3,
  action: 'analytics:view',
  route: null,
  cacheStatus: 'none',
  dbQueries: [ 'isolationAttestationLedger.create' ]
}
prisma:error 
Invalid `prisma.authEventLedger.upsert()` invocation:


Raw query failed. Code: `unknown`. Message: `Kind: Transactions are not supported by this deployment, labels: {}, source: None`
FEATURE_GATE_AWAIT_TRACE {
  event: 'end',
  fileName: 'backend/src/services/security/securityGovernanceOS.service.ts',
  redisOps: 'none',
  functionName: 'appendAuthEvent:authEventLedger.upsert',
  durationMs: 2,
  cacheStatus: 'none',
  dbQueries: [ 'authEventLedger.upsert(auth_evt:c6ed9e678ff7e7b295a9e8d220)' ],
  eventKey: 'auth_evt:c6ed9e678ff7e7b295a9e8d220',
  action: 'analytics:view',
  outcome: 'ALLOWED'
}
FEATURE_GATE_AWAIT_TRACE {
  event: 'end',
  fileName: 'backend/src/services/security/securityGovernanceOS.service.ts',
  redisOps: 'none',
  functionName: 'authorizeAccess:appendAuthEvent:authorized',
  durationMs: 2,
  action: 'analytics:view',
  route: null,
  cacheStatus: 'none',
  dbQueries: [ 'authEventLedger.upsert' ]
}
prisma:error 
Invalid `prisma.observabilityEventLedger.findUnique()` invocation:


Raw query failed. Code: `unknown`. Message: `Kind: Server selection timeout: No available servers. Topology: { Type: Unknown, Servers: [ { Address: localhost:27017, Type: Unknown, Error: Kind: I/O error: No connection could be made because the target machine actively refused it. (os error 10061), labels: {}, source: None } ] }, labels: {}, source: None`
prisma:error 
Invalid `prisma.observabilityEventLedger.upsert()` invocation:


Raw query failed. Code: `unknown`. Message: `Kind: Transactions are not supported by this deployment, labels: {}, source: None`
prisma:error 
Invalid `prisma.infrastructureRecoveryLedger.count()` invocation:


Raw query failed. Code: `unknown`. Message: `Kind: Server selection timeout: No available servers. Topology: { Type: Unknown, Servers: [ { Address: localhost:27017, Type: Unknown, Error: Kind: I/O error: No connection could be made because the target machine actively refused it. (os error 10061), labels: {}, source: None } ] }, labels: {}, source: None`
replay_suppressed_count {
  metric: 'replay_suppressed_count',
  value: 0,
  businessId: null,
  route: 'integrations_onboarding_recovery',
  metadata: {
    suppression: 'queue_not_writable',
    suspendMs: 60000,
    queueDepth: 0,
    redisCircuitOpen: false
  },
  recordedAt: '2026-07-06T15:13:30.022Z'
}
FEATURE_GATE_AWAIT_TRACE {
  event: 'start',
  fileName: 'backend/src/services/security/securityGovernanceOS.service.ts',
  redisOps: 'none',
  functionName: 'assertAuthorizedAccess:authorizeAccess',
  action: 'analytics:view',
  route: null,
  cacheStatus: 'delegated',
  dbQueries: [ 'see nested FEATURE_GATE_AWAIT_TRACE events' ]
}
FEATURE_GATE_AWAIT_TRACE {
  event: 'start',
  fileName: 'backend/src/services/security/securityGovernanceOS.service.ts',
  redisOps: 'none',
  functionName: 'authorizeAccess:assertTenantIsolation',
  action: 'analytics:view',
  route: null,
  cacheStatus: 'none',
  dbQueries: [ 'tenantIsolationLedger.upsert' ]
}
FEATURE_GATE_AWAIT_TRACE {
  event: 'end',
  fileName: 'backend/src/services/security/securityGovernanceOS.service.ts',
  redisOps: 'none',
  functionName: 'authorizeAccess:assertTenantIsolation',
  durationMs: 0,
  action: 'analytics:view',
  route: null,
  cacheStatus: 'none',
  dbQueries: [ 'tenantIsolationLedger.upsert' ]
}
FEATURE_GATE_AWAIT_TRACE {
  event: 'end',
  fileName: 'backend/src/services/security/securityGovernanceOS.service.ts',
  redisOps: 'none',
  functionName: 'assertAuthorizedAccess:authorizeAccess',
  durationMs: 2,
  action: 'analytics:view',
  route: null,
  cacheStatus: 'delegated',
  dbQueries: [ 'see nested FEATURE_GATE_AWAIT_TRACE events' ]
}
FEATURE_GATE_AWAIT_TRACE {
  event: 'start',
  fileName: 'backend/src/services/security/securityGovernanceOS.service.ts',
  redisOps: 'none',
  functionName: 'authorizeAccess:attestInfraIsolation',
  action: 'analytics:view',
  route: null,
  cacheStatus: 'none',
  dbQueries: [ 'isolationAttestationLedger.create' ]
}
FEATURE_GATE_AWAIT_TRACE {
  event: 'start',
  fileName: 'backend/src/services/security/securityGovernanceOS.service.ts',
  redisOps: 'none',
  functionName: 'attestInfraIsolation:isolationAttestationLedger.upsert',
  cacheStatus: 'none',
  dbQueries: [
    'isolationAttestationLedger.upsert(isolation_attest:ec3ec15c4a098ae364ecdd50)'
  ],
  attestationKey: 'isolation_attest:ec3ec15c4a098ae364ecdd50'
}
FEATURE_GATE_AWAIT_TRACE {
  event: 'start',
  fileName: 'backend/src/services/security/securityGovernanceOS.service.ts',
  redisOps: 'none',
  functionName: 'authorizeAccess:appendAuthEvent:authorized',
  action: 'analytics:view',
  route: null,
  cacheStatus: 'none',
  dbQueries: [ 'authEventLedger.upsert' ]
}
FEATURE_GATE_AWAIT_TRACE {
  event: 'start',
  fileName: 'backend/src/services/security/securityGovernanceOS.service.ts',
  redisOps: 'none',
  functionName: 'appendAuthEvent:authEventLedger.upsert',
  cacheStatus: 'none',
  dbQueries: [ 'authEventLedger.upsert(auth_evt:a0bddf81a9c72557e3f68a3ff5)' ],
  eventKey: 'auth_evt:a0bddf81a9c72557e3f68a3ff5',
  action: 'analytics:view',
  outcome: 'ALLOWED'
}
prisma:error 
Invalid `prisma.dataAccessAuditLedger.upsert()` invocation:


Raw query failed. Code: `unknown`. Message: `Kind: Transactions are not supported by this deployment, labels: {}, source: None`
prisma:error 
Invalid `prisma.isolationAttestationLedger.upsert()` invocation:


Raw query failed. Code: `unknown`. Message: `Kind: Transactions are not supported by this deployment, labels: {}, source: None`
FEATURE_GATE_AWAIT_TRACE {
  event: 'end',
  fileName: 'backend/src/services/security/securityGovernanceOS.service.ts',
  redisOps: 'none',
  functionName: 'attestInfraIsolation:isolationAttestationLedger.upsert',
  durationMs: 3,
  cacheStatus: 'none',
  dbQueries: [
    'isolationAttestationLedger.upsert(isolation_attest:ec3ec15c4a098ae364ecdd50)'
  ],
  attestationKey: 'isolation_attest:ec3ec15c4a098ae364ecdd50'
}
FEATURE_GATE_AWAIT_TRACE {
  event: 'end',
  fileName: 'backend/src/services/security/securityGovernanceOS.service.ts',
  redisOps: 'none',
  functionName: 'authorizeAccess:attestInfraIsolation',
  durationMs: 3,
  action: 'analytics:view',
  route: null,
  cacheStatus: 'none',
  dbQueries: [ 'isolationAttestationLedger.create' ]
}
prisma:error 
Invalid `prisma.authEventLedger.upsert()` invocation:


Raw query failed. Code: `unknown`. Message: `Kind: Transactions are not supported by this deployment, labels: {}, source: None`
FEATURE_GATE_AWAIT_TRACE {
  event: 'end',
  fileName: 'backend/src/services/security/securityGovernanceOS.service.ts',
  redisOps: 'none',
  functionName: 'appendAuthEvent:authEventLedger.upsert',
  durationMs: 3,
  cacheStatus: 'none',
  dbQueries: [ 'authEventLedger.upsert(auth_evt:a0bddf81a9c72557e3f68a3ff5)' ],
  eventKey: 'auth_evt:a0bddf81a9c72557e3f68a3ff5',
  action: 'analytics:view',
  outcome: 'ALLOWED'
}
FEATURE_GATE_AWAIT_TRACE {
  event: 'end',
  fileName: 'backend/src/services/security/securityGovernanceOS.service.ts',
  redisOps: 'none',
  functionName: 'authorizeAccess:appendAuthEvent:authorized',
  durationMs: 3,
  action: 'analytics:view',
  route: null,
  cacheStatus: 'none',
  dbQueries: [ 'authEventLedger.upsert' ]
}
prisma:error 
Invalid `prisma.observabilityEventLedger.findUnique()` invocation:


Raw query failed. Code: `unknown`. Message: `Kind: Server selection timeout: No available servers. Topology: { Type: Unknown, Servers: [ { Address: localhost:27017, Type: Unknown, Error: Kind: I/O error: No connection could be made because the target machine actively refused it. (os error 10061), labels: {}, source: None } ] }, labels: {}, source: None`
prisma:error 
Invalid `prisma.observabilityEventLedger.upsert()` invocation:


Raw query failed. Code: `unknown`. Message: `Kind: Transactions are not supported by this deployment, labels: {}, source: None`
prisma:error 
Invalid `prisma.infrastructureRecoveryLedger.count()` invocation:


Raw query failed. Code: `unknown`. Message: `Kind: Server selection timeout: No available servers. Topology: { Type: Unknown, Servers: [ { Address: localhost:27017, Type: Unknown, Error: Kind: I/O error: No connection could be made because the target machine actively refused it. (os error 10061), labels: {}, source: None } ] }, labels: {}, source: None`
replay_suppressed_count {
  metric: 'replay_suppressed_count',
  value: 0,
  businessId: null,
  route: 'integrations_onboarding_recovery',
  metadata: {
    suppression: 'queue_not_writable',
    suspendMs: 60000,
    queueDepth: 0,
    redisCircuitOpen: false
  },
  recordedAt: '2026-07-06T15:14:30.037Z'
}
FEATURE_GATE_AWAIT_TRACE {
  event: 'start',
  fileName: 'backend/src/services/security/securityGovernanceOS.service.ts',
  redisOps: 'none',
  functionName: 'assertAuthorizedAccess:authorizeAccess',
  action: 'analytics:view',
  route: null,
  cacheStatus: 'delegated',
  dbQueries: [ 'see nested FEATURE_GATE_AWAIT_TRACE events' ]
}
FEATURE_GATE_AWAIT_TRACE {
  event: 'start',
  fileName: 'backend/src/services/security/securityGovernanceOS.service.ts',
  redisOps: 'none',
  functionName: 'authorizeAccess:assertTenantIsolation',
  action: 'analytics:view',
  route: null,
  cacheStatus: 'none',
  dbQueries: [ 'tenantIsolationLedger.upsert' ]
}
FEATURE_GATE_AWAIT_TRACE {
  event: 'end',
  fileName: 'backend/src/services/security/securityGovernanceOS.service.ts',
  redisOps: 'none',
  functionName: 'authorizeAccess:assertTenantIsolation',
  durationMs: 0,
  action: 'analytics:view',
  route: null,
  cacheStatus: 'none',
  dbQueries: [ 'tenantIsolationLedger.upsert' ]
}
FEATURE_GATE_AWAIT_TRACE {
  event: 'end',
  fileName: 'backend/src/services/security/securityGovernanceOS.service.ts',
  redisOps: 'none',
  functionName: 'assertAuthorizedAccess:authorizeAccess',
  durationMs: 1,
  action: 'analytics:view',
  route: null,
  cacheStatus: 'delegated',
  dbQueries: [ 'see nested FEATURE_GATE_AWAIT_TRACE events' ]
}
FEATURE_GATE_AWAIT_TRACE {
  event: 'start',
  fileName: 'backend/src/services/security/securityGovernanceOS.service.ts',
  redisOps: 'none',
  functionName: 'authorizeAccess:attestInfraIsolation',
  action: 'analytics:view',
  route: null,
  cacheStatus: 'none',
  dbQueries: [ 'isolationAttestationLedger.create' ]
}
FEATURE_GATE_AWAIT_TRACE {
  event: 'start',
  fileName: 'backend/src/services/security/securityGovernanceOS.service.ts',
  redisOps: 'none',
  functionName: 'attestInfraIsolation:isolationAttestationLedger.upsert',
  cacheStatus: 'none',
  dbQueries: [
    'isolationAttestationLedger.upsert(isolation_attest:8cdb9247d52fb3eb6dc342fe)'
  ],
  attestationKey: 'isolation_attest:8cdb9247d52fb3eb6dc342fe'
}
FEATURE_GATE_AWAIT_TRACE {
  event: 'start',
  fileName: 'backend/src/services/security/securityGovernanceOS.service.ts',
  redisOps: 'none',
  functionName: 'authorizeAccess:appendAuthEvent:authorized',
  action: 'analytics:view',
  route: null,
  cacheStatus: 'none',
  dbQueries: [ 'authEventLedger.upsert' ]
}
FEATURE_GATE_AWAIT_TRACE {
  event: 'start',
  fileName: 'backend/src/services/security/securityGovernanceOS.service.ts',
  redisOps: 'none',
  functionName: 'appendAuthEvent:authEventLedger.upsert',
  cacheStatus: 'none',
  dbQueries: [ 'authEventLedger.upsert(auth_evt:210659b6614deedb4233a2233b)' ],
  eventKey: 'auth_evt:210659b6614deedb4233a2233b',
  action: 'analytics:view',
  outcome: 'ALLOWED'
}
prisma:error 
Invalid `prisma.dataAccessAuditLedger.upsert()` invocation:


Raw query failed. Code: `unknown`. Message: `Kind: Transactions are not supported by this deployment, labels: {}, source: None`
prisma:error 
Invalid `prisma.isolationAttestationLedger.upsert()` invocation:


Raw query failed. Code: `unknown`. Message: `Kind: Transactions are not supported by this deployment, labels: {}, source: None`
FEATURE_GATE_AWAIT_TRACE {
  event: 'end',
  fileName: 'backend/src/services/security/securityGovernanceOS.service.ts',
  redisOps: 'none',
  functionName: 'attestInfraIsolation:isolationAttestationLedger.upsert',
  durationMs: 2,
  cacheStatus: 'none',
  dbQueries: [
    'isolationAttestationLedger.upsert(isolation_attest:8cdb9247d52fb3eb6dc342fe)'
  ],
  attestationKey: 'isolation_attest:8cdb9247d52fb3eb6dc342fe'
}
FEATURE_GATE_AWAIT_TRACE {
  event: 'end',
  fileName: 'backend/src/services/security/securityGovernanceOS.service.ts',
  redisOps: 'none',
  functionName: 'authorizeAccess:attestInfraIsolation',
  durationMs: 2,
  action: 'analytics:view',
  route: null,
  cacheStatus: 'none',
  dbQueries: [ 'isolationAttestationLedger.create' ]
}
prisma:error 
Invalid `prisma.authEventLedger.upsert()` invocation:


Raw query failed. Code: `unknown`. Message: `Kind: Transactions are not supported by this deployment, labels: {}, source: None`
FEATURE_GATE_AWAIT_TRACE {
  event: 'end',
  fileName: 'backend/src/services/security/securityGovernanceOS.service.ts',
  redisOps: 'none',
  functionName: 'appendAuthEvent:authEventLedger.upsert',
  durationMs: 2,
  cacheStatus: 'none',
  dbQueries: [ 'authEventLedger.upsert(auth_evt:210659b6614deedb4233a2233b)' ],
  eventKey: 'auth_evt:210659b6614deedb4233a2233b',
  action: 'analytics:view',
  outcome: 'ALLOWED'
}
FEATURE_GATE_AWAIT_TRACE {
  event: 'end',
  fileName: 'backend/src/services/security/securityGovernanceOS.service.ts',
  redisOps: 'none',
  functionName: 'authorizeAccess:appendAuthEvent:authorized',
  durationMs: 3,
  action: 'analytics:view',
  route: null,
  cacheStatus: 'none',
  dbQueries: [ 'authEventLedger.upsert' ]
}
prisma:error 
Invalid `prisma.observabilityEventLedger.findUnique()` invocation:


Raw query failed. Code: `unknown`. Message: `Kind: Server selection timeout: No available servers. Topology: { Type: Unknown, Servers: [ { Address: localhost:27017, Type: Unknown, Error: Kind: I/O error: No connection could be made because the target machine actively refused it. (os error 10061), labels: {}, source: None } ] }, labels: {}, source: None`
prisma:error 
Invalid `prisma.observabilityEventLedger.upsert()` invocation:


Raw query failed. Code: `unknown`. Message: `Kind: Transactions are not supported by this deployment, labels: {}, source: None`
prisma:error 
Invalid `prisma.infrastructureRecoveryLedger.count()` invocation:


Raw query failed. Code: `unknown`. Message: `Kind: Server selection timeout: No available servers. Topology: { Type: Unknown, Servers: [ { Address: localhost:27017, Type: Unknown, Error: Kind: I/O error: No connection could be made because the target machine actively refused it. (os error 10061), labels: {}, source: None } ] }, labels: {}, source: None`
replay_suppressed_count {
  metric: 'replay_suppressed_count',
  value: 0,
  businessId: null,
  route: 'integrations_onboarding_recovery',
  metadata: {
    suppression: 'queue_not_writable',
    suspendMs: 60000,
    queueDepth: 0,
    redisCircuitOpen: false
  },
  recordedAt: '2026-07-06T15:15:30.035Z'
}
FEATURE_GATE_AWAIT_TRACE {
  event: 'start',
  fileName: 'backend/src/services/security/securityGovernanceOS.service.ts',
  redisOps: 'none',
  functionName: 'assertAuthorizedAccess:authorizeAccess',
  action: 'analytics:view',
  route: null,
  cacheStatus: 'delegated',
  dbQueries: [ 'see nested FEATURE_GATE_AWAIT_TRACE events' ]
}
FEATURE_GATE_AWAIT_TRACE {
  event: 'start',
  fileName: 'backend/src/services/security/securityGovernanceOS.service.ts',
  redisOps: 'none',
  functionName: 'authorizeAccess:assertTenantIsolation',
  action: 'analytics:view',
  route: null,
  cacheStatus: 'none',
  dbQueries: [ 'tenantIsolationLedger.upsert' ]
}
FEATURE_GATE_AWAIT_TRACE {
  event: 'end',
  fileName: 'backend/src/services/security/securityGovernanceOS.service.ts',
  redisOps: 'none',
  functionName: 'authorizeAccess:assertTenantIsolation',
  durationMs: 1,
  action: 'analytics:view',
  route: null,
  cacheStatus: 'none',
  dbQueries: [ 'tenantIsolationLedger.upsert' ]
}
FEATURE_GATE_AWAIT_TRACE {
  event: 'end',
  fileName: 'backend/src/services/security/securityGovernanceOS.service.ts',
  redisOps: 'none',
  functionName: 'assertAuthorizedAccess:authorizeAccess',
  durationMs: 2,
  action: 'analytics:view',
  route: null,
  cacheStatus: 'delegated',
  dbQueries: [ 'see nested FEATURE_GATE_AWAIT_TRACE events' ]
}
FEATURE_GATE_AWAIT_TRACE {
  event: 'start',
  fileName: 'backend/src/services/security/securityGovernanceOS.service.ts',
  redisOps: 'none',
  functionName: 'authorizeAccess:attestInfraIsolation',
  action: 'analytics:view',
  route: null,
  cacheStatus: 'none',
  dbQueries: [ 'isolationAttestationLedger.create' ]
}
FEATURE_GATE_AWAIT_TRACE {
  event: 'start',
  fileName: 'backend/src/services/security/securityGovernanceOS.service.ts',
  redisOps: 'none',
  functionName: 'attestInfraIsolation:isolationAttestationLedger.upsert',
  cacheStatus: 'none',
  dbQueries: [
    'isolationAttestationLedger.upsert(isolation_attest:9f4cb3d5286c0b5af4f6ba99)'
  ],
  attestationKey: 'isolation_attest:9f4cb3d5286c0b5af4f6ba99'
}
FEATURE_GATE_AWAIT_TRACE {
  event: 'start',
  fileName: 'backend/src/services/security/securityGovernanceOS.service.ts',
  redisOps: 'none',
  functionName: 'authorizeAccess:appendAuthEvent:authorized',
  action: 'analytics:view',
  route: null,
  cacheStatus: 'none',
  dbQueries: [ 'authEventLedger.upsert' ]
}
FEATURE_GATE_AWAIT_TRACE {
  event: 'start',
  fileName: 'backend/src/services/security/securityGovernanceOS.service.ts',
  redisOps: 'none',
  functionName: 'appendAuthEvent:authEventLedger.upsert',
  cacheStatus: 'none',
  dbQueries: [ 'authEventLedger.upsert(auth_evt:75681398fead32213ceac81f61)' ],
  eventKey: 'auth_evt:75681398fead32213ceac81f61',
  action: 'analytics:view',
  outcome: 'ALLOWED'
}
prisma:error 
Invalid `prisma.dataAccessAuditLedger.upsert()` invocation:


Raw query failed. Code: `unknown`. Message: `Kind: Transactions are not supported by this deployment, labels: {}, source: None`
prisma:error 
Invalid `prisma.isolationAttestationLedger.upsert()` invocation:


Raw query failed. Code: `unknown`. Message: `Kind: Transactions are not supported by this deployment, labels: {}, source: None`
FEATURE_GATE_AWAIT_TRACE {
  event: 'end',
  fileName: 'backend/src/services/security/securityGovernanceOS.service.ts',
  redisOps: 'none',
  functionName: 'attestInfraIsolation:isolationAttestationLedger.upsert',
  durationMs: 2,
  cacheStatus: 'none',
  dbQueries: [
    'isolationAttestationLedger.upsert(isolation_attest:9f4cb3d5286c0b5af4f6ba99)'
  ],
  attestationKey: 'isolation_attest:9f4cb3d5286c0b5af4f6ba99'
}
FEATURE_GATE_AWAIT_TRACE {
  event: 'end',
  fileName: 'backend/src/services/security/securityGovernanceOS.service.ts',
  redisOps: 'none',
  functionName: 'authorizeAccess:attestInfraIsolation',
  durationMs: 3,
  action: 'analytics:view',
  route: null,
  cacheStatus: 'none',
  dbQueries: [ 'isolationAttestationLedger.create' ]
}
prisma:error 
Invalid `prisma.authEventLedger.upsert()` invocation:


Raw query failed. Code: `unknown`. Message: `Kind: Transactions are not supported by this deployment, labels: {}, source: None`
FEATURE_GATE_AWAIT_TRACE {
  event: 'end',
  fileName: 'backend/src/services/security/securityGovernanceOS.service.ts',
  redisOps: 'none',
  functionName: 'appendAuthEvent:authEventLedger.upsert',
  durationMs: 2,
  cacheStatus: 'none',
  dbQueries: [ 'authEventLedger.upsert(auth_evt:75681398fead32213ceac81f61)' ],
  eventKey: 'auth_evt:75681398fead32213ceac81f61',
  action: 'analytics:view',
  outcome: 'ALLOWED'
}
FEATURE_GATE_AWAIT_TRACE {
  event: 'end',
  fileName: 'backend/src/services/security/securityGovernanceOS.service.ts',
  redisOps: 'none',
  functionName: 'authorizeAccess:appendAuthEvent:authorized',
  durationMs: 2,
  action: 'analytics:view',
  route: null,
  cacheStatus: 'none',
  dbQueries: [ 'authEventLedger.upsert' ]
}
prisma:error 
Invalid `prisma.observabilityEventLedger.findUnique()` invocation:


Raw query failed. Code: `unknown`. Message: `Kind: Server selection timeout: No available servers. Topology: { Type: Unknown, Servers: [ { Address: localhost:27017, Type: Unknown, Error: Kind: I/O error: No connection could be made because the target machine actively refused it. (os error 10061), labels: {}, source: None } ] }, labels: {}, source: None`
prisma:error 
Invalid `prisma.observabilityEventLedger.upsert()` invocation:


Raw query failed. Code: `unknown`. Message: `Kind: Transactions are not supported by this deployment, labels: {}, source: None`
prisma:error 
Invalid `prisma.infrastructureRecoveryLedger.count()` invocation:


Raw query failed. Code: `unknown`. Message: `Kind: Server selection timeout: No available servers. Topology: { Type: Unknown, Servers: [ { Address: localhost:27017, Type: Unknown, Error: Kind: I/O error: No connection could be made because the target machine actively refused it. (os error 10061), labels: {}, source: None } ] }, labels: {}, source: None`
replay_suppressed_count {
  metric: 'replay_suppressed_count',
  value: 0,
  businessId: null,
  route: 'integrations_onboarding_recovery',
  metadata: {
    suppression: 'queue_not_writable',
    suspendMs: 60000,
    queueDepth: 0,
    redisCircuitOpen: false
  },
  recordedAt: '2026-07-06T15:16:30.037Z'
}
FEATURE_GATE_AWAIT_TRACE {
  event: 'start',
  fileName: 'backend/src/services/security/securityGovernanceOS.service.ts',
  redisOps: 'none',
  functionName: 'assertAuthorizedAccess:authorizeAccess',
  action: 'analytics:view',
  route: null,
  cacheStatus: 'delegated',
  dbQueries: [ 'see nested FEATURE_GATE_AWAIT_TRACE events' ]
}
FEATURE_GATE_AWAIT_TRACE {
  event: 'start',
  fileName: 'backend/src/services/security/securityGovernanceOS.service.ts',
  redisOps: 'none',
  functionName: 'authorizeAccess:assertTenantIsolation',
  action: 'analytics:view',
  route: null,
  cacheStatus: 'none',
  dbQueries: [ 'tenantIsolationLedger.upsert' ]
}
FEATURE_GATE_AWAIT_TRACE {
  event: 'end',
  fileName: 'backend/src/services/security/securityGovernanceOS.service.ts',
  redisOps: 'none',
  functionName: 'authorizeAccess:assertTenantIsolation',
  durationMs: 1,
  action: 'analytics:view',
  route: null,
  cacheStatus: 'none',
  dbQueries: [ 'tenantIsolationLedger.upsert' ]
}
FEATURE_GATE_AWAIT_TRACE {
  event: 'end',
  fileName: 'backend/src/services/security/securityGovernanceOS.service.ts',
  redisOps: 'none',
  functionName: 'assertAuthorizedAccess:authorizeAccess',
  durationMs: 2,
  action: 'analytics:view',
  route: null,
  cacheStatus: 'delegated',
  dbQueries: [ 'see nested FEATURE_GATE_AWAIT_TRACE events' ]
}
FEATURE_GATE_AWAIT_TRACE {
  event: 'start',
  fileName: 'backend/src/services/security/securityGovernanceOS.service.ts',
  redisOps: 'none',
  functionName: 'authorizeAccess:attestInfraIsolation',
  action: 'analytics:view',
  route: null,
  cacheStatus: 'none',
  dbQueries: [ 'isolationAttestationLedger.create' ]
}
FEATURE_GATE_AWAIT_TRACE {
  event: 'start',
  fileName: 'backend/src/services/security/securityGovernanceOS.service.ts',
  redisOps: 'none',
  functionName: 'attestInfraIsolation:isolationAttestationLedger.upsert',
  cacheStatus: 'none',
  dbQueries: [
    'isolationAttestationLedger.upsert(isolation_attest:848a9e0c1ec7eedcecc62a18)'
  ],
  attestationKey: 'isolation_attest:848a9e0c1ec7eedcecc62a18'
}
FEATURE_GATE_AWAIT_TRACE {
  event: 'start',
  fileName: 'backend/src/services/security/securityGovernanceOS.service.ts',
  redisOps: 'none',
  functionName: 'authorizeAccess:appendAuthEvent:authorized',
  action: 'analytics:view',
  route: null,
  cacheStatus: 'none',
  dbQueries: [ 'authEventLedger.upsert' ]
}
FEATURE_GATE_AWAIT_TRACE {
  event: 'start',
  fileName: 'backend/src/services/security/securityGovernanceOS.service.ts',
  redisOps: 'none',
  functionName: 'appendAuthEvent:authEventLedger.upsert',
  cacheStatus: 'none',
  dbQueries: [ 'authEventLedger.upsert(auth_evt:6471f85e2320bded901da6c023)' ],
  eventKey: 'auth_evt:6471f85e2320bded901da6c023',
  action: 'analytics:view',
  outcome: 'ALLOWED'
}
prisma:error 
Invalid `prisma.dataAccessAuditLedger.upsert()` invocation:


Raw query failed. Code: `unknown`. Message: `Kind: Transactions are not supported by this deployment, labels: {}, source: None`
prisma:error 
Invalid `prisma.isolationAttestationLedger.upsert()` invocation:


Raw query failed. Code: `unknown`. Message: `Kind: Transactions are not supported by this deployment, labels: {}, source: None`
FEATURE_GATE_AWAIT_TRACE {
  event: 'end',
  fileName: 'backend/src/services/security/securityGovernanceOS.service.ts',
  redisOps: 'none',
  functionName: 'attestInfraIsolation:isolationAttestationLedger.upsert',
  durationMs: 2,
  cacheStatus: 'none',
  dbQueries: [
    'isolationAttestationLedger.upsert(isolation_attest:848a9e0c1ec7eedcecc62a18)'
  ],
  attestationKey: 'isolation_attest:848a9e0c1ec7eedcecc62a18'
}
FEATURE_GATE_AWAIT_TRACE {
  event: 'end',
  fileName: 'backend/src/services/security/securityGovernanceOS.service.ts',
  redisOps: 'none',
  functionName: 'authorizeAccess:attestInfraIsolation',
  durationMs: 3,
  action: 'analytics:view',
  route: null,
  cacheStatus: 'none',
  dbQueries: [ 'isolationAttestationLedger.create' ]
}
prisma:error 
Invalid `prisma.authEventLedger.upsert()` invocation:


Raw query failed. Code: `unknown`. Message: `Kind: Transactions are not supported by this deployment, labels: {}, source: None`
FEATURE_GATE_AWAIT_TRACE {
  event: 'end',
  fileName: 'backend/src/services/security/securityGovernanceOS.service.ts',
  redisOps: 'none',
  functionName: 'appendAuthEvent:authEventLedger.upsert',
  durationMs: 2,
  cacheStatus: 'none',
  dbQueries: [ 'authEventLedger.upsert(auth_evt:6471f85e2320bded901da6c023)' ],
  eventKey: 'auth_evt:6471f85e2320bded901da6c023',
  action: 'analytics:view',
  outcome: 'ALLOWED'
}
FEATURE_GATE_AWAIT_TRACE {
  event: 'end',
  fileName: 'backend/src/services/security/securityGovernanceOS.service.ts',
  redisOps: 'none',
  functionName: 'authorizeAccess:appendAuthEvent:authorized',
  durationMs: 3,
  action: 'analytics:view',
  route: null,
  cacheStatus: 'none',
  dbQueries: [ 'authEventLedger.upsert' ]
}
prisma:error 
Invalid `prisma.observabilityEventLedger.findUnique()` invocation:


Raw query failed. Code: `unknown`. Message: `Kind: Server selection timeout: No available servers. Topology: { Type: Unknown, Servers: [ { Address: localhost:27017, Type: Unknown, Error: Kind: I/O error: No connection could be made because the target machine actively refused it. (os error 10061), labels: {}, source: None } ] }, labels: {}, source: None`
prisma:error 
Invalid `prisma.observabilityEventLedger.upsert()` invocation:


Raw query failed. Code: `unknown`. Message: `Kind: Transactions are not supported by this deployment, labels: {}, source: None`
prisma:error 
Invalid `prisma.infrastructureRecoveryLedger.count()` invocation:


Raw query failed. Code: `unknown`. Message: `Kind: Server selection timeout: No available servers. Topology: { Type: Unknown, Servers: [ { Address: localhost:27017, Type: Unknown, Error: Kind: I/O error: No connection could be made because the target machine actively refused it. (os error 10061), labels: {}, source: None } ] }, labels: {}, source: None`
replay_suppressed_count {
  metric: 'replay_suppressed_count',
  value: 0,
  businessId: null,
  route: 'integrations_onboarding_recovery',
  metadata: {
    suppression: 'queue_not_writable',
    suspendMs: 60000,
    queueDepth: 0,
    redisCircuitOpen: false
  },
  recordedAt: '2026-07-06T15:17:30.037Z'
}
FEATURE_GATE_AWAIT_TRACE {
  event: 'start',
  fileName: 'backend/src/services/security/securityGovernanceOS.service.ts',
  redisOps: 'none',
  functionName: 'assertAuthorizedAccess:authorizeAccess',
  action: 'analytics:view',
  route: null,
  cacheStatus: 'delegated',
  dbQueries: [ 'see nested FEATURE_GATE_AWAIT_TRACE events' ]
}
FEATURE_GATE_AWAIT_TRACE {
  event: 'start',
  fileName: 'backend/src/services/security/securityGovernanceOS.service.ts',
  redisOps: 'none',
  functionName: 'authorizeAccess:assertTenantIsolation',
  action: 'analytics:view',
  route: null,
  cacheStatus: 'none',
  dbQueries: [ 'tenantIsolationLedger.upsert' ]
}
FEATURE_GATE_AWAIT_TRACE {
  event: 'end',
  fileName: 'backend/src/services/security/securityGovernanceOS.service.ts',
  redisOps: 'none',
  functionName: 'authorizeAccess:assertTenantIsolation',
  durationMs: 1,
  action: 'analytics:view',
  route: null,
  cacheStatus: 'none',
  dbQueries: [ 'tenantIsolationLedger.upsert' ]
}
FEATURE_GATE_AWAIT_TRACE {
  event: 'end',
  fileName: 'backend/src/services/security/securityGovernanceOS.service.ts',
  redisOps: 'none',
  functionName: 'assertAuthorizedAccess:authorizeAccess',
  durationMs: 2,
  action: 'analytics:view',
  route: null,
  cacheStatus: 'delegated',
  dbQueries: [ 'see nested FEATURE_GATE_AWAIT_TRACE events' ]
}
FEATURE_GATE_AWAIT_TRACE {
  event: 'start',
  fileName: 'backend/src/services/security/securityGovernanceOS.service.ts',
  redisOps: 'none',
  functionName: 'authorizeAccess:attestInfraIsolation',
  action: 'analytics:view',
  route: null,
  cacheStatus: 'none',
  dbQueries: [ 'isolationAttestationLedger.create' ]
}
FEATURE_GATE_AWAIT_TRACE {
  event: 'start',
  fileName: 'backend/src/services/security/securityGovernanceOS.service.ts',
  redisOps: 'none',
  functionName: 'attestInfraIsolation:isolationAttestationLedger.upsert',
  cacheStatus: 'none',
  dbQueries: [
    'isolationAttestationLedger.upsert(isolation_attest:fd424fd090a450bfc9cb0c9c)'
  ],
  attestationKey: 'isolation_attest:fd424fd090a450bfc9cb0c9c'
}
FEATURE_GATE_AWAIT_TRACE {
  event: 'start',
  fileName: 'backend/src/services/security/securityGovernanceOS.service.ts',
  redisOps: 'none',
  functionName: 'authorizeAccess:appendAuthEvent:authorized',
  action: 'analytics:view',
  route: null,
  cacheStatus: 'none',
  dbQueries: [ 'authEventLedger.upsert' ]
}
FEATURE_GATE_AWAIT_TRACE {
  event: 'start',
  fileName: 'backend/src/services/security/securityGovernanceOS.service.ts',
  redisOps: 'none',
  functionName: 'appendAuthEvent:authEventLedger.upsert',
  cacheStatus: 'none',
  dbQueries: [ 'authEventLedger.upsert(auth_evt:04b6dcfe09880e2779ae2360e8)' ],
  eventKey: 'auth_evt:04b6dcfe09880e2779ae2360e8',
  action: 'analytics:view',
  outcome: 'ALLOWED'
}
prisma:error 
Invalid `prisma.dataAccessAuditLedger.upsert()` invocation:


Raw query failed. Code: `unknown`. Message: `Kind: Transactions are not supported by this deployment, labels: {}, source: None`
prisma:error 
Invalid `prisma.isolationAttestationLedger.upsert()` invocation:


Raw query failed. Code: `unknown`. Message: `Kind: Transactions are not supported by this deployment, labels: {}, source: None`
FEATURE_GATE_AWAIT_TRACE {
  event: 'end',
  fileName: 'backend/src/services/security/securityGovernanceOS.service.ts',
  redisOps: 'none',
  functionName: 'attestInfraIsolation:isolationAttestationLedger.upsert',
  durationMs: 3,
  cacheStatus: 'none',
  dbQueries: [
    'isolationAttestationLedger.upsert(isolation_attest:fd424fd090a450bfc9cb0c9c)'
  ],
  attestationKey: 'isolation_attest:fd424fd090a450bfc9cb0c9c'
}
FEATURE_GATE_AWAIT_TRACE {
  event: 'end',
  fileName: 'backend/src/services/security/securityGovernanceOS.service.ts',
  redisOps: 'none',
  functionName: 'authorizeAccess:attestInfraIsolation',
  durationMs: 3,
  action: 'analytics:view',
  route: null,
  cacheStatus: 'none',
  dbQueries: [ 'isolationAttestationLedger.create' ]
}
prisma:error 
Invalid `prisma.authEventLedger.upsert()` invocation:


Raw query failed. Code: `unknown`. Message: `Kind: Transactions are not supported by this deployment, labels: {}, source: None`
FEATURE_GATE_AWAIT_TRACE {
  event: 'end',
  fileName: 'backend/src/services/security/securityGovernanceOS.service.ts',
  redisOps: 'none',
  functionName: 'appendAuthEvent:authEventLedger.upsert',
  durationMs: 3,
  cacheStatus: 'none',
  dbQueries: [ 'authEventLedger.upsert(auth_evt:04b6dcfe09880e2779ae2360e8)' ],
  eventKey: 'auth_evt:04b6dcfe09880e2779ae2360e8',
  action: 'analytics:view',
  outcome: 'ALLOWED'
}
FEATURE_GATE_AWAIT_TRACE {
  event: 'end',
  fileName: 'backend/src/services/security/securityGovernanceOS.service.ts',
  redisOps: 'none',
  functionName: 'authorizeAccess:appendAuthEvent:authorized',
  durationMs: 3,
  action: 'analytics:view',
  route: null,
  cacheStatus: 'none',
  dbQueries: [ 'authEventLedger.upsert' ]
}
prisma:error 
Invalid `prisma.observabilityEventLedger.findUnique()` invocation:


Raw query failed. Code: `unknown`. Message: `Kind: Server selection timeout: No available servers. Topology: { Type: Unknown, Servers: [ { Address: localhost:27017, Type: Unknown, Error: Kind: I/O error: No connection could be made because the target machine actively refused it. (os error 10061), labels: {}, source: None } ] }, labels: {}, source: None`
prisma:error 
Invalid `prisma.observabilityEventLedger.upsert()` invocation:


Raw query failed. Code: `unknown`. Message: `Kind: Transactions are not supported by this deployment, labels: {}, source: None`
prisma:error 
Invalid `prisma.infrastructureRecoveryLedger.count()` invocation:


Raw query failed. Code: `unknown`. Message: `Kind: Server selection timeout: No available servers. Topology: { Type: Unknown, Servers: [ { Address: localhost:27017, Type: Unknown, Error: Kind: I/O error: No connection could be made because the target machine actively refused it. (os error 10061), labels: {}, source: None } ] }, labels: {}, source: None`
replay_suppressed_count {
  metric: 'replay_suppressed_count',
  value: 0,
  businessId: null,
  route: 'integrations_onboarding_recovery',
  metadata: {
    suppression: 'queue_not_writable',
    suspendMs: 60000,
    queueDepth: 0,
    redisCircuitOpen: false
  },
  recordedAt: '2026-07-06T15:18:30.053Z'
}
FEATURE_GATE_AWAIT_TRACE {
  event: 'start',
  fileName: 'backend/src/services/security/securityGovernanceOS.service.ts',
  redisOps: 'none',
  functionName: 'assertAuthorizedAccess:authorizeAccess',
  action: 'analytics:view',
  route: null,
  cacheStatus: 'delegated',
  dbQueries: [ 'see nested FEATURE_GATE_AWAIT_TRACE events' ]
}
FEATURE_GATE_AWAIT_TRACE {
  event: 'start',
  fileName: 'backend/src/services/security/securityGovernanceOS.service.ts',
  redisOps: 'none',
  functionName: 'authorizeAccess:assertTenantIsolation',
  action: 'analytics:view',
  route: null,
  cacheStatus: 'none',
  dbQueries: [ 'tenantIsolationLedger.upsert' ]
}
FEATURE_GATE_AWAIT_TRACE {
  event: 'end',
  fileName: 'backend/src/services/security/securityGovernanceOS.service.ts',
  redisOps: 'none',
  functionName: 'authorizeAccess:assertTenantIsolation',
  durationMs: 1,
  action: 'analytics:view',
  route: null,
  cacheStatus: 'none',
  dbQueries: [ 'tenantIsolationLedger.upsert' ]
}
FEATURE_GATE_AWAIT_TRACE {
  event: 'end',
  fileName: 'backend/src/services/security/securityGovernanceOS.service.ts',
  redisOps: 'none',
  functionName: 'assertAuthorizedAccess:authorizeAccess',
  durationMs: 3,
  action: 'analytics:view',
  route: null,
  cacheStatus: 'delegated',
  dbQueries: [ 'see nested FEATURE_GATE_AWAIT_TRACE events' ]
}
FEATURE_GATE_AWAIT_TRACE {
  event: 'start',
  fileName: 'backend/src/services/security/securityGovernanceOS.service.ts',
  redisOps: 'none',
  functionName: 'authorizeAccess:attestInfraIsolation',
  action: 'analytics:view',
  route: null,
  cacheStatus: 'none',
  dbQueries: [ 'isolationAttestationLedger.create' ]
}
FEATURE_GATE_AWAIT_TRACE {
  event: 'start',
  fileName: 'backend/src/services/security/securityGovernanceOS.service.ts',
  redisOps: 'none',
  functionName: 'attestInfraIsolation:isolationAttestationLedger.upsert',
  cacheStatus: 'none',
  dbQueries: [
    'isolationAttestationLedger.upsert(isolation_attest:87df6bb650cfecfc5e18ddb9)'
  ],
  attestationKey: 'isolation_attest:87df6bb650cfecfc5e18ddb9'
}
FEATURE_GATE_AWAIT_TRACE {
  event: 'start',
  fileName: 'backend/src/services/security/securityGovernanceOS.service.ts',
  redisOps: 'none',
  functionName: 'authorizeAccess:appendAuthEvent:authorized',
  action: 'analytics:view',
  route: null,
  cacheStatus: 'none',
  dbQueries: [ 'authEventLedger.upsert' ]
}
FEATURE_GATE_AWAIT_TRACE {
  event: 'start',
  fileName: 'backend/src/services/security/securityGovernanceOS.service.ts',
  redisOps: 'none',
  functionName: 'appendAuthEvent:authEventLedger.upsert',
  cacheStatus: 'none',
  dbQueries: [ 'authEventLedger.upsert(auth_evt:c6fe7c87ad40f08eeb7e2526d2)' ],
  eventKey: 'auth_evt:c6fe7c87ad40f08eeb7e2526d2',
  action: 'analytics:view',
  outcome: 'ALLOWED'
}
prisma:error 
Invalid `prisma.dataAccessAuditLedger.upsert()` invocation:


Raw query failed. Code: `unknown`. Message: `Kind: Transactions are not supported by this deployment, labels: {}, source: None`
prisma:error 
Invalid `prisma.isolationAttestationLedger.upsert()` invocation:


Raw query failed. Code: `unknown`. Message: `Kind: Transactions are not supported by this deployment, labels: {}, source: None`
FEATURE_GATE_AWAIT_TRACE {
  event: 'end',
  fileName: 'backend/src/services/security/securityGovernanceOS.service.ts',
  redisOps: 'none',
  functionName: 'attestInfraIsolation:isolationAttestationLedger.upsert',
  durationMs: 2,
  cacheStatus: 'none',
  dbQueries: [
    'isolationAttestationLedger.upsert(isolation_attest:87df6bb650cfecfc5e18ddb9)'
  ],
  attestationKey: 'isolation_attest:87df6bb650cfecfc5e18ddb9'
}
FEATURE_GATE_AWAIT_TRACE {
  event: 'end',
  fileName: 'backend/src/services/security/securityGovernanceOS.service.ts',
  redisOps: 'none',
  functionName: 'authorizeAccess:attestInfraIsolation',
  durationMs: 3,
  action: 'analytics:view',
  route: null,
  cacheStatus: 'none',
  dbQueries: [ 'isolationAttestationLedger.create' ]
}
prisma:error 
Invalid `prisma.authEventLedger.upsert()` invocation:


Raw query failed. Code: `unknown`. Message: `Kind: Transactions are not supported by this deployment, labels: {}, source: None`
FEATURE_GATE_AWAIT_TRACE {
  event: 'end',
  fileName: 'backend/src/services/security/securityGovernanceOS.service.ts',
  redisOps: 'none',
  functionName: 'appendAuthEvent:authEventLedger.upsert',
  durationMs: 2,
  cacheStatus: 'none',
  dbQueries: [ 'authEventLedger.upsert(auth_evt:c6fe7c87ad40f08eeb7e2526d2)' ],
  eventKey: 'auth_evt:c6fe7c87ad40f08eeb7e2526d2',
  action: 'analytics:view',
  outcome: 'ALLOWED'
}
FEATURE_GATE_AWAIT_TRACE {
  event: 'end',
  fileName: 'backend/src/services/security/securityGovernanceOS.service.ts',
  redisOps: 'none',
  functionName: 'authorizeAccess:appendAuthEvent:authorized',
  durationMs: 3,
  action: 'analytics:view',
  route: null,
  cacheStatus: 'none',
  dbQueries: [ 'authEventLedger.upsert' ]
}
prisma:error 
Invalid `prisma.observabilityEventLedger.findUnique()` invocation:


Raw query failed. Code: `unknown`. Message: `Kind: Server selection timeout: No available servers. Topology: { Type: Unknown, Servers: [ { Address: localhost:27017, Type: Unknown, Error: Kind: I/O error: No connection could be made because the target machine actively refused it. (os error 10061), labels: {}, source: None } ] }, labels: {}, source: None`
prisma:error 
Invalid `prisma.observabilityEventLedger.upsert()` invocation:


Raw query failed. Code: `unknown`. Message: `Kind: Transactions are not supported by this deployment, labels: {}, source: None`
prisma:error 
Invalid `prisma.infrastructureRecoveryLedger.count()` invocation:


Raw query failed. Code: `unknown`. Message: `Kind: Server selection timeout: No available servers. Topology: { Type: Unknown, Servers: [ { Address: localhost:27017, Type: Unknown, Error: Kind: I/O error: No connection could be made because the target machine actively refused it. (os error 10061), labels: {}, source: None } ] }, labels: {}, source: None`
replay_suppressed_count {
  metric: 'replay_suppressed_count',
  value: 0,
  businessId: null,
  route: 'integrations_onboarding_recovery',
  metadata: {
    suppression: 'queue_not_writable',
    suspendMs: 60000,
    queueDepth: 0,
    redisCircuitOpen: false
  },
  recordedAt: '2026-07-06T15:19:30.035Z'
}
FEATURE_GATE_AWAIT_TRACE {
  event: 'start',
  fileName: 'backend/src/services/security/securityGovernanceOS.service.ts',
  redisOps: 'none',
  functionName: 'assertAuthorizedAccess:authorizeAccess',
  action: 'analytics:view',
  route: null,
  cacheStatus: 'delegated',
  dbQueries: [ 'see nested FEATURE_GATE_AWAIT_TRACE events' ]
}
FEATURE_GATE_AWAIT_TRACE {
  event: 'start',
  fileName: 'backend/src/services/security/securityGovernanceOS.service.ts',
  redisOps: 'none',
  functionName: 'authorizeAccess:assertTenantIsolation',
  action: 'analytics:view',
  route: null,
  cacheStatus: 'none',
  dbQueries: [ 'tenantIsolationLedger.upsert' ]
}
FEATURE_GATE_AWAIT_TRACE {
  event: 'end',
  fileName: 'backend/src/services/security/securityGovernanceOS.service.ts',
  redisOps: 'none',
  functionName: 'authorizeAccess:assertTenantIsolation',
  durationMs: 1,
  action: 'analytics:view',
  route: null,
  cacheStatus: 'none',
  dbQueries: [ 'tenantIsolationLedger.upsert' ]
}
FEATURE_GATE_AWAIT_TRACE {
  event: 'end',
  fileName: 'backend/src/services/security/securityGovernanceOS.service.ts',
  redisOps: 'none',
  functionName: 'assertAuthorizedAccess:authorizeAccess',
  durationMs: 2,
  action: 'analytics:view',
  route: null,
  cacheStatus: 'delegated',
  dbQueries: [ 'see nested FEATURE_GATE_AWAIT_TRACE events' ]
}
FEATURE_GATE_AWAIT_TRACE {
  event: 'start',
  fileName: 'backend/src/services/security/securityGovernanceOS.service.ts',
  redisOps: 'none',
  functionName: 'authorizeAccess:attestInfraIsolation',
  action: 'analytics:view',
  route: null,
  cacheStatus: 'none',
  dbQueries: [ 'isolationAttestationLedger.create' ]
}
FEATURE_GATE_AWAIT_TRACE {
  event: 'start',
  fileName: 'backend/src/services/security/securityGovernanceOS.service.ts',
  redisOps: 'none',
  functionName: 'attestInfraIsolation:isolationAttestationLedger.upsert',
  cacheStatus: 'none',
  dbQueries: [
    'isolationAttestationLedger.upsert(isolation_attest:d2a0dd1a391152ae0e4068a7)'
  ],
  attestationKey: 'isolation_attest:d2a0dd1a391152ae0e4068a7'
}
FEATURE_GATE_AWAIT_TRACE {
  event: 'start',
  fileName: 'backend/src/services/security/securityGovernanceOS.service.ts',
  redisOps: 'none',
  functionName: 'authorizeAccess:appendAuthEvent:authorized',
  action: 'analytics:view',
  route: null,
  cacheStatus: 'none',
  dbQueries: [ 'authEventLedger.upsert' ]
}
FEATURE_GATE_AWAIT_TRACE {
  event: 'start',
  fileName: 'backend/src/services/security/securityGovernanceOS.service.ts',
  redisOps: 'none',
  functionName: 'appendAuthEvent:authEventLedger.upsert',
  cacheStatus: 'none',
  dbQueries: [ 'authEventLedger.upsert(auth_evt:dec33f0c23dddfb15f15bff3a5)' ],
  eventKey: 'auth_evt:dec33f0c23dddfb15f15bff3a5',
  action: 'analytics:view',
  outcome: 'ALLOWED'
}
prisma:error 
Invalid `prisma.dataAccessAuditLedger.upsert()` invocation:


Raw query failed. Code: `unknown`. Message: `Kind: Transactions are not supported by this deployment, labels: {}, source: None`
prisma:error 
Invalid `prisma.isolationAttestationLedger.upsert()` invocation:


Raw query failed. Code: `unknown`. Message: `Kind: Transactions are not supported by this deployment, labels: {}, source: None`
FEATURE_GATE_AWAIT_TRACE {
  event: 'end',
  fileName: 'backend/src/services/security/securityGovernanceOS.service.ts',
  redisOps: 'none',
  functionName: 'attestInfraIsolation:isolationAttestationLedger.upsert',
  durationMs: 2,
  cacheStatus: 'none',
  dbQueries: [
    'isolationAttestationLedger.upsert(isolation_attest:d2a0dd1a391152ae0e4068a7)'
  ],
  attestationKey: 'isolation_attest:d2a0dd1a391152ae0e4068a7'
}
FEATURE_GATE_AWAIT_TRACE {
  event: 'end',
  fileName: 'backend/src/services/security/securityGovernanceOS.service.ts',
  redisOps: 'none',
  functionName: 'authorizeAccess:attestInfraIsolation',
  durationMs: 2,
  action: 'analytics:view',
  route: null,
  cacheStatus: 'none',
  dbQueries: [ 'isolationAttestationLedger.create' ]
}
prisma:error 
Invalid `prisma.authEventLedger.upsert()` invocation:


Raw query failed. Code: `unknown`. Message: `Kind: Transactions are not supported by this deployment, labels: {}, source: None`
FEATURE_GATE_AWAIT_TRACE {
  event: 'end',
  fileName: 'backend/src/services/security/securityGovernanceOS.service.ts',
  redisOps: 'none',
  functionName: 'appendAuthEvent:authEventLedger.upsert',
  durationMs: 2,
  cacheStatus: 'none',
  dbQueries: [ 'authEventLedger.upsert(auth_evt:dec33f0c23dddfb15f15bff3a5)' ],
  eventKey: 'auth_evt:dec33f0c23dddfb15f15bff3a5',
  action: 'analytics:view',
  outcome: 'ALLOWED'
}
FEATURE_GATE_AWAIT_TRACE {
  event: 'end',
  fileName: 'backend/src/services/security/securityGovernanceOS.service.ts',
  redisOps: 'none',
  functionName: 'authorizeAccess:appendAuthEvent:authorized',
  durationMs: 2,
  action: 'analytics:view',
  route: null,
  cacheStatus: 'none',
  dbQueries: [ 'authEventLedger.upsert' ]
}
prisma:error 
Invalid `prisma.observabilityEventLedger.findUnique()` invocation:


Raw query failed. Code: `unknown`. Message: `Kind: Server selection timeout: No available servers. Topology: { Type: Unknown, Servers: [ { Address: localhost:27017, Type: Unknown, Error: Kind: I/O error: No connection could be made because the target machine actively refused it. (os error 10061), labels: {}, source: None } ] }, labels: {}, source: None`
prisma:error 
Invalid `prisma.observabilityEventLedger.upsert()` invocation:


Raw query failed. Code: `unknown`. Message: `Kind: Transactions are not supported by this deployment, labels: {}, source: None`
prisma:error 
Invalid `prisma.infrastructureRecoveryLedger.count()` invocation:


Raw query failed. Code: `unknown`. Message: `Kind: Server selection timeout: No available servers. Topology: { Type: Unknown, Servers: [ { Address: localhost:27017, Type: Unknown, Error: Kind: I/O error: No connection could be made because the target machine actively refused it. (os error 10061), labels: {}, source: None } ] }, labels: {}, source: None`
replay_suppressed_count {
  metric: 'replay_suppressed_count',
  value: 0,
  businessId: null,
  route: 'integrations_onboarding_recovery',
  metadata: {
    suppression: 'queue_not_writable',
    suspendMs: 60000,
    queueDepth: 0,
    redisCircuitOpen: false
  },
  recordedAt: '2026-07-06T15:20:30.051Z'
}
FEATURE_GATE_AWAIT_TRACE {
  event: 'start',
  fileName: 'backend/src/services/security/securityGovernanceOS.service.ts',
  redisOps: 'none',
  functionName: 'assertAuthorizedAccess:authorizeAccess',
  action: 'analytics:view',
  route: null,
  cacheStatus: 'delegated',
  dbQueries: [ 'see nested FEATURE_GATE_AWAIT_TRACE events' ]
}
FEATURE_GATE_AWAIT_TRACE {
  event: 'start',
  fileName: 'backend/src/services/security/securityGovernanceOS.service.ts',
  redisOps: 'none',
  functionName: 'authorizeAccess:assertTenantIsolation',
  action: 'analytics:view',
  route: null,
  cacheStatus: 'none',
  dbQueries: [ 'tenantIsolationLedger.upsert' ]
}
FEATURE_GATE_AWAIT_TRACE {
  event: 'end',
  fileName: 'backend/src/services/security/securityGovernanceOS.service.ts',
  redisOps: 'none',
  functionName: 'authorizeAccess:assertTenantIsolation',
  durationMs: 1,
  action: 'analytics:view',
  route: null,
  cacheStatus: 'none',
  dbQueries: [ 'tenantIsolationLedger.upsert' ]
}
FEATURE_GATE_AWAIT_TRACE {
  event: 'end',
  fileName: 'backend/src/services/security/securityGovernanceOS.service.ts',
  redisOps: 'none',
  functionName: 'assertAuthorizedAccess:authorizeAccess',
  durationMs: 1,
  action: 'analytics:view',
  route: null,
  cacheStatus: 'delegated',
  dbQueries: [ 'see nested FEATURE_GATE_AWAIT_TRACE events' ]
}
FEATURE_GATE_AWAIT_TRACE {
  event: 'start',
  fileName: 'backend/src/services/security/securityGovernanceOS.service.ts',
  redisOps: 'none',
  functionName: 'authorizeAccess:attestInfraIsolation',
  action: 'analytics:view',
  route: null,
  cacheStatus: 'none',
  dbQueries: [ 'isolationAttestationLedger.create' ]
}
FEATURE_GATE_AWAIT_TRACE {
  event: 'start',
  fileName: 'backend/src/services/security/securityGovernanceOS.service.ts',
  redisOps: 'none',
  functionName: 'attestInfraIsolation:isolationAttestationLedger.upsert',
  cacheStatus: 'none',
  dbQueries: [
    'isolationAttestationLedger.upsert(isolation_attest:f25994d9b74e46c6997514df)'
  ],
  attestationKey: 'isolation_attest:f25994d9b74e46c6997514df'
}
FEATURE_GATE_AWAIT_TRACE {
  event: 'start',
  fileName: 'backend/src/services/security/securityGovernanceOS.service.ts',
  redisOps: 'none',
  functionName: 'authorizeAccess:appendAuthEvent:authorized',
  action: 'analytics:view',
  route: null,
  cacheStatus: 'none',
  dbQueries: [ 'authEventLedger.upsert' ]
}
FEATURE_GATE_AWAIT_TRACE {
  event: 'start',
  fileName: 'backend/src/services/security/securityGovernanceOS.service.ts',
  redisOps: 'none',
  functionName: 'appendAuthEvent:authEventLedger.upsert',
  cacheStatus: 'none',
  dbQueries: [ 'authEventLedger.upsert(auth_evt:7140e2e03d5eaf0b666148f532)' ],
  eventKey: 'auth_evt:7140e2e03d5eaf0b666148f532',
  action: 'analytics:view',
  outcome: 'ALLOWED'
}
prisma:error 
Invalid `prisma.dataAccessAuditLedger.upsert()` invocation:


Raw query failed. Code: `unknown`. Message: `Kind: Transactions are not supported by this deployment, labels: {}, source: None`
prisma:error 
Invalid `prisma.isolationAttestationLedger.upsert()` invocation:


Raw query failed. Code: `unknown`. Message: `Kind: Transactions are not supported by this deployment, labels: {}, source: None`
FEATURE_GATE_AWAIT_TRACE {
  event: 'end',
  fileName: 'backend/src/services/security/securityGovernanceOS.service.ts',
  redisOps: 'none',
  functionName: 'attestInfraIsolation:isolationAttestationLedger.upsert',
  durationMs: 2,
  cacheStatus: 'none',
  dbQueries: [
    'isolationAttestationLedger.upsert(isolation_attest:f25994d9b74e46c6997514df)'
  ],
  attestationKey: 'isolation_attest:f25994d9b74e46c6997514df'
}
FEATURE_GATE_AWAIT_TRACE {
  event: 'end',
  fileName: 'backend/src/services/security/securityGovernanceOS.service.ts',
  redisOps: 'none',
  functionName: 'authorizeAccess:attestInfraIsolation',
  durationMs: 4,
  action: 'analytics:view',
  route: null,
  cacheStatus: 'none',
  dbQueries: [ 'isolationAttestationLedger.create' ]
}
prisma:error 
Invalid `prisma.authEventLedger.upsert()` invocation:


Raw query failed. Code: `unknown`. Message: `Kind: Transactions are not supported by this deployment, labels: {}, source: None`
FEATURE_GATE_AWAIT_TRACE {
  event: 'end',
  fileName: 'backend/src/services/security/securityGovernanceOS.service.ts',
  redisOps: 'none',
  functionName: 'appendAuthEvent:authEventLedger.upsert',
  durationMs: 2,
  cacheStatus: 'none',
  dbQueries: [ 'authEventLedger.upsert(auth_evt:7140e2e03d5eaf0b666148f532)' ],
  eventKey: 'auth_evt:7140e2e03d5eaf0b666148f532',
  action: 'analytics:view',
  outcome: 'ALLOWED'
}
FEATURE_GATE_AWAIT_TRACE {
  event: 'end',
  fileName: 'backend/src/services/security/securityGovernanceOS.service.ts',
  redisOps: 'none',
  functionName: 'authorizeAccess:appendAuthEvent:authorized',
  durationMs: 2,
  action: 'analytics:view',
  route: null,
  cacheStatus: 'none',
  dbQueries: [ 'authEventLedger.upsert' ]
}
prisma:error 
Invalid `prisma.observabilityEventLedger.findUnique()` invocation:


Raw query failed. Code: `unknown`. Message: `Kind: Server selection timeout: No available servers. Topology: { Type: Unknown, Servers: [ { Address: localhost:27017, Type: Unknown, Error: Kind: I/O error: No connection could be made because the target machine actively refused it. (os error 10061), labels: {}, source: None } ] }, labels: {}, source: None`
prisma:error 
Invalid `prisma.observabilityEventLedger.upsert()` invocation:


Raw query failed. Code: `unknown`. Message: `Kind: Transactions are not supported by this deployment, labels: {}, source: None`
prisma:error 
Invalid `prisma.infrastructureRecoveryLedger.count()` invocation:


Raw query failed. Code: `unknown`. Message: `Kind: Server selection timeout: No available servers. Topology: { Type: Unknown, Servers: [ { Address: localhost:27017, Type: Unknown, Error: Kind: I/O error: No connection could be made because the target machine actively refused it. (os error 10061), labels: {}, source: None } ] }, labels: {}, source: None`
replay_suppressed_count {
  metric: 'replay_suppressed_count',
  value: 0,
  businessId: null,
  route: 'integrations_onboarding_recovery',
  metadata: {
    suppression: 'queue_not_writable',
    suspendMs: 60000,
    queueDepth: 0,
    redisCircuitOpen: false
  },
  recordedAt: '2026-07-06T15:21:30.035Z'
}
FEATURE_GATE_AWAIT_TRACE {
  event: 'start',
  fileName: 'backend/src/services/security/securityGovernanceOS.service.ts',
  redisOps: 'none',
  functionName: 'assertAuthorizedAccess:authorizeAccess',
  action: 'analytics:view',
  route: null,
  cacheStatus: 'delegated',
  dbQueries: [ 'see nested FEATURE_GATE_AWAIT_TRACE events' ]
}
FEATURE_GATE_AWAIT_TRACE {
  event: 'start',
  fileName: 'backend/src/services/security/securityGovernanceOS.service.ts',
  redisOps: 'none',
  functionName: 'authorizeAccess:assertTenantIsolation',
  action: 'analytics:view',
  route: null,
  cacheStatus: 'none',
  dbQueries: [ 'tenantIsolationLedger.upsert' ]
}
FEATURE_GATE_AWAIT_TRACE {
  event: 'end',
  fileName: 'backend/src/services/security/securityGovernanceOS.service.ts',
  redisOps: 'none',
  functionName: 'authorizeAccess:assertTenantIsolation',
  durationMs: 1,
  action: 'analytics:view',
  route: null,
  cacheStatus: 'none',
  dbQueries: [ 'tenantIsolationLedger.upsert' ]
}
FEATURE_GATE_AWAIT_TRACE {
  event: 'end',
  fileName: 'backend/src/services/security/securityGovernanceOS.service.ts',
  redisOps: 'none',
  functionName: 'assertAuthorizedAccess:authorizeAccess',
  durationMs: 2,
  action: 'analytics:view',
  route: null,
  cacheStatus: 'delegated',
  dbQueries: [ 'see nested FEATURE_GATE_AWAIT_TRACE events' ]
}
FEATURE_GATE_AWAIT_TRACE {
  event: 'start',
  fileName: 'backend/src/services/security/securityGovernanceOS.service.ts',
  redisOps: 'none',
  functionName: 'authorizeAccess:attestInfraIsolation',
  action: 'analytics:view',
  route: null,
  cacheStatus: 'none',
  dbQueries: [ 'isolationAttestationLedger.create' ]
}
FEATURE_GATE_AWAIT_TRACE {
  event: 'start',
  fileName: 'backend/src/services/security/securityGovernanceOS.service.ts',
  redisOps: 'none',
  functionName: 'attestInfraIsolation:isolationAttestationLedger.upsert',
  cacheStatus: 'none',
  dbQueries: [
    'isolationAttestationLedger.upsert(isolation_attest:e0fdfa1729bf3e8fe812c335)'
  ],
  attestationKey: 'isolation_attest:e0fdfa1729bf3e8fe812c335'
}
FEATURE_GATE_AWAIT_TRACE {
  event: 'start',
  fileName: 'backend/src/services/security/securityGovernanceOS.service.ts',
  redisOps: 'none',
  functionName: 'authorizeAccess:appendAuthEvent:authorized',
  action: 'analytics:view',
  route: null,
  cacheStatus: 'none',
  dbQueries: [ 'authEventLedger.upsert' ]
}
FEATURE_GATE_AWAIT_TRACE {
  event: 'start',
  fileName: 'backend/src/services/security/securityGovernanceOS.service.ts',
  redisOps: 'none',
  functionName: 'appendAuthEvent:authEventLedger.upsert',
  cacheStatus: 'none',
  dbQueries: [ 'authEventLedger.upsert(auth_evt:f5a512ea65c21ab5a6145752e4)' ],
  eventKey: 'auth_evt:f5a512ea65c21ab5a6145752e4',
  action: 'analytics:view',
  outcome: 'ALLOWED'
}
prisma:error 
Invalid `prisma.dataAccessAuditLedger.upsert()` invocation:


Raw query failed. Code: `unknown`. Message: `Kind: Transactions are not supported by this deployment, labels: {}, source: None`
prisma:error 
Invalid `prisma.isolationAttestationLedger.upsert()` invocation:


Raw query failed. Code: `unknown`. Message: `Kind: Transactions are not supported by this deployment, labels: {}, source: None`
FEATURE_GATE_AWAIT_TRACE {
  event: 'end',
  fileName: 'backend/src/services/security/securityGovernanceOS.service.ts',
  redisOps: 'none',
  functionName: 'attestInfraIsolation:isolationAttestationLedger.upsert',
  durationMs: 2,
  cacheStatus: 'none',
  dbQueries: [
    'isolationAttestationLedger.upsert(isolation_attest:e0fdfa1729bf3e8fe812c335)'
  ],
  attestationKey: 'isolation_attest:e0fdfa1729bf3e8fe812c335'
}
FEATURE_GATE_AWAIT_TRACE {
  event: 'end',
  fileName: 'backend/src/services/security/securityGovernanceOS.service.ts',
  redisOps: 'none',
  functionName: 'authorizeAccess:attestInfraIsolation',
  durationMs: 3,
  action: 'analytics:view',
  route: null,
  cacheStatus: 'none',
  dbQueries: [ 'isolationAttestationLedger.create' ]
}
prisma:error 
Invalid `prisma.authEventLedger.upsert()` invocation:


Raw query failed. Code: `unknown`. Message: `Kind: Transactions are not supported by this deployment, labels: {}, source: None`
FEATURE_GATE_AWAIT_TRACE {
  event: 'end',
  fileName: 'backend/src/services/security/securityGovernanceOS.service.ts',
  redisOps: 'none',
  functionName: 'appendAuthEvent:authEventLedger.upsert',
  durationMs: 3,
  cacheStatus: 'none',
  dbQueries: [ 'authEventLedger.upsert(auth_evt:f5a512ea65c21ab5a6145752e4)' ],
  eventKey: 'auth_evt:f5a512ea65c21ab5a6145752e4',
  action: 'analytics:view',
  outcome: 'ALLOWED'
}
FEATURE_GATE_AWAIT_TRACE {
  event: 'end',
  fileName: 'backend/src/services/security/securityGovernanceOS.service.ts',
  redisOps: 'none',
  functionName: 'authorizeAccess:appendAuthEvent:authorized',
  durationMs: 3,
  action: 'analytics:view',
  route: null,
  cacheStatus: 'none',
  dbQueries: [ 'authEventLedger.upsert' ]
}
prisma:error 
Invalid `prisma.observabilityEventLedger.findUnique()` invocation:


Raw query failed. Code: `unknown`. Message: `Kind: Server selection timeout: No available servers. Topology: { Type: Unknown, Servers: [ { Address: localhost:27017, Type: Unknown, Error: Kind: I/O error: No connection could be made because the target machine actively refused it. (os error 10061), labels: {}, source: None } ] }, labels: {}, source: None`
prisma:error 
Invalid `prisma.observabilityEventLedger.upsert()` invocation:


Raw query failed. Code: `unknown`. Message: `Kind: Transactions are not supported by this deployment, labels: {}, source: None`
prisma:error 
Invalid `prisma.infrastructureRecoveryLedger.count()` invocation:


Raw query failed. Code: `unknown`. Message: `Kind: Server selection timeout: No available servers. Topology: { Type: Unknown, Servers: [ { Address: localhost:27017, Type: Unknown, Error: Kind: I/O error: No connection could be made because the target machine actively refused it. (os error 10061), labels: {}, source: None } ] }, labels: {}, source: None`
replay_suppressed_count {
  metric: 'replay_suppressed_count',
  value: 0,
  businessId: null,
  route: 'integrations_onboarding_recovery',
  metadata: {
    suppression: 'queue_not_writable',
    suspendMs: 60000,
    queueDepth: 0,
    redisCircuitOpen: false
  },
  recordedAt: '2026-07-06T15:22:30.032Z'
}
FEATURE_GATE_AWAIT_TRACE {
  event: 'start',
  fileName: 'backend/src/services/security/securityGovernanceOS.service.ts',
  redisOps: 'none',
  functionName: 'assertAuthorizedAccess:authorizeAccess',
  action: 'analytics:view',
  route: null,
  cacheStatus: 'delegated',
  dbQueries: [ 'see nested FEATURE_GATE_AWAIT_TRACE events' ]
}
FEATURE_GATE_AWAIT_TRACE {
  event: 'start',
  fileName: 'backend/src/services/security/securityGovernanceOS.service.ts',
  redisOps: 'none',
  functionName: 'authorizeAccess:assertTenantIsolation',
  action: 'analytics:view',
  route: null,
  cacheStatus: 'none',
  dbQueries: [ 'tenantIsolationLedger.upsert' ]
}
FEATURE_GATE_AWAIT_TRACE {
  event: 'end',
  fileName: 'backend/src/services/security/securityGovernanceOS.service.ts',
  redisOps: 'none',
  functionName: 'authorizeAccess:assertTenantIsolation',
  durationMs: 1,
  action: 'analytics:view',
  route: null,
  cacheStatus: 'none',
  dbQueries: [ 'tenantIsolationLedger.upsert' ]
}
FEATURE_GATE_AWAIT_TRACE {
  event: 'end',
  fileName: 'backend/src/services/security/securityGovernanceOS.service.ts',
  redisOps: 'none',
  functionName: 'assertAuthorizedAccess:authorizeAccess',
  durationMs: 2,
  action: 'analytics:view',
  route: null,
  cacheStatus: 'delegated',
  dbQueries: [ 'see nested FEATURE_GATE_AWAIT_TRACE events' ]
}
FEATURE_GATE_AWAIT_TRACE {
  event: 'start',
  fileName: 'backend/src/services/security/securityGovernanceOS.service.ts',
  redisOps: 'none',
  functionName: 'authorizeAccess:attestInfraIsolation',
  action: 'analytics:view',
  route: null,
  cacheStatus: 'none',
  dbQueries: [ 'isolationAttestationLedger.create' ]
}
FEATURE_GATE_AWAIT_TRACE {
  event: 'start',
  fileName: 'backend/src/services/security/securityGovernanceOS.service.ts',
  redisOps: 'none',
  functionName: 'attestInfraIsolation:isolationAttestationLedger.upsert',
  cacheStatus: 'none',
  dbQueries: [
    'isolationAttestationLedger.upsert(isolation_attest:d8393ab22066a06a0acdf1ec)'
  ],
  attestationKey: 'isolation_attest:d8393ab22066a06a0acdf1ec'
}
FEATURE_GATE_AWAIT_TRACE {
  event: 'start',
  fileName: 'backend/src/services/security/securityGovernanceOS.service.ts',
  redisOps: 'none',
  functionName: 'authorizeAccess:appendAuthEvent:authorized',
  action: 'analytics:view',
  route: null,
  cacheStatus: 'none',
  dbQueries: [ 'authEventLedger.upsert' ]
}
FEATURE_GATE_AWAIT_TRACE {
  event: 'start',
  fileName: 'backend/src/services/security/securityGovernanceOS.service.ts',
  redisOps: 'none',
  functionName: 'appendAuthEvent:authEventLedger.upsert',
  cacheStatus: 'none',
  dbQueries: [ 'authEventLedger.upsert(auth_evt:d49fcee3fceb8282ba1c91f341)' ],
  eventKey: 'auth_evt:d49fcee3fceb8282ba1c91f341',
  action: 'analytics:view',
  outcome: 'ALLOWED'
}
prisma:error 
Invalid `prisma.dataAccessAuditLedger.upsert()` invocation:


Raw query failed. Code: `unknown`. Message: `Kind: Transactions are not supported by this deployment, labels: {}, source: None`
prisma:error 
Invalid `prisma.isolationAttestationLedger.upsert()` invocation:


Raw query failed. Code: `unknown`. Message: `Kind: Transactions are not supported by this deployment, labels: {}, source: None`
FEATURE_GATE_AWAIT_TRACE {
  event: 'end',
  fileName: 'backend/src/services/security/securityGovernanceOS.service.ts',
  redisOps: 'none',
  functionName: 'attestInfraIsolation:isolationAttestationLedger.upsert',
  durationMs: 2,
  cacheStatus: 'none',
  dbQueries: [
    'isolationAttestationLedger.upsert(isolation_attest:d8393ab22066a06a0acdf1ec)'
  ],
  attestationKey: 'isolation_attest:d8393ab22066a06a0acdf1ec'
}
FEATURE_GATE_AWAIT_TRACE {
  event: 'end',
  fileName: 'backend/src/services/security/securityGovernanceOS.service.ts',
  redisOps: 'none',
  functionName: 'authorizeAccess:attestInfraIsolation',
  durationMs: 3,
  action: 'analytics:view',
  route: null,
  cacheStatus: 'none',
  dbQueries: [ 'isolationAttestationLedger.create' ]
}
prisma:error 
Invalid `prisma.authEventLedger.upsert()` invocation:


Raw query failed. Code: `unknown`. Message: `Kind: Transactions are not supported by this deployment, labels: {}, source: None`
FEATURE_GATE_AWAIT_TRACE {
  event: 'end',
  fileName: 'backend/src/services/security/securityGovernanceOS.service.ts',
  redisOps: 'none',
  functionName: 'appendAuthEvent:authEventLedger.upsert',
  durationMs: 2,
  cacheStatus: 'none',
  dbQueries: [ 'authEventLedger.upsert(auth_evt:d49fcee3fceb8282ba1c91f341)' ],
  eventKey: 'auth_evt:d49fcee3fceb8282ba1c91f341',
  action: 'analytics:view',
  outcome: 'ALLOWED'
}
FEATURE_GATE_AWAIT_TRACE {
  event: 'end',
  fileName: 'backend/src/services/security/securityGovernanceOS.service.ts',
  redisOps: 'none',
  functionName: 'authorizeAccess:appendAuthEvent:authorized',
  durationMs: 2,
  action: 'analytics:view',
  route: null,
  cacheStatus: 'none',
  dbQueries: [ 'authEventLedger.upsert' ]
}
prisma:error 
Invalid `prisma.observabilityEventLedger.findUnique()` invocation:


Raw query failed. Code: `unknown`. Message: `Kind: Server selection timeout: No available servers. Topology: { Type: Unknown, Servers: [ { Address: localhost:27017, Type: Unknown, Error: Kind: I/O error: No connection could be made because the target machine actively refused it. (os error 10061), labels: {}, source: None } ] }, labels: {}, source: None`
prisma:error 
Invalid `prisma.observabilityEventLedger.upsert()` invocation:


Raw query failed. Code: `unknown`. Message: `Kind: Transactions are not supported by this deployment, labels: {}, source: None`
prisma:error 
Invalid `prisma.infrastructureRecoveryLedger.count()` invocation:


Raw query failed. Code: `unknown`. Message: `Kind: Server selection timeout: No available servers. Topology: { Type: Unknown, Servers: [ { Address: localhost:27017, Type: Unknown, Error: Kind: I/O error: No connection could be made because the target machine actively refused it. (os error 10061), labels: {}, source: None } ] }, labels: {}, source: None`
replay_suppressed_count {
  metric: 'replay_suppressed_count',
  value: 0,
  businessId: null,
  route: 'integrations_onboarding_recovery',
  metadata: {
    suppression: 'queue_not_writable',
    suspendMs: 60000,
    queueDepth: 0,
    redisCircuitOpen: false
  },
  recordedAt: '2026-07-06T15:23:30.050Z'
}
FEATURE_GATE_AWAIT_TRACE {
  event: 'start',
  fileName: 'backend/src/services/security/securityGovernanceOS.service.ts',
  redisOps: 'none',
  functionName: 'assertAuthorizedAccess:authorizeAccess',
  action: 'analytics:view',
  route: null,
  cacheStatus: 'delegated',
  dbQueries: [ 'see nested FEATURE_GATE_AWAIT_TRACE events' ]
}
FEATURE_GATE_AWAIT_TRACE {
  event: 'start',
  fileName: 'backend/src/services/security/securityGovernanceOS.service.ts',
  redisOps: 'none',
  functionName: 'authorizeAccess:assertTenantIsolation',
  action: 'analytics:view',
  route: null,
  cacheStatus: 'none',
  dbQueries: [ 'tenantIsolationLedger.upsert' ]
}
FEATURE_GATE_AWAIT_TRACE {
  event: 'end',
  fileName: 'backend/src/services/security/securityGovernanceOS.service.ts',
  redisOps: 'none',
  functionName: 'authorizeAccess:assertTenantIsolation',
  durationMs: 0,
  action: 'analytics:view',
  route: null,
  cacheStatus: 'none',
  dbQueries: [ 'tenantIsolationLedger.upsert' ]
}
FEATURE_GATE_AWAIT_TRACE {
  event: 'end',
  fileName: 'backend/src/services/security/securityGovernanceOS.service.ts',
  redisOps: 'none',
  functionName: 'assertAuthorizedAccess:authorizeAccess',
  durationMs: 3,
  action: 'analytics:view',
  route: null,
  cacheStatus: 'delegated',
  dbQueries: [ 'see nested FEATURE_GATE_AWAIT_TRACE events' ]
}
FEATURE_GATE_AWAIT_TRACE {
  event: 'start',
  fileName: 'backend/src/services/security/securityGovernanceOS.service.ts',
  redisOps: 'none',
  functionName: 'authorizeAccess:attestInfraIsolation',
  action: 'analytics:view',
  route: null,
  cacheStatus: 'none',
  dbQueries: [ 'isolationAttestationLedger.create' ]
}
FEATURE_GATE_AWAIT_TRACE {
  event: 'start',
  fileName: 'backend/src/services/security/securityGovernanceOS.service.ts',
  redisOps: 'none',
  functionName: 'attestInfraIsolation:isolationAttestationLedger.upsert',
  cacheStatus: 'none',
  dbQueries: [
    'isolationAttestationLedger.upsert(isolation_attest:dfe36d45db230deb39416a9c)'
  ],
  attestationKey: 'isolation_attest:dfe36d45db230deb39416a9c'
}
FEATURE_GATE_AWAIT_TRACE {
  event: 'start',
  fileName: 'backend/src/services/security/securityGovernanceOS.service.ts',
  redisOps: 'none',
  functionName: 'authorizeAccess:appendAuthEvent:authorized',
  action: 'analytics:view',
  route: null,
  cacheStatus: 'none',
  dbQueries: [ 'authEventLedger.upsert' ]
}
FEATURE_GATE_AWAIT_TRACE {
  event: 'start',
  fileName: 'backend/src/services/security/securityGovernanceOS.service.ts',
  redisOps: 'none',
  functionName: 'appendAuthEvent:authEventLedger.upsert',
  cacheStatus: 'none',
  dbQueries: [ 'authEventLedger.upsert(auth_evt:c7c5a5db52136bb96181f47819)' ],
  eventKey: 'auth_evt:c7c5a5db52136bb96181f47819',
  action: 'analytics:view',
  outcome: 'ALLOWED'
}
prisma:error 
Invalid `prisma.dataAccessAuditLedger.upsert()` invocation:


Raw query failed. Code: `unknown`. Message: `Kind: Transactions are not supported by this deployment, labels: {}, source: None`
prisma:error 
Invalid `prisma.isolationAttestationLedger.upsert()` invocation:


Raw query failed. Code: `unknown`. Message: `Kind: Transactions are not supported by this deployment, labels: {}, source: None`
FEATURE_GATE_AWAIT_TRACE {
  event: 'end',
  fileName: 'backend/src/services/security/securityGovernanceOS.service.ts',
  redisOps: 'none',
  functionName: 'attestInfraIsolation:isolationAttestationLedger.upsert',
  durationMs: 2,
  cacheStatus: 'none',
  dbQueries: [
    'isolationAttestationLedger.upsert(isolation_attest:dfe36d45db230deb39416a9c)'
  ],
  attestationKey: 'isolation_attest:dfe36d45db230deb39416a9c'
}
FEATURE_GATE_AWAIT_TRACE {
  event: 'end',
  fileName: 'backend/src/services/security/securityGovernanceOS.service.ts',
  redisOps: 'none',
  functionName: 'authorizeAccess:attestInfraIsolation',
  durationMs: 3,
  action: 'analytics:view',
  route: null,
  cacheStatus: 'none',
  dbQueries: [ 'isolationAttestationLedger.create' ]
}
prisma:error 
Invalid `prisma.authEventLedger.upsert()` invocation:


Raw query failed. Code: `unknown`. Message: `Kind: Transactions are not supported by this deployment, labels: {}, source: None`
FEATURE_GATE_AWAIT_TRACE {
  event: 'end',
  fileName: 'backend/src/services/security/securityGovernanceOS.service.ts',
  redisOps: 'none',
  functionName: 'appendAuthEvent:authEventLedger.upsert',
  durationMs: 2,
  cacheStatus: 'none',
  dbQueries: [ 'authEventLedger.upsert(auth_evt:c7c5a5db52136bb96181f47819)' ],
  eventKey: 'auth_evt:c7c5a5db52136bb96181f47819',
  action: 'analytics:view',
  outcome: 'ALLOWED'
}
FEATURE_GATE_AWAIT_TRACE {
  event: 'end',
  fileName: 'backend/src/services/security/securityGovernanceOS.service.ts',
  redisOps: 'none',
  functionName: 'authorizeAccess:appendAuthEvent:authorized',
  durationMs: 3,
  action: 'analytics:view',
  route: null,
  cacheStatus: 'none',
  dbQueries: [ 'authEventLedger.upsert' ]
}
prisma:error 
Invalid `prisma.observabilityEventLedger.findUnique()` invocation:


Raw query failed. Code: `unknown`. Message: `Kind: Server selection timeout: No available servers. Topology: { Type: Unknown, Servers: [ { Address: localhost:27017, Type: Unknown, Error: Kind: I/O error: No connection could be made because the target machine actively refused it. (os error 10061), labels: {}, source: None } ] }, labels: {}, source: None`
prisma:error 
Invalid `prisma.observabilityEventLedger.upsert()` invocation:


Raw query failed. Code: `unknown`. Message: `Kind: Transactions are not supported by this deployment, labels: {}, source: None`
prisma:error 
Invalid `prisma.infrastructureRecoveryLedger.count()` invocation:


Raw query failed. Code: `unknown`. Message: `Kind: Server selection timeout: No available servers. Topology: { Type: Unknown, Servers: [ { Address: localhost:27017, Type: Unknown, Error: Kind: I/O error: No connection could be made because the target machine actively refused it. (os error 10061), labels: {}, source: None } ] }, labels: {}, source: None`
replay_suppressed_count {
  metric: 'replay_suppressed_count',
  value: 0,
  businessId: null,
  route: 'integrations_onboarding_recovery',
  metadata: {
    suppression: 'queue_not_writable',
    suspendMs: 60000,
    queueDepth: 0,
    redisCircuitOpen: false
  },
  recordedAt: '2026-07-06T15:24:30.049Z'
}
FEATURE_GATE_AWAIT_TRACE {
  event: 'start',
  fileName: 'backend/src/services/security/securityGovernanceOS.service.ts',
  redisOps: 'none',
  functionName: 'assertAuthorizedAccess:authorizeAccess',
  action: 'analytics:view',
  route: null,
  cacheStatus: 'delegated',
  dbQueries: [ 'see nested FEATURE_GATE_AWAIT_TRACE events' ]
}
FEATURE_GATE_AWAIT_TRACE {
  event: 'start',
  fileName: 'backend/src/services/security/securityGovernanceOS.service.ts',
  redisOps: 'none',
  functionName: 'authorizeAccess:assertTenantIsolation',
  action: 'analytics:view',
  route: null,
  cacheStatus: 'none',
  dbQueries: [ 'tenantIsolationLedger.upsert' ]
}
FEATURE_GATE_AWAIT_TRACE {
  event: 'end',
  fileName: 'backend/src/services/security/securityGovernanceOS.service.ts',
  redisOps: 'none',
  functionName: 'authorizeAccess:assertTenantIsolation',
  durationMs: 1,
  action: 'analytics:view',
  route: null,
  cacheStatus: 'none',
  dbQueries: [ 'tenantIsolationLedger.upsert' ]
}
FEATURE_GATE_AWAIT_TRACE {
  event: 'end',
  fileName: 'backend/src/services/security/securityGovernanceOS.service.ts',
  redisOps: 'none',
  functionName: 'assertAuthorizedAccess:authorizeAccess',
  durationMs: 3,
  action: 'analytics:view',
  route: null,
  cacheStatus: 'delegated',
  dbQueries: [ 'see nested FEATURE_GATE_AWAIT_TRACE events' ]
}
FEATURE_GATE_AWAIT_TRACE {
  event: 'start',
  fileName: 'backend/src/services/security/securityGovernanceOS.service.ts',
  redisOps: 'none',
  functionName: 'authorizeAccess:attestInfraIsolation',
  action: 'analytics:view',
  route: null,
  cacheStatus: 'none',
  dbQueries: [ 'isolationAttestationLedger.create' ]
}
FEATURE_GATE_AWAIT_TRACE {
  event: 'start',
  fileName: 'backend/src/services/security/securityGovernanceOS.service.ts',
  redisOps: 'none',
  functionName: 'attestInfraIsolation:isolationAttestationLedger.upsert',
  cacheStatus: 'none',
  dbQueries: [
    'isolationAttestationLedger.upsert(isolation_attest:c39ccf83254003d2d3cc7789)'
  ],
  attestationKey: 'isolation_attest:c39ccf83254003d2d3cc7789'
}
FEATURE_GATE_AWAIT_TRACE {
  event: 'start',
  fileName: 'backend/src/services/security/securityGovernanceOS.service.ts',
  redisOps: 'none',
  functionName: 'authorizeAccess:appendAuthEvent:authorized',
  action: 'analytics:view',
  route: null,
  cacheStatus: 'none',
  dbQueries: [ 'authEventLedger.upsert' ]
}
FEATURE_GATE_AWAIT_TRACE {
  event: 'start',
  fileName: 'backend/src/services/security/securityGovernanceOS.service.ts',
  redisOps: 'none',
  functionName: 'appendAuthEvent:authEventLedger.upsert',
  cacheStatus: 'none',
  dbQueries: [ 'authEventLedger.upsert(auth_evt:6077d90ec05784adc392a5bef4)' ],
  eventKey: 'auth_evt:6077d90ec05784adc392a5bef4',
  action: 'analytics:view',
  outcome: 'ALLOWED'
}
prisma:error 
Invalid `prisma.dataAccessAuditLedger.upsert()` invocation:


Raw query failed. Code: `unknown`. Message: `Kind: Transactions are not supported by this deployment, labels: {}, source: None`
prisma:error 
Invalid `prisma.isolationAttestationLedger.upsert()` invocation:


Raw query failed. Code: `unknown`. Message: `Kind: Transactions are not supported by this deployment, labels: {}, source: None`
FEATURE_GATE_AWAIT_TRACE {
  event: 'end',
  fileName: 'backend/src/services/security/securityGovernanceOS.service.ts',
  redisOps: 'none',
  functionName: 'attestInfraIsolation:isolationAttestationLedger.upsert',
  durationMs: 2,
  cacheStatus: 'none',
  dbQueries: [
    'isolationAttestationLedger.upsert(isolation_attest:c39ccf83254003d2d3cc7789)'
  ],
  attestationKey: 'isolation_attest:c39ccf83254003d2d3cc7789'
}
FEATURE_GATE_AWAIT_TRACE {
  event: 'end',
  fileName: 'backend/src/services/security/securityGovernanceOS.service.ts',
  redisOps: 'none',
  functionName: 'authorizeAccess:attestInfraIsolation',
  durationMs: 3,
  action: 'analytics:view',
  route: null,
  cacheStatus: 'none',
  dbQueries: [ 'isolationAttestationLedger.create' ]
}
prisma:error 
Invalid `prisma.authEventLedger.upsert()` invocation:


Raw query failed. Code: `unknown`. Message: `Kind: Transactions are not supported by this deployment, labels: {}, source: None`
FEATURE_GATE_AWAIT_TRACE {
  event: 'end',
  fileName: 'backend/src/services/security/securityGovernanceOS.service.ts',
  redisOps: 'none',
  functionName: 'appendAuthEvent:authEventLedger.upsert',
  durationMs: 2,
  cacheStatus: 'none',
  dbQueries: [ 'authEventLedger.upsert(auth_evt:6077d90ec05784adc392a5bef4)' ],
  eventKey: 'auth_evt:6077d90ec05784adc392a5bef4',
  action: 'analytics:view',
  outcome: 'ALLOWED'
}
FEATURE_GATE_AWAIT_TRACE {
  event: 'end',
  fileName: 'backend/src/services/security/securityGovernanceOS.service.ts',
  redisOps: 'none',
  functionName: 'authorizeAccess:appendAuthEvent:authorized',
  durationMs: 2,
  action: 'analytics:view',
  route: null,
  cacheStatus: 'none',
  dbQueries: [ 'authEventLedger.upsert' ]
}
prisma:error 
Invalid `prisma.observabilityEventLedger.findUnique()` invocation:


Raw query failed. Code: `unknown`. Message: `Kind: Server selection timeout: No available servers. Topology: { Type: Unknown, Servers: [ { Address: localhost:27017, Type: Unknown, Error: Kind: I/O error: No connection could be made because the target machine actively refused it. (os error 10061), labels: {}, source: None } ] }, labels: {}, source: None`
prisma:error 
Invalid `prisma.observabilityEventLedger.upsert()` invocation:


Raw query failed. Code: `unknown`. Message: `Kind: Transactions are not supported by this deployment, labels: {}, source: None`
prisma:error 
Invalid `prisma.infrastructureRecoveryLedger.count()` invocation:


Raw query failed. Code: `unknown`. Message: `Kind: Server selection timeout: No available servers. Topology: { Type: Unknown, Servers: [ { Address: localhost:27017, Type: Unknown, Error: Kind: I/O error: No connection could be made because the target machine actively refused it. (os error 10061), labels: {}, source: None } ] }, labels: {}, source: None`
replay_suppressed_count {
  metric: 'replay_suppressed_count',
  value: 0,
  businessId: null,
  route: 'integrations_onboarding_recovery',
  metadata: {
    suppression: 'queue_not_writable',
    suspendMs: 60000,
    queueDepth: 0,
    redisCircuitOpen: false
  },
  recordedAt: '2026-07-06T15:25:30.047Z'
}
FEATURE_GATE_AWAIT_TRACE {
  event: 'start',
  fileName: 'backend/src/services/security/securityGovernanceOS.service.ts',
  redisOps: 'none',
  functionName: 'assertAuthorizedAccess:authorizeAccess',
  action: 'analytics:view',
  route: null,
  cacheStatus: 'delegated',
  dbQueries: [ 'see nested FEATURE_GATE_AWAIT_TRACE events' ]
}
FEATURE_GATE_AWAIT_TRACE {
  event: 'start',
  fileName: 'backend/src/services/security/securityGovernanceOS.service.ts',
  redisOps: 'none',
  functionName: 'authorizeAccess:assertTenantIsolation',
  action: 'analytics:view',
  route: null,
  cacheStatus: 'none',
  dbQueries: [ 'tenantIsolationLedger.upsert' ]
}
FEATURE_GATE_AWAIT_TRACE {
  event: 'end',
  fileName: 'backend/src/services/security/securityGovernanceOS.service.ts',
  redisOps: 'none',
  functionName: 'authorizeAccess:assertTenantIsolation',
  durationMs: 0,
  action: 'analytics:view',
  route: null,
  cacheStatus: 'none',
  dbQueries: [ 'tenantIsolationLedger.upsert' ]
}
FEATURE_GATE_AWAIT_TRACE {
  event: 'end',
  fileName: 'backend/src/services/security/securityGovernanceOS.service.ts',
  redisOps: 'none',
  functionName: 'assertAuthorizedAccess:authorizeAccess',
  durationMs: 3,
  action: 'analytics:view',
  route: null,
  cacheStatus: 'delegated',
  dbQueries: [ 'see nested FEATURE_GATE_AWAIT_TRACE events' ]
}
FEATURE_GATE_AWAIT_TRACE {
  event: 'start',
  fileName: 'backend/src/services/security/securityGovernanceOS.service.ts',
  redisOps: 'none',
  functionName: 'authorizeAccess:attestInfraIsolation',
  action: 'analytics:view',
  route: null,
  cacheStatus: 'none',
  dbQueries: [ 'isolationAttestationLedger.create' ]
}
FEATURE_GATE_AWAIT_TRACE {
  event: 'start',
  fileName: 'backend/src/services/security/securityGovernanceOS.service.ts',
  redisOps: 'none',
  functionName: 'attestInfraIsolation:isolationAttestationLedger.upsert',
  cacheStatus: 'none',
  dbQueries: [
    'isolationAttestationLedger.upsert(isolation_attest:aa3813b838cf5b783e109c22)'
  ],
  attestationKey: 'isolation_attest:aa3813b838cf5b783e109c22'
}
FEATURE_GATE_AWAIT_TRACE {
  event: 'start',
  fileName: 'backend/src/services/security/securityGovernanceOS.service.ts',
  redisOps: 'none',
  functionName: 'authorizeAccess:appendAuthEvent:authorized',
  action: 'analytics:view',
  route: null,
  cacheStatus: 'none',
  dbQueries: [ 'authEventLedger.upsert' ]
}
FEATURE_GATE_AWAIT_TRACE {
  event: 'start',
  fileName: 'backend/src/services/security/securityGovernanceOS.service.ts',
  redisOps: 'none',
  functionName: 'appendAuthEvent:authEventLedger.upsert',
  cacheStatus: 'none',
  dbQueries: [ 'authEventLedger.upsert(auth_evt:a5af4e90b9f10a6f2f6a7f3353)' ],
  eventKey: 'auth_evt:a5af4e90b9f10a6f2f6a7f3353',
  action: 'analytics:view',
  outcome: 'ALLOWED'
}
prisma:error 
Invalid `prisma.dataAccessAuditLedger.upsert()` invocation:


Raw query failed. Code: `unknown`. Message: `Kind: Transactions are not supported by this deployment, labels: {}, source: None`
prisma:error 
Invalid `prisma.isolationAttestationLedger.upsert()` invocation:


Raw query failed. Code: `unknown`. Message: `Kind: Transactions are not supported by this deployment, labels: {}, source: None`
FEATURE_GATE_AWAIT_TRACE {
  event: 'end',
  fileName: 'backend/src/services/security/securityGovernanceOS.service.ts',
  redisOps: 'none',
  functionName: 'attestInfraIsolation:isolationAttestationLedger.upsert',
  durationMs: 2,
  cacheStatus: 'none',
  dbQueries: [
    'isolationAttestationLedger.upsert(isolation_attest:aa3813b838cf5b783e109c22)'
  ],
  attestationKey: 'isolation_attest:aa3813b838cf5b783e109c22'
}
FEATURE_GATE_AWAIT_TRACE {
  event: 'end',
  fileName: 'backend/src/services/security/securityGovernanceOS.service.ts',
  redisOps: 'none',
  functionName: 'authorizeAccess:attestInfraIsolation',
  durationMs: 3,
  action: 'analytics:view',
  route: null,
  cacheStatus: 'none',
  dbQueries: [ 'isolationAttestationLedger.create' ]
}
prisma:error 
Invalid `prisma.authEventLedger.upsert()` invocation:


Raw query failed. Code: `unknown`. Message: `Kind: Transactions are not supported by this deployment, labels: {}, source: None`
FEATURE_GATE_AWAIT_TRACE {
  event: 'end',
  fileName: 'backend/src/services/security/securityGovernanceOS.service.ts',
  redisOps: 'none',
  functionName: 'appendAuthEvent:authEventLedger.upsert',
  durationMs: 1,
  cacheStatus: 'none',
  dbQueries: [ 'authEventLedger.upsert(auth_evt:a5af4e90b9f10a6f2f6a7f3353)' ],
  eventKey: 'auth_evt:a5af4e90b9f10a6f2f6a7f3353',
  action: 'analytics:view',
  outcome: 'ALLOWED'
}
FEATURE_GATE_AWAIT_TRACE {
  event: 'end',
  fileName: 'backend/src/services/security/securityGovernanceOS.service.ts',
  redisOps: 'none',
  functionName: 'authorizeAccess:appendAuthEvent:authorized',
  durationMs: 3,
  action: 'analytics:view',
  route: null,
  cacheStatus: 'none',
  dbQueries: [ 'authEventLedger.upsert' ]
}
prisma:error 
Invalid `prisma.observabilityEventLedger.findUnique()` invocation:


Raw query failed. Code: `unknown`. Message: `Kind: Server selection timeout: No available servers. Topology: { Type: Unknown, Servers: [ { Address: localhost:27017, Type: Unknown, Error: Kind: I/O error: No connection could be made because the target machine actively refused it. (os error 10061), labels: {}, source: None } ] }, labels: {}, source: None`
prisma:error 
Invalid `prisma.observabilityEventLedger.upsert()` invocation:


Raw query failed. Code: `unknown`. Message: `Kind: Transactions are not supported by this deployment, labels: {}, source: None`
prisma:error 
Invalid `prisma.infrastructureRecoveryLedger.count()` invocation:


Raw query failed. Code: `unknown`. Message: `Kind: Server selection timeout: No available servers. Topology: { Type: Unknown, Servers: [ { Address: localhost:27017, Type: Unknown, Error: Kind: I/O error: No connection could be made because the target machine actively refused it. (os error 10061), labels: {}, source: None } ] }, labels: {}, source: None`
replay_suppressed_count {
  metric: 'replay_suppressed_count',
  value: 0,
  businessId: null,
  route: 'integrations_onboarding_recovery',
  metadata: {
    suppression: 'queue_not_writable',
    suspendMs: 60000,
    queueDepth: 0,
    redisCircuitOpen: false
  },
  recordedAt: '2026-07-06T15:26:30.047Z'
}
FEATURE_GATE_AWAIT_TRACE {
  event: 'start',
  fileName: 'backend/src/services/security/securityGovernanceOS.service.ts',
  redisOps: 'none',
  functionName: 'assertAuthorizedAccess:authorizeAccess',
  action: 'analytics:view',
  route: null,
  cacheStatus: 'delegated',
  dbQueries: [ 'see nested FEATURE_GATE_AWAIT_TRACE events' ]
}
FEATURE_GATE_AWAIT_TRACE {
  event: 'start',
  fileName: 'backend/src/services/security/securityGovernanceOS.service.ts',
  redisOps: 'none',
  functionName: 'authorizeAccess:assertTenantIsolation',
  action: 'analytics:view',
  route: null,
  cacheStatus: 'none',
  dbQueries: [ 'tenantIsolationLedger.upsert' ]
}
FEATURE_GATE_AWAIT_TRACE {
  event: 'end',
  fileName: 'backend/src/services/security/securityGovernanceOS.service.ts',
  redisOps: 'none',
  functionName: 'authorizeAccess:assertTenantIsolation',
  durationMs: 1,
  action: 'analytics:view',
  route: null,
  cacheStatus: 'none',
  dbQueries: [ 'tenantIsolationLedger.upsert' ]
}
FEATURE_GATE_AWAIT_TRACE {
  event: 'end',
  fileName: 'backend/src/services/security/securityGovernanceOS.service.ts',
  redisOps: 'none',
  functionName: 'assertAuthorizedAccess:authorizeAccess',
  durationMs: 2,
  action: 'analytics:view',
  route: null,
  cacheStatus: 'delegated',
  dbQueries: [ 'see nested FEATURE_GATE_AWAIT_TRACE events' ]
}
FEATURE_GATE_AWAIT_TRACE {
  event: 'start',
  fileName: 'backend/src/services/security/securityGovernanceOS.service.ts',
  redisOps: 'none',
  functionName: 'authorizeAccess:attestInfraIsolation',
  action: 'analytics:view',
  route: null,
  cacheStatus: 'none',
  dbQueries: [ 'isolationAttestationLedger.create' ]
}
FEATURE_GATE_AWAIT_TRACE {
  event: 'start',
  fileName: 'backend/src/services/security/securityGovernanceOS.service.ts',
  redisOps: 'none',
  functionName: 'attestInfraIsolation:isolationAttestationLedger.upsert',
  cacheStatus: 'none',
  dbQueries: [
    'isolationAttestationLedger.upsert(isolation_attest:2efc1b3967125447baf74c43)'
  ],
  attestationKey: 'isolation_attest:2efc1b3967125447baf74c43'
}
FEATURE_GATE_AWAIT_TRACE {
  event: 'start',
  fileName: 'backend/src/services/security/securityGovernanceOS.service.ts',
  redisOps: 'none',
  functionName: 'authorizeAccess:appendAuthEvent:authorized',
  action: 'analytics:view',
  route: null,
  cacheStatus: 'none',
  dbQueries: [ 'authEventLedger.upsert' ]
}
FEATURE_GATE_AWAIT_TRACE {
  event: 'start',
  fileName: 'backend/src/services/security/securityGovernanceOS.service.ts',
  redisOps: 'none',
  functionName: 'appendAuthEvent:authEventLedger.upsert',
  cacheStatus: 'none',
  dbQueries: [ 'authEventLedger.upsert(auth_evt:b0dc2c941e1d03c7c44669a7c9)' ],
  eventKey: 'auth_evt:b0dc2c941e1d03c7c44669a7c9',
  action: 'analytics:view',
  outcome: 'ALLOWED'
}
prisma:error 
Invalid `prisma.dataAccessAuditLedger.upsert()` invocation:


Raw query failed. Code: `unknown`. Message: `Kind: Transactions are not supported by this deployment, labels: {}, source: None`
prisma:error 
Invalid `prisma.isolationAttestationLedger.upsert()` invocation:


Raw query failed. Code: `unknown`. Message: `Kind: Transactions are not supported by this deployment, labels: {}, source: None`
FEATURE_GATE_AWAIT_TRACE {
  event: 'end',
  fileName: 'backend/src/services/security/securityGovernanceOS.service.ts',
  redisOps: 'none',
  functionName: 'attestInfraIsolation:isolationAttestationLedger.upsert',
  durationMs: 3,
  cacheStatus: 'none',
  dbQueries: [
    'isolationAttestationLedger.upsert(isolation_attest:2efc1b3967125447baf74c43)'
  ],
  attestationKey: 'isolation_attest:2efc1b3967125447baf74c43'
}
FEATURE_GATE_AWAIT_TRACE {
  event: 'end',
  fileName: 'backend/src/services/security/securityGovernanceOS.service.ts',
  redisOps: 'none',
  functionName: 'authorizeAccess:attestInfraIsolation',
  durationMs: 3,
  action: 'analytics:view',
  route: null,
  cacheStatus: 'none',
  dbQueries: [ 'isolationAttestationLedger.create' ]
}
prisma:error 
Invalid `prisma.authEventLedger.upsert()` invocation:


Raw query failed. Code: `unknown`. Message: `Kind: Transactions are not supported by this deployment, labels: {}, source: None`
FEATURE_GATE_AWAIT_TRACE {
  event: 'end',
  fileName: 'backend/src/services/security/securityGovernanceOS.service.ts',
  redisOps: 'none',
  functionName: 'appendAuthEvent:authEventLedger.upsert',
  durationMs: 3,
  cacheStatus: 'none',
  dbQueries: [ 'authEventLedger.upsert(auth_evt:b0dc2c941e1d03c7c44669a7c9)' ],
  eventKey: 'auth_evt:b0dc2c941e1d03c7c44669a7c9',
  action: 'analytics:view',
  outcome: 'ALLOWED'
}
FEATURE_GATE_AWAIT_TRACE {
  event: 'end',
  fileName: 'backend/src/services/security/securityGovernanceOS.service.ts',
  redisOps: 'none',
  functionName: 'authorizeAccess:appendAuthEvent:authorized',
  durationMs: 3,
  action: 'analytics:view',
  route: null,
  cacheStatus: 'none',
  dbQueries: [ 'authEventLedger.upsert' ]
}
prisma:error 
Invalid `prisma.observabilityEventLedger.findUnique()` invocation:


Raw query failed. Code: `unknown`. Message: `Kind: Server selection timeout: No available servers. Topology: { Type: Unknown, Servers: [ { Address: localhost:27017, Type: Unknown, Error: Kind: I/O error: No connection could be made because the target machine actively refused it. (os error 10061), labels: {}, source: None } ] }, labels: {}, source: None`
prisma:error 
Invalid `prisma.observabilityEventLedger.upsert()` invocation:


Raw query failed. Code: `unknown`. Message: `Kind: Transactions are not supported by this deployment, labels: {}, source: None`
prisma:error 
Invalid `prisma.infrastructureRecoveryLedger.count()` invocation:


Raw query failed. Code: `unknown`. Message: `Kind: Server selection timeout: No available servers. Topology: { Type: Unknown, Servers: [ { Address: localhost:27017, Type: Unknown, Error: Kind: I/O error: No connection could be made because the target machine actively refused it. (os error 10061), labels: {}, source: None } ] }, labels: {}, source: None`
replay_suppressed_count {
  metric: 'replay_suppressed_count',
  value: 0,
  businessId: null,
  route: 'integrations_onboarding_recovery',
  metadata: {
    suppression: 'queue_not_writable',
    suspendMs: 60000,
    queueDepth: 0,
    redisCircuitOpen: false
  },
  recordedAt: '2026-07-06T15:27:30.047Z'
}
FEATURE_GATE_AWAIT_TRACE {
  event: 'start',
  fileName: 'backend/src/services/security/securityGovernanceOS.service.ts',
  redisOps: 'none',
  functionName: 'assertAuthorizedAccess:authorizeAccess',
  action: 'analytics:view',
  route: null,
  cacheStatus: 'delegated',
  dbQueries: [ 'see nested FEATURE_GATE_AWAIT_TRACE events' ]
}
FEATURE_GATE_AWAIT_TRACE {
  event: 'start',
  fileName: 'backend/src/services/security/securityGovernanceOS.service.ts',
  redisOps: 'none',
  functionName: 'authorizeAccess:assertTenantIsolation',
  action: 'analytics:view',
  route: null,
  cacheStatus: 'none',
  dbQueries: [ 'tenantIsolationLedger.upsert' ]
}
FEATURE_GATE_AWAIT_TRACE {
  event: 'end',
  fileName: 'backend/src/services/security/securityGovernanceOS.service.ts',
  redisOps: 'none',
  functionName: 'authorizeAccess:assertTenantIsolation',
  durationMs: 1,
  action: 'analytics:view',
  route: null,
  cacheStatus: 'none',
  dbQueries: [ 'tenantIsolationLedger.upsert' ]
}
FEATURE_GATE_AWAIT_TRACE {
  event: 'end',
  fileName: 'backend/src/services/security/securityGovernanceOS.service.ts',
  redisOps: 'none',
  functionName: 'assertAuthorizedAccess:authorizeAccess',
  durationMs: 3,
  action: 'analytics:view',
  route: null,
  cacheStatus: 'delegated',
  dbQueries: [ 'see nested FEATURE_GATE_AWAIT_TRACE events' ]
}
FEATURE_GATE_AWAIT_TRACE {
  event: 'start',
  fileName: 'backend/src/services/security/securityGovernanceOS.service.ts',
  redisOps: 'none',
  functionName: 'authorizeAccess:attestInfraIsolation',
  action: 'analytics:view',
  route: null,
  cacheStatus: 'none',
  dbQueries: [ 'isolationAttestationLedger.create' ]
}
FEATURE_GATE_AWAIT_TRACE {
  event: 'start',
  fileName: 'backend/src/services/security/securityGovernanceOS.service.ts',
  redisOps: 'none',
  functionName: 'attestInfraIsolation:isolationAttestationLedger.upsert',
  cacheStatus: 'none',
  dbQueries: [
    'isolationAttestationLedger.upsert(isolation_attest:bd63b05742364004f87df089)'
  ],
  attestationKey: 'isolation_attest:bd63b05742364004f87df089'
}
FEATURE_GATE_AWAIT_TRACE {
  event: 'start',
  fileName: 'backend/src/services/security/securityGovernanceOS.service.ts',
  redisOps: 'none',
  functionName: 'authorizeAccess:appendAuthEvent:authorized',
  action: 'analytics:view',
  route: null,
  cacheStatus: 'none',
  dbQueries: [ 'authEventLedger.upsert' ]
}
FEATURE_GATE_AWAIT_TRACE {
  event: 'start',
  fileName: 'backend/src/services/security/securityGovernanceOS.service.ts',
  redisOps: 'none',
  functionName: 'appendAuthEvent:authEventLedger.upsert',
  cacheStatus: 'none',
  dbQueries: [ 'authEventLedger.upsert(auth_evt:e2db02848fb0a21b9d78a30eb5)' ],
  eventKey: 'auth_evt:e2db02848fb0a21b9d78a30eb5',
  action: 'analytics:view',
  outcome: 'ALLOWED'
}
prisma:error 
Invalid `prisma.dataAccessAuditLedger.upsert()` invocation:


Raw query failed. Code: `unknown`. Message: `Kind: Transactions are not supported by this deployment, labels: {}, source: None`
prisma:error 
Invalid `prisma.isolationAttestationLedger.upsert()` invocation:


Raw query failed. Code: `unknown`. Message: `Kind: Transactions are not supported by this deployment, labels: {}, source: None`
FEATURE_GATE_AWAIT_TRACE {
  event: 'end',
  fileName: 'backend/src/services/security/securityGovernanceOS.service.ts',
  redisOps: 'none',
  functionName: 'attestInfraIsolation:isolationAttestationLedger.upsert',
  durationMs: 2,
  cacheStatus: 'none',
  dbQueries: [
    'isolationAttestationLedger.upsert(isolation_attest:bd63b05742364004f87df089)'
  ],
  attestationKey: 'isolation_attest:bd63b05742364004f87df089'
}
FEATURE_GATE_AWAIT_TRACE {
  event: 'end',
  fileName: 'backend/src/services/security/securityGovernanceOS.service.ts',
  redisOps: 'none',
  functionName: 'authorizeAccess:attestInfraIsolation',
  durationMs: 2,
  action: 'analytics:view',
  route: null,
  cacheStatus: 'none',
  dbQueries: [ 'isolationAttestationLedger.create' ]
}
prisma:error 
Invalid `prisma.authEventLedger.upsert()` invocation:


Raw query failed. Code: `unknown`. Message: `Kind: Transactions are not supported by this deployment, labels: {}, source: None`
FEATURE_GATE_AWAIT_TRACE {
  event: 'end',
  fileName: 'backend/src/services/security/securityGovernanceOS.service.ts',
  redisOps: 'none',
  functionName: 'appendAuthEvent:authEventLedger.upsert',
  durationMs: 2,
  cacheStatus: 'none',
  dbQueries: [ 'authEventLedger.upsert(auth_evt:e2db02848fb0a21b9d78a30eb5)' ],
  eventKey: 'auth_evt:e2db02848fb0a21b9d78a30eb5',
  action: 'analytics:view',
  outcome: 'ALLOWED'
}
FEATURE_GATE_AWAIT_TRACE {
  event: 'end',
  fileName: 'backend/src/services/security/securityGovernanceOS.service.ts',
  redisOps: 'none',
  functionName: 'authorizeAccess:appendAuthEvent:authorized',
  durationMs: 2,
  action: 'analytics:view',
  route: null,
  cacheStatus: 'none',
  dbQueries: [ 'authEventLedger.upsert' ]
}
prisma:error 
Invalid `prisma.observabilityEventLedger.findUnique()` invocation:


Raw query failed. Code: `unknown`. Message: `Kind: Server selection timeout: No available servers. Topology: { Type: Unknown, Servers: [ { Address: localhost:27017, Type: Unknown, Error: Kind: I/O error: No connection could be made because the target machine actively refused it. (os error 10061), labels: {}, source: None } ] }, labels: {}, source: None`
prisma:error 
Invalid `prisma.observabilityEventLedger.upsert()` invocation:


Raw query failed. Code: `unknown`. Message: `Kind: Transactions are not supported by this deployment, labels: {}, source: None`
prisma:error 
Invalid `prisma.infrastructureRecoveryLedger.count()` invocation:


Raw query failed. Code: `unknown`. Message: `Kind: Server selection timeout: No available servers. Topology: { Type: Unknown, Servers: [ { Address: localhost:27017, Type: Unknown, Error: Kind: I/O error: No connection could be made because the target machine actively refused it. (os error 10061), labels: {}, source: None } ] }, labels: {}, source: None`
replay_suppressed_count {
  metric: 'replay_suppressed_count',
  value: 0,
  businessId: null,
  route: 'integrations_onboarding_recovery',
  metadata: {
    suppression: 'queue_not_writable',
    suspendMs: 60000,
    queueDepth: 0,
    redisCircuitOpen: false
  },
  recordedAt: '2026-07-06T15:28:30.047Z'
}
FEATURE_GATE_AWAIT_TRACE {
  event: 'start',
  fileName: 'backend/src/services/security/securityGovernanceOS.service.ts',
  redisOps: 'none',
  functionName: 'assertAuthorizedAccess:authorizeAccess',
  action: 'analytics:view',
  route: null,
  cacheStatus: 'delegated',
  dbQueries: [ 'see nested FEATURE_GATE_AWAIT_TRACE events' ]
}
FEATURE_GATE_AWAIT_TRACE {
  event: 'start',
  fileName: 'backend/src/services/security/securityGovernanceOS.service.ts',
  redisOps: 'none',
  functionName: 'authorizeAccess:assertTenantIsolation',
  action: 'analytics:view',
  route: null,
  cacheStatus: 'none',
  dbQueries: [ 'tenantIsolationLedger.upsert' ]
}
FEATURE_GATE_AWAIT_TRACE {
  event: 'end',
  fileName: 'backend/src/services/security/securityGovernanceOS.service.ts',
  redisOps: 'none',
  functionName: 'authorizeAccess:assertTenantIsolation',
  durationMs: 0,
  action: 'analytics:view',
  route: null,
  cacheStatus: 'none',
  dbQueries: [ 'tenantIsolationLedger.upsert' ]
}
FEATURE_GATE_AWAIT_TRACE {
  event: 'end',
  fileName: 'backend/src/services/security/securityGovernanceOS.service.ts',
  redisOps: 'none',
  functionName: 'assertAuthorizedAccess:authorizeAccess',
  durationMs: 2,
  action: 'analytics:view',
  route: null,
  cacheStatus: 'delegated',
  dbQueries: [ 'see nested FEATURE_GATE_AWAIT_TRACE events' ]
}
FEATURE_GATE_AWAIT_TRACE {
  event: 'start',
  fileName: 'backend/src/services/security/securityGovernanceOS.service.ts',
  redisOps: 'none',
  functionName: 'authorizeAccess:attestInfraIsolation',
  action: 'analytics:view',
  route: null,
  cacheStatus: 'none',
  dbQueries: [ 'isolationAttestationLedger.create' ]
}
FEATURE_GATE_AWAIT_TRACE {
  event: 'start',
  fileName: 'backend/src/services/security/securityGovernanceOS.service.ts',
  redisOps: 'none',
  functionName: 'attestInfraIsolation:isolationAttestationLedger.upsert',
  cacheStatus: 'none',
  dbQueries: [
    'isolationAttestationLedger.upsert(isolation_attest:19b03f59e444aa9768d8ef8f)'
  ],
  attestationKey: 'isolation_attest:19b03f59e444aa9768d8ef8f'
}
FEATURE_GATE_AWAIT_TRACE {
  event: 'start',
  fileName: 'backend/src/services/security/securityGovernanceOS.service.ts',
  redisOps: 'none',
  functionName: 'authorizeAccess:appendAuthEvent:authorized',
  action: 'analytics:view',
  route: null,
  cacheStatus: 'none',
  dbQueries: [ 'authEventLedger.upsert' ]
}
FEATURE_GATE_AWAIT_TRACE {
  event: 'start',
  fileName: 'backend/src/services/security/securityGovernanceOS.service.ts',
  redisOps: 'none',
  functionName: 'appendAuthEvent:authEventLedger.upsert',
  cacheStatus: 'none',
  dbQueries: [ 'authEventLedger.upsert(auth_evt:a4618a164eea9b7e5d74d9187d)' ],
  eventKey: 'auth_evt:a4618a164eea9b7e5d74d9187d',
  action: 'analytics:view',
  outcome: 'ALLOWED'
}
prisma:error 
Invalid `prisma.dataAccessAuditLedger.upsert()` invocation:


Raw query failed. Code: `unknown`. Message: `Kind: Transactions are not supported by this deployment, labels: {}, source: None`
prisma:error 
Invalid `prisma.isolationAttestationLedger.upsert()` invocation:


Raw query failed. Code: `unknown`. Message: `Kind: Transactions are not supported by this deployment, labels: {}, source: None`
FEATURE_GATE_AWAIT_TRACE {
  event: 'end',
  fileName: 'backend/src/services/security/securityGovernanceOS.service.ts',
  redisOps: 'none',
  functionName: 'attestInfraIsolation:isolationAttestationLedger.upsert',
  durationMs: 2,
  cacheStatus: 'none',
  dbQueries: [
    'isolationAttestationLedger.upsert(isolation_attest:19b03f59e444aa9768d8ef8f)'
  ],
  attestationKey: 'isolation_attest:19b03f59e444aa9768d8ef8f'
}
FEATURE_GATE_AWAIT_TRACE {
  event: 'end',
  fileName: 'backend/src/services/security/securityGovernanceOS.service.ts',
  redisOps: 'none',
  functionName: 'authorizeAccess:attestInfraIsolation',
  durationMs: 3,
  action: 'analytics:view',
  route: null,
  cacheStatus: 'none',
  dbQueries: [ 'isolationAttestationLedger.create' ]
}
prisma:error 
Invalid `prisma.authEventLedger.upsert()` invocation:


Raw query failed. Code: `unknown`. Message: `Kind: Transactions are not supported by this deployment, labels: {}, source: None`
FEATURE_GATE_AWAIT_TRACE {
  event: 'end',
  fileName: 'backend/src/services/security/securityGovernanceOS.service.ts',
  redisOps: 'none',
  functionName: 'appendAuthEvent:authEventLedger.upsert',
  durationMs: 2,
  cacheStatus: 'none',
  dbQueries: [ 'authEventLedger.upsert(auth_evt:a4618a164eea9b7e5d74d9187d)' ],
  eventKey: 'auth_evt:a4618a164eea9b7e5d74d9187d',
  action: 'analytics:view',
  outcome: 'ALLOWED'
}
FEATURE_GATE_AWAIT_TRACE {
  event: 'end',
  fileName: 'backend/src/services/security/securityGovernanceOS.service.ts',
  redisOps: 'none',
  functionName: 'authorizeAccess:appendAuthEvent:authorized',
  durationMs: 3,
  action: 'analytics:view',
  route: null,
  cacheStatus: 'none',
  dbQueries: [ 'authEventLedger.upsert' ]
}
prisma:error 
Invalid `prisma.observabilityEventLedger.findUnique()` invocation:


Raw query failed. Code: `unknown`. Message: `Kind: Server selection timeout: No available servers. Topology: { Type: Unknown, Servers: [ { Address: localhost:27017, Type: Unknown, Error: Kind: I/O error: No connection could be made because the target machine actively refused it. (os error 10061), labels: {}, source: None } ] }, labels: {}, source: None`
prisma:error 
Invalid `prisma.observabilityEventLedger.upsert()` invocation:


Raw query failed. Code: `unknown`. Message: `Kind: Transactions are not supported by this deployment, labels: {}, source: None`
prisma:error 
Invalid `prisma.infrastructureRecoveryLedger.count()` invocation:


Raw query failed. Code: `unknown`. Message: `Kind: Server selection timeout: No available servers. Topology: { Type: Unknown, Servers: [ { Address: localhost:27017, Type: Unknown, Error: Kind: I/O error: No connection could be made because the target machine actively refused it. (os error 10061), labels: {}, source: None } ] }, labels: {}, source: None`
replay_suppressed_count {
  metric: 'replay_suppressed_count',
  value: 0,
  businessId: null,
  route: 'integrations_onboarding_recovery',
  metadata: {
    suppression: 'queue_not_writable',
    suspendMs: 60000,
    queueDepth: 0,
    redisCircuitOpen: false
  },
  recordedAt: '2026-07-06T15:29:30.033Z'
}
FEATURE_GATE_AWAIT_TRACE {
  event: 'start',
  fileName: 'backend/src/services/security/securityGovernanceOS.service.ts',
  redisOps: 'none',
  functionName: 'assertAuthorizedAccess:authorizeAccess',
  action: 'analytics:view',
  route: null,
  cacheStatus: 'delegated',
  dbQueries: [ 'see nested FEATURE_GATE_AWAIT_TRACE events' ]
}
FEATURE_GATE_AWAIT_TRACE {
  event: 'start',
  fileName: 'backend/src/services/security/securityGovernanceOS.service.ts',
  redisOps: 'none',
  functionName: 'authorizeAccess:assertTenantIsolation',
  action: 'analytics:view',
  route: null,
  cacheStatus: 'none',
  dbQueries: [ 'tenantIsolationLedger.upsert' ]
}
FEATURE_GATE_AWAIT_TRACE {
  event: 'end',
  fileName: 'backend/src/services/security/securityGovernanceOS.service.ts',
  redisOps: 'none',
  functionName: 'authorizeAccess:assertTenantIsolation',
  durationMs: 1,
  action: 'analytics:view',
  route: null,
  cacheStatus: 'none',
  dbQueries: [ 'tenantIsolationLedger.upsert' ]
}
FEATURE_GATE_AWAIT_TRACE {
  event: 'end',
  fileName: 'backend/src/services/security/securityGovernanceOS.service.ts',
  redisOps: 'none',
  functionName: 'assertAuthorizedAccess:authorizeAccess',
  durationMs: 2,
  action: 'analytics:view',
  route: null,
  cacheStatus: 'delegated',
  dbQueries: [ 'see nested FEATURE_GATE_AWAIT_TRACE events' ]
}
FEATURE_GATE_AWAIT_TRACE {
  event: 'start',
  fileName: 'backend/src/services/security/securityGovernanceOS.service.ts',
  redisOps: 'none',
  functionName: 'authorizeAccess:attestInfraIsolation',
  action: 'analytics:view',
  route: null,
  cacheStatus: 'none',
  dbQueries: [ 'isolationAttestationLedger.create' ]
}
FEATURE_GATE_AWAIT_TRACE {
  event: 'start',
  fileName: 'backend/src/services/security/securityGovernanceOS.service.ts',
  redisOps: 'none',
  functionName: 'attestInfraIsolation:isolationAttestationLedger.upsert',
  cacheStatus: 'none',
  dbQueries: [
    'isolationAttestationLedger.upsert(isolation_attest:78a8bad3753517bdf14140b3)'
  ],
  attestationKey: 'isolation_attest:78a8bad3753517bdf14140b3'
}
FEATURE_GATE_AWAIT_TRACE {
  event: 'start',
  fileName: 'backend/src/services/security/securityGovernanceOS.service.ts',
  redisOps: 'none',
  functionName: 'authorizeAccess:appendAuthEvent:authorized',
  action: 'analytics:view',
  route: null,
  cacheStatus: 'none',
  dbQueries: [ 'authEventLedger.upsert' ]
}
FEATURE_GATE_AWAIT_TRACE {
  event: 'start',
  fileName: 'backend/src/services/security/securityGovernanceOS.service.ts',
  redisOps: 'none',
  functionName: 'appendAuthEvent:authEventLedger.upsert',
  cacheStatus: 'none',
  dbQueries: [ 'authEventLedger.upsert(auth_evt:e7ca1a7381235130d4fc73e6b9)' ],
  eventKey: 'auth_evt:e7ca1a7381235130d4fc73e6b9',
  action: 'analytics:view',
  outcome: 'ALLOWED'
}
prisma:error 
Invalid `prisma.dataAccessAuditLedger.upsert()` invocation:


Raw query failed. Code: `unknown`. Message: `Kind: Transactions are not supported by this deployment, labels: {}, source: None`
prisma:error 
Invalid `prisma.isolationAttestationLedger.upsert()` invocation:


Raw query failed. Code: `unknown`. Message: `Kind: Transactions are not supported by this deployment, labels: {}, source: None`
FEATURE_GATE_AWAIT_TRACE {
  event: 'end',
  fileName: 'backend/src/services/security/securityGovernanceOS.service.ts',
  redisOps: 'none',
  functionName: 'attestInfraIsolation:isolationAttestationLedger.upsert',
  durationMs: 3,
  cacheStatus: 'none',
  dbQueries: [
    'isolationAttestationLedger.upsert(isolation_attest:78a8bad3753517bdf14140b3)'
  ],
  attestationKey: 'isolation_attest:78a8bad3753517bdf14140b3'
}
FEATURE_GATE_AWAIT_TRACE {
  event: 'end',
  fileName: 'backend/src/services/security/securityGovernanceOS.service.ts',
  redisOps: 'none',
  functionName: 'authorizeAccess:attestInfraIsolation',
  durationMs: 4,
  action: 'analytics:view',
  route: null,
  cacheStatus: 'none',
  dbQueries: [ 'isolationAttestationLedger.create' ]
}
prisma:error 
Invalid `prisma.authEventLedger.upsert()` invocation:


Raw query failed. Code: `unknown`. Message: `Kind: Transactions are not supported by this deployment, labels: {}, source: None`
FEATURE_GATE_AWAIT_TRACE {
  event: 'end',
  fileName: 'backend/src/services/security/securityGovernanceOS.service.ts',
  redisOps: 'none',
  functionName: 'appendAuthEvent:authEventLedger.upsert',
  durationMs: 3,
  cacheStatus: 'none',
  dbQueries: [ 'authEventLedger.upsert(auth_evt:e7ca1a7381235130d4fc73e6b9)' ],
  eventKey: 'auth_evt:e7ca1a7381235130d4fc73e6b9',
  action: 'analytics:view',
  outcome: 'ALLOWED'
}
FEATURE_GATE_AWAIT_TRACE {
  event: 'end',
  fileName: 'backend/src/services/security/securityGovernanceOS.service.ts',
  redisOps: 'none',
  functionName: 'authorizeAccess:appendAuthEvent:authorized',
  durationMs: 4,
  action: 'analytics:view',
  route: null,
  cacheStatus: 'none',
  dbQueries: [ 'authEventLedger.upsert' ]
}
prisma:error 
Invalid `prisma.observabilityEventLedger.findUnique()` invocation:


Raw query failed. Code: `unknown`. Message: `Kind: Server selection timeout: No available servers. Topology: { Type: Unknown, Servers: [ { Address: localhost:27017, Type: Unknown, Error: Kind: I/O error: No connection could be made because the target machine actively refused it. (os error 10061), labels: {}, source: None } ] }, labels: {}, source: None`
prisma:error 
Invalid `prisma.observabilityEventLedger.upsert()` invocation:


Raw query failed. Code: `unknown`. Message: `Kind: Transactions are not supported by this deployment, labels: {}, source: None`
prisma:error 
Invalid `prisma.infrastructureRecoveryLedger.count()` invocation:


Raw query failed. Code: `unknown`. Message: `Kind: Server selection timeout: No available servers. Topology: { Type: Unknown, Servers: [ { Address: localhost:27017, Type: Unknown, Error: Kind: I/O error: No connection could be made because the target machine actively refused it. (os error 10061), labels: {}, source: None } ] }, labels: {}, source: None`
replay_suppressed_count {
  metric: 'replay_suppressed_count',
  value: 0,
  businessId: null,
  route: 'integrations_onboarding_recovery',
  metadata: {
    suppression: 'queue_not_writable',
    suspendMs: 60000,
    queueDepth: 0,
    redisCircuitOpen: false
  },
  recordedAt: '2026-07-06T15:30:30.041Z'
}
FEATURE_GATE_AWAIT_TRACE {
  event: 'start',
  fileName: 'backend/src/services/security/securityGovernanceOS.service.ts',
  redisOps: 'none',
  functionName: 'assertAuthorizedAccess:authorizeAccess',
  action: 'analytics:view',
  route: null,
  cacheStatus: 'delegated',
  dbQueries: [ 'see nested FEATURE_GATE_AWAIT_TRACE events' ]
}
FEATURE_GATE_AWAIT_TRACE {
  event: 'start',
  fileName: 'backend/src/services/security/securityGovernanceOS.service.ts',
  redisOps: 'none',
  functionName: 'authorizeAccess:assertTenantIsolation',
  action: 'analytics:view',
  route: null,
  cacheStatus: 'none',
  dbQueries: [ 'tenantIsolationLedger.upsert' ]
}
FEATURE_GATE_AWAIT_TRACE {
  event: 'end',
  fileName: 'backend/src/services/security/securityGovernanceOS.service.ts',
  redisOps: 'none',
  functionName: 'authorizeAccess:assertTenantIsolation',
  durationMs: 1,
  action: 'analytics:view',
  route: null,
  cacheStatus: 'none',
  dbQueries: [ 'tenantIsolationLedger.upsert' ]
}
FEATURE_GATE_AWAIT_TRACE {
  event: 'end',
  fileName: 'backend/src/services/security/securityGovernanceOS.service.ts',
  redisOps: 'none',
  functionName: 'assertAuthorizedAccess:authorizeAccess',
  durationMs: 2,
  action: 'analytics:view',
  route: null,
  cacheStatus: 'delegated',
  dbQueries: [ 'see nested FEATURE_GATE_AWAIT_TRACE events' ]
}
FEATURE_GATE_AWAIT_TRACE {
  event: 'start',
  fileName: 'backend/src/services/security/securityGovernanceOS.service.ts',
  redisOps: 'none',
  functionName: 'authorizeAccess:attestInfraIsolation',
  action: 'analytics:view',
  route: null,
  cacheStatus: 'none',
  dbQueries: [ 'isolationAttestationLedger.create' ]
}
FEATURE_GATE_AWAIT_TRACE {
  event: 'start',
  fileName: 'backend/src/services/security/securityGovernanceOS.service.ts',
  redisOps: 'none',
  functionName: 'attestInfraIsolation:isolationAttestationLedger.upsert',
  cacheStatus: 'none',
  dbQueries: [
    'isolationAttestationLedger.upsert(isolation_attest:68f55e901869fc30e440f44b)'
  ],
  attestationKey: 'isolation_attest:68f55e901869fc30e440f44b'
}
FEATURE_GATE_AWAIT_TRACE {
  event: 'start',
  fileName: 'backend/src/services/security/securityGovernanceOS.service.ts',
  redisOps: 'none',
  functionName: 'authorizeAccess:appendAuthEvent:authorized',
  action: 'analytics:view',
  route: null,
  cacheStatus: 'none',
  dbQueries: [ 'authEventLedger.upsert' ]
}
FEATURE_GATE_AWAIT_TRACE {
  event: 'start',
  fileName: 'backend/src/services/security/securityGovernanceOS.service.ts',
  redisOps: 'none',
  functionName: 'appendAuthEvent:authEventLedger.upsert',
  cacheStatus: 'none',
  dbQueries: [ 'authEventLedger.upsert(auth_evt:3bbbce1e4a5e1a0d847ad4a30f)' ],
  eventKey: 'auth_evt:3bbbce1e4a5e1a0d847ad4a30f',
  action: 'analytics:view',
  outcome: 'ALLOWED'
}
prisma:error 
Invalid `prisma.dataAccessAuditLedger.upsert()` invocation:


Raw query failed. Code: `unknown`. Message: `Kind: Transactions are not supported by this deployment, labels: {}, source: None`
prisma:error 
Invalid `prisma.isolationAttestationLedger.upsert()` invocation:


Raw query failed. Code: `unknown`. Message: `Kind: Transactions are not supported by this deployment, labels: {}, source: None`
FEATURE_GATE_AWAIT_TRACE {
  event: 'end',
  fileName: 'backend/src/services/security/securityGovernanceOS.service.ts',
  redisOps: 'none',
  functionName: 'attestInfraIsolation:isolationAttestationLedger.upsert',
  durationMs: 4,
  cacheStatus: 'none',
  dbQueries: [
    'isolationAttestationLedger.upsert(isolation_attest:68f55e901869fc30e440f44b)'
  ],
  attestationKey: 'isolation_attest:68f55e901869fc30e440f44b'
}
FEATURE_GATE_AWAIT_TRACE {
  event: 'end',
  fileName: 'backend/src/services/security/securityGovernanceOS.service.ts',
  redisOps: 'none',
  functionName: 'authorizeAccess:attestInfraIsolation',
  durationMs: 4,
  action: 'analytics:view',
  route: null,
  cacheStatus: 'none',
  dbQueries: [ 'isolationAttestationLedger.create' ]
}
prisma:error 
Invalid `prisma.authEventLedger.upsert()` invocation:


Raw query failed. Code: `unknown`. Message: `Kind: Transactions are not supported by this deployment, labels: {}, source: None`
FEATURE_GATE_AWAIT_TRACE {
  event: 'end',
  fileName: 'backend/src/services/security/securityGovernanceOS.service.ts',
  redisOps: 'none',
  functionName: 'appendAuthEvent:authEventLedger.upsert',
  durationMs: 4,
  cacheStatus: 'none',
  dbQueries: [ 'authEventLedger.upsert(auth_evt:3bbbce1e4a5e1a0d847ad4a30f)' ],
  eventKey: 'auth_evt:3bbbce1e4a5e1a0d847ad4a30f',
  action: 'analytics:view',
  outcome: 'ALLOWED'
}
FEATURE_GATE_AWAIT_TRACE {
  event: 'end',
  fileName: 'backend/src/services/security/securityGovernanceOS.service.ts',
  redisOps: 'none',
  functionName: 'authorizeAccess:appendAuthEvent:authorized',
  durationMs: 4,
  action: 'analytics:view',
  route: null,
  cacheStatus: 'none',
  dbQueries: [ 'authEventLedger.upsert' ]
}
prisma:error 
Invalid `prisma.observabilityEventLedger.findUnique()` invocation:


Raw query failed. Code: `unknown`. Message: `Kind: Server selection timeout: No available servers. Topology: { Type: Unknown, Servers: [ { Address: localhost:27017, Type: Unknown, Error: Kind: I/O error: No connection could be made because the target machine actively refused it. (os error 10061), labels: {}, source: None } ] }, labels: {}, source: None`
prisma:error 
Invalid `prisma.observabilityEventLedger.upsert()` invocation:


Raw query failed. Code: `unknown`. Message: `Kind: Transactions are not supported by this deployment, labels: {}, source: None`
prisma:error 
Invalid `prisma.infrastructureRecoveryLedger.count()` invocation:


Raw query failed. Code: `unknown`. Message: `Kind: Server selection timeout: No available servers. Topology: { Type: Unknown, Servers: [ { Address: localhost:27017, Type: Unknown, Error: Kind: I/O error: No connection could be made because the target machine actively refused it. (os error 10061), labels: {}, source: None } ] }, labels: {}, source: None`
replay_suppressed_count {
  metric: 'replay_suppressed_count',
  value: 0,
  businessId: null,
  route: 'integrations_onboarding_recovery',
  metadata: {
    suppression: 'queue_not_writable',
    suspendMs: 60000,
    queueDepth: 0,
    redisCircuitOpen: false
  },
  recordedAt: '2026-07-06T15:31:30.027Z'
}
FEATURE_GATE_AWAIT_TRACE {
  event: 'start',
  fileName: 'backend/src/services/security/securityGovernanceOS.service.ts',
  redisOps: 'none',
  functionName: 'assertAuthorizedAccess:authorizeAccess',
  action: 'analytics:view',
  route: null,
  cacheStatus: 'delegated',
  dbQueries: [ 'see nested FEATURE_GATE_AWAIT_TRACE events' ]
}
FEATURE_GATE_AWAIT_TRACE {
  event: 'start',
  fileName: 'backend/src/services/security/securityGovernanceOS.service.ts',
  redisOps: 'none',
  functionName: 'authorizeAccess:assertTenantIsolation',
  action: 'analytics:view',
  route: null,
  cacheStatus: 'none',
  dbQueries: [ 'tenantIsolationLedger.upsert' ]
}
FEATURE_GATE_AWAIT_TRACE {
  event: 'end',
  fileName: 'backend/src/services/security/securityGovernanceOS.service.ts',
  redisOps: 'none',
  functionName: 'authorizeAccess:assertTenantIsolation',
  durationMs: 0,
  action: 'analytics:view',
  route: null,
  cacheStatus: 'none',
  dbQueries: [ 'tenantIsolationLedger.upsert' ]
}
FEATURE_GATE_AWAIT_TRACE {
  event: 'end',
  fileName: 'backend/src/services/security/securityGovernanceOS.service.ts',
  redisOps: 'none',
  functionName: 'assertAuthorizedAccess:authorizeAccess',
  durationMs: 1,
  action: 'analytics:view',
  route: null,
  cacheStatus: 'delegated',
  dbQueries: [ 'see nested FEATURE_GATE_AWAIT_TRACE events' ]
}
FEATURE_GATE_AWAIT_TRACE {
  event: 'start',
  fileName: 'backend/src/services/security/securityGovernanceOS.service.ts',
  redisOps: 'none',
  functionName: 'authorizeAccess:attestInfraIsolation',
  action: 'analytics:view',
  route: null,
  cacheStatus: 'none',
  dbQueries: [ 'isolationAttestationLedger.create' ]
}
FEATURE_GATE_AWAIT_TRACE {
  event: 'start',
  fileName: 'backend/src/services/security/securityGovernanceOS.service.ts',
  redisOps: 'none',
  functionName: 'attestInfraIsolation:isolationAttestationLedger.upsert',
  cacheStatus: 'none',
  dbQueries: [
    'isolationAttestationLedger.upsert(isolation_attest:e6b59286d6ee8c976f7b1e94)'
  ],
  attestationKey: 'isolation_attest:e6b59286d6ee8c976f7b1e94'
}
FEATURE_GATE_AWAIT_TRACE {
  event: 'start',
  fileName: 'backend/src/services/security/securityGovernanceOS.service.ts',
  redisOps: 'none',
  functionName: 'authorizeAccess:appendAuthEvent:authorized',
  action: 'analytics:view',
  route: null,
  cacheStatus: 'none',
  dbQueries: [ 'authEventLedger.upsert' ]
}
FEATURE_GATE_AWAIT_TRACE {
  event: 'start',
  fileName: 'backend/src/services/security/securityGovernanceOS.service.ts',
  redisOps: 'none',
  functionName: 'appendAuthEvent:authEventLedger.upsert',
  cacheStatus: 'none',
  dbQueries: [ 'authEventLedger.upsert(auth_evt:f6d69c2416bf3227a2cee12bd4)' ],
  eventKey: 'auth_evt:f6d69c2416bf3227a2cee12bd4',
  action: 'analytics:view',
  outcome: 'ALLOWED'
}
prisma:error 
Invalid `prisma.dataAccessAuditLedger.upsert()` invocation:


Raw query failed. Code: `unknown`. Message: `Kind: Transactions are not supported by this deployment, labels: {}, source: None`
prisma:error 
Invalid `prisma.isolationAttestationLedger.upsert()` invocation:


Raw query failed. Code: `unknown`. Message: `Kind: Transactions are not supported by this deployment, labels: {}, source: None`
FEATURE_GATE_AWAIT_TRACE {
  event: 'end',
  fileName: 'backend/src/services/security/securityGovernanceOS.service.ts',
  redisOps: 'none',
  functionName: 'attestInfraIsolation:isolationAttestationLedger.upsert',
  durationMs: 3,
  cacheStatus: 'none',
  dbQueries: [
    'isolationAttestationLedger.upsert(isolation_attest:e6b59286d6ee8c976f7b1e94)'
  ],
  attestationKey: 'isolation_attest:e6b59286d6ee8c976f7b1e94'
}
FEATURE_GATE_AWAIT_TRACE {
  event: 'end',
  fileName: 'backend/src/services/security/securityGovernanceOS.service.ts',
  redisOps: 'none',
  functionName: 'authorizeAccess:attestInfraIsolation',
  durationMs: 5,
  action: 'analytics:view',
  route: null,
  cacheStatus: 'none',
  dbQueries: [ 'isolationAttestationLedger.create' ]
}
prisma:error 
Invalid `prisma.authEventLedger.upsert()` invocation:


Raw query failed. Code: `unknown`. Message: `Kind: Transactions are not supported by this deployment, labels: {}, source: None`
FEATURE_GATE_AWAIT_TRACE {
  event: 'end',
  fileName: 'backend/src/services/security/securityGovernanceOS.service.ts',
  redisOps: 'none',
  functionName: 'appendAuthEvent:authEventLedger.upsert',
  durationMs: 3,
  cacheStatus: 'none',
  dbQueries: [ 'authEventLedger.upsert(auth_evt:f6d69c2416bf3227a2cee12bd4)' ],
  eventKey: 'auth_evt:f6d69c2416bf3227a2cee12bd4',
  action: 'analytics:view',
  outcome: 'ALLOWED'
}
FEATURE_GATE_AWAIT_TRACE {
  event: 'end',
  fileName: 'backend/src/services/security/securityGovernanceOS.service.ts',
  redisOps: 'none',
  functionName: 'authorizeAccess:appendAuthEvent:authorized',
  durationMs: 4,
  action: 'analytics:view',
  route: null,
  cacheStatus: 'none',
  dbQueries: [ 'authEventLedger.upsert' ]
}
prisma:error 
Invalid `prisma.observabilityEventLedger.findUnique()` invocation:


Raw query failed. Code: `unknown`. Message: `Kind: Server selection timeout: No available servers. Topology: { Type: Unknown, Servers: [ { Address: localhost:27017, Type: Unknown, Error: Kind: I/O error: No connection could be made because the target machine actively refused it. (os error 10061), labels: {}, source: None } ] }, labels: {}, source: None`
prisma:error 
Invalid `prisma.observabilityEventLedger.upsert()` invocation:


Raw query failed. Code: `unknown`. Message: `Kind: Transactions are not supported by this deployment, labels: {}, source: None`
prisma:error 
Invalid `prisma.infrastructureRecoveryLedger.count()` invocation:


Raw query failed. Code: `unknown`. Message: `Kind: Server selection timeout: No available servers. Topology: { Type: Unknown, Servers: [ { Address: localhost:27017, Type: Unknown, Error: Kind: I/O error: No connection could be made because the target machine actively refused it. (os error 10061), labels: {}, source: None } ] }, labels: {}, source: None`
replay_suppressed_count {
  metric: 'replay_suppressed_count',
  value: 0,
  businessId: null,
  route: 'integrations_onboarding_recovery',
  metadata: {
    suppression: 'queue_not_writable',
    suspendMs: 60000,
    queueDepth: 0,
    redisCircuitOpen: false
  },
  recordedAt: '2026-07-06T15:32:30.040Z'
}
FEATURE_GATE_AWAIT_TRACE {
  event: 'start',
  fileName: 'backend/src/services/security/securityGovernanceOS.service.ts',
  redisOps: 'none',
  functionName: 'assertAuthorizedAccess:authorizeAccess',
  action: 'analytics:view',
  route: null,
  cacheStatus: 'delegated',
  dbQueries: [ 'see nested FEATURE_GATE_AWAIT_TRACE events' ]
}
FEATURE_GATE_AWAIT_TRACE {
  event: 'start',
  fileName: 'backend/src/services/security/securityGovernanceOS.service.ts',
  redisOps: 'none',
  functionName: 'authorizeAccess:assertTenantIsolation',
  action: 'analytics:view',
  route: null,
  cacheStatus: 'none',
  dbQueries: [ 'tenantIsolationLedger.upsert' ]
}
FEATURE_GATE_AWAIT_TRACE {
  event: 'end',
  fileName: 'backend/src/services/security/securityGovernanceOS.service.ts',
  redisOps: 'none',
  functionName: 'authorizeAccess:assertTenantIsolation',
  durationMs: 0,
  action: 'analytics:view',
  route: null,
  cacheStatus: 'none',
  dbQueries: [ 'tenantIsolationLedger.upsert' ]
}
FEATURE_GATE_AWAIT_TRACE {
  event: 'end',
  fileName: 'backend/src/services/security/securityGovernanceOS.service.ts',
  redisOps: 'none',
  functionName: 'assertAuthorizedAccess:authorizeAccess',
  durationMs: 1,
  action: 'analytics:view',
  route: null,
  cacheStatus: 'delegated',
  dbQueries: [ 'see nested FEATURE_GATE_AWAIT_TRACE events' ]
}
FEATURE_GATE_AWAIT_TRACE {
  event: 'start',
  fileName: 'backend/src/services/security/securityGovernanceOS.service.ts',
  redisOps: 'none',
  functionName: 'authorizeAccess:attestInfraIsolation',
  action: 'analytics:view',
  route: null,
  cacheStatus: 'none',
  dbQueries: [ 'isolationAttestationLedger.create' ]
}
FEATURE_GATE_AWAIT_TRACE {
  event: 'start',
  fileName: 'backend/src/services/security/securityGovernanceOS.service.ts',
  redisOps: 'none',
  functionName: 'attestInfraIsolation:isolationAttestationLedger.upsert',
  cacheStatus: 'none',
  dbQueries: [
    'isolationAttestationLedger.upsert(isolation_attest:ad4f78beb6f9bcb5c51f3e01)'
  ],
  attestationKey: 'isolation_attest:ad4f78beb6f9bcb5c51f3e01'
}
FEATURE_GATE_AWAIT_TRACE {
  event: 'start',
  fileName: 'backend/src/services/security/securityGovernanceOS.service.ts',
  redisOps: 'none',
  functionName: 'authorizeAccess:appendAuthEvent:authorized',
  action: 'analytics:view',
  route: null,
  cacheStatus: 'none',
  dbQueries: [ 'authEventLedger.upsert' ]
}
FEATURE_GATE_AWAIT_TRACE {
  event: 'start',
  fileName: 'backend/src/services/security/securityGovernanceOS.service.ts',
  redisOps: 'none',
  functionName: 'appendAuthEvent:authEventLedger.upsert',
  cacheStatus: 'none',
  dbQueries: [ 'authEventLedger.upsert(auth_evt:e9a7a1c44058fa845880395660)' ],
  eventKey: 'auth_evt:e9a7a1c44058fa845880395660',
  action: 'analytics:view',
  outcome: 'ALLOWED'
}
prisma:error 
Invalid `prisma.dataAccessAuditLedger.upsert()` invocation:


Raw query failed. Code: `unknown`. Message: `Kind: Transactions are not supported by this deployment, labels: {}, source: None`
prisma:error 
Invalid `prisma.isolationAttestationLedger.upsert()` invocation:


Raw query failed. Code: `unknown`. Message: `Kind: Transactions are not supported by this deployment, labels: {}, source: None`
FEATURE_GATE_AWAIT_TRACE {
  event: 'end',
  fileName: 'backend/src/services/security/securityGovernanceOS.service.ts',
  redisOps: 'none',
  functionName: 'attestInfraIsolation:isolationAttestationLedger.upsert',
  durationMs: 2,
  cacheStatus: 'none',
  dbQueries: [
    'isolationAttestationLedger.upsert(isolation_attest:ad4f78beb6f9bcb5c51f3e01)'
  ],
  attestationKey: 'isolation_attest:ad4f78beb6f9bcb5c51f3e01'
}
FEATURE_GATE_AWAIT_TRACE {
  event: 'end',
  fileName: 'backend/src/services/security/securityGovernanceOS.service.ts',
  redisOps: 'none',
  functionName: 'authorizeAccess:attestInfraIsolation',
  durationMs: 3,
  action: 'analytics:view',
  route: null,
  cacheStatus: 'none',
  dbQueries: [ 'isolationAttestationLedger.create' ]
}
prisma:error 
Invalid `prisma.authEventLedger.upsert()` invocation:


Raw query failed. Code: `unknown`. Message: `Kind: Transactions are not supported by this deployment, labels: {}, source: None`
FEATURE_GATE_AWAIT_TRACE {
  event: 'end',
  fileName: 'backend/src/services/security/securityGovernanceOS.service.ts',
  redisOps: 'none',
  functionName: 'appendAuthEvent:authEventLedger.upsert',
  durationMs: 2,
  cacheStatus: 'none',
  dbQueries: [ 'authEventLedger.upsert(auth_evt:e9a7a1c44058fa845880395660)' ],
  eventKey: 'auth_evt:e9a7a1c44058fa845880395660',
  action: 'analytics:view',
  outcome: 'ALLOWED'
}
FEATURE_GATE_AWAIT_TRACE {
  event: 'end',
  fileName: 'backend/src/services/security/securityGovernanceOS.service.ts',
  redisOps: 'none',
  functionName: 'authorizeAccess:appendAuthEvent:authorized',
  durationMs: 3,
  action: 'analytics:view',
  route: null,
  cacheStatus: 'none',
  dbQueries: [ 'authEventLedger.upsert' ]
}
prisma:error 
Invalid `prisma.observabilityEventLedger.findUnique()` invocation:


Raw query failed. Code: `unknown`. Message: `Kind: Server selection timeout: No available servers. Topology: { Type: Unknown, Servers: [ { Address: localhost:27017, Type: Unknown, Error: Kind: I/O error: No connection could be made because the target machine actively refused it. (os error 10061), labels: {}, source: None } ] }, labels: {}, source: None`
prisma:error 
Invalid `prisma.observabilityEventLedger.upsert()` invocation:


Raw query failed. Code: `unknown`. Message: `Kind: Transactions are not supported by this deployment, labels: {}, source: None`
prisma:error 
Invalid `prisma.infrastructureRecoveryLedger.count()` invocation:


Raw query failed. Code: `unknown`. Message: `Kind: Server selection timeout: No available servers. Topology: { Type: Unknown, Servers: [ { Address: localhost:27017, Type: Unknown, Error: Kind: I/O error: No connection could be made because the target machine actively refused it. (os error 10061), labels: {}, source: None } ] }, labels: {}, source: None`
replay_suppressed_count {
  metric: 'replay_suppressed_count',
  value: 0,
  businessId: null,
  route: 'integrations_onboarding_recovery',
  metadata: {
    suppression: 'queue_not_writable',
    suspendMs: 60000,
    queueDepth: 0,
    redisCircuitOpen: false
  },
  recordedAt: '2026-07-06T15:33:30.037Z'
}
FEATURE_GATE_AWAIT_TRACE {
  event: 'start',
  fileName: 'backend/src/services/security/securityGovernanceOS.service.ts',
  redisOps: 'none',
  functionName: 'assertAuthorizedAccess:authorizeAccess',
  action: 'analytics:view',
  route: null,
  cacheStatus: 'delegated',
  dbQueries: [ 'see nested FEATURE_GATE_AWAIT_TRACE events' ]
}
FEATURE_GATE_AWAIT_TRACE {
  event: 'start',
  fileName: 'backend/src/services/security/securityGovernanceOS.service.ts',
  redisOps: 'none',
  functionName: 'authorizeAccess:assertTenantIsolation',
  action: 'analytics:view',
  route: null,
  cacheStatus: 'none',
  dbQueries: [ 'tenantIsolationLedger.upsert' ]
}
FEATURE_GATE_AWAIT_TRACE {
  event: 'end',
  fileName: 'backend/src/services/security/securityGovernanceOS.service.ts',
  redisOps: 'none',
  functionName: 'authorizeAccess:assertTenantIsolation',
  durationMs: 1,
  action: 'analytics:view',
  route: null,
  cacheStatus: 'none',
  dbQueries: [ 'tenantIsolationLedger.upsert' ]
}
FEATURE_GATE_AWAIT_TRACE {
  event: 'end',
  fileName: 'backend/src/services/security/securityGovernanceOS.service.ts',
  redisOps: 'none',
  functionName: 'assertAuthorizedAccess:authorizeAccess',
  durationMs: 2,
  action: 'analytics:view',
  route: null,
  cacheStatus: 'delegated',
  dbQueries: [ 'see nested FEATURE_GATE_AWAIT_TRACE events' ]
}
FEATURE_GATE_AWAIT_TRACE {
  event: 'start',
  fileName: 'backend/src/services/security/securityGovernanceOS.service.ts',
  redisOps: 'none',
  functionName: 'authorizeAccess:attestInfraIsolation',
  action: 'analytics:view',
  route: null,
  cacheStatus: 'none',
  dbQueries: [ 'isolationAttestationLedger.create' ]
}
FEATURE_GATE_AWAIT_TRACE {
  event: 'start',
  fileName: 'backend/src/services/security/securityGovernanceOS.service.ts',
  redisOps: 'none',
  functionName: 'attestInfraIsolation:isolationAttestationLedger.upsert',
  cacheStatus: 'none',
  dbQueries: [
    'isolationAttestationLedger.upsert(isolation_attest:738754545b53558bf91afeae)'
  ],
  attestationKey: 'isolation_attest:738754545b53558bf91afeae'
}
FEATURE_GATE_AWAIT_TRACE {
  event: 'start',
  fileName: 'backend/src/services/security/securityGovernanceOS.service.ts',
  redisOps: 'none',
  functionName: 'authorizeAccess:appendAuthEvent:authorized',
  action: 'analytics:view',
  route: null,
  cacheStatus: 'none',
  dbQueries: [ 'authEventLedger.upsert' ]
}
FEATURE_GATE_AWAIT_TRACE {
  event: 'start',
  fileName: 'backend/src/services/security/securityGovernanceOS.service.ts',
  redisOps: 'none',
  functionName: 'appendAuthEvent:authEventLedger.upsert',
  cacheStatus: 'none',
  dbQueries: [ 'authEventLedger.upsert(auth_evt:b596cf1dbc2dba4e9f32c896b0)' ],
  eventKey: 'auth_evt:b596cf1dbc2dba4e9f32c896b0',
  action: 'analytics:view',
  outcome: 'ALLOWED'
}
prisma:error 
Invalid `prisma.dataAccessAuditLedger.upsert()` invocation:


Raw query failed. Code: `unknown`. Message: `Kind: Transactions are not supported by this deployment, labels: {}, source: None`
prisma:error 
Invalid `prisma.isolationAttestationLedger.upsert()` invocation:


Raw query failed. Code: `unknown`. Message: `Kind: Transactions are not supported by this deployment, labels: {}, source: None`
FEATURE_GATE_AWAIT_TRACE {
  event: 'end',
  fileName: 'backend/src/services/security/securityGovernanceOS.service.ts',
  redisOps: 'none',
  functionName: 'attestInfraIsolation:isolationAttestationLedger.upsert',
  durationMs: 3,
  cacheStatus: 'none',
  dbQueries: [
    'isolationAttestationLedger.upsert(isolation_attest:738754545b53558bf91afeae)'
  ],
  attestationKey: 'isolation_attest:738754545b53558bf91afeae'
}
FEATURE_GATE_AWAIT_TRACE {
  event: 'end',
  fileName: 'backend/src/services/security/securityGovernanceOS.service.ts',
  redisOps: 'none',
  functionName: 'authorizeAccess:attestInfraIsolation',
  durationMs: 4,
  action: 'analytics:view',
  route: null,
  cacheStatus: 'none',
  dbQueries: [ 'isolationAttestationLedger.create' ]
}
prisma:error 
Invalid `prisma.authEventLedger.upsert()` invocation:


Raw query failed. Code: `unknown`. Message: `Kind: Transactions are not supported by this deployment, labels: {}, source: None`
FEATURE_GATE_AWAIT_TRACE {
  event: 'end',
  fileName: 'backend/src/services/security/securityGovernanceOS.service.ts',
  redisOps: 'none',
  functionName: 'appendAuthEvent:authEventLedger.upsert',
  durationMs: 3,
  cacheStatus: 'none',
  dbQueries: [ 'authEventLedger.upsert(auth_evt:b596cf1dbc2dba4e9f32c896b0)' ],
  eventKey: 'auth_evt:b596cf1dbc2dba4e9f32c896b0',
  action: 'analytics:view',
  outcome: 'ALLOWED'
}
FEATURE_GATE_AWAIT_TRACE {
  event: 'end',
  fileName: 'backend/src/services/security/securityGovernanceOS.service.ts',
  redisOps: 'none',
  functionName: 'authorizeAccess:appendAuthEvent:authorized',
  durationMs: 5,
  action: 'analytics:view',
  route: null,
  cacheStatus: 'none',
  dbQueries: [ 'authEventLedger.upsert' ]
}
prisma:error 
Invalid `prisma.observabilityEventLedger.findUnique()` invocation:


Raw query failed. Code: `unknown`. Message: `Kind: Server selection timeout: No available servers. Topology: { Type: Unknown, Servers: [ { Address: localhost:27017, Type: Unknown, Error: Kind: I/O error: No connection could be made because the target machine actively refused it. (os error 10061), labels: {}, source: None } ] }, labels: {}, source: None`
prisma:error 
Invalid `prisma.observabilityEventLedger.upsert()` invocation:


Raw query failed. Code: `unknown`. Message: `Kind: Transactions are not supported by this deployment, labels: {}, source: None`
prisma:error 
Invalid `prisma.infrastructureRecoveryLedger.count()` invocation:


Raw query failed. Code: `unknown`. Message: `Kind: Server selection timeout: No available servers. Topology: { Type: Unknown, Servers: [ { Address: localhost:27017, Type: Unknown, Error: Kind: I/O error: No connection could be made because the target machine actively refused it. (os error 10061), labels: {}, source: None } ] }, labels: {}, source: None`
replay_suppressed_count {
  metric: 'replay_suppressed_count',
  value: 0,
  businessId: null,
  route: 'integrations_onboarding_recovery',
  metadata: {
    suppression: 'queue_not_writable',
    suspendMs: 60000,
    queueDepth: 0,
    redisCircuitOpen: false
  },
  recordedAt: '2026-07-06T15:34:30.041Z'
}
FEATURE_GATE_AWAIT_TRACE {
  event: 'start',
  fileName: 'backend/src/services/security/securityGovernanceOS.service.ts',
  redisOps: 'none',
  functionName: 'assertAuthorizedAccess:authorizeAccess',
  action: 'analytics:view',
  route: null,
  cacheStatus: 'delegated',
  dbQueries: [ 'see nested FEATURE_GATE_AWAIT_TRACE events' ]
}
FEATURE_GATE_AWAIT_TRACE {
  event: 'start',
  fileName: 'backend/src/services/security/securityGovernanceOS.service.ts',
  redisOps: 'none',
  functionName: 'authorizeAccess:assertTenantIsolation',
  action: 'analytics:view',
  route: null,
  cacheStatus: 'none',
  dbQueries: [ 'tenantIsolationLedger.upsert' ]
}
FEATURE_GATE_AWAIT_TRACE {
  event: 'end',
  fileName: 'backend/src/services/security/securityGovernanceOS.service.ts',
  redisOps: 'none',
  functionName: 'authorizeAccess:assertTenantIsolation',
  durationMs: 0,
  action: 'analytics:view',
  route: null,
  cacheStatus: 'none',
  dbQueries: [ 'tenantIsolationLedger.upsert' ]
}
FEATURE_GATE_AWAIT_TRACE {
  event: 'end',
  fileName: 'backend/src/services/security/securityGovernanceOS.service.ts',
  redisOps: 'none',
  functionName: 'assertAuthorizedAccess:authorizeAccess',
  durationMs: 3,
  action: 'analytics:view',
  route: null,
  cacheStatus: 'delegated',
  dbQueries: [ 'see nested FEATURE_GATE_AWAIT_TRACE events' ]
}
FEATURE_GATE_AWAIT_TRACE {
  event: 'start',
  fileName: 'backend/src/services/security/securityGovernanceOS.service.ts',
  redisOps: 'none',
  functionName: 'authorizeAccess:attestInfraIsolation',
  action: 'analytics:view',
  route: null,
  cacheStatus: 'none',
  dbQueries: [ 'isolationAttestationLedger.create' ]
}
FEATURE_GATE_AWAIT_TRACE {
  event: 'start',
  fileName: 'backend/src/services/security/securityGovernanceOS.service.ts',
  redisOps: 'none',
  functionName: 'attestInfraIsolation:isolationAttestationLedger.upsert',
  cacheStatus: 'none',
  dbQueries: [
    'isolationAttestationLedger.upsert(isolation_attest:41732bcb810feedc0b3a5e5c)'
  ],
  attestationKey: 'isolation_attest:41732bcb810feedc0b3a5e5c'
}
FEATURE_GATE_AWAIT_TRACE {
  event: 'start',
  fileName: 'backend/src/services/security/securityGovernanceOS.service.ts',
  redisOps: 'none',
  functionName: 'authorizeAccess:appendAuthEvent:authorized',
  action: 'analytics:view',
  route: null,
  cacheStatus: 'none',
  dbQueries: [ 'authEventLedger.upsert' ]
}
FEATURE_GATE_AWAIT_TRACE {
  event: 'start',
  fileName: 'backend/src/services/security/securityGovernanceOS.service.ts',
  redisOps: 'none',
  functionName: 'appendAuthEvent:authEventLedger.upsert',
  cacheStatus: 'none',
  dbQueries: [ 'authEventLedger.upsert(auth_evt:c00be96feaf53056c3d8eae40e)' ],
  eventKey: 'auth_evt:c00be96feaf53056c3d8eae40e',
  action: 'analytics:view',
  outcome: 'ALLOWED'
}
prisma:error 
Invalid `prisma.dataAccessAuditLedger.upsert()` invocation:


Raw query failed. Code: `unknown`. Message: `Kind: Transactions are not supported by this deployment, labels: {}, source: None`
prisma:error 
Invalid `prisma.isolationAttestationLedger.upsert()` invocation:


Raw query failed. Code: `unknown`. Message: `Kind: Transactions are not supported by this deployment, labels: {}, source: None`
FEATURE_GATE_AWAIT_TRACE {
  event: 'end',
  fileName: 'backend/src/services/security/securityGovernanceOS.service.ts',
  redisOps: 'none',
  functionName: 'attestInfraIsolation:isolationAttestationLedger.upsert',
  durationMs: 3,
  cacheStatus: 'none',
  dbQueries: [
    'isolationAttestationLedger.upsert(isolation_attest:41732bcb810feedc0b3a5e5c)'
  ],
  attestationKey: 'isolation_attest:41732bcb810feedc0b3a5e5c'
}
FEATURE_GATE_AWAIT_TRACE {
  event: 'end',
  fileName: 'backend/src/services/security/securityGovernanceOS.service.ts',
  redisOps: 'none',
  functionName: 'authorizeAccess:attestInfraIsolation',
  durationMs: 4,
  action: 'analytics:view',
  route: null,
  cacheStatus: 'none',
  dbQueries: [ 'isolationAttestationLedger.create' ]
}
prisma:error 
Invalid `prisma.authEventLedger.upsert()` invocation:


Raw query failed. Code: `unknown`. Message: `Kind: Transactions are not supported by this deployment, labels: {}, source: None`
FEATURE_GATE_AWAIT_TRACE {
  event: 'end',
  fileName: 'backend/src/services/security/securityGovernanceOS.service.ts',
  redisOps: 'none',
  functionName: 'appendAuthEvent:authEventLedger.upsert',
  durationMs: 3,
  cacheStatus: 'none',
  dbQueries: [ 'authEventLedger.upsert(auth_evt:c00be96feaf53056c3d8eae40e)' ],
  eventKey: 'auth_evt:c00be96feaf53056c3d8eae40e',
  action: 'analytics:view',
  outcome: 'ALLOWED'
}
FEATURE_GATE_AWAIT_TRACE {
  event: 'end',
  fileName: 'backend/src/services/security/securityGovernanceOS.service.ts',
  redisOps: 'none',
  functionName: 'authorizeAccess:appendAuthEvent:authorized',
  durationMs: 3,
  action: 'analytics:view',
  route: null,
  cacheStatus: 'none',
  dbQueries: [ 'authEventLedger.upsert' ]
}
prisma:error 
Invalid `prisma.observabilityEventLedger.findUnique()` invocation:


Raw query failed. Code: `unknown`. Message: `Kind: Server selection timeout: No available servers. Topology: { Type: Unknown, Servers: [ { Address: localhost:27017, Type: Unknown, Error: Kind: I/O error: No connection could be made because the target machine actively refused it. (os error 10061), labels: {}, source: None } ] }, labels: {}, source: None`
prisma:error 
Invalid `prisma.observabilityEventLedger.upsert()` invocation:


Raw query failed. Code: `unknown`. Message: `Kind: Transactions are not supported by this deployment, labels: {}, source: None`
prisma:error 
Invalid `prisma.infrastructureRecoveryLedger.count()` invocation:


Raw query failed. Code: `unknown`. Message: `Kind: Server selection timeout: No available servers. Topology: { Type: Unknown, Servers: [ { Address: localhost:27017, Type: Unknown, Error: Kind: I/O error: No connection could be made because the target machine actively refused it. (os error 10061), labels: {}, source: None } ] }, labels: {}, source: None`
replay_suppressed_count {
  metric: 'replay_suppressed_count',
  value: 0,
  businessId: null,
  route: 'integrations_onboarding_recovery',
  metadata: {
    suppression: 'queue_not_writable',
    suspendMs: 60000,
    queueDepth: 0,
    redisCircuitOpen: false
  },
  recordedAt: '2026-07-06T15:35:30.037Z'
}
FEATURE_GATE_AWAIT_TRACE {
  event: 'start',
  fileName: 'backend/src/services/security/securityGovernanceOS.service.ts',
  redisOps: 'none',
  functionName: 'assertAuthorizedAccess:authorizeAccess',
  action: 'analytics:view',
  route: null,
  cacheStatus: 'delegated',
  dbQueries: [ 'see nested FEATURE_GATE_AWAIT_TRACE events' ]
}
FEATURE_GATE_AWAIT_TRACE {
  event: 'start',
  fileName: 'backend/src/services/security/securityGovernanceOS.service.ts',
  redisOps: 'none',
  functionName: 'authorizeAccess:assertTenantIsolation',
  action: 'analytics:view',
  route: null,
  cacheStatus: 'none',
  dbQueries: [ 'tenantIsolationLedger.upsert' ]
}
FEATURE_GATE_AWAIT_TRACE {
  event: 'end',
  fileName: 'backend/src/services/security/securityGovernanceOS.service.ts',
  redisOps: 'none',
  functionName: 'authorizeAccess:assertTenantIsolation',
  durationMs: 1,
  action: 'analytics:view',
  route: null,
  cacheStatus: 'none',
  dbQueries: [ 'tenantIsolationLedger.upsert' ]
}
FEATURE_GATE_AWAIT_TRACE {
  event: 'end',
  fileName: 'backend/src/services/security/securityGovernanceOS.service.ts',
  redisOps: 'none',
  functionName: 'assertAuthorizedAccess:authorizeAccess',
  durationMs: 3,
  action: 'analytics:view',
  route: null,
  cacheStatus: 'delegated',
  dbQueries: [ 'see nested FEATURE_GATE_AWAIT_TRACE events' ]
}
FEATURE_GATE_AWAIT_TRACE {
  event: 'start',
  fileName: 'backend/src/services/security/securityGovernanceOS.service.ts',
  redisOps: 'none',
  functionName: 'authorizeAccess:attestInfraIsolation',
  action: 'analytics:view',
  route: null,
  cacheStatus: 'none',
  dbQueries: [ 'isolationAttestationLedger.create' ]
}
FEATURE_GATE_AWAIT_TRACE {
  event: 'start',
  fileName: 'backend/src/services/security/securityGovernanceOS.service.ts',
  redisOps: 'none',
  functionName: 'attestInfraIsolation:isolationAttestationLedger.upsert',
  cacheStatus: 'none',
  dbQueries: [
    'isolationAttestationLedger.upsert(isolation_attest:de81a3d5b46ff48e23e65843)'
  ],
  attestationKey: 'isolation_attest:de81a3d5b46ff48e23e65843'
}
FEATURE_GATE_AWAIT_TRACE {
  event: 'start',
  fileName: 'backend/src/services/security/securityGovernanceOS.service.ts',
  redisOps: 'none',
  functionName: 'authorizeAccess:appendAuthEvent:authorized',
  action: 'analytics:view',
  route: null,
  cacheStatus: 'none',
  dbQueries: [ 'authEventLedger.upsert' ]
}
FEATURE_GATE_AWAIT_TRACE {
  event: 'start',
  fileName: 'backend/src/services/security/securityGovernanceOS.service.ts',
  redisOps: 'none',
  functionName: 'appendAuthEvent:authEventLedger.upsert',
  cacheStatus: 'none',
  dbQueries: [ 'authEventLedger.upsert(auth_evt:31b4e5e08e5496b13cf90fb4bf)' ],
  eventKey: 'auth_evt:31b4e5e08e5496b13cf90fb4bf',
  action: 'analytics:view',
  outcome: 'ALLOWED'
}
prisma:error 
Invalid `prisma.dataAccessAuditLedger.upsert()` invocation:


Raw query failed. Code: `unknown`. Message: `Kind: Transactions are not supported by this deployment, labels: {}, source: None`
prisma:error 
Invalid `prisma.isolationAttestationLedger.upsert()` invocation:


Raw query failed. Code: `unknown`. Message: `Kind: Transactions are not supported by this deployment, labels: {}, source: None`
FEATURE_GATE_AWAIT_TRACE {
  event: 'end',
  fileName: 'backend/src/services/security/securityGovernanceOS.service.ts',
  redisOps: 'none',
  functionName: 'attestInfraIsolation:isolationAttestationLedger.upsert',
  durationMs: 6,
  cacheStatus: 'none',
  dbQueries: [
    'isolationAttestationLedger.upsert(isolation_attest:de81a3d5b46ff48e23e65843)'
  ],
  attestationKey: 'isolation_attest:de81a3d5b46ff48e23e65843'
}
FEATURE_GATE_AWAIT_TRACE {
  event: 'end',
  fileName: 'backend/src/services/security/securityGovernanceOS.service.ts',
  redisOps: 'none',
  functionName: 'authorizeAccess:attestInfraIsolation',
  durationMs: 7,
  action: 'analytics:view',
  route: null,
  cacheStatus: 'none',
  dbQueries: [ 'isolationAttestationLedger.create' ]
}
prisma:error 
Invalid `prisma.authEventLedger.upsert()` invocation:


Raw query failed. Code: `unknown`. Message: `Kind: Transactions are not supported by this deployment, labels: {}, source: None`
FEATURE_GATE_AWAIT_TRACE {
  event: 'end',
  fileName: 'backend/src/services/security/securityGovernanceOS.service.ts',
  redisOps: 'none',
  functionName: 'appendAuthEvent:authEventLedger.upsert',
  durationMs: 6,
  cacheStatus: 'none',
  dbQueries: [ 'authEventLedger.upsert(auth_evt:31b4e5e08e5496b13cf90fb4bf)' ],
  eventKey: 'auth_evt:31b4e5e08e5496b13cf90fb4bf',
  action: 'analytics:view',
  outcome: 'ALLOWED'
}
FEATURE_GATE_AWAIT_TRACE {
  event: 'end',
  fileName: 'backend/src/services/security/securityGovernanceOS.service.ts',
  redisOps: 'none',
  functionName: 'authorizeAccess:appendAuthEvent:authorized',
  durationMs: 7,
  action: 'analytics:view',
  route: null,
  cacheStatus: 'none',
  dbQueries: [ 'authEventLedger.upsert' ]
}
prisma:error 
Invalid `prisma.observabilityEventLedger.findUnique()` invocation:


Raw query failed. Code: `unknown`. Message: `Kind: Server selection timeout: No available servers. Topology: { Type: Unknown, Servers: [ { Address: localhost:27017, Type: Unknown, Error: Kind: I/O error: No connection could be made because the target machine actively refused it. (os error 10061), labels: {}, source: None } ] }, labels: {}, source: None`
prisma:error 
Invalid `prisma.observabilityEventLedger.upsert()` invocation:


Raw query failed. Code: `unknown`. Message: `Kind: Transactions are not supported by this deployment, labels: {}, source: None`
prisma:error 
Invalid `prisma.infrastructureRecoveryLedger.count()` invocation:


Raw query failed. Code: `unknown`. Message: `Kind: Server selection timeout: No available servers. Topology: { Type: Unknown, Servers: [ { Address: localhost:27017, Type: Unknown, Error: Kind: I/O error: No connection could be made because the target machine actively refused it. (os error 10061), labels: {}, source: None } ] }, labels: {}, source: None`
replay_suppressed_count {
  metric: 'replay_suppressed_count',
  value: 0,
  businessId: null,
  route: 'integrations_onboarding_recovery',
  metadata: {
    suppression: 'queue_not_writable',
    suspendMs: 60000,
    queueDepth: 0,
    redisCircuitOpen: false
  },
  recordedAt: '2026-07-06T15:36:30.033Z'
}
FEATURE_GATE_AWAIT_TRACE {
  event: 'start',
  fileName: 'backend/src/services/security/securityGovernanceOS.service.ts',
  redisOps: 'none',
  functionName: 'assertAuthorizedAccess:authorizeAccess',
  action: 'analytics:view',
  route: null,
  cacheStatus: 'delegated',
  dbQueries: [ 'see nested FEATURE_GATE_AWAIT_TRACE events' ]
}
FEATURE_GATE_AWAIT_TRACE {
  event: 'start',
  fileName: 'backend/src/services/security/securityGovernanceOS.service.ts',
  redisOps: 'none',
  functionName: 'authorizeAccess:assertTenantIsolation',
  action: 'analytics:view',
  route: null,
  cacheStatus: 'none',
  dbQueries: [ 'tenantIsolationLedger.upsert' ]
}
FEATURE_GATE_AWAIT_TRACE {
  event: 'end',
  fileName: 'backend/src/services/security/securityGovernanceOS.service.ts',
  redisOps: 'none',
  functionName: 'authorizeAccess:assertTenantIsolation',
  durationMs: 1,
  action: 'analytics:view',
  route: null,
  cacheStatus: 'none',
  dbQueries: [ 'tenantIsolationLedger.upsert' ]
}
FEATURE_GATE_AWAIT_TRACE {
  event: 'end',
  fileName: 'backend/src/services/security/securityGovernanceOS.service.ts',
  redisOps: 'none',
  functionName: 'assertAuthorizedAccess:authorizeAccess',
  durationMs: 5,
  action: 'analytics:view',
  route: null,
  cacheStatus: 'delegated',
  dbQueries: [ 'see nested FEATURE_GATE_AWAIT_TRACE events' ]
}
FEATURE_GATE_AWAIT_TRACE {
  event: 'start',
  fileName: 'backend/src/services/security/securityGovernanceOS.service.ts',
  redisOps: 'none',
  functionName: 'authorizeAccess:attestInfraIsolation',
  action: 'analytics:view',
  route: null,
  cacheStatus: 'none',
  dbQueries: [ 'isolationAttestationLedger.create' ]
}
FEATURE_GATE_AWAIT_TRACE {
  event: 'start',
  fileName: 'backend/src/services/security/securityGovernanceOS.service.ts',
  redisOps: 'none',
  functionName: 'attestInfraIsolation:isolationAttestationLedger.upsert',
  cacheStatus: 'none',
  dbQueries: [
    'isolationAttestationLedger.upsert(isolation_attest:d0ca33f83c81e040bde29aa1)'
  ],
  attestationKey: 'isolation_attest:d0ca33f83c81e040bde29aa1'
}
FEATURE_GATE_AWAIT_TRACE {
  event: 'start',
  fileName: 'backend/src/services/security/securityGovernanceOS.service.ts',
  redisOps: 'none',
  functionName: 'authorizeAccess:appendAuthEvent:authorized',
  action: 'analytics:view',
  route: null,
  cacheStatus: 'none',
  dbQueries: [ 'authEventLedger.upsert' ]
}
FEATURE_GATE_AWAIT_TRACE {
  event: 'start',
  fileName: 'backend/src/services/security/securityGovernanceOS.service.ts',
  redisOps: 'none',
  functionName: 'appendAuthEvent:authEventLedger.upsert',
  cacheStatus: 'none',
  dbQueries: [ 'authEventLedger.upsert(auth_evt:cdb2f8570316164f3d7c2a5296)' ],
  eventKey: 'auth_evt:cdb2f8570316164f3d7c2a5296',
  action: 'analytics:view',
  outcome: 'ALLOWED'
}
prisma:error 
Invalid `prisma.dataAccessAuditLedger.upsert()` invocation:


Raw query failed. Code: `unknown`. Message: `Kind: Transactions are not supported by this deployment, labels: {}, source: None`
prisma:error 
Invalid `prisma.isolationAttestationLedger.upsert()` invocation:


Raw query failed. Code: `unknown`. Message: `Kind: Transactions are not supported by this deployment, labels: {}, source: None`
FEATURE_GATE_AWAIT_TRACE {
  event: 'end',
  fileName: 'backend/src/services/security/securityGovernanceOS.service.ts',
  redisOps: 'none',
  functionName: 'attestInfraIsolation:isolationAttestationLedger.upsert',
  durationMs: 3,
  cacheStatus: 'none',
  dbQueries: [
    'isolationAttestationLedger.upsert(isolation_attest:d0ca33f83c81e040bde29aa1)'
  ],
  attestationKey: 'isolation_attest:d0ca33f83c81e040bde29aa1'
}
FEATURE_GATE_AWAIT_TRACE {
  event: 'end',
  fileName: 'backend/src/services/security/securityGovernanceOS.service.ts',
  redisOps: 'none',
  functionName: 'authorizeAccess:attestInfraIsolation',
  durationMs: 3,
  action: 'analytics:view',
  route: null,
  cacheStatus: 'none',
  dbQueries: [ 'isolationAttestationLedger.create' ]
}
prisma:error 
Invalid `prisma.authEventLedger.upsert()` invocation:


Raw query failed. Code: `unknown`. Message: `Kind: Transactions are not supported by this deployment, labels: {}, source: None`
FEATURE_GATE_AWAIT_TRACE {
  event: 'end',
  fileName: 'backend/src/services/security/securityGovernanceOS.service.ts',
  redisOps: 'none',
  functionName: 'appendAuthEvent:authEventLedger.upsert',
  durationMs: 2,
  cacheStatus: 'none',
  dbQueries: [ 'authEventLedger.upsert(auth_evt:cdb2f8570316164f3d7c2a5296)' ],
  eventKey: 'auth_evt:cdb2f8570316164f3d7c2a5296',
  action: 'analytics:view',
  outcome: 'ALLOWED'
}
FEATURE_GATE_AWAIT_TRACE {
  event: 'end',
  fileName: 'backend/src/services/security/securityGovernanceOS.service.ts',
  redisOps: 'none',
  functionName: 'authorizeAccess:appendAuthEvent:authorized',
  durationMs: 3,
  action: 'analytics:view',
  route: null,
  cacheStatus: 'none',
  dbQueries: [ 'authEventLedger.upsert' ]
}
prisma:error 
Invalid `prisma.observabilityEventLedger.findUnique()` invocation:


Raw query failed. Code: `unknown`. Message: `Kind: Server selection timeout: No available servers. Topology: { Type: Unknown, Servers: [ { Address: localhost:27017, Type: Unknown, Error: Kind: I/O error: No connection could be made because the target machine actively refused it. (os error 10061), labels: {}, source: None } ] }, labels: {}, source: None`
prisma:error 
Invalid `prisma.observabilityEventLedger.upsert()` invocation:


Raw query failed. Code: `unknown`. Message: `Kind: Transactions are not supported by this deployment, labels: {}, source: None`
prisma:error 
Invalid `prisma.infrastructureRecoveryLedger.count()` invocation:


Raw query failed. Code: `unknown`. Message: `Kind: Server selection timeout: No available servers. Topology: { Type: Unknown, Servers: [ { Address: localhost:27017, Type: Unknown, Error: Kind: I/O error: No connection could be made because the target machine actively refused it. (os error 10061), labels: {}, source: None } ] }, labels: {}, source: None`
replay_suppressed_count {
  metric: 'replay_suppressed_count',
  value: 0,
  businessId: null,
  route: 'integrations_onboarding_recovery',
  metadata: {
    suppression: 'queue_not_writable',
    suspendMs: 60000,
    queueDepth: 0,
    redisCircuitOpen: false
  },
  recordedAt: '2026-07-06T15:37:30.039Z'
}
FEATURE_GATE_AWAIT_TRACE {
  event: 'start',
  fileName: 'backend/src/services/security/securityGovernanceOS.service.ts',
  redisOps: 'none',
  functionName: 'assertAuthorizedAccess:authorizeAccess',
  action: 'analytics:view',
  route: null,
  cacheStatus: 'delegated',
  dbQueries: [ 'see nested FEATURE_GATE_AWAIT_TRACE events' ]
}
FEATURE_GATE_AWAIT_TRACE {
  event: 'start',
  fileName: 'backend/src/services/security/securityGovernanceOS.service.ts',
  redisOps: 'none',
  functionName: 'authorizeAccess:assertTenantIsolation',
  action: 'analytics:view',
  route: null,
  cacheStatus: 'none',
  dbQueries: [ 'tenantIsolationLedger.upsert' ]
}
FEATURE_GATE_AWAIT_TRACE {
  event: 'end',
  fileName: 'backend/src/services/security/securityGovernanceOS.service.ts',
  redisOps: 'none',
  functionName: 'authorizeAccess:assertTenantIsolation',
  durationMs: 0,
  action: 'analytics:view',
  route: null,
  cacheStatus: 'none',
  dbQueries: [ 'tenantIsolationLedger.upsert' ]
}
FEATURE_GATE_AWAIT_TRACE {
  event: 'end',
  fileName: 'backend/src/services/security/securityGovernanceOS.service.ts',
  redisOps: 'none',
  functionName: 'assertAuthorizedAccess:authorizeAccess',
  durationMs: 3,
  action: 'analytics:view',
  route: null,
  cacheStatus: 'delegated',
  dbQueries: [ 'see nested FEATURE_GATE_AWAIT_TRACE events' ]
}
FEATURE_GATE_AWAIT_TRACE {
  event: 'start',
  fileName: 'backend/src/services/security/securityGovernanceOS.service.ts',
  redisOps: 'none',
  functionName: 'authorizeAccess:attestInfraIsolation',
  action: 'analytics:view',
  route: null,
  cacheStatus: 'none',
  dbQueries: [ 'isolationAttestationLedger.create' ]
}
FEATURE_GATE_AWAIT_TRACE {
  event: 'start',
  fileName: 'backend/src/services/security/securityGovernanceOS.service.ts',
  redisOps: 'none',
  functionName: 'attestInfraIsolation:isolationAttestationLedger.upsert',
  cacheStatus: 'none',
  dbQueries: [
    'isolationAttestationLedger.upsert(isolation_attest:4d80fec7a0265ac52d3a9eb8)'
  ],
  attestationKey: 'isolation_attest:4d80fec7a0265ac52d3a9eb8'
}
FEATURE_GATE_AWAIT_TRACE {
  event: 'start',
  fileName: 'backend/src/services/security/securityGovernanceOS.service.ts',
  redisOps: 'none',
  functionName: 'authorizeAccess:appendAuthEvent:authorized',
  action: 'analytics:view',
  route: null,
  cacheStatus: 'none',
  dbQueries: [ 'authEventLedger.upsert' ]
}
FEATURE_GATE_AWAIT_TRACE {
  event: 'start',
  fileName: 'backend/src/services/security/securityGovernanceOS.service.ts',
  redisOps: 'none',
  functionName: 'appendAuthEvent:authEventLedger.upsert',
  cacheStatus: 'none',
  dbQueries: [ 'authEventLedger.upsert(auth_evt:952ace297232210b23aef35538)' ],
  eventKey: 'auth_evt:952ace297232210b23aef35538',
  action: 'analytics:view',
  outcome: 'ALLOWED'
}
prisma:error 
Invalid `prisma.dataAccessAuditLedger.upsert()` invocation:


Raw query failed. Code: `unknown`. Message: `Kind: Transactions are not supported by this deployment, labels: {}, source: None`
prisma:error 
Invalid `prisma.isolationAttestationLedger.upsert()` invocation:


Raw query failed. Code: `unknown`. Message: `Kind: Transactions are not supported by this deployment, labels: {}, source: None`
FEATURE_GATE_AWAIT_TRACE {
  event: 'end',
  fileName: 'backend/src/services/security/securityGovernanceOS.service.ts',
  redisOps: 'none',
  functionName: 'attestInfraIsolation:isolationAttestationLedger.upsert',
  durationMs: 5,
  cacheStatus: 'none',
  dbQueries: [
    'isolationAttestationLedger.upsert(isolation_attest:4d80fec7a0265ac52d3a9eb8)'
  ],
  attestationKey: 'isolation_attest:4d80fec7a0265ac52d3a9eb8'
}
FEATURE_GATE_AWAIT_TRACE {
  event: 'end',
  fileName: 'backend/src/services/security/securityGovernanceOS.service.ts',
  redisOps: 'none',
  functionName: 'authorizeAccess:attestInfraIsolation',
  durationMs: 5,
  action: 'analytics:view',
  route: null,
  cacheStatus: 'none',
  dbQueries: [ 'isolationAttestationLedger.create' ]
}
prisma:error 
Invalid `prisma.authEventLedger.upsert()` invocation:


Raw query failed. Code: `unknown`. Message: `Kind: Transactions are not supported by this deployment, labels: {}, source: None`
FEATURE_GATE_AWAIT_TRACE {
  event: 'end',
  fileName: 'backend/src/services/security/securityGovernanceOS.service.ts',
  redisOps: 'none',
  functionName: 'appendAuthEvent:authEventLedger.upsert',
  durationMs: 4,
  cacheStatus: 'none',
  dbQueries: [ 'authEventLedger.upsert(auth_evt:952ace297232210b23aef35538)' ],
  eventKey: 'auth_evt:952ace297232210b23aef35538',
  action: 'analytics:view',
  outcome: 'ALLOWED'
}
FEATURE_GATE_AWAIT_TRACE {
  event: 'end',
  fileName: 'backend/src/services/security/securityGovernanceOS.service.ts',
  redisOps: 'none',
  functionName: 'authorizeAccess:appendAuthEvent:authorized',
  durationMs: 6,
  action: 'analytics:view',
  route: null,
  cacheStatus: 'none',
  dbQueries: [ 'authEventLedger.upsert' ]
}
prisma:error 
Invalid `prisma.observabilityEventLedger.findUnique()` invocation:


Raw query failed. Code: `unknown`. Message: `Kind: Server selection timeout: No available servers. Topology: { Type: Unknown, Servers: [ { Address: localhost:27017, Type: Unknown, Error: Kind: I/O error: No connection could be made because the target machine actively refused it. (os error 10061), labels: {}, source: None } ] }, labels: {}, source: None`
prisma:error 
Invalid `prisma.observabilityEventLedger.upsert()` invocation:


Raw query failed. Code: `unknown`. Message: `Kind: Transactions are not supported by this deployment, labels: {}, source: None`
prisma:error 
Invalid `prisma.infrastructureRecoveryLedger.count()` invocation:


Raw query failed. Code: `unknown`. Message: `Kind: Server selection timeout: No available servers. Topology: { Type: Unknown, Servers: [ { Address: localhost:27017, Type: Unknown, Error: Kind: I/O error: No connection could be made because the target machine actively refused it. (os error 10061), labels: {}, source: None } ] }, labels: {}, source: None`
replay_suppressed_count {
  metric: 'replay_suppressed_count',
  value: 0,
  businessId: null,
  route: 'integrations_onboarding_recovery',
  metadata: {
    suppression: 'queue_not_writable',
    suspendMs: 60000,
    queueDepth: 0,
    redisCircuitOpen: false
  },
  recordedAt: '2026-07-06T15:38:30.040Z'
}
FEATURE_GATE_AWAIT_TRACE {
  event: 'start',
  fileName: 'backend/src/services/security/securityGovernanceOS.service.ts',
  redisOps: 'none',
  functionName: 'assertAuthorizedAccess:authorizeAccess',
  action: 'analytics:view',
  route: null,
  cacheStatus: 'delegated',
  dbQueries: [ 'see nested FEATURE_GATE_AWAIT_TRACE events' ]
}
FEATURE_GATE_AWAIT_TRACE {
  event: 'start',
  fileName: 'backend/src/services/security/securityGovernanceOS.service.ts',
  redisOps: 'none',
  functionName: 'authorizeAccess:assertTenantIsolation',
  action: 'analytics:view',
  route: null,
  cacheStatus: 'none',
  dbQueries: [ 'tenantIsolationLedger.upsert' ]
}
FEATURE_GATE_AWAIT_TRACE {
  event: 'end',
  fileName: 'backend/src/services/security/securityGovernanceOS.service.ts',
  redisOps: 'none',
  functionName: 'authorizeAccess:assertTenantIsolation',
  durationMs: 0,
  action: 'analytics:view',
  route: null,
  cacheStatus: 'none',
  dbQueries: [ 'tenantIsolationLedger.upsert' ]
}
FEATURE_GATE_AWAIT_TRACE {
  event: 'end',
  fileName: 'backend/src/services/security/securityGovernanceOS.service.ts',
  redisOps: 'none',
  functionName: 'assertAuthorizedAccess:authorizeAccess',
  durationMs: 3,
  action: 'analytics:view',
  route: null,
  cacheStatus: 'delegated',
  dbQueries: [ 'see nested FEATURE_GATE_AWAIT_TRACE events' ]
}
FEATURE_GATE_AWAIT_TRACE {
  event: 'start',
  fileName: 'backend/src/services/security/securityGovernanceOS.service.ts',
  redisOps: 'none',
  functionName: 'authorizeAccess:attestInfraIsolation',
  action: 'analytics:view',
  route: null,
  cacheStatus: 'none',
  dbQueries: [ 'isolationAttestationLedger.create' ]
}
FEATURE_GATE_AWAIT_TRACE {
  event: 'start',
  fileName: 'backend/src/services/security/securityGovernanceOS.service.ts',
  redisOps: 'none',
  functionName: 'attestInfraIsolation:isolationAttestationLedger.upsert',
  cacheStatus: 'none',
  dbQueries: [
    'isolationAttestationLedger.upsert(isolation_attest:6515c738d3bf99ba1396039b)'
  ],
  attestationKey: 'isolation_attest:6515c738d3bf99ba1396039b'
}
FEATURE_GATE_AWAIT_TRACE {
  event: 'start',
  fileName: 'backend/src/services/security/securityGovernanceOS.service.ts',
  redisOps: 'none',
  functionName: 'authorizeAccess:appendAuthEvent:authorized',
  action: 'analytics:view',
  route: null,
  cacheStatus: 'none',
  dbQueries: [ 'authEventLedger.upsert' ]
}
FEATURE_GATE_AWAIT_TRACE {
  event: 'start',
  fileName: 'backend/src/services/security/securityGovernanceOS.service.ts',
  redisOps: 'none',
  functionName: 'appendAuthEvent:authEventLedger.upsert',
  cacheStatus: 'none',
  dbQueries: [ 'authEventLedger.upsert(auth_evt:eb1aa7b5d39e5dcf244ef6fa6c)' ],
  eventKey: 'auth_evt:eb1aa7b5d39e5dcf244ef6fa6c',
  action: 'analytics:view',
  outcome: 'ALLOWED'
}
prisma:error 
Invalid `prisma.dataAccessAuditLedger.upsert()` invocation:


Raw query failed. Code: `unknown`. Message: `Kind: Transactions are not supported by this deployment, labels: {}, source: None`
prisma:error 
Invalid `prisma.isolationAttestationLedger.upsert()` invocation:


Raw query failed. Code: `unknown`. Message: `Kind: Transactions are not supported by this deployment, labels: {}, source: None`
FEATURE_GATE_AWAIT_TRACE {
  event: 'end',
  fileName: 'backend/src/services/security/securityGovernanceOS.service.ts',
  redisOps: 'none',
  functionName: 'attestInfraIsolation:isolationAttestationLedger.upsert',
  durationMs: 3,
  cacheStatus: 'none',
  dbQueries: [
    'isolationAttestationLedger.upsert(isolation_attest:6515c738d3bf99ba1396039b)'
  ],
  attestationKey: 'isolation_attest:6515c738d3bf99ba1396039b'
}
FEATURE_GATE_AWAIT_TRACE {
  event: 'end',
  fileName: 'backend/src/services/security/securityGovernanceOS.service.ts',
  redisOps: 'none',
  functionName: 'authorizeAccess:attestInfraIsolation',
  durationMs: 4,
  action: 'analytics:view',
  route: null,
  cacheStatus: 'none',
  dbQueries: [ 'isolationAttestationLedger.create' ]
}
prisma:error 
Invalid `prisma.authEventLedger.upsert()` invocation:


Raw query failed. Code: `unknown`. Message: `Kind: Transactions are not supported by this deployment, labels: {}, source: None`
FEATURE_GATE_AWAIT_TRACE {
  event: 'end',
  fileName: 'backend/src/services/security/securityGovernanceOS.service.ts',
  redisOps: 'none',
  functionName: 'appendAuthEvent:authEventLedger.upsert',
  durationMs: 3,
  cacheStatus: 'none',
  dbQueries: [ 'authEventLedger.upsert(auth_evt:eb1aa7b5d39e5dcf244ef6fa6c)' ],
  eventKey: 'auth_evt:eb1aa7b5d39e5dcf244ef6fa6c',
  action: 'analytics:view',
  outcome: 'ALLOWED'
}
FEATURE_GATE_AWAIT_TRACE {
  event: 'end',
  fileName: 'backend/src/services/security/securityGovernanceOS.service.ts',
  redisOps: 'none',
  functionName: 'authorizeAccess:appendAuthEvent:authorized',
  durationMs: 5,
  action: 'analytics:view',
  route: null,
  cacheStatus: 'none',
  dbQueries: [ 'authEventLedger.upsert' ]
}
prisma:error 
Invalid `prisma.observabilityEventLedger.findUnique()` invocation:


Raw query failed. Code: `unknown`. Message: `Kind: Server selection timeout: No available servers. Topology: { Type: Unknown, Servers: [ { Address: localhost:27017, Type: Unknown, Error: Kind: I/O error: No connection could be made because the target machine actively refused it. (os error 10061), labels: {}, source: None } ] }, labels: {}, source: None`
prisma:error 
Invalid `prisma.observabilityEventLedger.upsert()` invocation:


Raw query failed. Code: `unknown`. Message: `Kind: Transactions are not supported by this deployment, labels: {}, source: None`
REQUEST_START {
  requestId: '604ec5ae-5e7e-40a0-8ab7-17a4bcec6b9e',
  route: '/api/health/executive',
  method: 'GET',
  timeoutMs: 25000
}
{"level":30,"time":1783352360957,"traceId":"604ec5ae-5e7e-40a0-8ab7-17a4bcec6b9e","correlationId":"604ec5ae-5e7e-40a0-8ab7-17a4bcec6b9e","tenantId":null,"leadId":null,"interactionId":null,"appointmentId":null,"proposalId":null,"contractId":null,"paymentId":null,"queueJobId":null,"workerId":null,"provider":null,"severity":"info","component":"http","phase":"reception","version":"phase6a.v1","requestId":"604ec5ae-5e7e-40a0-8ab7-17a4bcec6b9e","route":"/api/health/executive","source":"http","event":"internal_health_key_validation_input","timestamp":"2026-07-06T15:39:20.955Z","remoteIP":"::ffff:127.0.0.1","headerPresent":true,"headerLength":21,"envPresent":true,"envLength":21,"comparisonPossible":true,"msg":"Internal health key validation input"}
API_MS {
  metric: 'API_MS',
  value: 42,
  businessId: null,
  route: '/api/health/executive',
  metadata: {
    method: 'GET',
    statusCode: 500,
    priorityClass: 'NORMAL',
    queueWaitMs: 0,
    inflightRequestCount: 0,
    eventLoopLagMs: 31.33
  },
  recordedAt: '2026-07-06T15:39:20.987Z'
}
FEATURE_GATE_AWAIT_TRACE {
  event: 'start',
  fileName: 'backend/src/services/security/securityGovernanceOS.service.ts',
  redisOps: 'none',
  functionName: 'assertAuthorizedAccess:authorizeAccess',
  action: 'analytics:view',
  route: null,
  cacheStatus: 'delegated',
  dbQueries: [ 'see nested FEATURE_GATE_AWAIT_TRACE events' ]
}
FEATURE_GATE_AWAIT_TRACE {
  event: 'start',
  fileName: 'backend/src/services/security/securityGovernanceOS.service.ts',
  redisOps: 'none',
  functionName: 'authorizeAccess:assertTenantIsolation',
  action: 'analytics:view',
  route: null,
  cacheStatus: 'none',
  dbQueries: [ 'tenantIsolationLedger.upsert' ]
}
REQUEST_COMPLETE {
  requestId: '604ec5ae-5e7e-40a0-8ab7-17a4bcec6b9e',
  route: '/api/health/executive',
  method: 'GET',
  statusCode: 500,
  durationMs: 57,
  aborted: true,
  abortReason: 'response_finished'
}
FEATURE_GATE_AWAIT_TRACE {
  event: 'end',
  fileName: 'backend/src/services/security/securityGovernanceOS.service.ts',
  redisOps: 'none',
  functionName: 'authorizeAccess:assertTenantIsolation',
  durationMs: 7,
  action: 'analytics:view',
  route: null,
  cacheStatus: 'none',
  dbQueries: [ 'tenantIsolationLedger.upsert' ]
}
FEATURE_GATE_AWAIT_TRACE {
  event: 'end',
  fileName: 'backend/src/services/security/securityGovernanceOS.service.ts',
  redisOps: 'none',
  functionName: 'assertAuthorizedAccess:authorizeAccess',
  durationMs: 8,
  action: 'analytics:view',
  route: null,
  cacheStatus: 'delegated',
  dbQueries: [ 'see nested FEATURE_GATE_AWAIT_TRACE events' ]
}
FEATURE_GATE_AWAIT_TRACE {
  event: 'start',
  fileName: 'backend/src/services/security/securityGovernanceOS.service.ts',
  redisOps: 'none',
  functionName: 'assertAuthorizedAccess:authorizeAccess',
  action: 'analytics:view',
  route: null,
  cacheStatus: 'delegated',
  dbQueries: [ 'see nested FEATURE_GATE_AWAIT_TRACE events' ]
}
FEATURE_GATE_AWAIT_TRACE {
  event: 'start',
  fileName: 'backend/src/services/security/securityGovernanceOS.service.ts',
  redisOps: 'none',
  functionName: 'authorizeAccess:assertTenantIsolation',
  action: 'analytics:view',
  route: null,
  cacheStatus: 'none',
  dbQueries: [ 'tenantIsolationLedger.upsert' ]
}
FEATURE_GATE_AWAIT_TRACE {
  event: 'end',
  fileName: 'backend/src/services/security/securityGovernanceOS.service.ts',
  redisOps: 'none',
  functionName: 'authorizeAccess:assertTenantIsolation',
  durationMs: 3,
  action: 'analytics:view',
  route: null,
  cacheStatus: 'none',
  dbQueries: [ 'tenantIsolationLedger.upsert' ]
}
FEATURE_GATE_AWAIT_TRACE {
  event: 'end',
  fileName: 'backend/src/services/security/securityGovernanceOS.service.ts',
  redisOps: 'none',
  functionName: 'assertAuthorizedAccess:authorizeAccess',
  durationMs: 4,
  action: 'analytics:view',
  route: null,
  cacheStatus: 'delegated',
  dbQueries: [ 'see nested FEATURE_GATE_AWAIT_TRACE events' ]
}
FEATURE_GATE_AWAIT_TRACE {
  event: 'start',
  fileName: 'backend/src/services/security/securityGovernanceOS.service.ts',
  redisOps: 'none',
  functionName: 'authorizeAccess:attestInfraIsolation',
  action: 'analytics:view',
  route: null,
  cacheStatus: 'none',
  dbQueries: [ 'isolationAttestationLedger.create' ]
}
FEATURE_GATE_AWAIT_TRACE {
  event: 'start',
  fileName: 'backend/src/services/security/securityGovernanceOS.service.ts',
  redisOps: 'none',
  functionName: 'attestInfraIsolation:isolationAttestationLedger.upsert',
  cacheStatus: 'none',
  dbQueries: [
    'isolationAttestationLedger.upsert(isolation_attest:3ac22eb49c19718b32928095)'
  ],
  attestationKey: 'isolation_attest:3ac22eb49c19718b32928095'
}
FEATURE_GATE_AWAIT_TRACE {
  event: 'start',
  fileName: 'backend/src/services/security/securityGovernanceOS.service.ts',
  redisOps: 'none',
  functionName: 'authorizeAccess:appendAuthEvent:authorized',
  action: 'analytics:view',
  route: null,
  cacheStatus: 'none',
  dbQueries: [ 'authEventLedger.upsert' ]
}
FEATURE_GATE_AWAIT_TRACE {
  event: 'start',
  fileName: 'backend/src/services/security/securityGovernanceOS.service.ts',
  redisOps: 'none',
  functionName: 'appendAuthEvent:authEventLedger.upsert',
  cacheStatus: 'none',
  dbQueries: [ 'authEventLedger.upsert(auth_evt:fce4e2f38f928bb9da1a286a0c)' ],
  eventKey: 'auth_evt:fce4e2f38f928bb9da1a286a0c',
  action: 'analytics:view',
  outcome: 'ALLOWED'
}
{"level":30,"time":1783352360961,"traceId":"604ec5ae-5e7e-40a0-8ab7-17a4bcec6b9e","correlationId":"604ec5ae-5e7e-40a0-8ab7-17a4bcec6b9e","tenantId":null,"leadId":null,"interactionId":null,"appointmentId":null,"proposalId":null,"contractId":null,"paymentId":null,"queueJobId":null,"workerId":null,"provider":null,"severity":"info","component":"http","phase":"reception","version":"phase6a.v1","requestId":"604ec5ae-5e7e-40a0-8ab7-17a4bcec6b9e","route":"/api/health/executive","source":"http","event":"internal_health_key_validation_result","timestamp":"2026-07-06T15:39:20.961Z","validationPassed":true,"validationFailed":false,"failureReason":null,"msg":"Internal health key validation result"}
{"level":30,"time":1783352360986,"traceId":"604ec5ae-5e7e-40a0-8ab7-17a4bcec6b9e","correlationId":"604ec5ae-5e7e-40a0-8ab7-17a4bcec6b9e","tenantId":null,"leadId":null,"interactionId":null,"appointmentId":null,"proposalId":null,"contractId":null,"paymentId":null,"queueJobId":null,"workerId":null,"provider":null,"severity":"info","component":"http","phase":"reception","version":"phase6a.v1","requestId":"604ec5ae-5e7e-40a0-8ab7-17a4bcec6b9e","route":"/api/health/executive","source":"http","statusCode":500,"durationMs":42,"method":"GET","ip":"::ffff:127.0.0.1","userId":null,"businessId":null,"priorityClass":"NORMAL","queueWaitMs":0,"inflightRequestCount":0,"peakInflightRequestCount":1,"eventLoopLagMs":31.33,"msg":"Request completed"}
prisma:error 
Invalid `prisma.dataAccessAuditLedger.upsert()` invocation:


Raw query failed. Code: `unknown`. Message: `Kind: Transactions are not supported by this deployment, labels: {}, source: None`
prisma:error 
Invalid `prisma.dataAccessAuditLedger.upsert()` invocation:


Raw query failed. Code: `unknown`. Message: `Kind: Transactions are not supported by this deployment, labels: {}, source: None`
prisma:error 
Invalid `prisma.isolationAttestationLedger.upsert()` invocation:


Raw query failed. Code: `unknown`. Message: `Kind: Transactions are not supported by this deployment, labels: {}, source: None`
FEATURE_GATE_AWAIT_TRACE {
  event: 'end',
  fileName: 'backend/src/services/security/securityGovernanceOS.service.ts',
  redisOps: 'none',
  functionName: 'attestInfraIsolation:isolationAttestationLedger.upsert',
  durationMs: 4,
  cacheStatus: 'none',
  dbQueries: [
    'isolationAttestationLedger.upsert(isolation_attest:3ac22eb49c19718b32928095)'
  ],
  attestationKey: 'isolation_attest:3ac22eb49c19718b32928095'
}
FEATURE_GATE_AWAIT_TRACE {
  event: 'end',
  fileName: 'backend/src/services/security/securityGovernanceOS.service.ts',
  redisOps: 'none',
  functionName: 'authorizeAccess:attestInfraIsolation',
  durationMs: 6,
  action: 'analytics:view',
  route: null,
  cacheStatus: 'none',
  dbQueries: [ 'isolationAttestationLedger.create' ]
}
FEATURE_GATE_AWAIT_TRACE {
  event: 'start',
  fileName: 'backend/src/services/security/securityGovernanceOS.service.ts',
  redisOps: 'none',
  functionName: 'authorizeAccess:attestInfraIsolation',
  action: 'analytics:view',
  route: null,
  cacheStatus: 'none',
  dbQueries: [ 'isolationAttestationLedger.create' ]
}
FEATURE_GATE_AWAIT_TRACE {
  event: 'start',
  fileName: 'backend/src/services/security/securityGovernanceOS.service.ts',
  redisOps: 'none',
  functionName: 'attestInfraIsolation:isolationAttestationLedger.upsert',
  cacheStatus: 'none',
  dbQueries: [
    'isolationAttestationLedger.upsert(isolation_attest:ff58f8a8f3cb02096370bfa7)'
  ],
  attestationKey: 'isolation_attest:ff58f8a8f3cb02096370bfa7'
}
FEATURE_GATE_AWAIT_TRACE {
  event: 'start',
  fileName: 'backend/src/services/security/securityGovernanceOS.service.ts',
  redisOps: 'none',
  functionName: 'authorizeAccess:appendAuthEvent:authorized',
  action: 'analytics:view',
  route: null,
  cacheStatus: 'none',
  dbQueries: [ 'authEventLedger.upsert' ]
}
FEATURE_GATE_AWAIT_TRACE {
  event: 'start',
  fileName: 'backend/src/services/security/securityGovernanceOS.service.ts',
  redisOps: 'none',
  functionName: 'appendAuthEvent:authEventLedger.upsert',
  cacheStatus: 'none',
  dbQueries: [ 'authEventLedger.upsert(auth_evt:3a6f5d4fc18a2dbc510f941953)' ],
  eventKey: 'auth_evt:3a6f5d4fc18a2dbc510f941953',
  action: 'analytics:view',
  outcome: 'ALLOWED'
}
prisma:error 
Invalid `prisma.authEventLedger.upsert()` invocation:


Raw query failed. Code: `unknown`. Message: `Kind: Transactions are not supported by this deployment, labels: {}, source: None`
FEATURE_GATE_AWAIT_TRACE {
  event: 'end',
  fileName: 'backend/src/services/security/securityGovernanceOS.service.ts',
  redisOps: 'none',
  functionName: 'appendAuthEvent:authEventLedger.upsert',
  durationMs: 6,
  cacheStatus: 'none',
  dbQueries: [ 'authEventLedger.upsert(auth_evt:fce4e2f38f928bb9da1a286a0c)' ],
  eventKey: 'auth_evt:fce4e2f38f928bb9da1a286a0c',
  action: 'analytics:view',
  outcome: 'ALLOWED'
}
FEATURE_GATE_AWAIT_TRACE {
  event: 'end',
  fileName: 'backend/src/services/security/securityGovernanceOS.service.ts',
  redisOps: 'none',
  functionName: 'authorizeAccess:appendAuthEvent:authorized',
  durationMs: 8,
  action: 'analytics:view',
  route: null,
  cacheStatus: 'none',
  dbQueries: [ 'authEventLedger.upsert' ]
}
prisma:error 
Invalid `prisma.isolationAttestationLedger.upsert()` invocation:


Raw query failed. Code: `unknown`. Message: `Kind: Transactions are not supported by this deployment, labels: {}, source: None`
FEATURE_GATE_AWAIT_TRACE {
  event: 'end',
  fileName: 'backend/src/services/security/securityGovernanceOS.service.ts',
  redisOps: 'none',
  functionName: 'attestInfraIsolation:isolationAttestationLedger.upsert',
  durationMs: 3,
  cacheStatus: 'none',
  dbQueries: [
    'isolationAttestationLedger.upsert(isolation_attest:ff58f8a8f3cb02096370bfa7)'
  ],
  attestationKey: 'isolation_attest:ff58f8a8f3cb02096370bfa7'
}
FEATURE_GATE_AWAIT_TRACE {
  event: 'end',
  fileName: 'backend/src/services/security/securityGovernanceOS.service.ts',
  redisOps: 'none',
  functionName: 'authorizeAccess:attestInfraIsolation',
  durationMs: 4,
  action: 'analytics:view',
  route: null,
  cacheStatus: 'none',
  dbQueries: [ 'isolationAttestationLedger.create' ]
}
prisma:error 
Invalid `prisma.authEventLedger.upsert()` invocation:


Raw query failed. Code: `unknown`. Message: `Kind: Transactions are not supported by this deployment, labels: {}, source: None`
FEATURE_GATE_AWAIT_TRACE {
  event: 'end',
  fileName: 'backend/src/services/security/securityGovernanceOS.service.ts',
  redisOps: 'none',
  functionName: 'appendAuthEvent:authEventLedger.upsert',
  durationMs: 3,
  cacheStatus: 'none',
  dbQueries: [ 'authEventLedger.upsert(auth_evt:3a6f5d4fc18a2dbc510f941953)' ],
  eventKey: 'auth_evt:3a6f5d4fc18a2dbc510f941953',
  action: 'analytics:view',
  outcome: 'ALLOWED'
}
FEATURE_GATE_AWAIT_TRACE {
  event: 'end',
  fileName: 'backend/src/services/security/securityGovernanceOS.service.ts',
  redisOps: 'none',
  functionName: 'authorizeAccess:appendAuthEvent:authorized',
  durationMs: 3,
  action: 'analytics:view',
  route: null,
  cacheStatus: 'none',
  dbQueries: [ 'authEventLedger.upsert' ]
}
prisma:error 
Invalid `prisma.infrastructureRecoveryLedger.count()` invocation:


Raw query failed. Code: `unknown`. Message: `Kind: Server selection timeout: No available servers. Topology: { Type: Unknown, Servers: [ { Address: localhost:27017, Type: Unknown, Error: Kind: I/O error: No connection could be made because the target machine actively refused it. (os error 10061), labels: {}, source: None } ] }, labels: {}, source: None`
replay_suppressed_count {
  metric: 'replay_suppressed_count',
  value: 0,
  businessId: null,
  route: 'integrations_onboarding_recovery',
  metadata: {
    suppression: 'queue_not_writable',
    suspendMs: 60000,
    queueDepth: 0,
    redisCircuitOpen: false
  },
  recordedAt: '2026-07-06T15:39:30.074Z'
}
FEATURE_GATE_AWAIT_TRACE {
  event: 'start',
  fileName: 'backend/src/services/security/securityGovernanceOS.service.ts',
  redisOps: 'none',
  functionName: 'assertAuthorizedAccess:authorizeAccess',
  action: 'analytics:view',
  route: null,
  cacheStatus: 'delegated',
  dbQueries: [ 'see nested FEATURE_GATE_AWAIT_TRACE events' ]
}
FEATURE_GATE_AWAIT_TRACE {
  event: 'start',
  fileName: 'backend/src/services/security/securityGovernanceOS.service.ts',
  redisOps: 'none',
  functionName: 'authorizeAccess:assertTenantIsolation',
  action: 'analytics:view',
  route: null,
  cacheStatus: 'none',
  dbQueries: [ 'tenantIsolationLedger.upsert' ]
}
FEATURE_GATE_AWAIT_TRACE {
  event: 'end',
  fileName: 'backend/src/services/security/securityGovernanceOS.service.ts',
  redisOps: 'none',
  functionName: 'authorizeAccess:assertTenantIsolation',
  durationMs: 1,
  action: 'analytics:view',
  route: null,
  cacheStatus: 'none',
  dbQueries: [ 'tenantIsolationLedger.upsert' ]
}
FEATURE_GATE_AWAIT_TRACE {
  event: 'end',
  fileName: 'backend/src/services/security/securityGovernanceOS.service.ts',
  redisOps: 'none',
  functionName: 'assertAuthorizedAccess:authorizeAccess',
  durationMs: 2,
  action: 'analytics:view',
  route: null,
  cacheStatus: 'delegated',
  dbQueries: [ 'see nested FEATURE_GATE_AWAIT_TRACE events' ]
}
FEATURE_GATE_AWAIT_TRACE {
  event: 'start',
  fileName: 'backend/src/services/security/securityGovernanceOS.service.ts',
  redisOps: 'none',
  functionName: 'authorizeAccess:attestInfraIsolation',
  action: 'analytics:view',
  route: null,
  cacheStatus: 'none',
  dbQueries: [ 'isolationAttestationLedger.create' ]
}
FEATURE_GATE_AWAIT_TRACE {
  event: 'start',
  fileName: 'backend/src/services/security/securityGovernanceOS.service.ts',
  redisOps: 'none',
  functionName: 'attestInfraIsolation:isolationAttestationLedger.upsert',
  cacheStatus: 'none',
  dbQueries: [
    'isolationAttestationLedger.upsert(isolation_attest:c666d7531496505612dcd572)'
  ],
  attestationKey: 'isolation_attest:c666d7531496505612dcd572'
}
FEATURE_GATE_AWAIT_TRACE {
  event: 'start',
  fileName: 'backend/src/services/security/securityGovernanceOS.service.ts',
  redisOps: 'none',
  functionName: 'authorizeAccess:appendAuthEvent:authorized',
  action: 'analytics:view',
  route: null,
  cacheStatus: 'none',
  dbQueries: [ 'authEventLedger.upsert' ]
}
FEATURE_GATE_AWAIT_TRACE {
  event: 'start',
  fileName: 'backend/src/services/security/securityGovernanceOS.service.ts',
  redisOps: 'none',
  functionName: 'appendAuthEvent:authEventLedger.upsert',
  cacheStatus: 'none',
  dbQueries: [ 'authEventLedger.upsert(auth_evt:7ac19183585edb7b54f6b01c37)' ],
  eventKey: 'auth_evt:7ac19183585edb7b54f6b01c37',
  action: 'analytics:view',
  outcome: 'ALLOWED'
}
prisma:error 
Invalid `prisma.dataAccessAuditLedger.upsert()` invocation:


Raw query failed. Code: `unknown`. Message: `Kind: Transactions are not supported by this deployment, labels: {}, source: None`
prisma:error 
Invalid `prisma.isolationAttestationLedger.upsert()` invocation:


Raw query failed. Code: `unknown`. Message: `Kind: Transactions are not supported by this deployment, labels: {}, source: None`
FEATURE_GATE_AWAIT_TRACE {
  event: 'end',
  fileName: 'backend/src/services/security/securityGovernanceOS.service.ts',
  redisOps: 'none',
  functionName: 'attestInfraIsolation:isolationAttestationLedger.upsert',
  durationMs: 6,
  cacheStatus: 'none',
  dbQueries: [
    'isolationAttestationLedger.upsert(isolation_attest:c666d7531496505612dcd572)'
  ],
  attestationKey: 'isolation_attest:c666d7531496505612dcd572'
}
FEATURE_GATE_AWAIT_TRACE {
  event: 'end',
  fileName: 'backend/src/services/security/securityGovernanceOS.service.ts',
  redisOps: 'none',
  functionName: 'authorizeAccess:attestInfraIsolation',
  durationMs: 7,
  action: 'analytics:view',
  route: null,
  cacheStatus: 'none',
  dbQueries: [ 'isolationAttestationLedger.create' ]
}
prisma:error 
Invalid `prisma.authEventLedger.upsert()` invocation:


Raw query failed. Code: `unknown`. Message: `Kind: Transactions are not supported by this deployment, labels: {}, source: None`
FEATURE_GATE_AWAIT_TRACE {
  event: 'end',
  fileName: 'backend/src/services/security/securityGovernanceOS.service.ts',
  redisOps: 'none',
  functionName: 'appendAuthEvent:authEventLedger.upsert',
  durationMs: 6,
  cacheStatus: 'none',
  dbQueries: [ 'authEventLedger.upsert(auth_evt:7ac19183585edb7b54f6b01c37)' ],
  eventKey: 'auth_evt:7ac19183585edb7b54f6b01c37',
  action: 'analytics:view',
  outcome: 'ALLOWED'
}
FEATURE_GATE_AWAIT_TRACE {
  event: 'end',
  fileName: 'backend/src/services/security/securityGovernanceOS.service.ts',
  redisOps: 'none',
  functionName: 'authorizeAccess:appendAuthEvent:authorized',
  durationMs: 7,
  action: 'analytics:view',
  route: null,
  cacheStatus: 'none',
  dbQueries: [ 'authEventLedger.upsert' ]
}
REQUEST_START {
  requestId: 'e2754f1f-3511-47c8-9d78-bc6a4b2f9cc1',
  route: '/api/health/executive',
  method: 'GET',
  timeoutMs: 25000
}
{"level":30,"time":1783352376171,"traceId":"e2754f1f-3511-47c8-9d78-bc6a4b2f9cc1","correlationId":"e2754f1f-3511-47c8-9d78-bc6a4b2f9cc1","tenantId":null,"leadId":null,"interactionId":null,"appointmentId":null,"proposalId":null,"contractId":null,"paymentId":null,"queueJobId":null,"workerId":null,"provider":null,"severity":"info","component":"http","phase":"reception","version":"phase6a.v1","requestId":"e2754f1f-3511-47c8-9d78-bc6a4b2f9cc1","route":"/api/health/executive","source":"http","event":"internal_health_key_validation_input","timestamp":"2026-07-06T15:39:36.171Z","remoteIP":"::ffff:127.0.0.1","headerPresent":true,"headerLength":21,"envPresent":true,"envLength":21,"comparisonPossible":true,"msg":"Internal health key validation input"}
API_MS {
  metric: 'API_MS',
  value: 13,
  businessId: null,
  route: '/api/health/executive',
  metadata: {
    method: 'GET',
    statusCode: 500,
    priorityClass: 'NORMAL',
    queueWaitMs: 0,
    inflightRequestCount: 0,
    eventLoopLagMs: 31.33
  },
  recordedAt: '2026-07-06T15:39:36.182Z'
}
FEATURE_GATE_AWAIT_TRACE {
  event: 'start',
  fileName: 'backend/src/services/security/securityGovernanceOS.service.ts',
  redisOps: 'none',
  functionName: 'assertAuthorizedAccess:authorizeAccess',
  action: 'analytics:view',
  route: null,
  cacheStatus: 'delegated',
  dbQueries: [ 'see nested FEATURE_GATE_AWAIT_TRACE events' ]
}
FEATURE_GATE_AWAIT_TRACE {
  event: 'start',
  fileName: 'backend/src/services/security/securityGovernanceOS.service.ts',
  redisOps: 'none',
  functionName: 'authorizeAccess:assertTenantIsolation',
  action: 'analytics:view',
  route: null,
  cacheStatus: 'none',
  dbQueries: [ 'tenantIsolationLedger.upsert' ]
}
REQUEST_COMPLETE {
  requestId: 'e2754f1f-3511-47c8-9d78-bc6a4b2f9cc1',
  route: '/api/health/executive',
  method: 'GET',
  statusCode: 500,
  durationMs: 18,
  aborted: true,
  abortReason: 'response_finished'
}
FEATURE_GATE_AWAIT_TRACE {
  event: 'end',
  fileName: 'backend/src/services/security/securityGovernanceOS.service.ts',
  redisOps: 'none',
  functionName: 'authorizeAccess:assertTenantIsolation',
  durationMs: 2,
  action: 'analytics:view',
  route: null,
  cacheStatus: 'none',
  dbQueries: [ 'tenantIsolationLedger.upsert' ]
}
FEATURE_GATE_AWAIT_TRACE {
  event: 'end',
  fileName: 'backend/src/services/security/securityGovernanceOS.service.ts',
  redisOps: 'none',
  functionName: 'assertAuthorizedAccess:authorizeAccess',
  durationMs: 3,
  action: 'analytics:view',
  route: null,
  cacheStatus: 'delegated',
  dbQueries: [ 'see nested FEATURE_GATE_AWAIT_TRACE events' ]
}
FEATURE_GATE_AWAIT_TRACE {
  event: 'start',
  fileName: 'backend/src/services/security/securityGovernanceOS.service.ts',
  redisOps: 'none',
  functionName: 'assertAuthorizedAccess:authorizeAccess',
  action: 'analytics:view',
  route: null,
  cacheStatus: 'delegated',
  dbQueries: [ 'see nested FEATURE_GATE_AWAIT_TRACE events' ]
}
FEATURE_GATE_AWAIT_TRACE {
  event: 'start',
  fileName: 'backend/src/services/security/securityGovernanceOS.service.ts',
  redisOps: 'none',
  functionName: 'authorizeAccess:assertTenantIsolation',
  action: 'analytics:view',
  route: null,
  cacheStatus: 'none',
  dbQueries: [ 'tenantIsolationLedger.upsert' ]
}
FEATURE_GATE_AWAIT_TRACE {
  event: 'end',
  fileName: 'backend/src/services/security/securityGovernanceOS.service.ts',
  redisOps: 'none',
  functionName: 'authorizeAccess:assertTenantIsolation',
  durationMs: 0,
  action: 'analytics:view',
  route: null,
  cacheStatus: 'none',
  dbQueries: [ 'tenantIsolationLedger.upsert' ]
}
FEATURE_GATE_AWAIT_TRACE {
  event: 'end',
  fileName: 'backend/src/services/security/securityGovernanceOS.service.ts',
  redisOps: 'none',
  functionName: 'assertAuthorizedAccess:authorizeAccess',
  durationMs: 2,
  action: 'analytics:view',
  route: null,
  cacheStatus: 'delegated',
  dbQueries: [ 'see nested FEATURE_GATE_AWAIT_TRACE events' ]
}
FEATURE_GATE_AWAIT_TRACE {
  event: 'start',
  fileName: 'backend/src/services/security/securityGovernanceOS.service.ts',
  redisOps: 'none',
  functionName: 'authorizeAccess:attestInfraIsolation',
  action: 'analytics:view',
  route: null,
  cacheStatus: 'none',
  dbQueries: [ 'isolationAttestationLedger.create' ]
}
FEATURE_GATE_AWAIT_TRACE {
  event: 'start',
  fileName: 'backend/src/services/security/securityGovernanceOS.service.ts',
  redisOps: 'none',
  functionName: 'attestInfraIsolation:isolationAttestationLedger.upsert',
  cacheStatus: 'none',
  dbQueries: [
    'isolationAttestationLedger.upsert(isolation_attest:e37962b46c47d2e8594cb19b)'
  ],
  attestationKey: 'isolation_attest:e37962b46c47d2e8594cb19b'
}
FEATURE_GATE_AWAIT_TRACE {
  event: 'start',
  fileName: 'backend/src/services/security/securityGovernanceOS.service.ts',
  redisOps: 'none',
  functionName: 'authorizeAccess:appendAuthEvent:authorized',
  action: 'analytics:view',
  route: null,
  cacheStatus: 'none',
  dbQueries: [ 'authEventLedger.upsert' ]
}
FEATURE_GATE_AWAIT_TRACE {
  event: 'start',
  fileName: 'backend/src/services/security/securityGovernanceOS.service.ts',
  redisOps: 'none',
  functionName: 'appendAuthEvent:authEventLedger.upsert',
  cacheStatus: 'none',
  dbQueries: [ 'authEventLedger.upsert(auth_evt:2ccbd9b3d3ddba70bab6e6d489)' ],
  eventKey: 'auth_evt:2ccbd9b3d3ddba70bab6e6d489',
  action: 'analytics:view',
  outcome: 'ALLOWED'
}
prisma:error 
Invalid `prisma.dataAccessAuditLedger.upsert()` invocation:


Raw query failed. Code: `unknown`. Message: `Kind: Transactions are not supported by this deployment, labels: {}, source: None`
{"level":30,"time":1783352376172,"traceId":"e2754f1f-3511-47c8-9d78-bc6a4b2f9cc1","correlationId":"e2754f1f-3511-47c8-9d78-bc6a4b2f9cc1","tenantId":null,"leadId":null,"interactionId":null,"appointmentId":null,"proposalId":null,"contractId":null,"paymentId":null,"queueJobId":null,"workerId":null,"provider":null,"severity":"info","component":"http","phase":"reception","version":"phase6a.v1","requestId":"e2754f1f-3511-47c8-9d78-bc6a4b2f9cc1","route":"/api/health/executive","source":"http","event":"internal_health_key_validation_result","timestamp":"2026-07-06T15:39:36.172Z","validationPassed":true,"validationFailed":false,"failureReason":null,"msg":"Internal health key validation result"}
{"level":30,"time":1783352376182,"traceId":"e2754f1f-3511-47c8-9d78-bc6a4b2f9cc1","correlationId":"e2754f1f-3511-47c8-9d78-bc6a4b2f9cc1","tenantId":null,"leadId":null,"interactionId":null,"appointmentId":null,"proposalId":null,"contractId":null,"paymentId":null,"queueJobId":null,"workerId":null,"provider":null,"severity":"info","component":"http","phase":"reception","version":"phase6a.v1","requestId":"e2754f1f-3511-47c8-9d78-bc6a4b2f9cc1","route":"/api/health/executive","source":"http","statusCode":500,"durationMs":13,"method":"GET","ip":"::ffff:127.0.0.1","userId":null,"businessId":null,"priorityClass":"NORMAL","queueWaitMs":0,"inflightRequestCount":0,"peakInflightRequestCount":1,"eventLoopLagMs":31.33,"msg":"Request completed"}
FEATURE_GATE_AWAIT_TRACE {
  event: 'start',
  fileName: 'backend/src/services/security/securityGovernanceOS.service.ts',
  redisOps: 'none',
  functionName: 'authorizeAccess:attestInfraIsolation',
  action: 'analytics:view',
  route: null,
  cacheStatus: 'none',
  dbQueries: [ 'isolationAttestationLedger.create' ]
}
FEATURE_GATE_AWAIT_TRACE {
  event: 'start',
  fileName: 'backend/src/services/security/securityGovernanceOS.service.ts',
  redisOps: 'none',
  functionName: 'attestInfraIsolation:isolationAttestationLedger.upsert',
  cacheStatus: 'none',
  dbQueries: [
    'isolationAttestationLedger.upsert(isolation_attest:45175c15155c1fa395a0b1de)'
  ],
  attestationKey: 'isolation_attest:45175c15155c1fa395a0b1de'
}
FEATURE_GATE_AWAIT_TRACE {
  event: 'start',
  fileName: 'backend/src/services/security/securityGovernanceOS.service.ts',
  redisOps: 'none',
  functionName: 'authorizeAccess:appendAuthEvent:authorized',
  action: 'analytics:view',
  route: null,
  cacheStatus: 'none',
  dbQueries: [ 'authEventLedger.upsert' ]
}
FEATURE_GATE_AWAIT_TRACE {
  event: 'start',
  fileName: 'backend/src/services/security/securityGovernanceOS.service.ts',
  redisOps: 'none',
  functionName: 'appendAuthEvent:authEventLedger.upsert',
  cacheStatus: 'none',
  dbQueries: [ 'authEventLedger.upsert(auth_evt:b0111ec00de17ff2cb715be5c3)' ],
  eventKey: 'auth_evt:b0111ec00de17ff2cb715be5c3',
  action: 'analytics:view',
  outcome: 'ALLOWED'
}
prisma:error 
Invalid `prisma.isolationAttestationLedger.upsert()` invocation:


Raw query failed. Code: `unknown`. Message: `Kind: Transactions are not supported by this deployment, labels: {}, source: None`
FEATURE_GATE_AWAIT_TRACE {
  event: 'end',
  fileName: 'backend/src/services/security/securityGovernanceOS.service.ts',
  redisOps: 'none',
  functionName: 'attestInfraIsolation:isolationAttestationLedger.upsert',
  durationMs: 20,
  cacheStatus: 'none',
  dbQueries: [
    'isolationAttestationLedger.upsert(isolation_attest:e37962b46c47d2e8594cb19b)'
  ],
  attestationKey: 'isolation_attest:e37962b46c47d2e8594cb19b'
}
FEATURE_GATE_AWAIT_TRACE {
  event: 'end',
  fileName: 'backend/src/services/security/securityGovernanceOS.service.ts',
  redisOps: 'none',
  functionName: 'authorizeAccess:attestInfraIsolation',
  durationMs: 21,
  action: 'analytics:view',
  route: null,
  cacheStatus: 'none',
  dbQueries: [ 'isolationAttestationLedger.create' ]
}
prisma:error 
Invalid `prisma.isolationAttestationLedger.upsert()` invocation:


Raw query failed. Code: `unknown`. Message: `Kind: Transactions are not supported by this deployment, labels: {}, source: None`
FEATURE_GATE_AWAIT_TRACE {
  event: 'end',
  fileName: 'backend/src/services/security/securityGovernanceOS.service.ts',
  redisOps: 'none',
  functionName: 'attestInfraIsolation:isolationAttestationLedger.upsert',
  durationMs: 7,
  cacheStatus: 'none',
  dbQueries: [
    'isolationAttestationLedger.upsert(isolation_attest:45175c15155c1fa395a0b1de)'
  ],
  attestationKey: 'isolation_attest:45175c15155c1fa395a0b1de'
}
FEATURE_GATE_AWAIT_TRACE {
  event: 'end',
  fileName: 'backend/src/services/security/securityGovernanceOS.service.ts',
  redisOps: 'none',
  functionName: 'authorizeAccess:attestInfraIsolation',
  durationMs: 18,
  action: 'analytics:view',
  route: null,
  cacheStatus: 'none',
  dbQueries: [ 'isolationAttestationLedger.create' ]
}
prisma:error 
Invalid `prisma.authEventLedger.upsert()` invocation:


Raw query failed. Code: `unknown`. Message: `Kind: Transactions are not supported by this deployment, labels: {}, source: None`
FEATURE_GATE_AWAIT_TRACE {
  event: 'end',
  fileName: 'backend/src/services/security/securityGovernanceOS.service.ts',
  redisOps: 'none',
  functionName: 'appendAuthEvent:authEventLedger.upsert',
  durationMs: 7,
  cacheStatus: 'none',
  dbQueries: [ 'authEventLedger.upsert(auth_evt:b0111ec00de17ff2cb715be5c3)' ],
  eventKey: 'auth_evt:b0111ec00de17ff2cb715be5c3',
  action: 'analytics:view',
  outcome: 'ALLOWED'
}
FEATURE_GATE_AWAIT_TRACE {
  event: 'end',
  fileName: 'backend/src/services/security/securityGovernanceOS.service.ts',
  redisOps: 'none',
  functionName: 'authorizeAccess:appendAuthEvent:authorized',
  durationMs: 8,
  action: 'analytics:view',
  route: null,
  cacheStatus: 'none',
  dbQueries: [ 'authEventLedger.upsert' ]
}
prisma:error 
Invalid `prisma.authEventLedger.upsert()` invocation:


Raw query failed. Code: `unknown`. Message: `Kind: Transactions are not supported by this deployment, labels: {}, source: None`
FEATURE_GATE_AWAIT_TRACE {
  event: 'end',
  fileName: 'backend/src/services/security/securityGovernanceOS.service.ts',
  redisOps: 'none',
  functionName: 'appendAuthEvent:authEventLedger.upsert',
  durationMs: 23,
  cacheStatus: 'none',
  dbQueries: [ 'authEventLedger.upsert(auth_evt:2ccbd9b3d3ddba70bab6e6d489)' ],
  eventKey: 'auth_evt:2ccbd9b3d3ddba70bab6e6d489',
  action: 'analytics:view',
  outcome: 'ALLOWED'
}
FEATURE_GATE_AWAIT_TRACE {
  event: 'end',
  fileName: 'backend/src/services/security/securityGovernanceOS.service.ts',
  redisOps: 'none',
  functionName: 'authorizeAccess:appendAuthEvent:authorized',
  durationMs: 24,
  action: 'analytics:view',
  route: null,
  cacheStatus: 'none',
  dbQueries: [ 'authEventLedger.upsert' ]
}
prisma:error 
Invalid `prisma.dataAccessAuditLedger.upsert()` invocation:


Raw query failed. Code: `unknown`. Message: `Kind: Transactions are not supported by this deployment, labels: {}, source: None`
prisma:error 
Invalid `prisma.observabilityEventLedger.findUnique()` invocation:


Raw query failed. Code: `unknown`. Message: `Kind: Server selection timeout: No available servers. Topology: { Type: Unknown, Servers: [ { Address: localhost:27017, Type: Unknown, Error: Kind: I/O error: No connection could be made because the target machine actively refused it. (os error 10061), labels: {}, source: None } ] }, labels: {}, source: None`
prisma:error 
Invalid `prisma.traceLedger.findUnique()` invocation:


Raw query failed. Code: `unknown`. Message: `Kind: Server selection timeout: No available servers. Topology: { Type: Unknown, Servers: [ { Address: localhost:27017, Type: Unknown, Error: Kind: I/O error: No connection could be made because the target machine actively refused it. (os error 10061), labels: {}, source: None } ] }, labels: {}, source: None`
prisma:error 
Invalid `prisma.observabilityEventLedger.findUnique()` invocation:


Raw query failed. Code: `unknown`. Message: `Kind: Server selection timeout: No available servers. Topology: { Type: Unknown, Servers: [ { Address: localhost:27017, Type: Unknown, Error: Kind: I/O error: No connection could be made because the target machine actively refused it. (os error 10061), labels: {}, source: None } ] }, labels: {}, source: None`
prisma:error 
Invalid `prisma.traceLedger.create()` invocation:


Raw query failed. Code: `unknown`. Message: `Kind: Transactions are not supported by this deployment, labels: {}, source: None`
prisma:error 
Invalid `prisma.observabilityEventLedger.upsert()` invocation:


Raw query failed. Code: `unknown`. Message: `Kind: Transactions are not supported by this deployment, labels: {}, source: None`
prisma:error 
Invalid `prisma.observabilityEventLedger.upsert()` invocation:


Raw query failed. Code: `unknown`. Message: `Kind: Transactions are not supported by this deployment, labels: {}, source: None`
prisma:error 
Invalid `prisma.observabilityEventLedger.findUnique()` invocation:


Raw query failed. Code: `unknown`. Message: `Kind: Server selection timeout: No available servers. Topology: { Type: Unknown, Servers: [ { Address: localhost:27017, Type: Unknown, Error: Kind: I/O error: No connection could be made because the target machine actively refused it. (os error 10061), labels: {}, source: None } ] }, labels: {}, source: None`
prisma:error 
Invalid `prisma.observabilityEventLedger.upsert()` invocation:


Raw query failed. Code: `unknown`. Message: `Kind: Transactions are not supported by this deployment, labels: {}, source: None`
prisma:error 
Invalid `prisma.traceLedger.findUnique()` invocation:


Raw query failed. Code: `unknown`. Message: `Kind: Server selection timeout: No available servers. Topology: { Type: Unknown, Servers: [ { Address: localhost:27017, Type: Unknown, Error: Kind: I/O error: No connection could be made because the target machine actively refused it. (os error 10061), labels: {}, source: None } ] }, labels: {}, source: None`
prisma:error 
Invalid `prisma.observabilityEventLedger.findUnique()` invocation:


Raw query failed. Code: `unknown`. Message: `Kind: Server selection timeout: No available servers. Topology: { Type: Unknown, Servers: [ { Address: localhost:27017, Type: Unknown, Error: Kind: I/O error: No connection could be made because the target machine actively refused it. (os error 10061), labels: {}, source: None } ] }, labels: {}, source: None`
prisma:error 
Invalid `prisma.traceLedger.create()` invocation:


Raw query failed. Code: `unknown`. Message: `Kind: Transactions are not supported by this deployment, labels: {}, source: None`
prisma:error 
Invalid `prisma.observabilityEventLedger.upsert()` invocation:


Raw query failed. Code: `unknown`. Message: `Kind: Transactions are not supported by this deployment, labels: {}, source: None`
prisma:error 
Invalid `prisma.observabilityEventLedger.findUnique()` invocation:


Raw query failed. Code: `unknown`. Message: `Kind: Server selection timeout: No available servers. Topology: { Type: Unknown, Servers: [ { Address: localhost:27017, Type: Unknown, Error: Kind: I/O error: No connection could be made because the target machine actively refused it. (os error 10061), labels: {}, source: None } ] }, labels: {}, source: None`
prisma:error 
Invalid `prisma.observabilityEventLedger.upsert()` invocation:


Raw query failed. Code: `unknown`. Message: `Kind: Transactions are not supported by this deployment, labels: {}, source: None`
prisma:error 
Invalid `prisma.infrastructureRecoveryLedger.count()` invocation:


Raw query failed. Code: `unknown`. Message: `Kind: Server selection timeout: No available servers. Topology: { Type: Unknown, Servers: [ { Address: localhost:27017, Type: Unknown, Error: Kind: I/O error: No connection could be made because the target machine actively refused it. (os error 10061), labels: {}, source: None } ] }, labels: {}, source: None`
replay_suppressed_count {
  metric: 'replay_suppressed_count',
  value: 0,
  businessId: null,
  route: 'integrations_onboarding_recovery',
  metadata: {
    suppression: 'queue_not_writable',
    suspendMs: 60000,
    queueDepth: 0,
    redisCircuitOpen: false
  },
  recordedAt: '2026-07-06T15:40:30.026Z'
}
FEATURE_GATE_AWAIT_TRACE {
  event: 'start',
  fileName: 'backend/src/services/security/securityGovernanceOS.service.ts',
  redisOps: 'none',
  functionName: 'assertAuthorizedAccess:authorizeAccess',
  action: 'analytics:view',
  route: null,
  cacheStatus: 'delegated',
  dbQueries: [ 'see nested FEATURE_GATE_AWAIT_TRACE events' ]
}
FEATURE_GATE_AWAIT_TRACE {
  event: 'start',
  fileName: 'backend/src/services/security/securityGovernanceOS.service.ts',
  redisOps: 'none',
  functionName: 'authorizeAccess:assertTenantIsolation',
  action: 'analytics:view',
  route: null,
  cacheStatus: 'none',
  dbQueries: [ 'tenantIsolationLedger.upsert' ]
}
FEATURE_GATE_AWAIT_TRACE {
  event: 'end',
  fileName: 'backend/src/services/security/securityGovernanceOS.service.ts',
  redisOps: 'none',
  functionName: 'authorizeAccess:assertTenantIsolation',
  durationMs: 0,
  action: 'analytics:view',
  route: null,
  cacheStatus: 'none',
  dbQueries: [ 'tenantIsolationLedger.upsert' ]
}
FEATURE_GATE_AWAIT_TRACE {
  event: 'end',
  fileName: 'backend/src/services/security/securityGovernanceOS.service.ts',
  redisOps: 'none',
  functionName: 'assertAuthorizedAccess:authorizeAccess',
  durationMs: 2,
  action: 'analytics:view',
  route: null,
  cacheStatus: 'delegated',
  dbQueries: [ 'see nested FEATURE_GATE_AWAIT_TRACE events' ]
}
FEATURE_GATE_AWAIT_TRACE {
  event: 'start',
  fileName: 'backend/src/services/security/securityGovernanceOS.service.ts',
  redisOps: 'none',
  functionName: 'authorizeAccess:attestInfraIsolation',
  action: 'analytics:view',
  route: null,
  cacheStatus: 'none',
  dbQueries: [ 'isolationAttestationLedger.create' ]
}
FEATURE_GATE_AWAIT_TRACE {
  event: 'start',
  fileName: 'backend/src/services/security/securityGovernanceOS.service.ts',
  redisOps: 'none',
  functionName: 'attestInfraIsolation:isolationAttestationLedger.upsert',
  cacheStatus: 'none',
  dbQueries: [
    'isolationAttestationLedger.upsert(isolation_attest:c6f109b9c1cf62d9eaeebf6e)'
  ],
  attestationKey: 'isolation_attest:c6f109b9c1cf62d9eaeebf6e'
}
FEATURE_GATE_AWAIT_TRACE {
  event: 'start',
  fileName: 'backend/src/services/security/securityGovernanceOS.service.ts',
  redisOps: 'none',
  functionName: 'authorizeAccess:appendAuthEvent:authorized',
  action: 'analytics:view',
  route: null,
  cacheStatus: 'none',
  dbQueries: [ 'authEventLedger.upsert' ]
}
FEATURE_GATE_AWAIT_TRACE {
  event: 'start',
  fileName: 'backend/src/services/security/securityGovernanceOS.service.ts',
  redisOps: 'none',
  functionName: 'appendAuthEvent:authEventLedger.upsert',
  cacheStatus: 'none',
  dbQueries: [ 'authEventLedger.upsert(auth_evt:dad27f132c6651ff55e0d6a27a)' ],
  eventKey: 'auth_evt:dad27f132c6651ff55e0d6a27a',
  action: 'analytics:view',
  outcome: 'ALLOWED'
}
prisma:error 
Invalid `prisma.dataAccessAuditLedger.upsert()` invocation:


Raw query failed. Code: `unknown`. Message: `Kind: Transactions are not supported by this deployment, labels: {}, source: None`
prisma:error 
Invalid `prisma.isolationAttestationLedger.upsert()` invocation:


Raw query failed. Code: `unknown`. Message: `Kind: Transactions are not supported by this deployment, labels: {}, source: None`
FEATURE_GATE_AWAIT_TRACE {
  event: 'end',
  fileName: 'backend/src/services/security/securityGovernanceOS.service.ts',
  redisOps: 'none',
  functionName: 'attestInfraIsolation:isolationAttestationLedger.upsert',
  durationMs: 6,
  cacheStatus: 'none',
  dbQueries: [
    'isolationAttestationLedger.upsert(isolation_attest:c6f109b9c1cf62d9eaeebf6e)'
  ],
  attestationKey: 'isolation_attest:c6f109b9c1cf62d9eaeebf6e'
}
FEATURE_GATE_AWAIT_TRACE {
  event: 'end',
  fileName: 'backend/src/services/security/securityGovernanceOS.service.ts',
  redisOps: 'none',
  functionName: 'authorizeAccess:attestInfraIsolation',
  durationMs: 7,
  action: 'analytics:view',
  route: null,
  cacheStatus: 'none',
  dbQueries: [ 'isolationAttestationLedger.create' ]
}
prisma:error 
Invalid `prisma.authEventLedger.upsert()` invocation:


Raw query failed. Code: `unknown`. Message: `Kind: Transactions are not supported by this deployment, labels: {}, source: None`
FEATURE_GATE_AWAIT_TRACE {
  event: 'end',
  fileName: 'backend/src/services/security/securityGovernanceOS.service.ts',
  redisOps: 'none',
  functionName: 'appendAuthEvent:authEventLedger.upsert',
  durationMs: 6,
  cacheStatus: 'none',
  dbQueries: [ 'authEventLedger.upsert(auth_evt:dad27f132c6651ff55e0d6a27a)' ],
  eventKey: 'auth_evt:dad27f132c6651ff55e0d6a27a',
  action: 'analytics:view',
  outcome: 'ALLOWED'
}
FEATURE_GATE_AWAIT_TRACE {
  event: 'end',
  fileName: 'backend/src/services/security/securityGovernanceOS.service.ts',
  redisOps: 'none',
  functionName: 'authorizeAccess:appendAuthEvent:authorized',
  durationMs: 8,
  action: 'analytics:view',
  route: null,
  cacheStatus: 'none',
  dbQueries: [ 'authEventLedger.upsert' ]
}
prisma:error 
Invalid `prisma.observabilityEventLedger.findUnique()` invocation:


Raw query failed. Code: `unknown`. Message: `Kind: Server selection timeout: No available servers. Topology: { Type: Unknown, Servers: [ { Address: localhost:27017, Type: Unknown, Error: Kind: I/O error: No connection could be made because the target machine actively refused it. (os error 10061), labels: {}, source: None } ] }, labels: {}, source: None`
prisma:error 
Invalid `prisma.observabilityEventLedger.upsert()` invocation:


Raw query failed. Code: `unknown`. Message: `Kind: Transactions are not supported by this deployment, labels: {}, source: None`
prisma:error 
Invalid `prisma.infrastructureRecoveryLedger.count()` invocation:


Raw query failed. Code: `unknown`. Message: `Kind: Server selection timeout: No available servers. Topology: { Type: Unknown, Servers: [ { Address: localhost:27017, Type: Unknown, Error: Kind: I/O error: No connection could be made because the target machine actively refused it. (os error 10061), labels: {}, source: None } ] }, labels: {}, source: None`
replay_suppressed_count {
  metric: 'replay_suppressed_count',
  value: 0,
  businessId: null,
  route: 'integrations_onboarding_recovery',
  metadata: {
    suppression: 'queue_not_writable',
    suspendMs: 60000,
    queueDepth: 0,
    redisCircuitOpen: false
  },
  recordedAt: '2026-07-06T15:41:30.073Z'
}
FEATURE_GATE_AWAIT_TRACE {
  event: 'start',
  fileName: 'backend/src/services/security/securityGovernanceOS.service.ts',
  redisOps: 'none',
  functionName: 'assertAuthorizedAccess:authorizeAccess',
  action: 'analytics:view',
  route: null,
  cacheStatus: 'delegated',
  dbQueries: [ 'see nested FEATURE_GATE_AWAIT_TRACE events' ]
}
FEATURE_GATE_AWAIT_TRACE {
  event: 'start',
  fileName: 'backend/src/services/security/securityGovernanceOS.service.ts',
  redisOps: 'none',
  functionName: 'authorizeAccess:assertTenantIsolation',
  action: 'analytics:view',
  route: null,
  cacheStatus: 'none',
  dbQueries: [ 'tenantIsolationLedger.upsert' ]
}
FEATURE_GATE_AWAIT_TRACE {
  event: 'end',
  fileName: 'backend/src/services/security/securityGovernanceOS.service.ts',
  redisOps: 'none',
  functionName: 'authorizeAccess:assertTenantIsolation',
  durationMs: 5,
  action: 'analytics:view',
  route: null,
  cacheStatus: 'none',
  dbQueries: [ 'tenantIsolationLedger.upsert' ]
}
FEATURE_GATE_AWAIT_TRACE {
  event: 'end',
  fileName: 'backend/src/services/security/securityGovernanceOS.service.ts',
  redisOps: 'none',
  functionName: 'assertAuthorizedAccess:authorizeAccess',
  durationMs: 7,
  action: 'analytics:view',
  route: null,
  cacheStatus: 'delegated',
  dbQueries: [ 'see nested FEATURE_GATE_AWAIT_TRACE events' ]
}
FEATURE_GATE_AWAIT_TRACE {
  event: 'start',
  fileName: 'backend/src/services/security/securityGovernanceOS.service.ts',
  redisOps: 'none',
  functionName: 'authorizeAccess:attestInfraIsolation',
  action: 'analytics:view',
  route: null,
  cacheStatus: 'none',
  dbQueries: [ 'isolationAttestationLedger.create' ]
}
FEATURE_GATE_AWAIT_TRACE {
  event: 'start',
  fileName: 'backend/src/services/security/securityGovernanceOS.service.ts',
  redisOps: 'none',
  functionName: 'attestInfraIsolation:isolationAttestationLedger.upsert',
  cacheStatus: 'none',
  dbQueries: [
    'isolationAttestationLedger.upsert(isolation_attest:8fe409a2098042950902d8d0)'
  ],
  attestationKey: 'isolation_attest:8fe409a2098042950902d8d0'
}
FEATURE_GATE_AWAIT_TRACE {
  event: 'start',
  fileName: 'backend/src/services/security/securityGovernanceOS.service.ts',
  redisOps: 'none',
  functionName: 'authorizeAccess:appendAuthEvent:authorized',
  action: 'analytics:view',
  route: null,
  cacheStatus: 'none',
  dbQueries: [ 'authEventLedger.upsert' ]
}
FEATURE_GATE_AWAIT_TRACE {
  event: 'start',
  fileName: 'backend/src/services/security/securityGovernanceOS.service.ts',
  redisOps: 'none',
  functionName: 'appendAuthEvent:authEventLedger.upsert',
  cacheStatus: 'none',
  dbQueries: [ 'authEventLedger.upsert(auth_evt:ea0aafd20245f6a6bfc56a0319)' ],
  eventKey: 'auth_evt:ea0aafd20245f6a6bfc56a0319',
  action: 'analytics:view',
  outcome: 'ALLOWED'
}
prisma:error 
Invalid `prisma.dataAccessAuditLedger.upsert()` invocation:


Raw query failed. Code: `unknown`. Message: `Kind: Transactions are not supported by this deployment, labels: {}, source: None`
prisma:error 
Invalid `prisma.isolationAttestationLedger.upsert()` invocation:


Raw query failed. Code: `unknown`. Message: `Kind: Transactions are not supported by this deployment, labels: {}, source: None`
FEATURE_GATE_AWAIT_TRACE {
  event: 'end',
  fileName: 'backend/src/services/security/securityGovernanceOS.service.ts',
  redisOps: 'none',
  functionName: 'attestInfraIsolation:isolationAttestationLedger.upsert',
  durationMs: 7,
  cacheStatus: 'none',
  dbQueries: [
    'isolationAttestationLedger.upsert(isolation_attest:8fe409a2098042950902d8d0)'
  ],
  attestationKey: 'isolation_attest:8fe409a2098042950902d8d0'
}
FEATURE_GATE_AWAIT_TRACE {
  event: 'end',
  fileName: 'backend/src/services/security/securityGovernanceOS.service.ts',
  redisOps: 'none',
  functionName: 'authorizeAccess:attestInfraIsolation',
  durationMs: 9,
  action: 'analytics:view',
  route: null,
  cacheStatus: 'none',
  dbQueries: [ 'isolationAttestationLedger.create' ]
}
prisma:error 
Invalid `prisma.authEventLedger.upsert()` invocation:


Raw query failed. Code: `unknown`. Message: `Kind: Transactions are not supported by this deployment, labels: {}, source: None`
FEATURE_GATE_AWAIT_TRACE {
  event: 'end',
  fileName: 'backend/src/services/security/securityGovernanceOS.service.ts',
  redisOps: 'none',
  functionName: 'appendAuthEvent:authEventLedger.upsert',
  durationMs: 7,
  cacheStatus: 'none',
  dbQueries: [ 'authEventLedger.upsert(auth_evt:ea0aafd20245f6a6bfc56a0319)' ],
  eventKey: 'auth_evt:ea0aafd20245f6a6bfc56a0319',
  action: 'analytics:view',
  outcome: 'ALLOWED'
}
FEATURE_GATE_AWAIT_TRACE {
  event: 'end',
  fileName: 'backend/src/services/security/securityGovernanceOS.service.ts',
  redisOps: 'none',
  functionName: 'authorizeAccess:appendAuthEvent:authorized',
  durationMs: 8,
  action: 'analytics:view',
  route: null,
  cacheStatus: 'none',
  dbQueries: [ 'authEventLedger.upsert' ]
}
prisma:error 
Invalid `prisma.observabilityEventLedger.findUnique()` invocation:


Raw query failed. Code: `unknown`. Message: `Kind: Server selection timeout: No available servers. Topology: { Type: Unknown, Servers: [ { Address: localhost:27017, Type: Unknown, Error: Kind: I/O error: No connection could be made because the target machine actively refused it. (os error 10061), labels: {}, source: None } ] }, labels: {}, source: None`
prisma:error 
Invalid `prisma.observabilityEventLedger.upsert()` invocation:


Raw query failed. Code: `unknown`. Message: `Kind: Transactions are not supported by this deployment, labels: {}, source: None`
prisma:error 
Invalid `prisma.infrastructureRecoveryLedger.count()` invocation:


Raw query failed. Code: `unknown`. Message: `Kind: Server selection timeout: No available servers. Topology: { Type: Unknown, Servers: [ { Address: localhost:27017, Type: Unknown, Error: Kind: I/O error: No connection could be made because the target machine actively refused it. (os error 10061), labels: {}, source: None } ] }, labels: {}, source: None`
replay_suppressed_count {
  metric: 'replay_suppressed_count',
  value: 0,
  businessId: null,
  route: 'integrations_onboarding_recovery',
  metadata: {
    suppression: 'queue_not_writable',
    suspendMs: 60000,
    queueDepth: 0,
    redisCircuitOpen: false
  },
  recordedAt: '2026-07-06T15:42:30.039Z'
}
FEATURE_GATE_AWAIT_TRACE {
  event: 'start',
  fileName: 'backend/src/services/security/securityGovernanceOS.service.ts',
  redisOps: 'none',
  functionName: 'assertAuthorizedAccess:authorizeAccess',
  action: 'analytics:view',
  route: null,
  cacheStatus: 'delegated',
  dbQueries: [ 'see nested FEATURE_GATE_AWAIT_TRACE events' ]
}
FEATURE_GATE_AWAIT_TRACE {
  event: 'start',
  fileName: 'backend/src/services/security/securityGovernanceOS.service.ts',
  redisOps: 'none',
  functionName: 'authorizeAccess:assertTenantIsolation',
  action: 'analytics:view',
  route: null,
  cacheStatus: 'none',
  dbQueries: [ 'tenantIsolationLedger.upsert' ]
}
FEATURE_GATE_AWAIT_TRACE {
  event: 'end',
  fileName: 'backend/src/services/security/securityGovernanceOS.service.ts',
  redisOps: 'none',
  functionName: 'authorizeAccess:assertTenantIsolation',
  durationMs: 1,
  action: 'analytics:view',
  route: null,
  cacheStatus: 'none',
  dbQueries: [ 'tenantIsolationLedger.upsert' ]
}
FEATURE_GATE_AWAIT_TRACE {
  event: 'end',
  fileName: 'backend/src/services/security/securityGovernanceOS.service.ts',
  redisOps: 'none',
  functionName: 'assertAuthorizedAccess:authorizeAccess',
  durationMs: 3,
  action: 'analytics:view',
  route: null,
  cacheStatus: 'delegated',
  dbQueries: [ 'see nested FEATURE_GATE_AWAIT_TRACE events' ]
}
FEATURE_GATE_AWAIT_TRACE {
  event: 'start',
  fileName: 'backend/src/services/security/securityGovernanceOS.service.ts',
  redisOps: 'none',
  functionName: 'authorizeAccess:attestInfraIsolation',
  action: 'analytics:view',
  route: null,
  cacheStatus: 'none',
  dbQueries: [ 'isolationAttestationLedger.create' ]
}
FEATURE_GATE_AWAIT_TRACE {
  event: 'start',
  fileName: 'backend/src/services/security/securityGovernanceOS.service.ts',
  redisOps: 'none',
  functionName: 'attestInfraIsolation:isolationAttestationLedger.upsert',
  cacheStatus: 'none',
  dbQueries: [
    'isolationAttestationLedger.upsert(isolation_attest:1b8ed170b38922b670056902)'
  ],
  attestationKey: 'isolation_attest:1b8ed170b38922b670056902'
}
FEATURE_GATE_AWAIT_TRACE {
  event: 'start',
  fileName: 'backend/src/services/security/securityGovernanceOS.service.ts',
  redisOps: 'none',
  functionName: 'authorizeAccess:appendAuthEvent:authorized',
  action: 'analytics:view',
  route: null,
  cacheStatus: 'none',
  dbQueries: [ 'authEventLedger.upsert' ]
}
FEATURE_GATE_AWAIT_TRACE {
  event: 'start',
  fileName: 'backend/src/services/security/securityGovernanceOS.service.ts',
  redisOps: 'none',
  functionName: 'appendAuthEvent:authEventLedger.upsert',
  cacheStatus: 'none',
  dbQueries: [ 'authEventLedger.upsert(auth_evt:84cfcd6960a318935dd3b580ff)' ],
  eventKey: 'auth_evt:84cfcd6960a318935dd3b580ff',
  action: 'analytics:view',
  outcome: 'ALLOWED'
}
prisma:error 
Invalid `prisma.dataAccessAuditLedger.upsert()` invocation:


Raw query failed. Code: `unknown`. Message: `Kind: Transactions are not supported by this deployment, labels: {}, source: None`
prisma:error 
Invalid `prisma.isolationAttestationLedger.upsert()` invocation:


Raw query failed. Code: `unknown`. Message: `Kind: Transactions are not supported by this deployment, labels: {}, source: None`
FEATURE_GATE_AWAIT_TRACE {
  event: 'end',
  fileName: 'backend/src/services/security/securityGovernanceOS.service.ts',
  redisOps: 'none',
  functionName: 'attestInfraIsolation:isolationAttestationLedger.upsert',
  durationMs: 4,
  cacheStatus: 'none',
  dbQueries: [
    'isolationAttestationLedger.upsert(isolation_attest:1b8ed170b38922b670056902)'
  ],
  attestationKey: 'isolation_attest:1b8ed170b38922b670056902'
}
FEATURE_GATE_AWAIT_TRACE {
  event: 'end',
  fileName: 'backend/src/services/security/securityGovernanceOS.service.ts',
  redisOps: 'none',
  functionName: 'authorizeAccess:attestInfraIsolation',
  durationMs: 4,
  action: 'analytics:view',
  route: null,
  cacheStatus: 'none',
  dbQueries: [ 'isolationAttestationLedger.create' ]
}
prisma:error 
Invalid `prisma.authEventLedger.upsert()` invocation:


Raw query failed. Code: `unknown`. Message: `Kind: Transactions are not supported by this deployment, labels: {}, source: None`
FEATURE_GATE_AWAIT_TRACE {
  event: 'end',
  fileName: 'backend/src/services/security/securityGovernanceOS.service.ts',
  redisOps: 'none',
  functionName: 'appendAuthEvent:authEventLedger.upsert',
  durationMs: 3,
  cacheStatus: 'none',
  dbQueries: [ 'authEventLedger.upsert(auth_evt:84cfcd6960a318935dd3b580ff)' ],
  eventKey: 'auth_evt:84cfcd6960a318935dd3b580ff',
  action: 'analytics:view',
  outcome: 'ALLOWED'
}
FEATURE_GATE_AWAIT_TRACE {
  event: 'end',
  fileName: 'backend/src/services/security/securityGovernanceOS.service.ts',
  redisOps: 'none',
  functionName: 'authorizeAccess:appendAuthEvent:authorized',
  durationMs: 4,
  action: 'analytics:view',
  route: null,
  cacheStatus: 'none',
  dbQueries: [ 'authEventLedger.upsert' ]
}
prisma:error 
Invalid `prisma.observabilityEventLedger.findUnique()` invocation:


Raw query failed. Code: `unknown`. Message: `Kind: Server selection timeout: No available servers. Topology: { Type: Unknown, Servers: [ { Address: localhost:27017, Type: Unknown, Error: Kind: I/O error: No connection could be made because the target machine actively refused it. (os error 10061), labels: {}, source: None } ] }, labels: {}, source: None`
prisma:error 
Invalid `prisma.observabilityEventLedger.upsert()` invocation:


Raw query failed. Code: `unknown`. Message: `Kind: Transactions are not supported by this deployment, labels: {}, source: None`
prisma:error 
Invalid `prisma.infrastructureRecoveryLedger.count()` invocation:


Raw query failed. Code: `unknown`. Message: `Kind: Server selection timeout: No available servers. Topology: { Type: Unknown, Servers: [ { Address: localhost:27017, Type: Unknown, Error: Kind: I/O error: No connection could be made because the target machine actively refused it. (os error 10061), labels: {}, source: None } ] }, labels: {}, source: None`
replay_suppressed_count {
  metric: 'replay_suppressed_count',
  value: 0,
  businessId: null,
  route: 'integrations_onboarding_recovery',
  metadata: {
    suppression: 'queue_not_writable',
    suspendMs: 60000,
    queueDepth: 0,
    redisCircuitOpen: false
  },
  recordedAt: '2026-07-06T15:43:30.040Z'
}
FEATURE_GATE_AWAIT_TRACE {
  event: 'start',
  fileName: 'backend/src/services/security/securityGovernanceOS.service.ts',
  redisOps: 'none',
  functionName: 'assertAuthorizedAccess:authorizeAccess',
  action: 'analytics:view',
  route: null,
  cacheStatus: 'delegated',
  dbQueries: [ 'see nested FEATURE_GATE_AWAIT_TRACE events' ]
}
FEATURE_GATE_AWAIT_TRACE {
  event: 'start',
  fileName: 'backend/src/services/security/securityGovernanceOS.service.ts',
  redisOps: 'none',
  functionName: 'authorizeAccess:assertTenantIsolation',
  action: 'analytics:view',
  route: null,
  cacheStatus: 'none',
  dbQueries: [ 'tenantIsolationLedger.upsert' ]
}
FEATURE_GATE_AWAIT_TRACE {
  event: 'end',
  fileName: 'backend/src/services/security/securityGovernanceOS.service.ts',
  redisOps: 'none',
  functionName: 'authorizeAccess:assertTenantIsolation',
  durationMs: 0,
  action: 'analytics:view',
  route: null,
  cacheStatus: 'none',
  dbQueries: [ 'tenantIsolationLedger.upsert' ]
}
FEATURE_GATE_AWAIT_TRACE {
  event: 'end',
  fileName: 'backend/src/services/security/securityGovernanceOS.service.ts',
  redisOps: 'none',
  functionName: 'assertAuthorizedAccess:authorizeAccess',
  durationMs: 2,
  action: 'analytics:view',
  route: null,
  cacheStatus: 'delegated',
  dbQueries: [ 'see nested FEATURE_GATE_AWAIT_TRACE events' ]
}
FEATURE_GATE_AWAIT_TRACE {
  event: 'start',
  fileName: 'backend/src/services/security/securityGovernanceOS.service.ts',
  redisOps: 'none',
  functionName: 'authorizeAccess:attestInfraIsolation',
  action: 'analytics:view',
  route: null,
  cacheStatus: 'none',
  dbQueries: [ 'isolationAttestationLedger.create' ]
}
FEATURE_GATE_AWAIT_TRACE {
  event: 'start',
  fileName: 'backend/src/services/security/securityGovernanceOS.service.ts',
  redisOps: 'none',
  functionName: 'attestInfraIsolation:isolationAttestationLedger.upsert',
  cacheStatus: 'none',
  dbQueries: [
    'isolationAttestationLedger.upsert(isolation_attest:b2a25c7a821a2e946c14d7c2)'
  ],
  attestationKey: 'isolation_attest:b2a25c7a821a2e946c14d7c2'
}
FEATURE_GATE_AWAIT_TRACE {
  event: 'start',
  fileName: 'backend/src/services/security/securityGovernanceOS.service.ts',
  redisOps: 'none',
  functionName: 'authorizeAccess:appendAuthEvent:authorized',
  action: 'analytics:view',
  route: null,
  cacheStatus: 'none',
  dbQueries: [ 'authEventLedger.upsert' ]
}
FEATURE_GATE_AWAIT_TRACE {
  event: 'start',
  fileName: 'backend/src/services/security/securityGovernanceOS.service.ts',
  redisOps: 'none',
  functionName: 'appendAuthEvent:authEventLedger.upsert',
  cacheStatus: 'none',
  dbQueries: [ 'authEventLedger.upsert(auth_evt:3aa7bc6e1c4b3fcfec6f05a9ea)' ],
  eventKey: 'auth_evt:3aa7bc6e1c4b3fcfec6f05a9ea',
  action: 'analytics:view',
  outcome: 'ALLOWED'
}
prisma:error 
Invalid `prisma.dataAccessAuditLedger.upsert()` invocation:


Raw query failed. Code: `unknown`. Message: `Kind: Transactions are not supported by this deployment, labels: {}, source: None`
prisma:error 
Invalid `prisma.isolationAttestationLedger.upsert()` invocation:


Raw query failed. Code: `unknown`. Message: `Kind: Transactions are not supported by this deployment, labels: {}, source: None`
FEATURE_GATE_AWAIT_TRACE {
  event: 'end',
  fileName: 'backend/src/services/security/securityGovernanceOS.service.ts',
  redisOps: 'none',
  functionName: 'attestInfraIsolation:isolationAttestationLedger.upsert',
  durationMs: 3,
  cacheStatus: 'none',
  dbQueries: [
    'isolationAttestationLedger.upsert(isolation_attest:b2a25c7a821a2e946c14d7c2)'
  ],
  attestationKey: 'isolation_attest:b2a25c7a821a2e946c14d7c2'
}
FEATURE_GATE_AWAIT_TRACE {
  event: 'end',
  fileName: 'backend/src/services/security/securityGovernanceOS.service.ts',
  redisOps: 'none',
  functionName: 'authorizeAccess:attestInfraIsolation',
  durationMs: 4,
  action: 'analytics:view',
  route: null,
  cacheStatus: 'none',
  dbQueries: [ 'isolationAttestationLedger.create' ]
}
prisma:error 
Invalid `prisma.authEventLedger.upsert()` invocation:


Raw query failed. Code: `unknown`. Message: `Kind: Transactions are not supported by this deployment, labels: {}, source: None`
FEATURE_GATE_AWAIT_TRACE {
  event: 'end',
  fileName: 'backend/src/services/security/securityGovernanceOS.service.ts',
  redisOps: 'none',
  functionName: 'appendAuthEvent:authEventLedger.upsert',
  durationMs: 3,
  cacheStatus: 'none',
  dbQueries: [ 'authEventLedger.upsert(auth_evt:3aa7bc6e1c4b3fcfec6f05a9ea)' ],
  eventKey: 'auth_evt:3aa7bc6e1c4b3fcfec6f05a9ea',
  action: 'analytics:view',
  outcome: 'ALLOWED'
}
FEATURE_GATE_AWAIT_TRACE {
  event: 'end',
  fileName: 'backend/src/services/security/securityGovernanceOS.service.ts',
  redisOps: 'none',
  functionName: 'authorizeAccess:appendAuthEvent:authorized',
  durationMs: 4,
  action: 'analytics:view',
  route: null,
  cacheStatus: 'none',
  dbQueries: [ 'authEventLedger.upsert' ]
}
prisma:error 
Invalid `prisma.observabilityEventLedger.findUnique()` invocation:


Raw query failed. Code: `unknown`. Message: `Kind: Server selection timeout: No available servers. Topology: { Type: Unknown, Servers: [ { Address: localhost:27017, Type: Unknown, Error: Kind: I/O error: No connection could be made because the target machine actively refused it. (os error 10061), labels: {}, source: None } ] }, labels: {}, source: None`
prisma:error 
Invalid `prisma.observabilityEventLedger.upsert()` invocation:


Raw query failed. Code: `unknown`. Message: `Kind: Transactions are not supported by this deployment, labels: {}, source: None`
prisma:error 
Invalid `prisma.infrastructureRecoveryLedger.count()` invocation:


Raw query failed. Code: `unknown`. Message: `Kind: Server selection timeout: No available servers. Topology: { Type: Unknown, Servers: [ { Address: localhost:27017, Type: Unknown, Error: Kind: I/O error: No connection could be made because the target machine actively refused it. (os error 10061), labels: {}, source: None } ] }, labels: {}, source: None`
replay_suppressed_count {
  metric: 'replay_suppressed_count',
  value: 0,
  businessId: null,
  route: 'integrations_onboarding_recovery',
  metadata: {
    suppression: 'queue_not_writable',
    suspendMs: 60000,
    queueDepth: 0,
    redisCircuitOpen: false
  },
  recordedAt: '2026-07-06T15:44:30.038Z'
}
FEATURE_GATE_AWAIT_TRACE {
  event: 'start',
  fileName: 'backend/src/services/security/securityGovernanceOS.service.ts',
  redisOps: 'none',
  functionName: 'assertAuthorizedAccess:authorizeAccess',
  action: 'analytics:view',
  route: null,
  cacheStatus: 'delegated',
  dbQueries: [ 'see nested FEATURE_GATE_AWAIT_TRACE events' ]
}
FEATURE_GATE_AWAIT_TRACE {
  event: 'start',
  fileName: 'backend/src/services/security/securityGovernanceOS.service.ts',
  redisOps: 'none',
  functionName: 'authorizeAccess:assertTenantIsolation',
  action: 'analytics:view',
  route: null,
  cacheStatus: 'none',
  dbQueries: [ 'tenantIsolationLedger.upsert' ]
}
FEATURE_GATE_AWAIT_TRACE {
  event: 'end',
  fileName: 'backend/src/services/security/securityGovernanceOS.service.ts',
  redisOps: 'none',
  functionName: 'authorizeAccess:assertTenantIsolation',
  durationMs: 0,
  action: 'analytics:view',
  route: null,
  cacheStatus: 'none',
  dbQueries: [ 'tenantIsolationLedger.upsert' ]
}
FEATURE_GATE_AWAIT_TRACE {
  event: 'end',
  fileName: 'backend/src/services/security/securityGovernanceOS.service.ts',
  redisOps: 'none',
  functionName: 'assertAuthorizedAccess:authorizeAccess',
  durationMs: 3,
  action: 'analytics:view',
  route: null,
  cacheStatus: 'delegated',
  dbQueries: [ 'see nested FEATURE_GATE_AWAIT_TRACE events' ]
}
FEATURE_GATE_AWAIT_TRACE {
  event: 'start',
  fileName: 'backend/src/services/security/securityGovernanceOS.service.ts',
  redisOps: 'none',
  functionName: 'authorizeAccess:attestInfraIsolation',
  action: 'analytics:view',
  route: null,
  cacheStatus: 'none',
  dbQueries: [ 'isolationAttestationLedger.create' ]
}
FEATURE_GATE_AWAIT_TRACE {
  event: 'start',
  fileName: 'backend/src/services/security/securityGovernanceOS.service.ts',
  redisOps: 'none',
  functionName: 'attestInfraIsolation:isolationAttestationLedger.upsert',
  cacheStatus: 'none',
  dbQueries: [
    'isolationAttestationLedger.upsert(isolation_attest:e9a8f831e25f642ed31d80bf)'
  ],
  attestationKey: 'isolation_attest:e9a8f831e25f642ed31d80bf'
}
FEATURE_GATE_AWAIT_TRACE {
  event: 'start',
  fileName: 'backend/src/services/security/securityGovernanceOS.service.ts',
  redisOps: 'none',
  functionName: 'authorizeAccess:appendAuthEvent:authorized',
  action: 'analytics:view',
  route: null,
  cacheStatus: 'none',
  dbQueries: [ 'authEventLedger.upsert' ]
}
FEATURE_GATE_AWAIT_TRACE {
  event: 'start',
  fileName: 'backend/src/services/security/securityGovernanceOS.service.ts',
  redisOps: 'none',
  functionName: 'appendAuthEvent:authEventLedger.upsert',
  cacheStatus: 'none',
  dbQueries: [ 'authEventLedger.upsert(auth_evt:b58cdc317c15b499cba1f1bc11)' ],
  eventKey: 'auth_evt:b58cdc317c15b499cba1f1bc11',
  action: 'analytics:view',
  outcome: 'ALLOWED'
}
prisma:error 
Invalid `prisma.dataAccessAuditLedger.upsert()` invocation:


Raw query failed. Code: `unknown`. Message: `Kind: Transactions are not supported by this deployment, labels: {}, source: None`
prisma:error 
Invalid `prisma.isolationAttestationLedger.upsert()` invocation:


Raw query failed. Code: `unknown`. Message: `Kind: Transactions are not supported by this deployment, labels: {}, source: None`
FEATURE_GATE_AWAIT_TRACE {
  event: 'end',
  fileName: 'backend/src/services/security/securityGovernanceOS.service.ts',
  redisOps: 'none',
  functionName: 'attestInfraIsolation:isolationAttestationLedger.upsert',
  durationMs: 3,
  cacheStatus: 'none',
  dbQueries: [
    'isolationAttestationLedger.upsert(isolation_attest:e9a8f831e25f642ed31d80bf)'
  ],
  attestationKey: 'isolation_attest:e9a8f831e25f642ed31d80bf'
}
FEATURE_GATE_AWAIT_TRACE {
  event: 'end',
  fileName: 'backend/src/services/security/securityGovernanceOS.service.ts',
  redisOps: 'none',
  functionName: 'authorizeAccess:attestInfraIsolation',
  durationMs: 4,
  action: 'analytics:view',
  route: null,
  cacheStatus: 'none',
  dbQueries: [ 'isolationAttestationLedger.create' ]
}
prisma:error 
Invalid `prisma.authEventLedger.upsert()` invocation:


Raw query failed. Code: `unknown`. Message: `Kind: Transactions are not supported by this deployment, labels: {}, source: None`
FEATURE_GATE_AWAIT_TRACE {
  event: 'end',
  fileName: 'backend/src/services/security/securityGovernanceOS.service.ts',
  redisOps: 'none',
  functionName: 'appendAuthEvent:authEventLedger.upsert',
  durationMs: 6,
  cacheStatus: 'none',
  dbQueries: [ 'authEventLedger.upsert(auth_evt:b58cdc317c15b499cba1f1bc11)' ],
  eventKey: 'auth_evt:b58cdc317c15b499cba1f1bc11',
  action: 'analytics:view',
  outcome: 'ALLOWED'
}
FEATURE_GATE_AWAIT_TRACE {
  event: 'end',
  fileName: 'backend/src/services/security/securityGovernanceOS.service.ts',
  redisOps: 'none',
  functionName: 'authorizeAccess:appendAuthEvent:authorized',
  durationMs: 8,
  action: 'analytics:view',
  route: null,
  cacheStatus: 'none',
  dbQueries: [ 'authEventLedger.upsert' ]
}
prisma:error 
Invalid `prisma.observabilityEventLedger.findUnique()` invocation:


Raw query failed. Code: `unknown`. Message: `Kind: Server selection timeout: No available servers. Topology: { Type: Unknown, Servers: [ { Address: localhost:27017, Type: Unknown, Error: Kind: I/O error: No connection could be made because the target machine actively refused it. (os error 10061), labels: {}, source: None } ] }, labels: {}, source: None`
prisma:error 
Invalid `prisma.observabilityEventLedger.upsert()` invocation:


Raw query failed. Code: `unknown`. Message: `Kind: Transactions are not supported by this deployment, labels: {}, source: None`
prisma:error 
Invalid `prisma.infrastructureRecoveryLedger.count()` invocation:


Raw query failed. Code: `unknown`. Message: `Kind: Server selection timeout: No available servers. Topology: { Type: Unknown, Servers: [ { Address: localhost:27017, Type: Unknown, Error: Kind: I/O error: No connection could be made because the target machine actively refused it. (os error 10061), labels: {}, source: None } ] }, labels: {}, source: None`
replay_suppressed_count {
  metric: 'replay_suppressed_count',
  value: 0,
  businessId: null,
  route: 'integrations_onboarding_recovery',
  metadata: {
    suppression: 'queue_not_writable',
    suspendMs: 60000,
    queueDepth: 0,
    redisCircuitOpen: false
  },
  recordedAt: '2026-07-06T15:45:30.039Z'
}
FEATURE_GATE_AWAIT_TRACE {
  event: 'start',
  fileName: 'backend/src/services/security/securityGovernanceOS.service.ts',
  redisOps: 'none',
  functionName: 'assertAuthorizedAccess:authorizeAccess',
  action: 'analytics:view',
  route: null,
  cacheStatus: 'delegated',
  dbQueries: [ 'see nested FEATURE_GATE_AWAIT_TRACE events' ]
}
FEATURE_GATE_AWAIT_TRACE {
  event: 'start',
  fileName: 'backend/src/services/security/securityGovernanceOS.service.ts',
  redisOps: 'none',
  functionName: 'authorizeAccess:assertTenantIsolation',
  action: 'analytics:view',
  route: null,
  cacheStatus: 'none',
  dbQueries: [ 'tenantIsolationLedger.upsert' ]
}
FEATURE_GATE_AWAIT_TRACE {
  event: 'end',
  fileName: 'backend/src/services/security/securityGovernanceOS.service.ts',
  redisOps: 'none',
  functionName: 'authorizeAccess:assertTenantIsolation',
  durationMs: 0,
  action: 'analytics:view',
  route: null,
  cacheStatus: 'none',
  dbQueries: [ 'tenantIsolationLedger.upsert' ]
}
FEATURE_GATE_AWAIT_TRACE {
  event: 'end',
  fileName: 'backend/src/services/security/securityGovernanceOS.service.ts',
  redisOps: 'none',
  functionName: 'assertAuthorizedAccess:authorizeAccess',
  durationMs: 2,
  action: 'analytics:view',
  route: null,
  cacheStatus: 'delegated',
  dbQueries: [ 'see nested FEATURE_GATE_AWAIT_TRACE events' ]
}
FEATURE_GATE_AWAIT_TRACE {
  event: 'start',
  fileName: 'backend/src/services/security/securityGovernanceOS.service.ts',
  redisOps: 'none',
  functionName: 'authorizeAccess:attestInfraIsolation',
  action: 'analytics:view',
  route: null,
  cacheStatus: 'none',
  dbQueries: [ 'isolationAttestationLedger.create' ]
}
FEATURE_GATE_AWAIT_TRACE {
  event: 'start',
  fileName: 'backend/src/services/security/securityGovernanceOS.service.ts',
  redisOps: 'none',
  functionName: 'attestInfraIsolation:isolationAttestationLedger.upsert',
  cacheStatus: 'none',
  dbQueries: [
    'isolationAttestationLedger.upsert(isolation_attest:70a259ccad52c3858ecadb34)'
  ],
  attestationKey: 'isolation_attest:70a259ccad52c3858ecadb34'
}
FEATURE_GATE_AWAIT_TRACE {
  event: 'start',
  fileName: 'backend/src/services/security/securityGovernanceOS.service.ts',
  redisOps: 'none',
  functionName: 'authorizeAccess:appendAuthEvent:authorized',
  action: 'analytics:view',
  route: null,
  cacheStatus: 'none',
  dbQueries: [ 'authEventLedger.upsert' ]
}
FEATURE_GATE_AWAIT_TRACE {
  event: 'start',
  fileName: 'backend/src/services/security/securityGovernanceOS.service.ts',
  redisOps: 'none',
  functionName: 'appendAuthEvent:authEventLedger.upsert',
  cacheStatus: 'none',
  dbQueries: [ 'authEventLedger.upsert(auth_evt:bf8b144a29a65c83ac7392d5f6)' ],
  eventKey: 'auth_evt:bf8b144a29a65c83ac7392d5f6',
  action: 'analytics:view',
  outcome: 'ALLOWED'
}
prisma:error 
Invalid `prisma.dataAccessAuditLedger.upsert()` invocation:


Raw query failed. Code: `unknown`. Message: `Kind: Transactions are not supported by this deployment, labels: {}, source: None`
prisma:error 
Invalid `prisma.isolationAttestationLedger.upsert()` invocation:


Raw query failed. Code: `unknown`. Message: `Kind: Transactions are not supported by this deployment, labels: {}, source: None`
FEATURE_GATE_AWAIT_TRACE {
  event: 'end',
  fileName: 'backend/src/services/security/securityGovernanceOS.service.ts',
  redisOps: 'none',
  functionName: 'attestInfraIsolation:isolationAttestationLedger.upsert',
  durationMs: 4,
  cacheStatus: 'none',
  dbQueries: [
    'isolationAttestationLedger.upsert(isolation_attest:70a259ccad52c3858ecadb34)'
  ],
  attestationKey: 'isolation_attest:70a259ccad52c3858ecadb34'
}
FEATURE_GATE_AWAIT_TRACE {
  event: 'end',
  fileName: 'backend/src/services/security/securityGovernanceOS.service.ts',
  redisOps: 'none',
  functionName: 'authorizeAccess:attestInfraIsolation',
  durationMs: 7,
  action: 'analytics:view',
  route: null,
  cacheStatus: 'none',
  dbQueries: [ 'isolationAttestationLedger.create' ]
}
prisma:error 
Invalid `prisma.authEventLedger.upsert()` invocation:


Raw query failed. Code: `unknown`. Message: `Kind: Transactions are not supported by this deployment, labels: {}, source: None`
FEATURE_GATE_AWAIT_TRACE {
  event: 'end',
  fileName: 'backend/src/services/security/securityGovernanceOS.service.ts',
  redisOps: 'none',
  functionName: 'appendAuthEvent:authEventLedger.upsert',
  durationMs: 7,
  cacheStatus: 'none',
  dbQueries: [ 'authEventLedger.upsert(auth_evt:bf8b144a29a65c83ac7392d5f6)' ],
  eventKey: 'auth_evt:bf8b144a29a65c83ac7392d5f6',
  action: 'analytics:view',
  outcome: 'ALLOWED'
}
FEATURE_GATE_AWAIT_TRACE {
  event: 'end',
  fileName: 'backend/src/services/security/securityGovernanceOS.service.ts',
  redisOps: 'none',
  functionName: 'authorizeAccess:appendAuthEvent:authorized',
  durationMs: 8,
  action: 'analytics:view',
  route: null,
  cacheStatus: 'none',
  dbQueries: [ 'authEventLedger.upsert' ]
}
prisma:error 
Invalid `prisma.observabilityEventLedger.findUnique()` invocation:


Raw query failed. Code: `unknown`. Message: `Kind: Server selection timeout: No available servers. Topology: { Type: Unknown, Servers: [ { Address: localhost:27017, Type: Unknown, Error: Kind: I/O error: No connection could be made because the target machine actively refused it. (os error 10061), labels: {}, source: None } ] }, labels: {}, source: None`
prisma:error 
Invalid `prisma.observabilityEventLedger.upsert()` invocation:


Raw query failed. Code: `unknown`. Message: `Kind: Transactions are not supported by this deployment, labels: {}, source: None`
prisma:error 
Invalid `prisma.infrastructureRecoveryLedger.count()` invocation:


Raw query failed. Code: `unknown`. Message: `Kind: Server selection timeout: No available servers. Topology: { Type: Unknown, Servers: [ { Address: localhost:27017, Type: Unknown, Error: Kind: I/O error: No connection could be made because the target machine actively refused it. (os error 10061), labels: {}, source: None } ] }, labels: {}, source: None`
replay_suppressed_count {
  metric: 'replay_suppressed_count',
  value: 0,
  businessId: null,
  route: 'integrations_onboarding_recovery',
  metadata: {
    suppression: 'queue_not_writable',
    suspendMs: 60000,
    queueDepth: 0,
    redisCircuitOpen: false
  },
  recordedAt: '2026-07-06T15:46:30.040Z'
}
FEATURE_GATE_AWAIT_TRACE {
  event: 'start',
  fileName: 'backend/src/services/security/securityGovernanceOS.service.ts',
  redisOps: 'none',
  functionName: 'assertAuthorizedAccess:authorizeAccess',
  action: 'analytics:view',
  route: null,
  cacheStatus: 'delegated',
  dbQueries: [ 'see nested FEATURE_GATE_AWAIT_TRACE events' ]
}
FEATURE_GATE_AWAIT_TRACE {
  event: 'start',
  fileName: 'backend/src/services/security/securityGovernanceOS.service.ts',
  redisOps: 'none',
  functionName: 'authorizeAccess:assertTenantIsolation',
  action: 'analytics:view',
  route: null,
  cacheStatus: 'none',
  dbQueries: [ 'tenantIsolationLedger.upsert' ]
}
FEATURE_GATE_AWAIT_TRACE {
  event: 'end',
  fileName: 'backend/src/services/security/securityGovernanceOS.service.ts',
  redisOps: 'none',
  functionName: 'authorizeAccess:assertTenantIsolation',
  durationMs: 1,
  action: 'analytics:view',
  route: null,
  cacheStatus: 'none',
  dbQueries: [ 'tenantIsolationLedger.upsert' ]
}
FEATURE_GATE_AWAIT_TRACE {
  event: 'end',
  fileName: 'backend/src/services/security/securityGovernanceOS.service.ts',
  redisOps: 'none',
  functionName: 'assertAuthorizedAccess:authorizeAccess',
  durationMs: 2,
  action: 'analytics:view',
  route: null,
  cacheStatus: 'delegated',
  dbQueries: [ 'see nested FEATURE_GATE_AWAIT_TRACE events' ]
}
FEATURE_GATE_AWAIT_TRACE {
  event: 'start',
  fileName: 'backend/src/services/security/securityGovernanceOS.service.ts',
  redisOps: 'none',
  functionName: 'authorizeAccess:attestInfraIsolation',
  action: 'analytics:view',
  route: null,
  cacheStatus: 'none',
  dbQueries: [ 'isolationAttestationLedger.create' ]
}
FEATURE_GATE_AWAIT_TRACE {
  event: 'start',
  fileName: 'backend/src/services/security/securityGovernanceOS.service.ts',
  redisOps: 'none',
  functionName: 'attestInfraIsolation:isolationAttestationLedger.upsert',
  cacheStatus: 'none',
  dbQueries: [
    'isolationAttestationLedger.upsert(isolation_attest:22780fc8b1b3a4a6e14e732e)'
  ],
  attestationKey: 'isolation_attest:22780fc8b1b3a4a6e14e732e'
}
FEATURE_GATE_AWAIT_TRACE {
  event: 'start',
  fileName: 'backend/src/services/security/securityGovernanceOS.service.ts',
  redisOps: 'none',
  functionName: 'authorizeAccess:appendAuthEvent:authorized',
  action: 'analytics:view',
  route: null,
  cacheStatus: 'none',
  dbQueries: [ 'authEventLedger.upsert' ]
}
FEATURE_GATE_AWAIT_TRACE {
  event: 'start',
  fileName: 'backend/src/services/security/securityGovernanceOS.service.ts',
  redisOps: 'none',
  functionName: 'appendAuthEvent:authEventLedger.upsert',
  cacheStatus: 'none',
  dbQueries: [ 'authEventLedger.upsert(auth_evt:b7c588e6d197b5acadecc7ace7)' ],
  eventKey: 'auth_evt:b7c588e6d197b5acadecc7ace7',
  action: 'analytics:view',
  outcome: 'ALLOWED'
}
prisma:error 
Invalid `prisma.dataAccessAuditLedger.upsert()` invocation:


Raw query failed. Code: `unknown`. Message: `Kind: Transactions are not supported by this deployment, labels: {}, source: None`
prisma:error 
Invalid `prisma.isolationAttestationLedger.upsert()` invocation:


Raw query failed. Code: `unknown`. Message: `Kind: Transactions are not supported by this deployment, labels: {}, source: None`
FEATURE_GATE_AWAIT_TRACE {
  event: 'end',
  fileName: 'backend/src/services/security/securityGovernanceOS.service.ts',
  redisOps: 'none',
  functionName: 'attestInfraIsolation:isolationAttestationLedger.upsert',
  durationMs: 3,
  cacheStatus: 'none',
  dbQueries: [
    'isolationAttestationLedger.upsert(isolation_attest:22780fc8b1b3a4a6e14e732e)'
  ],
  attestationKey: 'isolation_attest:22780fc8b1b3a4a6e14e732e'
}
FEATURE_GATE_AWAIT_TRACE {
  event: 'end',
  fileName: 'backend/src/services/security/securityGovernanceOS.service.ts',
  redisOps: 'none',
  functionName: 'authorizeAccess:attestInfraIsolation',
  durationMs: 4,
  action: 'analytics:view',
  route: null,
  cacheStatus: 'none',
  dbQueries: [ 'isolationAttestationLedger.create' ]
}
prisma:error 
Invalid `prisma.authEventLedger.upsert()` invocation:


Raw query failed. Code: `unknown`. Message: `Kind: Transactions are not supported by this deployment, labels: {}, source: None`
FEATURE_GATE_AWAIT_TRACE {
  event: 'end',
  fileName: 'backend/src/services/security/securityGovernanceOS.service.ts',
  redisOps: 'none',
  functionName: 'appendAuthEvent:authEventLedger.upsert',
  durationMs: 3,
  cacheStatus: 'none',
  dbQueries: [ 'authEventLedger.upsert(auth_evt:b7c588e6d197b5acadecc7ace7)' ],
  eventKey: 'auth_evt:b7c588e6d197b5acadecc7ace7',
  action: 'analytics:view',
  outcome: 'ALLOWED'
}
FEATURE_GATE_AWAIT_TRACE {
  event: 'end',
  fileName: 'backend/src/services/security/securityGovernanceOS.service.ts',
  redisOps: 'none',
  functionName: 'authorizeAccess:appendAuthEvent:authorized',
  durationMs: 4,
  action: 'analytics:view',
  route: null,
  cacheStatus: 'none',
  dbQueries: [ 'authEventLedger.upsert' ]
}
prisma:error 
Invalid `prisma.observabilityEventLedger.findUnique()` invocation:


Raw query failed. Code: `unknown`. Message: `Kind: Server selection timeout: No available servers. Topology: { Type: Unknown, Servers: [ { Address: localhost:27017, Type: Unknown, Error: Kind: I/O error: No connection could be made because the target machine actively refused it. (os error 10061), labels: {}, source: None } ] }, labels: {}, source: None`
prisma:error 
Invalid `prisma.observabilityEventLedger.upsert()` invocation:


Raw query failed. Code: `unknown`. Message: `Kind: Transactions are not supported by this deployment, labels: {}, source: None`
prisma:error 
Invalid `prisma.infrastructureRecoveryLedger.count()` invocation:


Raw query failed. Code: `unknown`. Message: `Kind: Server selection timeout: No available servers. Topology: { Type: Unknown, Servers: [ { Address: localhost:27017, Type: Unknown, Error: Kind: I/O error: No connection could be made because the target machine actively refused it. (os error 10061), labels: {}, source: None } ] }, labels: {}, source: None`
replay_suppressed_count {
  metric: 'replay_suppressed_count',
  value: 0,
  businessId: null,
  route: 'integrations_onboarding_recovery',
  metadata: {
    suppression: 'queue_not_writable',
    suspendMs: 60000,
    queueDepth: 0,
    redisCircuitOpen: false
  },
  recordedAt: '2026-07-06T15:47:30.037Z'
}
FEATURE_GATE_AWAIT_TRACE {
  event: 'start',
  fileName: 'backend/src/services/security/securityGovernanceOS.service.ts',
  redisOps: 'none',
  functionName: 'assertAuthorizedAccess:authorizeAccess',
  action: 'analytics:view',
  route: null,
  cacheStatus: 'delegated',
  dbQueries: [ 'see nested FEATURE_GATE_AWAIT_TRACE events' ]
}
FEATURE_GATE_AWAIT_TRACE {
  event: 'start',
  fileName: 'backend/src/services/security/securityGovernanceOS.service.ts',
  redisOps: 'none',
  functionName: 'authorizeAccess:assertTenantIsolation',
  action: 'analytics:view',
  route: null,
  cacheStatus: 'none',
  dbQueries: [ 'tenantIsolationLedger.upsert' ]
}
FEATURE_GATE_AWAIT_TRACE {
  event: 'end',
  fileName: 'backend/src/services/security/securityGovernanceOS.service.ts',
  redisOps: 'none',
  functionName: 'authorizeAccess:assertTenantIsolation',
  durationMs: 0,
  action: 'analytics:view',
  route: null,
  cacheStatus: 'none',
  dbQueries: [ 'tenantIsolationLedger.upsert' ]
}
FEATURE_GATE_AWAIT_TRACE {
  event: 'end',
  fileName: 'backend/src/services/security/securityGovernanceOS.service.ts',
  redisOps: 'none',
  functionName: 'assertAuthorizedAccess:authorizeAccess',
  durationMs: 2,
  action: 'analytics:view',
  route: null,
  cacheStatus: 'delegated',
  dbQueries: [ 'see nested FEATURE_GATE_AWAIT_TRACE events' ]
}
FEATURE_GATE_AWAIT_TRACE {
  event: 'start',
  fileName: 'backend/src/services/security/securityGovernanceOS.service.ts',
  redisOps: 'none',
  functionName: 'authorizeAccess:attestInfraIsolation',
  action: 'analytics:view',
  route: null,
  cacheStatus: 'none',
  dbQueries: [ 'isolationAttestationLedger.create' ]
}
FEATURE_GATE_AWAIT_TRACE {
  event: 'start',
  fileName: 'backend/src/services/security/securityGovernanceOS.service.ts',
  redisOps: 'none',
  functionName: 'attestInfraIsolation:isolationAttestationLedger.upsert',
  cacheStatus: 'none',
  dbQueries: [
    'isolationAttestationLedger.upsert(isolation_attest:b7c3ef59a61b6f1f0eabe059)'
  ],
  attestationKey: 'isolation_attest:b7c3ef59a61b6f1f0eabe059'
}
FEATURE_GATE_AWAIT_TRACE {
  event: 'start',
  fileName: 'backend/src/services/security/securityGovernanceOS.service.ts',
  redisOps: 'none',
  functionName: 'authorizeAccess:appendAuthEvent:authorized',
  action: 'analytics:view',
  route: null,
  cacheStatus: 'none',
  dbQueries: [ 'authEventLedger.upsert' ]
}
FEATURE_GATE_AWAIT_TRACE {
  event: 'start',
  fileName: 'backend/src/services/security/securityGovernanceOS.service.ts',
  redisOps: 'none',
  functionName: 'appendAuthEvent:authEventLedger.upsert',
  cacheStatus: 'none',
  dbQueries: [ 'authEventLedger.upsert(auth_evt:4a4729142fa5d2d14829bf763c)' ],
  eventKey: 'auth_evt:4a4729142fa5d2d14829bf763c',
  action: 'analytics:view',
  outcome: 'ALLOWED'
}
prisma:error 
Invalid `prisma.dataAccessAuditLedger.upsert()` invocation:


Raw query failed. Code: `unknown`. Message: `Kind: Transactions are not supported by this deployment, labels: {}, source: None`
prisma:error 
Invalid `prisma.isolationAttestationLedger.upsert()` invocation:


Raw query failed. Code: `unknown`. Message: `Kind: Transactions are not supported by this deployment, labels: {}, source: None`
FEATURE_GATE_AWAIT_TRACE {
  event: 'end',
  fileName: 'backend/src/services/security/securityGovernanceOS.service.ts',
  redisOps: 'none',
  functionName: 'attestInfraIsolation:isolationAttestationLedger.upsert',
  durationMs: 5,
  cacheStatus: 'none',
  dbQueries: [
    'isolationAttestationLedger.upsert(isolation_attest:b7c3ef59a61b6f1f0eabe059)'
  ],
  attestationKey: 'isolation_attest:b7c3ef59a61b6f1f0eabe059'
}
FEATURE_GATE_AWAIT_TRACE {
  event: 'end',
  fileName: 'backend/src/services/security/securityGovernanceOS.service.ts',
  redisOps: 'none',
  functionName: 'authorizeAccess:attestInfraIsolation',
  durationMs: 5,
  action: 'analytics:view',
  route: null,
  cacheStatus: 'none',
  dbQueries: [ 'isolationAttestationLedger.create' ]
}
prisma:error 
Invalid `prisma.authEventLedger.upsert()` invocation:


Raw query failed. Code: `unknown`. Message: `Kind: Transactions are not supported by this deployment, labels: {}, source: None`
FEATURE_GATE_AWAIT_TRACE {
  event: 'end',
  fileName: 'backend/src/services/security/securityGovernanceOS.service.ts',
  redisOps: 'none',
  functionName: 'appendAuthEvent:authEventLedger.upsert',
  durationMs: 4,
  cacheStatus: 'none',
  dbQueries: [ 'authEventLedger.upsert(auth_evt:4a4729142fa5d2d14829bf763c)' ],
  eventKey: 'auth_evt:4a4729142fa5d2d14829bf763c',
  action: 'analytics:view',
  outcome: 'ALLOWED'
}
FEATURE_GATE_AWAIT_TRACE {
  event: 'end',
  fileName: 'backend/src/services/security/securityGovernanceOS.service.ts',
  redisOps: 'none',
  functionName: 'authorizeAccess:appendAuthEvent:authorized',
  durationMs: 5,
  action: 'analytics:view',
  route: null,
  cacheStatus: 'none',
  dbQueries: [ 'authEventLedger.upsert' ]
}
prisma:error 
Invalid `prisma.observabilityEventLedger.findUnique()` invocation:


Raw query failed. Code: `unknown`. Message: `Kind: Server selection timeout: No available servers. Topology: { Type: Unknown, Servers: [ { Address: localhost:27017, Type: Unknown, Error: Kind: I/O error: No connection could be made because the target machine actively refused it. (os error 10061), labels: {}, source: None } ] }, labels: {}, source: None`
prisma:error 
Invalid `prisma.observabilityEventLedger.upsert()` invocation:


Raw query failed. Code: `unknown`. Message: `Kind: Transactions are not supported by this deployment, labels: {}, source: None`
prisma:error 
Invalid `prisma.infrastructureRecoveryLedger.count()` invocation:


Raw query failed. Code: `unknown`. Message: `Kind: Server selection timeout: No available servers. Topology: { Type: Unknown, Servers: [ { Address: localhost:27017, Type: Unknown, Error: Kind: I/O error: No connection could be made because the target machine actively refused it. (os error 10061), labels: {}, source: None } ] }, labels: {}, source: None`
replay_suppressed_count {
  metric: 'replay_suppressed_count',
  value: 0,
  businessId: null,
  route: 'integrations_onboarding_recovery',
  metadata: {
    suppression: 'queue_not_writable',
    suspendMs: 60000,
    queueDepth: 0,
    redisCircuitOpen: false
  },
  recordedAt: '2026-07-06T15:48:30.050Z'
}
FEATURE_GATE_AWAIT_TRACE {
  event: 'start',
  fileName: 'backend/src/services/security/securityGovernanceOS.service.ts',
  redisOps: 'none',
  functionName: 'assertAuthorizedAccess:authorizeAccess',
  action: 'analytics:view',
  route: null,
  cacheStatus: 'delegated',
  dbQueries: [ 'see nested FEATURE_GATE_AWAIT_TRACE events' ]
}
FEATURE_GATE_AWAIT_TRACE {
  event: 'start',
  fileName: 'backend/src/services/security/securityGovernanceOS.service.ts',
  redisOps: 'none',
  functionName: 'authorizeAccess:assertTenantIsolation',
  action: 'analytics:view',
  route: null,
  cacheStatus: 'none',
  dbQueries: [ 'tenantIsolationLedger.upsert' ]
}
FEATURE_GATE_AWAIT_TRACE {
  event: 'end',
  fileName: 'backend/src/services/security/securityGovernanceOS.service.ts',
  redisOps: 'none',
  functionName: 'authorizeAccess:assertTenantIsolation',
  durationMs: 1,
  action: 'analytics:view',
  route: null,
  cacheStatus: 'none',
  dbQueries: [ 'tenantIsolationLedger.upsert' ]
}
FEATURE_GATE_AWAIT_TRACE {
  event: 'end',
  fileName: 'backend/src/services/security/securityGovernanceOS.service.ts',
  redisOps: 'none',
  functionName: 'assertAuthorizedAccess:authorizeAccess',
  durationMs: 1,
  action: 'analytics:view',
  route: null,
  cacheStatus: 'delegated',
  dbQueries: [ 'see nested FEATURE_GATE_AWAIT_TRACE events' ]
}
FEATURE_GATE_AWAIT_TRACE {
  event: 'start',
  fileName: 'backend/src/services/security/securityGovernanceOS.service.ts',
  redisOps: 'none',
  functionName: 'authorizeAccess:attestInfraIsolation',
  action: 'analytics:view',
  route: null,
  cacheStatus: 'none',
  dbQueries: [ 'isolationAttestationLedger.create' ]
}
FEATURE_GATE_AWAIT_TRACE {
  event: 'start',
  fileName: 'backend/src/services/security/securityGovernanceOS.service.ts',
  redisOps: 'none',
  functionName: 'attestInfraIsolation:isolationAttestationLedger.upsert',
  cacheStatus: 'none',
  dbQueries: [
    'isolationAttestationLedger.upsert(isolation_attest:34f0e3dc0fb5129d469adba7)'
  ],
  attestationKey: 'isolation_attest:34f0e3dc0fb5129d469adba7'
}
FEATURE_GATE_AWAIT_TRACE {
  event: 'start',
  fileName: 'backend/src/services/security/securityGovernanceOS.service.ts',
  redisOps: 'none',
  functionName: 'authorizeAccess:appendAuthEvent:authorized',
  action: 'analytics:view',
  route: null,
  cacheStatus: 'none',
  dbQueries: [ 'authEventLedger.upsert' ]
}
FEATURE_GATE_AWAIT_TRACE {
  event: 'start',
  fileName: 'backend/src/services/security/securityGovernanceOS.service.ts',
  redisOps: 'none',
  functionName: 'appendAuthEvent:authEventLedger.upsert',
  cacheStatus: 'none',
  dbQueries: [ 'authEventLedger.upsert(auth_evt:a334684f162b0a8290ca03df1e)' ],
  eventKey: 'auth_evt:a334684f162b0a8290ca03df1e',
  action: 'analytics:view',
  outcome: 'ALLOWED'
}
prisma:error 
Invalid `prisma.dataAccessAuditLedger.upsert()` invocation:


Raw query failed. Code: `unknown`. Message: `Kind: Transactions are not supported by this deployment, labels: {}, source: None`
prisma:error 
Invalid `prisma.isolationAttestationLedger.upsert()` invocation:


Raw query failed. Code: `unknown`. Message: `Kind: Transactions are not supported by this deployment, labels: {}, source: None`
FEATURE_GATE_AWAIT_TRACE {
  event: 'end',
  fileName: 'backend/src/services/security/securityGovernanceOS.service.ts',
  redisOps: 'none',
  functionName: 'attestInfraIsolation:isolationAttestationLedger.upsert',
  durationMs: 4,
  cacheStatus: 'none',
  dbQueries: [
    'isolationAttestationLedger.upsert(isolation_attest:34f0e3dc0fb5129d469adba7)'
  ],
  attestationKey: 'isolation_attest:34f0e3dc0fb5129d469adba7'
}
FEATURE_GATE_AWAIT_TRACE {
  event: 'end',
  fileName: 'backend/src/services/security/securityGovernanceOS.service.ts',
  redisOps: 'none',
  functionName: 'authorizeAccess:attestInfraIsolation',
  durationMs: 5,
  action: 'analytics:view',
  route: null,
  cacheStatus: 'none',
  dbQueries: [ 'isolationAttestationLedger.create' ]
}
prisma:error 
Invalid `prisma.authEventLedger.upsert()` invocation:


Raw query failed. Code: `unknown`. Message: `Kind: Transactions are not supported by this deployment, labels: {}, source: None`
FEATURE_GATE_AWAIT_TRACE {
  event: 'end',
  fileName: 'backend/src/services/security/securityGovernanceOS.service.ts',
  redisOps: 'none',
  functionName: 'appendAuthEvent:authEventLedger.upsert',
  durationMs: 3,
  cacheStatus: 'none',
  dbQueries: [ 'authEventLedger.upsert(auth_evt:a334684f162b0a8290ca03df1e)' ],
  eventKey: 'auth_evt:a334684f162b0a8290ca03df1e',
  action: 'analytics:view',
  outcome: 'ALLOWED'
}
FEATURE_GATE_AWAIT_TRACE {
  event: 'end',
  fileName: 'backend/src/services/security/securityGovernanceOS.service.ts',
  redisOps: 'none',
  functionName: 'authorizeAccess:appendAuthEvent:authorized',
  durationMs: 4,
  action: 'analytics:view',
  route: null,
  cacheStatus: 'none',
  dbQueries: [ 'authEventLedger.upsert' ]
}
prisma:error 
Invalid `prisma.observabilityEventLedger.findUnique()` invocation:


Raw query failed. Code: `unknown`. Message: `Kind: Server selection timeout: No available servers. Topology: { Type: Unknown, Servers: [ { Address: localhost:27017, Type: Unknown, Error: Kind: I/O error: No connection could be made because the target machine actively refused it. (os error 10061), labels: {}, source: None } ] }, labels: {}, source: None`
prisma:error 
Invalid `prisma.observabilityEventLedger.upsert()` invocation:


Raw query failed. Code: `unknown`. Message: `Kind: Transactions are not supported by this deployment, labels: {}, source: None`
prisma:error 
Invalid `prisma.infrastructureRecoveryLedger.count()` invocation:


Raw query failed. Code: `unknown`. Message: `Kind: Server selection timeout: No available servers. Topology: { Type: Unknown, Servers: [ { Address: localhost:27017, Type: Unknown, Error: Kind: I/O error: No connection could be made because the target machine actively refused it. (os error 10061), labels: {}, source: None } ] }, labels: {}, source: None`
replay_suppressed_count {
  metric: 'replay_suppressed_count',
  value: 0,
  businessId: null,
  route: 'integrations_onboarding_recovery',
  metadata: {
    suppression: 'queue_not_writable',
    suspendMs: 60000,
    queueDepth: 0,
    redisCircuitOpen: false
  },
  recordedAt: '2026-07-06T15:49:30.066Z'
}
FEATURE_GATE_AWAIT_TRACE {
  event: 'start',
  fileName: 'backend/src/services/security/securityGovernanceOS.service.ts',
  redisOps: 'none',
  functionName: 'assertAuthorizedAccess:authorizeAccess',
  action: 'analytics:view',
  route: null,
  cacheStatus: 'delegated',
  dbQueries: [ 'see nested FEATURE_GATE_AWAIT_TRACE events' ]
}
FEATURE_GATE_AWAIT_TRACE {
  event: 'start',
  fileName: 'backend/src/services/security/securityGovernanceOS.service.ts',
  redisOps: 'none',
  functionName: 'authorizeAccess:assertTenantIsolation',
  action: 'analytics:view',
  route: null,
  cacheStatus: 'none',
  dbQueries: [ 'tenantIsolationLedger.upsert' ]
}
FEATURE_GATE_AWAIT_TRACE {
  event: 'end',
  fileName: 'backend/src/services/security/securityGovernanceOS.service.ts',
  redisOps: 'none',
  functionName: 'authorizeAccess:assertTenantIsolation',
  durationMs: 0,
  action: 'analytics:view',
  route: null,
  cacheStatus: 'none',
  dbQueries: [ 'tenantIsolationLedger.upsert' ]
}
FEATURE_GATE_AWAIT_TRACE {
  event: 'end',
  fileName: 'backend/src/services/security/securityGovernanceOS.service.ts',
  redisOps: 'none',
  functionName: 'assertAuthorizedAccess:authorizeAccess',
  durationMs: 2,
  action: 'analytics:view',
  route: null,
  cacheStatus: 'delegated',
  dbQueries: [ 'see nested FEATURE_GATE_AWAIT_TRACE events' ]
}
FEATURE_GATE_AWAIT_TRACE {
  event: 'start',
  fileName: 'backend/src/services/security/securityGovernanceOS.service.ts',
  redisOps: 'none',
  functionName: 'authorizeAccess:attestInfraIsolation',
  action: 'analytics:view',
  route: null,
  cacheStatus: 'none',
  dbQueries: [ 'isolationAttestationLedger.create' ]
}
FEATURE_GATE_AWAIT_TRACE {
  event: 'start',
  fileName: 'backend/src/services/security/securityGovernanceOS.service.ts',
  redisOps: 'none',
  functionName: 'attestInfraIsolation:isolationAttestationLedger.upsert',
  cacheStatus: 'none',
  dbQueries: [
    'isolationAttestationLedger.upsert(isolation_attest:1623a799a3471bdfa5e67b86)'
  ],
  attestationKey: 'isolation_attest:1623a799a3471bdfa5e67b86'
}
FEATURE_GATE_AWAIT_TRACE {
  event: 'start',
  fileName: 'backend/src/services/security/securityGovernanceOS.service.ts',
  redisOps: 'none',
  functionName: 'authorizeAccess:appendAuthEvent:authorized',
  action: 'analytics:view',
  route: null,
  cacheStatus: 'none',
  dbQueries: [ 'authEventLedger.upsert' ]
}
FEATURE_GATE_AWAIT_TRACE {
  event: 'start',
  fileName: 'backend/src/services/security/securityGovernanceOS.service.ts',
  redisOps: 'none',
  functionName: 'appendAuthEvent:authEventLedger.upsert',
  cacheStatus: 'none',
  dbQueries: [ 'authEventLedger.upsert(auth_evt:8ff11d5f25f18fafa782ced74c)' ],
  eventKey: 'auth_evt:8ff11d5f25f18fafa782ced74c',
  action: 'analytics:view',
  outcome: 'ALLOWED'
}
prisma:error 
Invalid `prisma.dataAccessAuditLedger.upsert()` invocation:


Raw query failed. Code: `unknown`. Message: `Kind: Transactions are not supported by this deployment, labels: {}, source: None`
prisma:error 
Invalid `prisma.isolationAttestationLedger.upsert()` invocation:


Raw query failed. Code: `unknown`. Message: `Kind: Transactions are not supported by this deployment, labels: {}, source: None`
FEATURE_GATE_AWAIT_TRACE {
  event: 'end',
  fileName: 'backend/src/services/security/securityGovernanceOS.service.ts',
  redisOps: 'none',
  functionName: 'attestInfraIsolation:isolationAttestationLedger.upsert',
  durationMs: 4,
  cacheStatus: 'none',
  dbQueries: [
    'isolationAttestationLedger.upsert(isolation_attest:1623a799a3471bdfa5e67b86)'
  ],
  attestationKey: 'isolation_attest:1623a799a3471bdfa5e67b86'
}
FEATURE_GATE_AWAIT_TRACE {
  event: 'end',
  fileName: 'backend/src/services/security/securityGovernanceOS.service.ts',
  redisOps: 'none',
  functionName: 'authorizeAccess:attestInfraIsolation',
  durationMs: 5,
  action: 'analytics:view',
  route: null,
  cacheStatus: 'none',
  dbQueries: [ 'isolationAttestationLedger.create' ]
}
prisma:error 
Invalid `prisma.authEventLedger.upsert()` invocation:


Raw query failed. Code: `unknown`. Message: `Kind: Transactions are not supported by this deployment, labels: {}, source: None`
FEATURE_GATE_AWAIT_TRACE {
  event: 'end',
  fileName: 'backend/src/services/security/securityGovernanceOS.service.ts',
  redisOps: 'none',
  functionName: 'appendAuthEvent:authEventLedger.upsert',
  durationMs: 3,
  cacheStatus: 'none',
  dbQueries: [ 'authEventLedger.upsert(auth_evt:8ff11d5f25f18fafa782ced74c)' ],
  eventKey: 'auth_evt:8ff11d5f25f18fafa782ced74c',
  action: 'analytics:view',
  outcome: 'ALLOWED'
}
FEATURE_GATE_AWAIT_TRACE {
  event: 'end',
  fileName: 'backend/src/services/security/securityGovernanceOS.service.ts',
  redisOps: 'none',
  functionName: 'authorizeAccess:appendAuthEvent:authorized',
  durationMs: 4,
  action: 'analytics:view',
  route: null,
  cacheStatus: 'none',
  dbQueries: [ 'authEventLedger.upsert' ]
}
prisma:error 
Invalid `prisma.observabilityEventLedger.findUnique()` invocation:


Raw query failed. Code: `unknown`. Message: `Kind: Server selection timeout: No available servers. Topology: { Type: Unknown, Servers: [ { Address: localhost:27017, Type: Unknown, Error: Kind: I/O error: No connection could be made because the target machine actively refused it. (os error 10061), labels: {}, source: None } ] }, labels: {}, source: None`
prisma:error 
Invalid `prisma.observabilityEventLedger.upsert()` invocation:


Raw query failed. Code: `unknown`. Message: `Kind: Transactions are not supported by this deployment, labels: {}, source: None`
prisma:error 
Invalid `prisma.infrastructureRecoveryLedger.count()` invocation:


Raw query failed. Code: `unknown`. Message: `Kind: Server selection timeout: No available servers. Topology: { Type: Unknown, Servers: [ { Address: localhost:27017, Type: Unknown, Error: Kind: I/O error: No connection could be made because the target machine actively refused it. (os error 10061), labels: {}, source: None } ] }, labels: {}, source: None`
replay_suppressed_count {
  metric: 'replay_suppressed_count',
  value: 0,
  businessId: null,
  route: 'integrations_onboarding_recovery',
  metadata: {
    suppression: 'queue_not_writable',
    suspendMs: 60000,
    queueDepth: 0,
    redisCircuitOpen: false
  },
  recordedAt: '2026-07-06T15:50:30.027Z'
}
FEATURE_GATE_AWAIT_TRACE {
  event: 'start',
  fileName: 'backend/src/services/security/securityGovernanceOS.service.ts',
  redisOps: 'none',
  functionName: 'assertAuthorizedAccess:authorizeAccess',
  action: 'analytics:view',
  route: null,
  cacheStatus: 'delegated',
  dbQueries: [ 'see nested FEATURE_GATE_AWAIT_TRACE events' ]
}
FEATURE_GATE_AWAIT_TRACE {
  event: 'start',
  fileName: 'backend/src/services/security/securityGovernanceOS.service.ts',
  redisOps: 'none',
  functionName: 'authorizeAccess:assertTenantIsolation',
  action: 'analytics:view',
  route: null,
  cacheStatus: 'none',
  dbQueries: [ 'tenantIsolationLedger.upsert' ]
}
FEATURE_GATE_AWAIT_TRACE {
  event: 'end',
  fileName: 'backend/src/services/security/securityGovernanceOS.service.ts',
  redisOps: 'none',
  functionName: 'authorizeAccess:assertTenantIsolation',
  durationMs: 1,
  action: 'analytics:view',
  route: null,
  cacheStatus: 'none',
  dbQueries: [ 'tenantIsolationLedger.upsert' ]
}
FEATURE_GATE_AWAIT_TRACE {
  event: 'end',
  fileName: 'backend/src/services/security/securityGovernanceOS.service.ts',
  redisOps: 'none',
  functionName: 'assertAuthorizedAccess:authorizeAccess',
  durationMs: 2,
  action: 'analytics:view',
  route: null,
  cacheStatus: 'delegated',
  dbQueries: [ 'see nested FEATURE_GATE_AWAIT_TRACE events' ]
}
FEATURE_GATE_AWAIT_TRACE {
  event: 'start',
  fileName: 'backend/src/services/security/securityGovernanceOS.service.ts',
  redisOps: 'none',
  functionName: 'authorizeAccess:attestInfraIsolation',
  action: 'analytics:view',
  route: null,
  cacheStatus: 'none',
  dbQueries: [ 'isolationAttestationLedger.create' ]
}
FEATURE_GATE_AWAIT_TRACE {
  event: 'start',
  fileName: 'backend/src/services/security/securityGovernanceOS.service.ts',
  redisOps: 'none',
  functionName: 'attestInfraIsolation:isolationAttestationLedger.upsert',
  cacheStatus: 'none',
  dbQueries: [
    'isolationAttestationLedger.upsert(isolation_attest:aa2667180081c0b3e567848f)'
  ],
  attestationKey: 'isolation_attest:aa2667180081c0b3e567848f'
}
FEATURE_GATE_AWAIT_TRACE {
  event: 'start',
  fileName: 'backend/src/services/security/securityGovernanceOS.service.ts',
  redisOps: 'none',
  functionName: 'authorizeAccess:appendAuthEvent:authorized',
  action: 'analytics:view',
  route: null,
  cacheStatus: 'none',
  dbQueries: [ 'authEventLedger.upsert' ]
}
FEATURE_GATE_AWAIT_TRACE {
  event: 'start',
  fileName: 'backend/src/services/security/securityGovernanceOS.service.ts',
  redisOps: 'none',
  functionName: 'appendAuthEvent:authEventLedger.upsert',
  cacheStatus: 'none',
  dbQueries: [ 'authEventLedger.upsert(auth_evt:5f8f0cb2fff9ddcf966f0bd08a)' ],
  eventKey: 'auth_evt:5f8f0cb2fff9ddcf966f0bd08a',
  action: 'analytics:view',
  outcome: 'ALLOWED'
}
prisma:error 
Invalid `prisma.dataAccessAuditLedger.upsert()` invocation:


Raw query failed. Code: `unknown`. Message: `Kind: Transactions are not supported by this deployment, labels: {}, source: None`
prisma:error 
Invalid `prisma.isolationAttestationLedger.upsert()` invocation:


Raw query failed. Code: `unknown`. Message: `Kind: Transactions are not supported by this deployment, labels: {}, source: None`
FEATURE_GATE_AWAIT_TRACE {
  event: 'end',
  fileName: 'backend/src/services/security/securityGovernanceOS.service.ts',
  redisOps: 'none',
  functionName: 'attestInfraIsolation:isolationAttestationLedger.upsert',
  durationMs: 4,
  cacheStatus: 'none',
  dbQueries: [
    'isolationAttestationLedger.upsert(isolation_attest:aa2667180081c0b3e567848f)'
  ],
  attestationKey: 'isolation_attest:aa2667180081c0b3e567848f'
}
FEATURE_GATE_AWAIT_TRACE {
  event: 'end',
  fileName: 'backend/src/services/security/securityGovernanceOS.service.ts',
  redisOps: 'none',
  functionName: 'authorizeAccess:attestInfraIsolation',
  durationMs: 6,
  action: 'analytics:view',
  route: null,
  cacheStatus: 'none',
  dbQueries: [ 'isolationAttestationLedger.create' ]
}
prisma:error 
Invalid `prisma.authEventLedger.upsert()` invocation:


Raw query failed. Code: `unknown`. Message: `Kind: Transactions are not supported by this deployment, labels: {}, source: None`
FEATURE_GATE_AWAIT_TRACE {
  event: 'end',
  fileName: 'backend/src/services/security/securityGovernanceOS.service.ts',
  redisOps: 'none',
  functionName: 'appendAuthEvent:authEventLedger.upsert',
  durationMs: 4,
  cacheStatus: 'none',
  dbQueries: [ 'authEventLedger.upsert(auth_evt:5f8f0cb2fff9ddcf966f0bd08a)' ],
  eventKey: 'auth_evt:5f8f0cb2fff9ddcf966f0bd08a',
  action: 'analytics:view',
  outcome: 'ALLOWED'
}
FEATURE_GATE_AWAIT_TRACE {
  event: 'end',
  fileName: 'backend/src/services/security/securityGovernanceOS.service.ts',
  redisOps: 'none',
  functionName: 'authorizeAccess:appendAuthEvent:authorized',
  durationMs: 5,
  action: 'analytics:view',
  route: null,
  cacheStatus: 'none',
  dbQueries: [ 'authEventLedger.upsert' ]
}
prisma:error 
Invalid `prisma.observabilityEventLedger.findUnique()` invocation:


Raw query failed. Code: `unknown`. Message: `Kind: Server selection timeout: No available servers. Topology: { Type: Unknown, Servers: [ { Address: localhost:27017, Type: Unknown, Error: Kind: I/O error: No connection could be made because the target machine actively refused it. (os error 10061), labels: {}, source: None } ] }, labels: {}, source: None`
prisma:error 
Invalid `prisma.observabilityEventLedger.upsert()` invocation:


Raw query failed. Code: `unknown`. Message: `Kind: Transactions are not supported by this deployment, labels: {}, source: None`
prisma:error 
Invalid `prisma.infrastructureRecoveryLedger.count()` invocation:


Raw query failed. Code: `unknown`. Message: `Kind: Server selection timeout: No available servers. Topology: { Type: Unknown, Servers: [ { Address: localhost:27017, Type: Unknown, Error: Kind: I/O error: No connection could be made because the target machine actively refused it. (os error 10061), labels: {}, source: None } ] }, labels: {}, source: None`
replay_suppressed_count {
  metric: 'replay_suppressed_count',
  value: 0,
  businessId: null,
  route: 'integrations_onboarding_recovery',
  metadata: {
    suppression: 'queue_not_writable',
    suspendMs: 60000,
    queueDepth: 0,
    redisCircuitOpen: false
  },
  recordedAt: '2026-07-06T15:51:30.039Z'
}
FEATURE_GATE_AWAIT_TRACE {
  event: 'start',
  fileName: 'backend/src/services/security/securityGovernanceOS.service.ts',
  redisOps: 'none',
  functionName: 'assertAuthorizedAccess:authorizeAccess',
  action: 'analytics:view',
  route: null,
  cacheStatus: 'delegated',
  dbQueries: [ 'see nested FEATURE_GATE_AWAIT_TRACE events' ]
}
FEATURE_GATE_AWAIT_TRACE {
  event: 'start',
  fileName: 'backend/src/services/security/securityGovernanceOS.service.ts',
  redisOps: 'none',
  functionName: 'authorizeAccess:assertTenantIsolation',
  action: 'analytics:view',
  route: null,
  cacheStatus: 'none',
  dbQueries: [ 'tenantIsolationLedger.upsert' ]
}
FEATURE_GATE_AWAIT_TRACE {
  event: 'end',
  fileName: 'backend/src/services/security/securityGovernanceOS.service.ts',
  redisOps: 'none',
  functionName: 'authorizeAccess:assertTenantIsolation',
  durationMs: 1,
  action: 'analytics:view',
  route: null,
  cacheStatus: 'none',
  dbQueries: [ 'tenantIsolationLedger.upsert' ]
}
FEATURE_GATE_AWAIT_TRACE {
  event: 'end',
  fileName: 'backend/src/services/security/securityGovernanceOS.service.ts',
  redisOps: 'none',
  functionName: 'assertAuthorizedAccess:authorizeAccess',
  durationMs: 3,
  action: 'analytics:view',
  route: null,
  cacheStatus: 'delegated',
  dbQueries: [ 'see nested FEATURE_GATE_AWAIT_TRACE events' ]
}
FEATURE_GATE_AWAIT_TRACE {
  event: 'start',
  fileName: 'backend/src/services/security/securityGovernanceOS.service.ts',
  redisOps: 'none',
  functionName: 'authorizeAccess:attestInfraIsolation',
  action: 'analytics:view',
  route: null,
  cacheStatus: 'none',
  dbQueries: [ 'isolationAttestationLedger.create' ]
}
FEATURE_GATE_AWAIT_TRACE {
  event: 'start',
  fileName: 'backend/src/services/security/securityGovernanceOS.service.ts',
  redisOps: 'none',
  functionName: 'attestInfraIsolation:isolationAttestationLedger.upsert',
  cacheStatus: 'none',
  dbQueries: [
    'isolationAttestationLedger.upsert(isolation_attest:c87c2d1a92a68a64b1194ab2)'
  ],
  attestationKey: 'isolation_attest:c87c2d1a92a68a64b1194ab2'
}
FEATURE_GATE_AWAIT_TRACE {
  event: 'start',
  fileName: 'backend/src/services/security/securityGovernanceOS.service.ts',
  redisOps: 'none',
  functionName: 'authorizeAccess:appendAuthEvent:authorized',
  action: 'analytics:view',
  route: null,
  cacheStatus: 'none',
  dbQueries: [ 'authEventLedger.upsert' ]
}
FEATURE_GATE_AWAIT_TRACE {
  event: 'start',
  fileName: 'backend/src/services/security/securityGovernanceOS.service.ts',
  redisOps: 'none',
  functionName: 'appendAuthEvent:authEventLedger.upsert',
  cacheStatus: 'none',
  dbQueries: [ 'authEventLedger.upsert(auth_evt:490df6e7604659a4bc03a87ae5)' ],
  eventKey: 'auth_evt:490df6e7604659a4bc03a87ae5',
  action: 'analytics:view',
  outcome: 'ALLOWED'
}
prisma:error 
Invalid `prisma.dataAccessAuditLedger.upsert()` invocation:


Raw query failed. Code: `unknown`. Message: `Kind: Transactions are not supported by this deployment, labels: {}, source: None`
prisma:error 
Invalid `prisma.isolationAttestationLedger.upsert()` invocation:


Raw query failed. Code: `unknown`. Message: `Kind: Transactions are not supported by this deployment, labels: {}, source: None`
FEATURE_GATE_AWAIT_TRACE {
  event: 'end',
  fileName: 'backend/src/services/security/securityGovernanceOS.service.ts',
  redisOps: 'none',
  functionName: 'attestInfraIsolation:isolationAttestationLedger.upsert',
  durationMs: 4,
  cacheStatus: 'none',
  dbQueries: [
    'isolationAttestationLedger.upsert(isolation_attest:c87c2d1a92a68a64b1194ab2)'
  ],
  attestationKey: 'isolation_attest:c87c2d1a92a68a64b1194ab2'
}
FEATURE_GATE_AWAIT_TRACE {
  event: 'end',
  fileName: 'backend/src/services/security/securityGovernanceOS.service.ts',
  redisOps: 'none',
  functionName: 'authorizeAccess:attestInfraIsolation',
  durationMs: 5,
  action: 'analytics:view',
  route: null,
  cacheStatus: 'none',
  dbQueries: [ 'isolationAttestationLedger.create' ]
}
prisma:error 
Invalid `prisma.authEventLedger.upsert()` invocation:


Raw query failed. Code: `unknown`. Message: `Kind: Transactions are not supported by this deployment, labels: {}, source: None`
FEATURE_GATE_AWAIT_TRACE {
  event: 'end',
  fileName: 'backend/src/services/security/securityGovernanceOS.service.ts',
  redisOps: 'none',
  functionName: 'appendAuthEvent:authEventLedger.upsert',
  durationMs: 4,
  cacheStatus: 'none',
  dbQueries: [ 'authEventLedger.upsert(auth_evt:490df6e7604659a4bc03a87ae5)' ],
  eventKey: 'auth_evt:490df6e7604659a4bc03a87ae5',
  action: 'analytics:view',
  outcome: 'ALLOWED'
}
FEATURE_GATE_AWAIT_TRACE {
  event: 'end',
  fileName: 'backend/src/services/security/securityGovernanceOS.service.ts',
  redisOps: 'none',
  functionName: 'authorizeAccess:appendAuthEvent:authorized',
  durationMs: 6,
  action: 'analytics:view',
  route: null,
  cacheStatus: 'none',
  dbQueries: [ 'authEventLedger.upsert' ]
}
prisma:error 
Invalid `prisma.observabilityEventLedger.findUnique()` invocation:


Raw query failed. Code: `unknown`. Message: `Kind: Server selection timeout: No available servers. Topology: { Type: Unknown, Servers: [ { Address: localhost:27017, Type: Unknown, Error: Kind: I/O error: No connection could be made because the target machine actively refused it. (os error 10061), labels: {}, source: None } ] }, labels: {}, source: None`
prisma:error 
Invalid `prisma.observabilityEventLedger.upsert()` invocation:


Raw query failed. Code: `unknown`. Message: `Kind: Transactions are not supported by this deployment, labels: {}, source: None`
prisma:error 
Invalid `prisma.infrastructureRecoveryLedger.count()` invocation:


Raw query failed. Code: `unknown`. Message: `Kind: Server selection timeout: No available servers. Topology: { Type: Unknown, Servers: [ { Address: localhost:27017, Type: Unknown, Error: Kind: I/O error: No connection could be made because the target machine actively refused it. (os error 10061), labels: {}, source: None } ] }, labels: {}, source: None`
replay_suppressed_count {
  metric: 'replay_suppressed_count',
  value: 0,
  businessId: null,
  route: 'integrations_onboarding_recovery',
  metadata: {
    suppression: 'queue_not_writable',
    suspendMs: 60000,
    queueDepth: 0,
    redisCircuitOpen: false
  },
  recordedAt: '2026-07-06T15:52:30.024Z'
}
FEATURE_GATE_AWAIT_TRACE {
  event: 'start',
  fileName: 'backend/src/services/security/securityGovernanceOS.service.ts',
  redisOps: 'none',
  functionName: 'assertAuthorizedAccess:authorizeAccess',
  action: 'analytics:view',
  route: null,
  cacheStatus: 'delegated',
  dbQueries: [ 'see nested FEATURE_GATE_AWAIT_TRACE events' ]
}
FEATURE_GATE_AWAIT_TRACE {
  event: 'start',
  fileName: 'backend/src/services/security/securityGovernanceOS.service.ts',
  redisOps: 'none',
  functionName: 'authorizeAccess:assertTenantIsolation',
  action: 'analytics:view',
  route: null,
  cacheStatus: 'none',
  dbQueries: [ 'tenantIsolationLedger.upsert' ]
}
FEATURE_GATE_AWAIT_TRACE {
  event: 'end',
  fileName: 'backend/src/services/security/securityGovernanceOS.service.ts',
  redisOps: 'none',
  functionName: 'authorizeAccess:assertTenantIsolation',
  durationMs: 0,
  action: 'analytics:view',
  route: null,
  cacheStatus: 'none',
  dbQueries: [ 'tenantIsolationLedger.upsert' ]
}
FEATURE_GATE_AWAIT_TRACE {
  event: 'end',
  fileName: 'backend/src/services/security/securityGovernanceOS.service.ts',
  redisOps: 'none',
  functionName: 'assertAuthorizedAccess:authorizeAccess',
  durationMs: 1,
  action: 'analytics:view',
  route: null,
  cacheStatus: 'delegated',
  dbQueries: [ 'see nested FEATURE_GATE_AWAIT_TRACE events' ]
}
FEATURE_GATE_AWAIT_TRACE {
  event: 'start',
  fileName: 'backend/src/services/security/securityGovernanceOS.service.ts',
  redisOps: 'none',
  functionName: 'authorizeAccess:attestInfraIsolation',
  action: 'analytics:view',
  route: null,
  cacheStatus: 'none',
  dbQueries: [ 'isolationAttestationLedger.create' ]
}
FEATURE_GATE_AWAIT_TRACE {
  event: 'start',
  fileName: 'backend/src/services/security/securityGovernanceOS.service.ts',
  redisOps: 'none',
  functionName: 'attestInfraIsolation:isolationAttestationLedger.upsert',
  cacheStatus: 'none',
  dbQueries: [
    'isolationAttestationLedger.upsert(isolation_attest:46c530e5dd4d8739229d1701)'
  ],
  attestationKey: 'isolation_attest:46c530e5dd4d8739229d1701'
}
FEATURE_GATE_AWAIT_TRACE {
  event: 'start',
  fileName: 'backend/src/services/security/securityGovernanceOS.service.ts',
  redisOps: 'none',
  functionName: 'authorizeAccess:appendAuthEvent:authorized',
  action: 'analytics:view',
  route: null,
  cacheStatus: 'none',
  dbQueries: [ 'authEventLedger.upsert' ]
}
FEATURE_GATE_AWAIT_TRACE {
  event: 'start',
  fileName: 'backend/src/services/security/securityGovernanceOS.service.ts',
  redisOps: 'none',
  functionName: 'appendAuthEvent:authEventLedger.upsert',
  cacheStatus: 'none',
  dbQueries: [ 'authEventLedger.upsert(auth_evt:599fd58950ee9bfdf8d9529d66)' ],
  eventKey: 'auth_evt:599fd58950ee9bfdf8d9529d66',
  action: 'analytics:view',
  outcome: 'ALLOWED'
}
prisma:error 
Invalid `prisma.dataAccessAuditLedger.upsert()` invocation:


Raw query failed. Code: `unknown`. Message: `Kind: Transactions are not supported by this deployment, labels: {}, source: None`
prisma:error 
Invalid `prisma.isolationAttestationLedger.upsert()` invocation:


Raw query failed. Code: `unknown`. Message: `Kind: Transactions are not supported by this deployment, labels: {}, source: None`
FEATURE_GATE_AWAIT_TRACE {
  event: 'end',
  fileName: 'backend/src/services/security/securityGovernanceOS.service.ts',
  redisOps: 'none',
  functionName: 'attestInfraIsolation:isolationAttestationLedger.upsert',
  durationMs: 4,
  cacheStatus: 'none',
  dbQueries: [
    'isolationAttestationLedger.upsert(isolation_attest:46c530e5dd4d8739229d1701)'
  ],
  attestationKey: 'isolation_attest:46c530e5dd4d8739229d1701'
}
FEATURE_GATE_AWAIT_TRACE {
  event: 'end',
  fileName: 'backend/src/services/security/securityGovernanceOS.service.ts',
  redisOps: 'none',
  functionName: 'authorizeAccess:attestInfraIsolation',
  durationMs: 5,
  action: 'analytics:view',
  route: null,
  cacheStatus: 'none',
  dbQueries: [ 'isolationAttestationLedger.create' ]
}
prisma:error 
Invalid `prisma.authEventLedger.upsert()` invocation:


Raw query failed. Code: `unknown`. Message: `Kind: Transactions are not supported by this deployment, labels: {}, source: None`
FEATURE_GATE_AWAIT_TRACE {
  event: 'end',
  fileName: 'backend/src/services/security/securityGovernanceOS.service.ts',
  redisOps: 'none',
  functionName: 'appendAuthEvent:authEventLedger.upsert',
  durationMs: 4,
  cacheStatus: 'none',
  dbQueries: [ 'authEventLedger.upsert(auth_evt:599fd58950ee9bfdf8d9529d66)' ],
  eventKey: 'auth_evt:599fd58950ee9bfdf8d9529d66',
  action: 'analytics:view',
  outcome: 'ALLOWED'
}
FEATURE_GATE_AWAIT_TRACE {
  event: 'end',
  fileName: 'backend/src/services/security/securityGovernanceOS.service.ts',
  redisOps: 'none',
  functionName: 'authorizeAccess:appendAuthEvent:authorized',
  durationMs: 5,
  action: 'analytics:view',
  route: null,
  cacheStatus: 'none',
  dbQueries: [ 'authEventLedger.upsert' ]
}
prisma:error 
Invalid `prisma.observabilityEventLedger.findUnique()` invocation:


Raw query failed. Code: `unknown`. Message: `Kind: Server selection timeout: No available servers. Topology: { Type: Unknown, Servers: [ { Address: localhost:27017, Type: Unknown, Error: Kind: I/O error: No connection could be made because the target machine actively refused it. (os error 10061), labels: {}, source: None } ] }, labels: {}, source: None`
prisma:error 
Invalid `prisma.observabilityEventLedger.upsert()` invocation:


Raw query failed. Code: `unknown`. Message: `Kind: Transactions are not supported by this deployment, labels: {}, source: None`
prisma:error 
Invalid `prisma.infrastructureRecoveryLedger.count()` invocation:


Raw query failed. Code: `unknown`. Message: `Kind: Server selection timeout: No available servers. Topology: { Type: Unknown, Servers: [ { Address: localhost:27017, Type: Unknown, Error: Kind: I/O error: No connection could be made because the target machine actively refused it. (os error 10061), labels: {}, source: None } ] }, labels: {}, source: None`
replay_suppressed_count {
  metric: 'replay_suppressed_count',
  value: 0,
  businessId: null,
  route: 'integrations_onboarding_recovery',
  metadata: {
    suppression: 'queue_not_writable',
    suspendMs: 60000,
    queueDepth: 0,
    redisCircuitOpen: false
  },
  recordedAt: '2026-07-06T15:53:30.040Z'
}
FEATURE_GATE_AWAIT_TRACE {
  event: 'start',
  fileName: 'backend/src/services/security/securityGovernanceOS.service.ts',
  redisOps: 'none',
  functionName: 'assertAuthorizedAccess:authorizeAccess',
  action: 'analytics:view',
  route: null,
  cacheStatus: 'delegated',
  dbQueries: [ 'see nested FEATURE_GATE_AWAIT_TRACE events' ]
}
FEATURE_GATE_AWAIT_TRACE {
  event: 'start',
  fileName: 'backend/src/services/security/securityGovernanceOS.service.ts',
  redisOps: 'none',
  functionName: 'authorizeAccess:assertTenantIsolation',
  action: 'analytics:view',
  route: null,
  cacheStatus: 'none',
  dbQueries: [ 'tenantIsolationLedger.upsert' ]
}
FEATURE_GATE_AWAIT_TRACE {
  event: 'end',
  fileName: 'backend/src/services/security/securityGovernanceOS.service.ts',
  redisOps: 'none',
  functionName: 'authorizeAccess:assertTenantIsolation',
  durationMs: 0,
  action: 'analytics:view',
  route: null,
  cacheStatus: 'none',
  dbQueries: [ 'tenantIsolationLedger.upsert' ]
}
FEATURE_GATE_AWAIT_TRACE {
  event: 'end',
  fileName: 'backend/src/services/security/securityGovernanceOS.service.ts',
  redisOps: 'none',
  functionName: 'assertAuthorizedAccess:authorizeAccess',
  durationMs: 2,
  action: 'analytics:view',
  route: null,
  cacheStatus: 'delegated',
  dbQueries: [ 'see nested FEATURE_GATE_AWAIT_TRACE events' ]
}
FEATURE_GATE_AWAIT_TRACE {
  event: 'start',
  fileName: 'backend/src/services/security/securityGovernanceOS.service.ts',
  redisOps: 'none',
  functionName: 'authorizeAccess:attestInfraIsolation',
  action: 'analytics:view',
  route: null,
  cacheStatus: 'none',
  dbQueries: [ 'isolationAttestationLedger.create' ]
}
FEATURE_GATE_AWAIT_TRACE {
  event: 'start',
  fileName: 'backend/src/services/security/securityGovernanceOS.service.ts',
  redisOps: 'none',
  functionName: 'attestInfraIsolation:isolationAttestationLedger.upsert',
  cacheStatus: 'none',
  dbQueries: [
    'isolationAttestationLedger.upsert(isolation_attest:342db6ad4e75dbb2cc53a5e0)'
  ],
  attestationKey: 'isolation_attest:342db6ad4e75dbb2cc53a5e0'
}
FEATURE_GATE_AWAIT_TRACE {
  event: 'start',
  fileName: 'backend/src/services/security/securityGovernanceOS.service.ts',
  redisOps: 'none',
  functionName: 'authorizeAccess:appendAuthEvent:authorized',
  action: 'analytics:view',
  route: null,
  cacheStatus: 'none',
  dbQueries: [ 'authEventLedger.upsert' ]
}
FEATURE_GATE_AWAIT_TRACE {
  event: 'start',
  fileName: 'backend/src/services/security/securityGovernanceOS.service.ts',
  redisOps: 'none',
  functionName: 'appendAuthEvent:authEventLedger.upsert',
  cacheStatus: 'none',
  dbQueries: [ 'authEventLedger.upsert(auth_evt:67f07fb403e4bda29b43907b08)' ],
  eventKey: 'auth_evt:67f07fb403e4bda29b43907b08',
  action: 'analytics:view',
  outcome: 'ALLOWED'
}
prisma:error 
Invalid `prisma.dataAccessAuditLedger.upsert()` invocation:


Raw query failed. Code: `unknown`. Message: `Kind: Transactions are not supported by this deployment, labels: {}, source: None`
prisma:error 
Invalid `prisma.isolationAttestationLedger.upsert()` invocation:


Raw query failed. Code: `unknown`. Message: `Kind: Transactions are not supported by this deployment, labels: {}, source: None`
FEATURE_GATE_AWAIT_TRACE {
  event: 'end',
  fileName: 'backend/src/services/security/securityGovernanceOS.service.ts',
  redisOps: 'none',
  functionName: 'attestInfraIsolation:isolationAttestationLedger.upsert',
  durationMs: 4,
  cacheStatus: 'none',
  dbQueries: [
    'isolationAttestationLedger.upsert(isolation_attest:342db6ad4e75dbb2cc53a5e0)'
  ],
  attestationKey: 'isolation_attest:342db6ad4e75dbb2cc53a5e0'
}
FEATURE_GATE_AWAIT_TRACE {
  event: 'end',
  fileName: 'backend/src/services/security/securityGovernanceOS.service.ts',
  redisOps: 'none',
  functionName: 'authorizeAccess:attestInfraIsolation',
  durationMs: 5,
  action: 'analytics:view',
  route: null,
  cacheStatus: 'none',
  dbQueries: [ 'isolationAttestationLedger.create' ]
}
prisma:error 
Invalid `prisma.authEventLedger.upsert()` invocation:


Raw query failed. Code: `unknown`. Message: `Kind: Transactions are not supported by this deployment, labels: {}, source: None`
FEATURE_GATE_AWAIT_TRACE {
  event: 'end',
  fileName: 'backend/src/services/security/securityGovernanceOS.service.ts',
  redisOps: 'none',
  functionName: 'appendAuthEvent:authEventLedger.upsert',
  durationMs: 4,
  cacheStatus: 'none',
  dbQueries: [ 'authEventLedger.upsert(auth_evt:67f07fb403e4bda29b43907b08)' ],
  eventKey: 'auth_evt:67f07fb403e4bda29b43907b08',
  action: 'analytics:view',
  outcome: 'ALLOWED'
}
FEATURE_GATE_AWAIT_TRACE {
  event: 'end',
  fileName: 'backend/src/services/security/securityGovernanceOS.service.ts',
  redisOps: 'none',
  functionName: 'authorizeAccess:appendAuthEvent:authorized',
  durationMs: 6,
  action: 'analytics:view',
  route: null,
  cacheStatus: 'none',
  dbQueries: [ 'authEventLedger.upsert' ]
}
prisma:error 
Invalid `prisma.observabilityEventLedger.findUnique()` invocation:


Raw query failed. Code: `unknown`. Message: `Kind: Server selection timeout: No available servers. Topology: { Type: Unknown, Servers: [ { Address: localhost:27017, Type: Unknown, Error: Kind: I/O error: No connection could be made because the target machine actively refused it. (os error 10061), labels: {}, source: None } ] }, labels: {}, source: None`
prisma:error 
Invalid `prisma.observabilityEventLedger.upsert()` invocation:


Raw query failed. Code: `unknown`. Message: `Kind: Transactions are not supported by this deployment, labels: {}, source: None`
prisma:error 
Invalid `prisma.infrastructureRecoveryLedger.count()` invocation:


Raw query failed. Code: `unknown`. Message: `Kind: Server selection timeout: No available servers. Topology: { Type: Unknown, Servers: [ { Address: localhost:27017, Type: Unknown, Error: Kind: I/O error: No connection could be made because the target machine actively refused it. (os error 10061), labels: {}, source: None } ] }, labels: {}, source: None`
replay_suppressed_count {
  metric: 'replay_suppressed_count',
  value: 0,
  businessId: null,
  route: 'integrations_onboarding_recovery',
  metadata: {
    suppression: 'queue_not_writable',
    suspendMs: 60000,
    queueDepth: 0,
    redisCircuitOpen: false
  },
  recordedAt: '2026-07-06T15:54:30.029Z'
}
FEATURE_GATE_AWAIT_TRACE {
  event: 'start',
  fileName: 'backend/src/services/security/securityGovernanceOS.service.ts',
  redisOps: 'none',
  functionName: 'assertAuthorizedAccess:authorizeAccess',
  action: 'analytics:view',
  route: null,
  cacheStatus: 'delegated',
  dbQueries: [ 'see nested FEATURE_GATE_AWAIT_TRACE events' ]
}
FEATURE_GATE_AWAIT_TRACE {
  event: 'start',
  fileName: 'backend/src/services/security/securityGovernanceOS.service.ts',
  redisOps: 'none',
  functionName: 'authorizeAccess:assertTenantIsolation',
  action: 'analytics:view',
  route: null,
  cacheStatus: 'none',
  dbQueries: [ 'tenantIsolationLedger.upsert' ]
}
FEATURE_GATE_AWAIT_TRACE {
  event: 'end',
  fileName: 'backend/src/services/security/securityGovernanceOS.service.ts',
  redisOps: 'none',
  functionName: 'authorizeAccess:assertTenantIsolation',
  durationMs: 0,
  action: 'analytics:view',
  route: null,
  cacheStatus: 'none',
  dbQueries: [ 'tenantIsolationLedger.upsert' ]
}
FEATURE_GATE_AWAIT_TRACE {
  event: 'end',
  fileName: 'backend/src/services/security/securityGovernanceOS.service.ts',
  redisOps: 'none',
  functionName: 'assertAuthorizedAccess:authorizeAccess',
  durationMs: 3,
  action: 'analytics:view',
  route: null,
  cacheStatus: 'delegated',
  dbQueries: [ 'see nested FEATURE_GATE_AWAIT_TRACE events' ]
}
FEATURE_GATE_AWAIT_TRACE {
  event: 'start',
  fileName: 'backend/src/services/security/securityGovernanceOS.service.ts',
  redisOps: 'none',
  functionName: 'authorizeAccess:attestInfraIsolation',
  action: 'analytics:view',
  route: null,
  cacheStatus: 'none',
  dbQueries: [ 'isolationAttestationLedger.create' ]
}
FEATURE_GATE_AWAIT_TRACE {
  event: 'start',
  fileName: 'backend/src/services/security/securityGovernanceOS.service.ts',
  redisOps: 'none',
  functionName: 'attestInfraIsolation:isolationAttestationLedger.upsert',
  cacheStatus: 'none',
  dbQueries: [
    'isolationAttestationLedger.upsert(isolation_attest:187115bdbf2b71c4e5533e82)'
  ],
  attestationKey: 'isolation_attest:187115bdbf2b71c4e5533e82'
}
FEATURE_GATE_AWAIT_TRACE {
  event: 'start',
  fileName: 'backend/src/services/security/securityGovernanceOS.service.ts',
  redisOps: 'none',
  functionName: 'authorizeAccess:appendAuthEvent:authorized',
  action: 'analytics:view',
  route: null,
  cacheStatus: 'none',
  dbQueries: [ 'authEventLedger.upsert' ]
}
FEATURE_GATE_AWAIT_TRACE {
  event: 'start',
  fileName: 'backend/src/services/security/securityGovernanceOS.service.ts',
  redisOps: 'none',
  functionName: 'appendAuthEvent:authEventLedger.upsert',
  cacheStatus: 'none',
  dbQueries: [ 'authEventLedger.upsert(auth_evt:c219443ebb43676d1ab4f4e7df)' ],
  eventKey: 'auth_evt:c219443ebb43676d1ab4f4e7df',
  action: 'analytics:view',
  outcome: 'ALLOWED'
}
prisma:error 
Invalid `prisma.dataAccessAuditLedger.upsert()` invocation:


Raw query failed. Code: `unknown`. Message: `Kind: Transactions are not supported by this deployment, labels: {}, source: None`
prisma:error 
Invalid `prisma.isolationAttestationLedger.upsert()` invocation:


Raw query failed. Code: `unknown`. Message: `Kind: Transactions are not supported by this deployment, labels: {}, source: None`
FEATURE_GATE_AWAIT_TRACE {
  event: 'end',
  fileName: 'backend/src/services/security/securityGovernanceOS.service.ts',
  redisOps: 'none',
  functionName: 'attestInfraIsolation:isolationAttestationLedger.upsert',
  durationMs: 3,
  cacheStatus: 'none',
  dbQueries: [
    'isolationAttestationLedger.upsert(isolation_attest:187115bdbf2b71c4e5533e82)'
  ],
  attestationKey: 'isolation_attest:187115bdbf2b71c4e5533e82'
}
FEATURE_GATE_AWAIT_TRACE {
  event: 'end',
  fileName: 'backend/src/services/security/securityGovernanceOS.service.ts',
  redisOps: 'none',
  functionName: 'authorizeAccess:attestInfraIsolation',
  durationMs: 5,
  action: 'analytics:view',
  route: null,
  cacheStatus: 'none',
  dbQueries: [ 'isolationAttestationLedger.create' ]
}
prisma:error 
Invalid `prisma.authEventLedger.upsert()` invocation:


Raw query failed. Code: `unknown`. Message: `Kind: Transactions are not supported by this deployment, labels: {}, source: None`
FEATURE_GATE_AWAIT_TRACE {
  event: 'end',
  fileName: 'backend/src/services/security/securityGovernanceOS.service.ts',
  redisOps: 'none',
  functionName: 'appendAuthEvent:authEventLedger.upsert',
  durationMs: 3,
  cacheStatus: 'none',
  dbQueries: [ 'authEventLedger.upsert(auth_evt:c219443ebb43676d1ab4f4e7df)' ],
  eventKey: 'auth_evt:c219443ebb43676d1ab4f4e7df',
  action: 'analytics:view',
  outcome: 'ALLOWED'
}
FEATURE_GATE_AWAIT_TRACE {
  event: 'end',
  fileName: 'backend/src/services/security/securityGovernanceOS.service.ts',
  redisOps: 'none',
  functionName: 'authorizeAccess:appendAuthEvent:authorized',
  durationMs: 4,
  action: 'analytics:view',
  route: null,
  cacheStatus: 'none',
  dbQueries: [ 'authEventLedger.upsert' ]
}
prisma:error 
Invalid `prisma.observabilityEventLedger.findUnique()` invocation:


Raw query failed. Code: `unknown`. Message: `Kind: Server selection timeout: No available servers. Topology: { Type: Unknown, Servers: [ { Address: localhost:27017, Type: Unknown, Error: Kind: I/O error: No connection could be made because the target machine actively refused it. (os error 10061), labels: {}, source: None } ] }, labels: {}, source: None`
prisma:error 
Invalid `prisma.observabilityEventLedger.upsert()` invocation:


Raw query failed. Code: `unknown`. Message: `Kind: Transactions are not supported by this deployment, labels: {}, source: None`
prisma:error 
Invalid `prisma.infrastructureRecoveryLedger.count()` invocation:


Raw query failed. Code: `unknown`. Message: `Kind: Server selection timeout: No available servers. Topology: { Type: Unknown, Servers: [ { Address: localhost:27017, Type: Unknown, Error: Kind: I/O error: No connection could be made because the target machine actively refused it. (os error 10061), labels: {}, source: None } ] }, labels: {}, source: None`
replay_suppressed_count {
  metric: 'replay_suppressed_count',
  value: 0,
  businessId: null,
  route: 'integrations_onboarding_recovery',
  metadata: {
    suppression: 'queue_not_writable',
    suspendMs: 60000,
    queueDepth: 0,
    redisCircuitOpen: false
  },
  recordedAt: '2026-07-06T15:55:30.027Z'
}
FEATURE_GATE_AWAIT_TRACE {
  event: 'start',
  fileName: 'backend/src/services/security/securityGovernanceOS.service.ts',
  redisOps: 'none',
  functionName: 'assertAuthorizedAccess:authorizeAccess',
  action: 'analytics:view',
  route: null,
  cacheStatus: 'delegated',
  dbQueries: [ 'see nested FEATURE_GATE_AWAIT_TRACE events' ]
}
FEATURE_GATE_AWAIT_TRACE {
  event: 'start',
  fileName: 'backend/src/services/security/securityGovernanceOS.service.ts',
  redisOps: 'none',
  functionName: 'authorizeAccess:assertTenantIsolation',
  action: 'analytics:view',
  route: null,
  cacheStatus: 'none',
  dbQueries: [ 'tenantIsolationLedger.upsert' ]
}
FEATURE_GATE_AWAIT_TRACE {
  event: 'end',
  fileName: 'backend/src/services/security/securityGovernanceOS.service.ts',
  redisOps: 'none',
  functionName: 'authorizeAccess:assertTenantIsolation',
  durationMs: 0,
  action: 'analytics:view',
  route: null,
  cacheStatus: 'none',
  dbQueries: [ 'tenantIsolationLedger.upsert' ]
}
FEATURE_GATE_AWAIT_TRACE {
  event: 'end',
  fileName: 'backend/src/services/security/securityGovernanceOS.service.ts',
  redisOps: 'none',
  functionName: 'assertAuthorizedAccess:authorizeAccess',
  durationMs: 3,
  action: 'analytics:view',
  route: null,
  cacheStatus: 'delegated',
  dbQueries: [ 'see nested FEATURE_GATE_AWAIT_TRACE events' ]
}
FEATURE_GATE_AWAIT_TRACE {
  event: 'start',
  fileName: 'backend/src/services/security/securityGovernanceOS.service.ts',
  redisOps: 'none',
  functionName: 'authorizeAccess:attestInfraIsolation',
  action: 'analytics:view',
  route: null,
  cacheStatus: 'none',
  dbQueries: [ 'isolationAttestationLedger.create' ]
}
FEATURE_GATE_AWAIT_TRACE {
  event: 'start',
  fileName: 'backend/src/services/security/securityGovernanceOS.service.ts',
  redisOps: 'none',
  functionName: 'attestInfraIsolation:isolationAttestationLedger.upsert',
  cacheStatus: 'none',
  dbQueries: [
    'isolationAttestationLedger.upsert(isolation_attest:de93a81d71fbbd63afab9c5c)'
  ],
  attestationKey: 'isolation_attest:de93a81d71fbbd63afab9c5c'
}
FEATURE_GATE_AWAIT_TRACE {
  event: 'start',
  fileName: 'backend/src/services/security/securityGovernanceOS.service.ts',
  redisOps: 'none',
  functionName: 'authorizeAccess:appendAuthEvent:authorized',
  action: 'analytics:view',
  route: null,
  cacheStatus: 'none',
  dbQueries: [ 'authEventLedger.upsert' ]
}
FEATURE_GATE_AWAIT_TRACE {
  event: 'start',
  fileName: 'backend/src/services/security/securityGovernanceOS.service.ts',
  redisOps: 'none',
  functionName: 'appendAuthEvent:authEventLedger.upsert',
  cacheStatus: 'none',
  dbQueries: [ 'authEventLedger.upsert(auth_evt:690758e43142ca971c61c7bfff)' ],
  eventKey: 'auth_evt:690758e43142ca971c61c7bfff',
  action: 'analytics:view',
  outcome: 'ALLOWED'
}
prisma:error 
Invalid `prisma.dataAccessAuditLedger.upsert()` invocation:


Raw query failed. Code: `unknown`. Message: `Kind: Transactions are not supported by this deployment, labels: {}, source: None`
prisma:error 
Invalid `prisma.isolationAttestationLedger.upsert()` invocation:


Raw query failed. Code: `unknown`. Message: `Kind: Transactions are not supported by this deployment, labels: {}, source: None`
FEATURE_GATE_AWAIT_TRACE {
  event: 'end',
  fileName: 'backend/src/services/security/securityGovernanceOS.service.ts',
  redisOps: 'none',
  functionName: 'attestInfraIsolation:isolationAttestationLedger.upsert',
  durationMs: 3,
  cacheStatus: 'none',
  dbQueries: [
    'isolationAttestationLedger.upsert(isolation_attest:de93a81d71fbbd63afab9c5c)'
  ],
  attestationKey: 'isolation_attest:de93a81d71fbbd63afab9c5c'
}
FEATURE_GATE_AWAIT_TRACE {
  event: 'end',
  fileName: 'backend/src/services/security/securityGovernanceOS.service.ts',
  redisOps: 'none',
  functionName: 'authorizeAccess:attestInfraIsolation',
  durationMs: 5,
  action: 'analytics:view',
  route: null,
  cacheStatus: 'none',
  dbQueries: [ 'isolationAttestationLedger.create' ]
}
prisma:error 
Invalid `prisma.authEventLedger.upsert()` invocation:


Raw query failed. Code: `unknown`. Message: `Kind: Transactions are not supported by this deployment, labels: {}, source: None`
FEATURE_GATE_AWAIT_TRACE {
  event: 'end',
  fileName: 'backend/src/services/security/securityGovernanceOS.service.ts',
  redisOps: 'none',
  functionName: 'appendAuthEvent:authEventLedger.upsert',
  durationMs: 3,
  cacheStatus: 'none',
  dbQueries: [ 'authEventLedger.upsert(auth_evt:690758e43142ca971c61c7bfff)' ],
  eventKey: 'auth_evt:690758e43142ca971c61c7bfff',
  action: 'analytics:view',
  outcome: 'ALLOWED'
}
FEATURE_GATE_AWAIT_TRACE {
  event: 'end',
  fileName: 'backend/src/services/security/securityGovernanceOS.service.ts',
  redisOps: 'none',
  functionName: 'authorizeAccess:appendAuthEvent:authorized',
  durationMs: 4,
  action: 'analytics:view',
  route: null,
  cacheStatus: 'none',
  dbQueries: [ 'authEventLedger.upsert' ]
}
prisma:error 
Invalid `prisma.observabilityEventLedger.findUnique()` invocation:


Raw query failed. Code: `unknown`. Message: `Kind: Server selection timeout: No available servers. Topology: { Type: Unknown, Servers: [ { Address: localhost:27017, Type: Unknown, Error: Kind: I/O error: No connection could be made because the target machine actively refused it. (os error 10061), labels: {}, source: None } ] }, labels: {}, source: None`
prisma:error 
Invalid `prisma.observabilityEventLedger.upsert()` invocation:


Raw query failed. Code: `unknown`. Message: `Kind: Transactions are not supported by this deployment, labels: {}, source: None`
prisma:error 
Invalid `prisma.infrastructureRecoveryLedger.count()` invocation:


Raw query failed. Code: `unknown`. Message: `Kind: Server selection timeout: No available servers. Topology: { Type: Unknown, Servers: [ { Address: localhost:27017, Type: Unknown, Error: Kind: I/O error: No connection could be made because the target machine actively refused it. (os error 10061), labels: {}, source: None } ] }, labels: {}, source: None`
replay_suppressed_count {
  metric: 'replay_suppressed_count',
  value: 0,
  businessId: null,
  route: 'integrations_onboarding_recovery',
  metadata: {
    suppression: 'queue_not_writable',
    suspendMs: 60000,
    queueDepth: 0,
    redisCircuitOpen: false
  },
  recordedAt: '2026-07-06T15:56:30.040Z'
}
FEATURE_GATE_AWAIT_TRACE {
  event: 'start',
  fileName: 'backend/src/services/security/securityGovernanceOS.service.ts',
  redisOps: 'none',
  functionName: 'assertAuthorizedAccess:authorizeAccess',
  action: 'analytics:view',
  route: null,
  cacheStatus: 'delegated',
  dbQueries: [ 'see nested FEATURE_GATE_AWAIT_TRACE events' ]
}
FEATURE_GATE_AWAIT_TRACE {
  event: 'start',
  fileName: 'backend/src/services/security/securityGovernanceOS.service.ts',
  redisOps: 'none',
  functionName: 'authorizeAccess:assertTenantIsolation',
  action: 'analytics:view',
  route: null,
  cacheStatus: 'none',
  dbQueries: [ 'tenantIsolationLedger.upsert' ]
}
FEATURE_GATE_AWAIT_TRACE {
  event: 'end',
  fileName: 'backend/src/services/security/securityGovernanceOS.service.ts',
  redisOps: 'none',
  functionName: 'authorizeAccess:assertTenantIsolation',
  durationMs: 1,
  action: 'analytics:view',
  route: null,
  cacheStatus: 'none',
  dbQueries: [ 'tenantIsolationLedger.upsert' ]
}
FEATURE_GATE_AWAIT_TRACE {
  event: 'end',
  fileName: 'backend/src/services/security/securityGovernanceOS.service.ts',
  redisOps: 'none',
  functionName: 'assertAuthorizedAccess:authorizeAccess',
  durationMs: 2,
  action: 'analytics:view',
  route: null,
  cacheStatus: 'delegated',
  dbQueries: [ 'see nested FEATURE_GATE_AWAIT_TRACE events' ]
}
FEATURE_GATE_AWAIT_TRACE {
  event: 'start',
  fileName: 'backend/src/services/security/securityGovernanceOS.service.ts',
  redisOps: 'none',
  functionName: 'authorizeAccess:attestInfraIsolation',
  action: 'analytics:view',
  route: null,
  cacheStatus: 'none',
  dbQueries: [ 'isolationAttestationLedger.create' ]
}
FEATURE_GATE_AWAIT_TRACE {
  event: 'start',
  fileName: 'backend/src/services/security/securityGovernanceOS.service.ts',
  redisOps: 'none',
  functionName: 'attestInfraIsolation:isolationAttestationLedger.upsert',
  cacheStatus: 'none',
  dbQueries: [
    'isolationAttestationLedger.upsert(isolation_attest:344df6f6c308f80fd69f1fc5)'
  ],
  attestationKey: 'isolation_attest:344df6f6c308f80fd69f1fc5'
}
FEATURE_GATE_AWAIT_TRACE {
  event: 'start',
  fileName: 'backend/src/services/security/securityGovernanceOS.service.ts',
  redisOps: 'none',
  functionName: 'authorizeAccess:appendAuthEvent:authorized',
  action: 'analytics:view',
  route: null,
  cacheStatus: 'none',
  dbQueries: [ 'authEventLedger.upsert' ]
}
FEATURE_GATE_AWAIT_TRACE {
  event: 'start',
  fileName: 'backend/src/services/security/securityGovernanceOS.service.ts',
  redisOps: 'none',
  functionName: 'appendAuthEvent:authEventLedger.upsert',
  cacheStatus: 'none',
  dbQueries: [ 'authEventLedger.upsert(auth_evt:6cfcda05035447e54bc0340402)' ],
  eventKey: 'auth_evt:6cfcda05035447e54bc0340402',
  action: 'analytics:view',
  outcome: 'ALLOWED'
}
prisma:error 
Invalid `prisma.dataAccessAuditLedger.upsert()` invocation:


Raw query failed. Code: `unknown`. Message: `Kind: Transactions are not supported by this deployment, labels: {}, source: None`
prisma:error 
Invalid `prisma.isolationAttestationLedger.upsert()` invocation:


Raw query failed. Code: `unknown`. Message: `Kind: Transactions are not supported by this deployment, labels: {}, source: None`
FEATURE_GATE_AWAIT_TRACE {
  event: 'end',
  fileName: 'backend/src/services/security/securityGovernanceOS.service.ts',
  redisOps: 'none',
  functionName: 'attestInfraIsolation:isolationAttestationLedger.upsert',
  durationMs: 4,
  cacheStatus: 'none',
  dbQueries: [
    'isolationAttestationLedger.upsert(isolation_attest:344df6f6c308f80fd69f1fc5)'
  ],
  attestationKey: 'isolation_attest:344df6f6c308f80fd69f1fc5'
}
FEATURE_GATE_AWAIT_TRACE {
  event: 'end',
  fileName: 'backend/src/services/security/securityGovernanceOS.service.ts',
  redisOps: 'none',
  functionName: 'authorizeAccess:attestInfraIsolation',
  durationMs: 4,
  action: 'analytics:view',
  route: null,
  cacheStatus: 'none',
  dbQueries: [ 'isolationAttestationLedger.create' ]
}
prisma:error 
Invalid `prisma.authEventLedger.upsert()` invocation:


Raw query failed. Code: `unknown`. Message: `Kind: Transactions are not supported by this deployment, labels: {}, source: None`
FEATURE_GATE_AWAIT_TRACE {
  event: 'end',
  fileName: 'backend/src/services/security/securityGovernanceOS.service.ts',
  redisOps: 'none',
  functionName: 'appendAuthEvent:authEventLedger.upsert',
  durationMs: 3,
  cacheStatus: 'none',
  dbQueries: [ 'authEventLedger.upsert(auth_evt:6cfcda05035447e54bc0340402)' ],
  eventKey: 'auth_evt:6cfcda05035447e54bc0340402',
  action: 'analytics:view',
  outcome: 'ALLOWED'
}
FEATURE_GATE_AWAIT_TRACE {
  event: 'end',
  fileName: 'backend/src/services/security/securityGovernanceOS.service.ts',
  redisOps: 'none',
  functionName: 'authorizeAccess:appendAuthEvent:authorized',
  durationMs: 4,
  action: 'analytics:view',
  route: null,
  cacheStatus: 'none',
  dbQueries: [ 'authEventLedger.upsert' ]
}
prisma:error 
Invalid `prisma.observabilityEventLedger.findUnique()` invocation:


Raw query failed. Code: `unknown`. Message: `Kind: Server selection timeout: No available servers. Topology: { Type: Unknown, Servers: [ { Address: localhost:27017, Type: Unknown, Error: Kind: I/O error: No connection could be made because the target machine actively refused it. (os error 10061), labels: {}, source: None } ] }, labels: {}, source: None`
prisma:error 
Invalid `prisma.observabilityEventLedger.upsert()` invocation:


Raw query failed. Code: `unknown`. Message: `Kind: Transactions are not supported by this deployment, labels: {}, source: None`
prisma:error 
Invalid `prisma.infrastructureRecoveryLedger.count()` invocation:


Raw query failed. Code: `unknown`. Message: `Kind: Server selection timeout: No available servers. Topology: { Type: Unknown, Servers: [ { Address: localhost:27017, Type: Unknown, Error: Kind: I/O error: No connection could be made because the target machine actively refused it. (os error 10061), labels: {}, source: None } ] }, labels: {}, source: None`
replay_suppressed_count {
  metric: 'replay_suppressed_count',
  value: 0,
  businessId: null,
  route: 'integrations_onboarding_recovery',
  metadata: {
    suppression: 'queue_not_writable',
    suspendMs: 60000,
    queueDepth: 0,
    redisCircuitOpen: false
  },
  recordedAt: '2026-07-06T15:57:30.041Z'
}
FEATURE_GATE_AWAIT_TRACE {
  event: 'start',
  fileName: 'backend/src/services/security/securityGovernanceOS.service.ts',
  redisOps: 'none',
  functionName: 'assertAuthorizedAccess:authorizeAccess',
  action: 'analytics:view',
  route: null,
  cacheStatus: 'delegated',
  dbQueries: [ 'see nested FEATURE_GATE_AWAIT_TRACE events' ]
}
FEATURE_GATE_AWAIT_TRACE {
  event: 'start',
  fileName: 'backend/src/services/security/securityGovernanceOS.service.ts',
  redisOps: 'none',
  functionName: 'authorizeAccess:assertTenantIsolation',
  action: 'analytics:view',
  route: null,
  cacheStatus: 'none',
  dbQueries: [ 'tenantIsolationLedger.upsert' ]
}
FEATURE_GATE_AWAIT_TRACE {
  event: 'end',
  fileName: 'backend/src/services/security/securityGovernanceOS.service.ts',
  redisOps: 'none',
  functionName: 'authorizeAccess:assertTenantIsolation',
  durationMs: 1,
  action: 'analytics:view',
  route: null,
  cacheStatus: 'none',
  dbQueries: [ 'tenantIsolationLedger.upsert' ]
}
FEATURE_GATE_AWAIT_TRACE {
  event: 'end',
  fileName: 'backend/src/services/security/securityGovernanceOS.service.ts',
  redisOps: 'none',
  functionName: 'assertAuthorizedAccess:authorizeAccess',
  durationMs: 2,
  action: 'analytics:view',
  route: null,
  cacheStatus: 'delegated',
  dbQueries: [ 'see nested FEATURE_GATE_AWAIT_TRACE events' ]
}
FEATURE_GATE_AWAIT_TRACE {
  event: 'start',
  fileName: 'backend/src/services/security/securityGovernanceOS.service.ts',
  redisOps: 'none',
  functionName: 'authorizeAccess:attestInfraIsolation',
  action: 'analytics:view',
  route: null,
  cacheStatus: 'none',
  dbQueries: [ 'isolationAttestationLedger.create' ]
}
FEATURE_GATE_AWAIT_TRACE {
  event: 'start',
  fileName: 'backend/src/services/security/securityGovernanceOS.service.ts',
  redisOps: 'none',
  functionName: 'attestInfraIsolation:isolationAttestationLedger.upsert',
  cacheStatus: 'none',
  dbQueries: [
    'isolationAttestationLedger.upsert(isolation_attest:c8d79a8757f7f93c26cd785f)'
  ],
  attestationKey: 'isolation_attest:c8d79a8757f7f93c26cd785f'
}
FEATURE_GATE_AWAIT_TRACE {
  event: 'start',
  fileName: 'backend/src/services/security/securityGovernanceOS.service.ts',
  redisOps: 'none',
  functionName: 'authorizeAccess:appendAuthEvent:authorized',
  action: 'analytics:view',
  route: null,
  cacheStatus: 'none',
  dbQueries: [ 'authEventLedger.upsert' ]
}
FEATURE_GATE_AWAIT_TRACE {
  event: 'start',
  fileName: 'backend/src/services/security/securityGovernanceOS.service.ts',
  redisOps: 'none',
  functionName: 'appendAuthEvent:authEventLedger.upsert',
  cacheStatus: 'none',
  dbQueries: [ 'authEventLedger.upsert(auth_evt:3372b99827573224740bdc6434)' ],
  eventKey: 'auth_evt:3372b99827573224740bdc6434',
  action: 'analytics:view',
  outcome: 'ALLOWED'
}
prisma:error 
Invalid `prisma.dataAccessAuditLedger.upsert()` invocation:


Raw query failed. Code: `unknown`. Message: `Kind: Transactions are not supported by this deployment, labels: {}, source: None`
prisma:error 
Invalid `prisma.isolationAttestationLedger.upsert()` invocation:


Raw query failed. Code: `unknown`. Message: `Kind: Transactions are not supported by this deployment, labels: {}, source: None`
FEATURE_GATE_AWAIT_TRACE {
  event: 'end',
  fileName: 'backend/src/services/security/securityGovernanceOS.service.ts',
  redisOps: 'none',
  functionName: 'attestInfraIsolation:isolationAttestationLedger.upsert',
  durationMs: 4,
  cacheStatus: 'none',
  dbQueries: [
    'isolationAttestationLedger.upsert(isolation_attest:c8d79a8757f7f93c26cd785f)'
  ],
  attestationKey: 'isolation_attest:c8d79a8757f7f93c26cd785f'
}
FEATURE_GATE_AWAIT_TRACE {
  event: 'end',
  fileName: 'backend/src/services/security/securityGovernanceOS.service.ts',
  redisOps: 'none',
  functionName: 'authorizeAccess:attestInfraIsolation',
  durationMs: 4,
  action: 'analytics:view',
  route: null,
  cacheStatus: 'none',
  dbQueries: [ 'isolationAttestationLedger.create' ]
}
prisma:error 
Invalid `prisma.authEventLedger.upsert()` invocation:


Raw query failed. Code: `unknown`. Message: `Kind: Transactions are not supported by this deployment, labels: {}, source: None`
FEATURE_GATE_AWAIT_TRACE {
  event: 'end',
  fileName: 'backend/src/services/security/securityGovernanceOS.service.ts',
  redisOps: 'none',
  functionName: 'appendAuthEvent:authEventLedger.upsert',
  durationMs: 3,
  cacheStatus: 'none',
  dbQueries: [ 'authEventLedger.upsert(auth_evt:3372b99827573224740bdc6434)' ],
  eventKey: 'auth_evt:3372b99827573224740bdc6434',
  action: 'analytics:view',
  outcome: 'ALLOWED'
}
FEATURE_GATE_AWAIT_TRACE {
  event: 'end',
  fileName: 'backend/src/services/security/securityGovernanceOS.service.ts',
  redisOps: 'none',
  functionName: 'authorizeAccess:appendAuthEvent:authorized',
  durationMs: 4,
  action: 'analytics:view',
  route: null,
  cacheStatus: 'none',
  dbQueries: [ 'authEventLedger.upsert' ]
}
prisma:error 
Invalid `prisma.observabilityEventLedger.findUnique()` invocation:


Raw query failed. Code: `unknown`. Message: `Kind: Server selection timeout: No available servers. Topology: { Type: Unknown, Servers: [ { Address: localhost:27017, Type: Unknown, Error: Kind: I/O error: No connection could be made because the target machine actively refused it. (os error 10061), labels: {}, source: None } ] }, labels: {}, source: None`
prisma:error 
Invalid `prisma.observabilityEventLedger.upsert()` invocation:


Raw query failed. Code: `unknown`. Message: `Kind: Transactions are not supported by this deployment, labels: {}, source: None`
prisma:error 
Invalid `prisma.infrastructureRecoveryLedger.count()` invocation:


Raw query failed. Code: `unknown`. Message: `Kind: Server selection timeout: No available servers. Topology: { Type: Unknown, Servers: [ { Address: localhost:27017, Type: Unknown, Error: Kind: I/O error: No connection could be made because the target machine actively refused it. (os error 10061), labels: {}, source: None } ] }, labels: {}, source: None`
replay_suppressed_count {
  metric: 'replay_suppressed_count',
  value: 0,
  businessId: null,
  route: 'integrations_onboarding_recovery',
  metadata: {
    suppression: 'queue_not_writable',
    suspendMs: 60000,
    queueDepth: 0,
    redisCircuitOpen: false
  },
  recordedAt: '2026-07-06T15:58:30.040Z'
}
FEATURE_GATE_AWAIT_TRACE {
  event: 'start',
  fileName: 'backend/src/services/security/securityGovernanceOS.service.ts',
  redisOps: 'none',
  functionName: 'assertAuthorizedAccess:authorizeAccess',
  action: 'analytics:view',
  route: null,
  cacheStatus: 'delegated',
  dbQueries: [ 'see nested FEATURE_GATE_AWAIT_TRACE events' ]
}
FEATURE_GATE_AWAIT_TRACE {
  event: 'start',
  fileName: 'backend/src/services/security/securityGovernanceOS.service.ts',
  redisOps: 'none',
  functionName: 'authorizeAccess:assertTenantIsolation',
  action: 'analytics:view',
  route: null,
  cacheStatus: 'none',
  dbQueries: [ 'tenantIsolationLedger.upsert' ]
}
FEATURE_GATE_AWAIT_TRACE {
  event: 'end',
  fileName: 'backend/src/services/security/securityGovernanceOS.service.ts',
  redisOps: 'none',
  functionName: 'authorizeAccess:assertTenantIsolation',
  durationMs: 1,
  action: 'analytics:view',
  route: null,
  cacheStatus: 'none',
  dbQueries: [ 'tenantIsolationLedger.upsert' ]
}
FEATURE_GATE_AWAIT_TRACE {
  event: 'end',
  fileName: 'backend/src/services/security/securityGovernanceOS.service.ts',
  redisOps: 'none',
  functionName: 'assertAuthorizedAccess:authorizeAccess',
  durationMs: 1,
  action: 'analytics:view',
  route: null,
  cacheStatus: 'delegated',
  dbQueries: [ 'see nested FEATURE_GATE_AWAIT_TRACE events' ]
}
FEATURE_GATE_AWAIT_TRACE {
  event: 'start',
  fileName: 'backend/src/services/security/securityGovernanceOS.service.ts',
  redisOps: 'none',
  functionName: 'authorizeAccess:attestInfraIsolation',
  action: 'analytics:view',
  route: null,
  cacheStatus: 'none',
  dbQueries: [ 'isolationAttestationLedger.create' ]
}
FEATURE_GATE_AWAIT_TRACE {
  event: 'start',
  fileName: 'backend/src/services/security/securityGovernanceOS.service.ts',
  redisOps: 'none',
  functionName: 'attestInfraIsolation:isolationAttestationLedger.upsert',
  cacheStatus: 'none',
  dbQueries: [
    'isolationAttestationLedger.upsert(isolation_attest:feef2f2cd9d2636041786e76)'
  ],
  attestationKey: 'isolation_attest:feef2f2cd9d2636041786e76'
}
FEATURE_GATE_AWAIT_TRACE {
  event: 'start',
  fileName: 'backend/src/services/security/securityGovernanceOS.service.ts',
  redisOps: 'none',
  functionName: 'authorizeAccess:appendAuthEvent:authorized',
  action: 'analytics:view',
  route: null,
  cacheStatus: 'none',
  dbQueries: [ 'authEventLedger.upsert' ]
}
FEATURE_GATE_AWAIT_TRACE {
  event: 'start',
  fileName: 'backend/src/services/security/securityGovernanceOS.service.ts',
  redisOps: 'none',
  functionName: 'appendAuthEvent:authEventLedger.upsert',
  cacheStatus: 'none',
  dbQueries: [ 'authEventLedger.upsert(auth_evt:41e0b810455515bdab106af266)' ],
  eventKey: 'auth_evt:41e0b810455515bdab106af266',
  action: 'analytics:view',
  outcome: 'ALLOWED'
}
prisma:error 
Invalid `prisma.dataAccessAuditLedger.upsert()` invocation:


Raw query failed. Code: `unknown`. Message: `Kind: Transactions are not supported by this deployment, labels: {}, source: None`
prisma:error 
Invalid `prisma.isolationAttestationLedger.upsert()` invocation:


Raw query failed. Code: `unknown`. Message: `Kind: Transactions are not supported by this deployment, labels: {}, source: None`
FEATURE_GATE_AWAIT_TRACE {
  event: 'end',
  fileName: 'backend/src/services/security/securityGovernanceOS.service.ts',
  redisOps: 'none',
  functionName: 'attestInfraIsolation:isolationAttestationLedger.upsert',
  durationMs: 5,
  cacheStatus: 'none',
  dbQueries: [
    'isolationAttestationLedger.upsert(isolation_attest:feef2f2cd9d2636041786e76)'
  ],
  attestationKey: 'isolation_attest:feef2f2cd9d2636041786e76'
}
FEATURE_GATE_AWAIT_TRACE {
  event: 'end',
  fileName: 'backend/src/services/security/securityGovernanceOS.service.ts',
  redisOps: 'none',
  functionName: 'authorizeAccess:attestInfraIsolation',
  durationMs: 6,
  action: 'analytics:view',
  route: null,
  cacheStatus: 'none',
  dbQueries: [ 'isolationAttestationLedger.create' ]
}
prisma:error 
Invalid `prisma.authEventLedger.upsert()` invocation:


Raw query failed. Code: `unknown`. Message: `Kind: Transactions are not supported by this deployment, labels: {}, source: None`
FEATURE_GATE_AWAIT_TRACE {
  event: 'end',
  fileName: 'backend/src/services/security/securityGovernanceOS.service.ts',
  redisOps: 'none',
  functionName: 'appendAuthEvent:authEventLedger.upsert',
  durationMs: 4,
  cacheStatus: 'none',
  dbQueries: [ 'authEventLedger.upsert(auth_evt:41e0b810455515bdab106af266)' ],
  eventKey: 'auth_evt:41e0b810455515bdab106af266',
  action: 'analytics:view',
  outcome: 'ALLOWED'
}
FEATURE_GATE_AWAIT_TRACE {
  event: 'end',
  fileName: 'backend/src/services/security/securityGovernanceOS.service.ts',
  redisOps: 'none',
  functionName: 'authorizeAccess:appendAuthEvent:authorized',
  durationMs: 5,
  action: 'analytics:view',
  route: null,
  cacheStatus: 'none',
  dbQueries: [ 'authEventLedger.upsert' ]
}
prisma:error 
Invalid `prisma.observabilityEventLedger.findUnique()` invocation:


Raw query failed. Code: `unknown`. Message: `Kind: Server selection timeout: No available servers. Topology: { Type: Unknown, Servers: [ { Address: localhost:27017, Type: Unknown, Error: Kind: I/O error: No connection could be made because the target machine actively refused it. (os error 10061), labels: {}, source: None } ] }, labels: {}, source: None`
prisma:error 
Invalid `prisma.observabilityEventLedger.upsert()` invocation:


Raw query failed. Code: `unknown`. Message: `Kind: Transactions are not supported by this deployment, labels: {}, source: None`
prisma:error 
Invalid `prisma.infrastructureRecoveryLedger.count()` invocation:


Raw query failed. Code: `unknown`. Message: `Kind: Server selection timeout: No available servers. Topology: { Type: Unknown, Servers: [ { Address: localhost:27017, Type: Unknown, Error: Kind: I/O error: No connection could be made because the target machine actively refused it. (os error 10061), labels: {}, source: None } ] }, labels: {}, source: None`
replay_suppressed_count {
  metric: 'replay_suppressed_count',
  value: 0,
  businessId: null,
  route: 'integrations_onboarding_recovery',
  metadata: {
    suppression: 'queue_not_writable',
    suspendMs: 60000,
    queueDepth: 0,
    redisCircuitOpen: false
  },
  recordedAt: '2026-07-06T15:59:30.043Z'
}
FEATURE_GATE_AWAIT_TRACE {
  event: 'start',
  fileName: 'backend/src/services/security/securityGovernanceOS.service.ts',
  redisOps: 'none',
  functionName: 'assertAuthorizedAccess:authorizeAccess',
  action: 'analytics:view',
  route: null,
  cacheStatus: 'delegated',
  dbQueries: [ 'see nested FEATURE_GATE_AWAIT_TRACE events' ]
}
FEATURE_GATE_AWAIT_TRACE {
  event: 'start',
  fileName: 'backend/src/services/security/securityGovernanceOS.service.ts',
  redisOps: 'none',
  functionName: 'authorizeAccess:assertTenantIsolation',
  action: 'analytics:view',
  route: null,
  cacheStatus: 'none',
  dbQueries: [ 'tenantIsolationLedger.upsert' ]
}
FEATURE_GATE_AWAIT_TRACE {
  event: 'end',
  fileName: 'backend/src/services/security/securityGovernanceOS.service.ts',
  redisOps: 'none',
  functionName: 'authorizeAccess:assertTenantIsolation',
  durationMs: 0,
  action: 'analytics:view',
  route: null,
  cacheStatus: 'none',
  dbQueries: [ 'tenantIsolationLedger.upsert' ]
}
FEATURE_GATE_AWAIT_TRACE {
  event: 'end',
  fileName: 'backend/src/services/security/securityGovernanceOS.service.ts',
  redisOps: 'none',
  functionName: 'assertAuthorizedAccess:authorizeAccess',
  durationMs: 3,
  action: 'analytics:view',
  route: null,
  cacheStatus: 'delegated',
  dbQueries: [ 'see nested FEATURE_GATE_AWAIT_TRACE events' ]
}
FEATURE_GATE_AWAIT_TRACE {
  event: 'start',
  fileName: 'backend/src/services/security/securityGovernanceOS.service.ts',
  redisOps: 'none',
  functionName: 'authorizeAccess:attestInfraIsolation',
  action: 'analytics:view',
  route: null,
  cacheStatus: 'none',
  dbQueries: [ 'isolationAttestationLedger.create' ]
}
FEATURE_GATE_AWAIT_TRACE {
  event: 'start',
  fileName: 'backend/src/services/security/securityGovernanceOS.service.ts',
  redisOps: 'none',
  functionName: 'attestInfraIsolation:isolationAttestationLedger.upsert',
  cacheStatus: 'none',
  dbQueries: [
    'isolationAttestationLedger.upsert(isolation_attest:047d349d41a78a5bd2cd4f47)'
  ],
  attestationKey: 'isolation_attest:047d349d41a78a5bd2cd4f47'
}
FEATURE_GATE_AWAIT_TRACE {
  event: 'start',
  fileName: 'backend/src/services/security/securityGovernanceOS.service.ts',
  redisOps: 'none',
  functionName: 'authorizeAccess:appendAuthEvent:authorized',
  action: 'analytics:view',
  route: null,
  cacheStatus: 'none',
  dbQueries: [ 'authEventLedger.upsert' ]
}
FEATURE_GATE_AWAIT_TRACE {
  event: 'start',
  fileName: 'backend/src/services/security/securityGovernanceOS.service.ts',
  redisOps: 'none',
  functionName: 'appendAuthEvent:authEventLedger.upsert',
  cacheStatus: 'none',
  dbQueries: [ 'authEventLedger.upsert(auth_evt:c75ce3e38e84abf9db1f3a57e0)' ],
  eventKey: 'auth_evt:c75ce3e38e84abf9db1f3a57e0',
  action: 'analytics:view',
  outcome: 'ALLOWED'
}
prisma:error 
Invalid `prisma.dataAccessAuditLedger.upsert()` invocation:


Raw query failed. Code: `unknown`. Message: `Kind: Transactions are not supported by this deployment, labels: {}, source: None`
prisma:error 
Invalid `prisma.isolationAttestationLedger.upsert()` invocation:


Raw query failed. Code: `unknown`. Message: `Kind: Transactions are not supported by this deployment, labels: {}, source: None`
FEATURE_GATE_AWAIT_TRACE {
  event: 'end',
  fileName: 'backend/src/services/security/securityGovernanceOS.service.ts',
  redisOps: 'none',
  functionName: 'attestInfraIsolation:isolationAttestationLedger.upsert',
  durationMs: 3,
  cacheStatus: 'none',
  dbQueries: [
    'isolationAttestationLedger.upsert(isolation_attest:047d349d41a78a5bd2cd4f47)'
  ],
  attestationKey: 'isolation_attest:047d349d41a78a5bd2cd4f47'
}
FEATURE_GATE_AWAIT_TRACE {
  event: 'end',
  fileName: 'backend/src/services/security/securityGovernanceOS.service.ts',
  redisOps: 'none',
  functionName: 'authorizeAccess:attestInfraIsolation',
  durationMs: 4,
  action: 'analytics:view',
  route: null,
  cacheStatus: 'none',
  dbQueries: [ 'isolationAttestationLedger.create' ]
}
prisma:error 
Invalid `prisma.authEventLedger.upsert()` invocation:


Raw query failed. Code: `unknown`. Message: `Kind: Transactions are not supported by this deployment, labels: {}, source: None`
FEATURE_GATE_AWAIT_TRACE {
  event: 'end',
  fileName: 'backend/src/services/security/securityGovernanceOS.service.ts',
  redisOps: 'none',
  functionName: 'appendAuthEvent:authEventLedger.upsert',
  durationMs: 3,
  cacheStatus: 'none',
  dbQueries: [ 'authEventLedger.upsert(auth_evt:c75ce3e38e84abf9db1f3a57e0)' ],
  eventKey: 'auth_evt:c75ce3e38e84abf9db1f3a57e0',
  action: 'analytics:view',
  outcome: 'ALLOWED'
}
FEATURE_GATE_AWAIT_TRACE {
  event: 'end',
  fileName: 'backend/src/services/security/securityGovernanceOS.service.ts',
  redisOps: 'none',
  functionName: 'authorizeAccess:appendAuthEvent:authorized',
  durationMs: 4,
  action: 'analytics:view',
  route: null,
  cacheStatus: 'none',
  dbQueries: [ 'authEventLedger.upsert' ]
}
prisma:error 
Invalid `prisma.observabilityEventLedger.findUnique()` invocation:


Raw query failed. Code: `unknown`. Message: `Kind: Server selection timeout: No available servers. Topology: { Type: Unknown, Servers: [ { Address: localhost:27017, Type: Unknown, Error: Kind: I/O error: No connection could be made because the target machine actively refused it. (os error 10061), labels: {}, source: None } ] }, labels: {}, source: None`
prisma:error 
Invalid `prisma.observabilityEventLedger.upsert()` invocation:


Raw query failed. Code: `unknown`. Message: `Kind: Transactions are not supported by this deployment, labels: {}, source: None`
prisma:error 
Invalid `prisma.infrastructureRecoveryLedger.count()` invocation:


Raw query failed. Code: `unknown`. Message: `Kind: Server selection timeout: No available servers. Topology: { Type: Unknown, Servers: [ { Address: localhost:27017, Type: Unknown, Error: Kind: I/O error: No connection could be made because the target machine actively refused it. (os error 10061), labels: {}, source: None } ] }, labels: {}, source: None`
replay_suppressed_count {
  metric: 'replay_suppressed_count',
  value: 0,
  businessId: null,
  route: 'integrations_onboarding_recovery',
  metadata: {
    suppression: 'queue_not_writable',
    suspendMs: 60000,
    queueDepth: 0,
    redisCircuitOpen: false
  },
  recordedAt: '2026-07-06T16:00:30.039Z'
}
FEATURE_GATE_AWAIT_TRACE {
  event: 'start',
  fileName: 'backend/src/services/security/securityGovernanceOS.service.ts',
  redisOps: 'none',
  functionName: 'assertAuthorizedAccess:authorizeAccess',
  action: 'analytics:view',
  route: null,
  cacheStatus: 'delegated',
  dbQueries: [ 'see nested FEATURE_GATE_AWAIT_TRACE events' ]
}
FEATURE_GATE_AWAIT_TRACE {
  event: 'start',
  fileName: 'backend/src/services/security/securityGovernanceOS.service.ts',
  redisOps: 'none',
  functionName: 'authorizeAccess:assertTenantIsolation',
  action: 'analytics:view',
  route: null,
  cacheStatus: 'none',
  dbQueries: [ 'tenantIsolationLedger.upsert' ]
}
FEATURE_GATE_AWAIT_TRACE {
  event: 'end',
  fileName: 'backend/src/services/security/securityGovernanceOS.service.ts',
  redisOps: 'none',
  functionName: 'authorizeAccess:assertTenantIsolation',
  durationMs: 1,
  action: 'analytics:view',
  route: null,
  cacheStatus: 'none',
  dbQueries: [ 'tenantIsolationLedger.upsert' ]
}
FEATURE_GATE_AWAIT_TRACE {
  event: 'end',
  fileName: 'backend/src/services/security/securityGovernanceOS.service.ts',
  redisOps: 'none',
  functionName: 'assertAuthorizedAccess:authorizeAccess',
  durationMs: 2,
  action: 'analytics:view',
  route: null,
  cacheStatus: 'delegated',
  dbQueries: [ 'see nested FEATURE_GATE_AWAIT_TRACE events' ]
}
FEATURE_GATE_AWAIT_TRACE {
  event: 'start',
  fileName: 'backend/src/services/security/securityGovernanceOS.service.ts',
  redisOps: 'none',
  functionName: 'authorizeAccess:attestInfraIsolation',
  action: 'analytics:view',
  route: null,
  cacheStatus: 'none',
  dbQueries: [ 'isolationAttestationLedger.create' ]
}
FEATURE_GATE_AWAIT_TRACE {
  event: 'start',
  fileName: 'backend/src/services/security/securityGovernanceOS.service.ts',
  redisOps: 'none',
  functionName: 'attestInfraIsolation:isolationAttestationLedger.upsert',
  cacheStatus: 'none',
  dbQueries: [
    'isolationAttestationLedger.upsert(isolation_attest:f5ffe0cc1738e4dcb4046b46)'
  ],
  attestationKey: 'isolation_attest:f5ffe0cc1738e4dcb4046b46'
}
FEATURE_GATE_AWAIT_TRACE {
  event: 'start',
  fileName: 'backend/src/services/security/securityGovernanceOS.service.ts',
  redisOps: 'none',
  functionName: 'authorizeAccess:appendAuthEvent:authorized',
  action: 'analytics:view',
  route: null,
  cacheStatus: 'none',
  dbQueries: [ 'authEventLedger.upsert' ]
}
FEATURE_GATE_AWAIT_TRACE {
  event: 'start',
  fileName: 'backend/src/services/security/securityGovernanceOS.service.ts',
  redisOps: 'none',
  functionName: 'appendAuthEvent:authEventLedger.upsert',
  cacheStatus: 'none',
  dbQueries: [ 'authEventLedger.upsert(auth_evt:c9247e25a4ee55d21aefbe139e)' ],
  eventKey: 'auth_evt:c9247e25a4ee55d21aefbe139e',
  action: 'analytics:view',
  outcome: 'ALLOWED'
}
prisma:error 
Invalid `prisma.dataAccessAuditLedger.upsert()` invocation:


Raw query failed. Code: `unknown`. Message: `Kind: Transactions are not supported by this deployment, labels: {}, source: None`
prisma:error 
Invalid `prisma.isolationAttestationLedger.upsert()` invocation:


Raw query failed. Code: `unknown`. Message: `Kind: Transactions are not supported by this deployment, labels: {}, source: None`
FEATURE_GATE_AWAIT_TRACE {
  event: 'end',
  fileName: 'backend/src/services/security/securityGovernanceOS.service.ts',
  redisOps: 'none',
  functionName: 'attestInfraIsolation:isolationAttestationLedger.upsert',
  durationMs: 3,
  cacheStatus: 'none',
  dbQueries: [
    'isolationAttestationLedger.upsert(isolation_attest:f5ffe0cc1738e4dcb4046b46)'
  ],
  attestationKey: 'isolation_attest:f5ffe0cc1738e4dcb4046b46'
}
FEATURE_GATE_AWAIT_TRACE {
  event: 'end',
  fileName: 'backend/src/services/security/securityGovernanceOS.service.ts',
  redisOps: 'none',
  functionName: 'authorizeAccess:attestInfraIsolation',
  durationMs: 5,
  action: 'analytics:view',
  route: null,
  cacheStatus: 'none',
  dbQueries: [ 'isolationAttestationLedger.create' ]
}
prisma:error 
Invalid `prisma.authEventLedger.upsert()` invocation:


Raw query failed. Code: `unknown`. Message: `Kind: Transactions are not supported by this deployment, labels: {}, source: None`
FEATURE_GATE_AWAIT_TRACE {
  event: 'end',
  fileName: 'backend/src/services/security/securityGovernanceOS.service.ts',
  redisOps: 'none',
  functionName: 'appendAuthEvent:authEventLedger.upsert',
  durationMs: 2,
  cacheStatus: 'none',
  dbQueries: [ 'authEventLedger.upsert(auth_evt:c9247e25a4ee55d21aefbe139e)' ],
  eventKey: 'auth_evt:c9247e25a4ee55d21aefbe139e',
  action: 'analytics:view',
  outcome: 'ALLOWED'
}
FEATURE_GATE_AWAIT_TRACE {
  event: 'end',
  fileName: 'backend/src/services/security/securityGovernanceOS.service.ts',
  redisOps: 'none',
  functionName: 'authorizeAccess:appendAuthEvent:authorized',
  durationMs: 4,
  action: 'analytics:view',
  route: null,
  cacheStatus: 'none',
  dbQueries: [ 'authEventLedger.upsert' ]
}
prisma:error 
Invalid `prisma.observabilityEventLedger.findUnique()` invocation:


Raw query failed. Code: `unknown`. Message: `Kind: Server selection timeout: No available servers. Topology: { Type: Unknown, Servers: [ { Address: localhost:27017, Type: Unknown, Error: Kind: I/O error: No connection could be made because the target machine actively refused it. (os error 10061), labels: {}, source: None } ] }, labels: {}, source: None`
prisma:error 
Invalid `prisma.observabilityEventLedger.upsert()` invocation:


Raw query failed. Code: `unknown`. Message: `Kind: Transactions are not supported by this deployment, labels: {}, source: None`
prisma:error 
Invalid `prisma.infrastructureRecoveryLedger.count()` invocation:


Raw query failed. Code: `unknown`. Message: `Kind: Server selection timeout: No available servers. Topology: { Type: Unknown, Servers: [ { Address: localhost:27017, Type: Unknown, Error: Kind: I/O error: No connection could be made because the target machine actively refused it. (os error 10061), labels: {}, source: None } ] }, labels: {}, source: None`
replay_suppressed_count {
  metric: 'replay_suppressed_count',
  value: 0,
  businessId: null,
  route: 'integrations_onboarding_recovery',
  metadata: {
    suppression: 'queue_not_writable',
    suspendMs: 60000,
    queueDepth: 0,
    redisCircuitOpen: false
  },
  recordedAt: '2026-07-06T16:01:30.040Z'
}
FEATURE_GATE_AWAIT_TRACE {
  event: 'start',
  fileName: 'backend/src/services/security/securityGovernanceOS.service.ts',
  redisOps: 'none',
  functionName: 'assertAuthorizedAccess:authorizeAccess',
  action: 'analytics:view',
  route: null,
  cacheStatus: 'delegated',
  dbQueries: [ 'see nested FEATURE_GATE_AWAIT_TRACE events' ]
}
FEATURE_GATE_AWAIT_TRACE {
  event: 'start',
  fileName: 'backend/src/services/security/securityGovernanceOS.service.ts',
  redisOps: 'none',
  functionName: 'authorizeAccess:assertTenantIsolation',
  action: 'analytics:view',
  route: null,
  cacheStatus: 'none',
  dbQueries: [ 'tenantIsolationLedger.upsert' ]
}
FEATURE_GATE_AWAIT_TRACE {
  event: 'end',
  fileName: 'backend/src/services/security/securityGovernanceOS.service.ts',
  redisOps: 'none',
  functionName: 'authorizeAccess:assertTenantIsolation',
  durationMs: 0,
  action: 'analytics:view',
  route: null,
  cacheStatus: 'none',
  dbQueries: [ 'tenantIsolationLedger.upsert' ]
}
FEATURE_GATE_AWAIT_TRACE {
  event: 'end',
  fileName: 'backend/src/services/security/securityGovernanceOS.service.ts',
  redisOps: 'none',
  functionName: 'assertAuthorizedAccess:authorizeAccess',
  durationMs: 3,
  action: 'analytics:view',
  route: null,
  cacheStatus: 'delegated',
  dbQueries: [ 'see nested FEATURE_GATE_AWAIT_TRACE events' ]
}
FEATURE_GATE_AWAIT_TRACE {
  event: 'start',
  fileName: 'backend/src/services/security/securityGovernanceOS.service.ts',
  redisOps: 'none',
  functionName: 'authorizeAccess:attestInfraIsolation',
  action: 'analytics:view',
  route: null,
  cacheStatus: 'none',
  dbQueries: [ 'isolationAttestationLedger.create' ]
}
FEATURE_GATE_AWAIT_TRACE {
  event: 'start',
  fileName: 'backend/src/services/security/securityGovernanceOS.service.ts',
  redisOps: 'none',
  functionName: 'attestInfraIsolation:isolationAttestationLedger.upsert',
  cacheStatus: 'none',
  dbQueries: [
    'isolationAttestationLedger.upsert(isolation_attest:ccdec5db06b34dfc994aca72)'
  ],
  attestationKey: 'isolation_attest:ccdec5db06b34dfc994aca72'
}
FEATURE_GATE_AWAIT_TRACE {
  event: 'start',
  fileName: 'backend/src/services/security/securityGovernanceOS.service.ts',
  redisOps: 'none',
  functionName: 'authorizeAccess:appendAuthEvent:authorized',
  action: 'analytics:view',
  route: null,
  cacheStatus: 'none',
  dbQueries: [ 'authEventLedger.upsert' ]
}
FEATURE_GATE_AWAIT_TRACE {
  event: 'start',
  fileName: 'backend/src/services/security/securityGovernanceOS.service.ts',
  redisOps: 'none',
  functionName: 'appendAuthEvent:authEventLedger.upsert',
  cacheStatus: 'none',
  dbQueries: [ 'authEventLedger.upsert(auth_evt:8919cc66ee3b8cc5866982d0b0)' ],
  eventKey: 'auth_evt:8919cc66ee3b8cc5866982d0b0',
  action: 'analytics:view',
  outcome: 'ALLOWED'
}
prisma:error 
Invalid `prisma.dataAccessAuditLedger.upsert()` invocation:


Raw query failed. Code: `unknown`. Message: `Kind: Transactions are not supported by this deployment, labels: {}, source: None`
prisma:error 
Invalid `prisma.isolationAttestationLedger.upsert()` invocation:


Raw query failed. Code: `unknown`. Message: `Kind: Transactions are not supported by this deployment, labels: {}, source: None`
FEATURE_GATE_AWAIT_TRACE {
  event: 'end',
  fileName: 'backend/src/services/security/securityGovernanceOS.service.ts',
  redisOps: 'none',
  functionName: 'attestInfraIsolation:isolationAttestationLedger.upsert',
  durationMs: 9,
  cacheStatus: 'none',
  dbQueries: [
    'isolationAttestationLedger.upsert(isolation_attest:ccdec5db06b34dfc994aca72)'
  ],
  attestationKey: 'isolation_attest:ccdec5db06b34dfc994aca72'
}
FEATURE_GATE_AWAIT_TRACE {
  event: 'end',
  fileName: 'backend/src/services/security/securityGovernanceOS.service.ts',
  redisOps: 'none',
  functionName: 'authorizeAccess:attestInfraIsolation',
  durationMs: 9,
  action: 'analytics:view',
  route: null,
  cacheStatus: 'none',
  dbQueries: [ 'isolationAttestationLedger.create' ]
}
prisma:error 
Invalid `prisma.authEventLedger.upsert()` invocation:


Raw query failed. Code: `unknown`. Message: `Kind: Transactions are not supported by this deployment, labels: {}, source: None`
FEATURE_GATE_AWAIT_TRACE {
  event: 'end',
  fileName: 'backend/src/services/security/securityGovernanceOS.service.ts',
  redisOps: 'none',
  functionName: 'appendAuthEvent:authEventLedger.upsert',
  durationMs: 9,
  cacheStatus: 'none',
  dbQueries: [ 'authEventLedger.upsert(auth_evt:8919cc66ee3b8cc5866982d0b0)' ],
  eventKey: 'auth_evt:8919cc66ee3b8cc5866982d0b0',
  action: 'analytics:view',
  outcome: 'ALLOWED'
}
FEATURE_GATE_AWAIT_TRACE {
  event: 'end',
  fileName: 'backend/src/services/security/securityGovernanceOS.service.ts',
  redisOps: 'none',
  functionName: 'authorizeAccess:appendAuthEvent:authorized',
  durationMs: 9,
  action: 'analytics:view',
  route: null,
  cacheStatus: 'none',
  dbQueries: [ 'authEventLedger.upsert' ]
}
prisma:error 
Invalid `prisma.observabilityEventLedger.findUnique()` invocation:


Raw query failed. Code: `unknown`. Message: `Kind: Server selection timeout: No available servers. Topology: { Type: Unknown, Servers: [ { Address: localhost:27017, Type: Unknown, Error: Kind: I/O error: No connection could be made because the target machine actively refused it. (os error 10061), labels: {}, source: None } ] }, labels: {}, source: None`
prisma:error 
Invalid `prisma.observabilityEventLedger.upsert()` invocation:


Raw query failed. Code: `unknown`. Message: `Kind: Transactions are not supported by this deployment, labels: {}, source: None`
prisma:error 
Invalid `prisma.infrastructureRecoveryLedger.count()` invocation:


Raw query failed. Code: `unknown`. Message: `Kind: Server selection timeout: No available servers. Topology: { Type: Unknown, Servers: [ { Address: localhost:27017, Type: Unknown, Error: Kind: I/O error: No connection could be made because the target machine actively refused it. (os error 10061), labels: {}, source: None } ] }, labels: {}, source: None`
replay_suppressed_count {
  metric: 'replay_suppressed_count',
  value: 0,
  businessId: null,
  route: 'integrations_onboarding_recovery',
  metadata: {
    suppression: 'queue_not_writable',
    suspendMs: 60000,
    queueDepth: 0,
    redisCircuitOpen: false
  },
  recordedAt: '2026-07-06T16:02:30.044Z'
}
FEATURE_GATE_AWAIT_TRACE {
  event: 'start',
  fileName: 'backend/src/services/security/securityGovernanceOS.service.ts',
  redisOps: 'none',
  functionName: 'assertAuthorizedAccess:authorizeAccess',
  action: 'analytics:view',
  route: null,
  cacheStatus: 'delegated',
  dbQueries: [ 'see nested FEATURE_GATE_AWAIT_TRACE events' ]
}
FEATURE_GATE_AWAIT_TRACE {
  event: 'start',
  fileName: 'backend/src/services/security/securityGovernanceOS.service.ts',
  redisOps: 'none',
  functionName: 'authorizeAccess:assertTenantIsolation',
  action: 'analytics:view',
  route: null,
  cacheStatus: 'none',
  dbQueries: [ 'tenantIsolationLedger.upsert' ]
}
FEATURE_GATE_AWAIT_TRACE {
  event: 'end',
  fileName: 'backend/src/services/security/securityGovernanceOS.service.ts',
  redisOps: 'none',
  functionName: 'authorizeAccess:assertTenantIsolation',
  durationMs: 0,
  action: 'analytics:view',
  route: null,
  cacheStatus: 'none',
  dbQueries: [ 'tenantIsolationLedger.upsert' ]
}
FEATURE_GATE_AWAIT_TRACE {
  event: 'end',
  fileName: 'backend/src/services/security/securityGovernanceOS.service.ts',
  redisOps: 'none',
  functionName: 'assertAuthorizedAccess:authorizeAccess',
  durationMs: 2,
  action: 'analytics:view',
  route: null,
  cacheStatus: 'delegated',
  dbQueries: [ 'see nested FEATURE_GATE_AWAIT_TRACE events' ]
}
FEATURE_GATE_AWAIT_TRACE {
  event: 'start',
  fileName: 'backend/src/services/security/securityGovernanceOS.service.ts',
  redisOps: 'none',
  functionName: 'authorizeAccess:attestInfraIsolation',
  action: 'analytics:view',
  route: null,
  cacheStatus: 'none',
  dbQueries: [ 'isolationAttestationLedger.create' ]
}
FEATURE_GATE_AWAIT_TRACE {
  event: 'start',
  fileName: 'backend/src/services/security/securityGovernanceOS.service.ts',
  redisOps: 'none',
  functionName: 'attestInfraIsolation:isolationAttestationLedger.upsert',
  cacheStatus: 'none',
  dbQueries: [
    'isolationAttestationLedger.upsert(isolation_attest:2857ce30a9a575492ced706e)'
  ],
  attestationKey: 'isolation_attest:2857ce30a9a575492ced706e'
}
FEATURE_GATE_AWAIT_TRACE {
  event: 'start',
  fileName: 'backend/src/services/security/securityGovernanceOS.service.ts',
  redisOps: 'none',
  functionName: 'authorizeAccess:appendAuthEvent:authorized',
  action: 'analytics:view',
  route: null,
  cacheStatus: 'none',
  dbQueries: [ 'authEventLedger.upsert' ]
}
FEATURE_GATE_AWAIT_TRACE {
  event: 'start',
  fileName: 'backend/src/services/security/securityGovernanceOS.service.ts',
  redisOps: 'none',
  functionName: 'appendAuthEvent:authEventLedger.upsert',
  cacheStatus: 'none',
  dbQueries: [ 'authEventLedger.upsert(auth_evt:b536e793bc0c71e6e2b6bc2f84)' ],
  eventKey: 'auth_evt:b536e793bc0c71e6e2b6bc2f84',
  action: 'analytics:view',
  outcome: 'ALLOWED'
}
prisma:error 
Invalid `prisma.dataAccessAuditLedger.upsert()` invocation:


Raw query failed. Code: `unknown`. Message: `Kind: Transactions are not supported by this deployment, labels: {}, source: None`
prisma:error 
Invalid `prisma.isolationAttestationLedger.upsert()` invocation:


Raw query failed. Code: `unknown`. Message: `Kind: Transactions are not supported by this deployment, labels: {}, source: None`
FEATURE_GATE_AWAIT_TRACE {
  event: 'end',
  fileName: 'backend/src/services/security/securityGovernanceOS.service.ts',
  redisOps: 'none',
  functionName: 'attestInfraIsolation:isolationAttestationLedger.upsert',
  durationMs: 4,
  cacheStatus: 'none',
  dbQueries: [
    'isolationAttestationLedger.upsert(isolation_attest:2857ce30a9a575492ced706e)'
  ],
  attestationKey: 'isolation_attest:2857ce30a9a575492ced706e'
}
FEATURE_GATE_AWAIT_TRACE {
  event: 'end',
  fileName: 'backend/src/services/security/securityGovernanceOS.service.ts',
  redisOps: 'none',
  functionName: 'authorizeAccess:attestInfraIsolation',
  durationMs: 4,
  action: 'analytics:view',
  route: null,
  cacheStatus: 'none',
  dbQueries: [ 'isolationAttestationLedger.create' ]
}
prisma:error 
Invalid `prisma.authEventLedger.upsert()` invocation:


Raw query failed. Code: `unknown`. Message: `Kind: Transactions are not supported by this deployment, labels: {}, source: None`
FEATURE_GATE_AWAIT_TRACE {
  event: 'end',
  fileName: 'backend/src/services/security/securityGovernanceOS.service.ts',
  redisOps: 'none',
  functionName: 'appendAuthEvent:authEventLedger.upsert',
  durationMs: 4,
  cacheStatus: 'none',
  dbQueries: [ 'authEventLedger.upsert(auth_evt:b536e793bc0c71e6e2b6bc2f84)' ],
  eventKey: 'auth_evt:b536e793bc0c71e6e2b6bc2f84',
  action: 'analytics:view',
  outcome: 'ALLOWED'
}
FEATURE_GATE_AWAIT_TRACE {
  event: 'end',
  fileName: 'backend/src/services/security/securityGovernanceOS.service.ts',
  redisOps: 'none',
  functionName: 'authorizeAccess:appendAuthEvent:authorized',
  durationMs: 6,
  action: 'analytics:view',
  route: null,
  cacheStatus: 'none',
  dbQueries: [ 'authEventLedger.upsert' ]
}
prisma:error 
Invalid `prisma.observabilityEventLedger.findUnique()` invocation:


Raw query failed. Code: `unknown`. Message: `Kind: Server selection timeout: No available servers. Topology: { Type: Unknown, Servers: [ { Address: localhost:27017, Type: Unknown, Error: Kind: I/O error: No connection could be made because the target machine actively refused it. (os error 10061), labels: {}, source: None } ] }, labels: {}, source: None`
prisma:error 
Invalid `prisma.observabilityEventLedger.upsert()` invocation:


Raw query failed. Code: `unknown`. Message: `Kind: Transactions are not supported by this deployment, labels: {}, source: None`
prisma:error 
Invalid `prisma.infrastructureRecoveryLedger.count()` invocation:


Raw query failed. Code: `unknown`. Message: `Kind: Server selection timeout: No available servers. Topology: { Type: Unknown, Servers: [ { Address: localhost:27017, Type: Unknown, Error: Kind: I/O error: No connection could be made because the target machine actively refused it. (os error 10061), labels: {}, source: None } ] }, labels: {}, source: None`
replay_suppressed_count {
  metric: 'replay_suppressed_count',
  value: 0,
  businessId: null,
  route: 'integrations_onboarding_recovery',
  metadata: {
    suppression: 'queue_not_writable',
    suspendMs: 60000,
    queueDepth: 0,
    redisCircuitOpen: false
  },
  recordedAt: '2026-07-06T16:03:30.042Z'
}
FEATURE_GATE_AWAIT_TRACE {
  event: 'start',
  fileName: 'backend/src/services/security/securityGovernanceOS.service.ts',
  redisOps: 'none',
  functionName: 'assertAuthorizedAccess:authorizeAccess',
  action: 'analytics:view',
  route: null,
  cacheStatus: 'delegated',
  dbQueries: [ 'see nested FEATURE_GATE_AWAIT_TRACE events' ]
}
FEATURE_GATE_AWAIT_TRACE {
  event: 'start',
  fileName: 'backend/src/services/security/securityGovernanceOS.service.ts',
  redisOps: 'none',
  functionName: 'authorizeAccess:assertTenantIsolation',
  action: 'analytics:view',
  route: null,
  cacheStatus: 'none',
  dbQueries: [ 'tenantIsolationLedger.upsert' ]
}
FEATURE_GATE_AWAIT_TRACE {
  event: 'end',
  fileName: 'backend/src/services/security/securityGovernanceOS.service.ts',
  redisOps: 'none',
  functionName: 'authorizeAccess:assertTenantIsolation',
  durationMs: 0,
  action: 'analytics:view',
  route: null,
  cacheStatus: 'none',
  dbQueries: [ 'tenantIsolationLedger.upsert' ]
}
FEATURE_GATE_AWAIT_TRACE {
  event: 'end',
  fileName: 'backend/src/services/security/securityGovernanceOS.service.ts',
  redisOps: 'none',
  functionName: 'assertAuthorizedAccess:authorizeAccess',
  durationMs: 3,
  action: 'analytics:view',
  route: null,
  cacheStatus: 'delegated',
  dbQueries: [ 'see nested FEATURE_GATE_AWAIT_TRACE events' ]
}
FEATURE_GATE_AWAIT_TRACE {
  event: 'start',
  fileName: 'backend/src/services/security/securityGovernanceOS.service.ts',
  redisOps: 'none',
  functionName: 'authorizeAccess:attestInfraIsolation',
  action: 'analytics:view',
  route: null,
  cacheStatus: 'none',
  dbQueries: [ 'isolationAttestationLedger.create' ]
}
FEATURE_GATE_AWAIT_TRACE {
  event: 'start',
  fileName: 'backend/src/services/security/securityGovernanceOS.service.ts',
  redisOps: 'none',
  functionName: 'attestInfraIsolation:isolationAttestationLedger.upsert',
  cacheStatus: 'none',
  dbQueries: [
    'isolationAttestationLedger.upsert(isolation_attest:92ba7894d5d0a05846382e75)'
  ],
  attestationKey: 'isolation_attest:92ba7894d5d0a05846382e75'
}
FEATURE_GATE_AWAIT_TRACE {
  event: 'start',
  fileName: 'backend/src/services/security/securityGovernanceOS.service.ts',
  redisOps: 'none',
  functionName: 'authorizeAccess:appendAuthEvent:authorized',
  action: 'analytics:view',
  route: null,
  cacheStatus: 'none',
  dbQueries: [ 'authEventLedger.upsert' ]
}
FEATURE_GATE_AWAIT_TRACE {
  event: 'start',
  fileName: 'backend/src/services/security/securityGovernanceOS.service.ts',
  redisOps: 'none',
  functionName: 'appendAuthEvent:authEventLedger.upsert',
  cacheStatus: 'none',
  dbQueries: [ 'authEventLedger.upsert(auth_evt:28cb32a6ba3d23f057e6b3e7ef)' ],
  eventKey: 'auth_evt:28cb32a6ba3d23f057e6b3e7ef',
  action: 'analytics:view',
  outcome: 'ALLOWED'
}
prisma:error 
Invalid `prisma.dataAccessAuditLedger.upsert()` invocation:


Raw query failed. Code: `unknown`. Message: `Kind: Transactions are not supported by this deployment, labels: {}, source: None`
prisma:error 
Invalid `prisma.isolationAttestationLedger.upsert()` invocation:


Raw query failed. Code: `unknown`. Message: `Kind: Transactions are not supported by this deployment, labels: {}, source: None`
FEATURE_GATE_AWAIT_TRACE {
  event: 'end',
  fileName: 'backend/src/services/security/securityGovernanceOS.service.ts',
  redisOps: 'none',
  functionName: 'attestInfraIsolation:isolationAttestationLedger.upsert',
  durationMs: 3,
  cacheStatus: 'none',
  dbQueries: [
    'isolationAttestationLedger.upsert(isolation_attest:92ba7894d5d0a05846382e75)'
  ],
  attestationKey: 'isolation_attest:92ba7894d5d0a05846382e75'
}
FEATURE_GATE_AWAIT_TRACE {
  event: 'end',
  fileName: 'backend/src/services/security/securityGovernanceOS.service.ts',
  redisOps: 'none',
  functionName: 'authorizeAccess:attestInfraIsolation',
  durationMs: 5,
  action: 'analytics:view',
  route: null,
  cacheStatus: 'none',
  dbQueries: [ 'isolationAttestationLedger.create' ]
}
prisma:error 
Invalid `prisma.authEventLedger.upsert()` invocation:


Raw query failed. Code: `unknown`. Message: `Kind: Transactions are not supported by this deployment, labels: {}, source: None`
FEATURE_GATE_AWAIT_TRACE {
  event: 'end',
  fileName: 'backend/src/services/security/securityGovernanceOS.service.ts',
  redisOps: 'none',
  functionName: 'appendAuthEvent:authEventLedger.upsert',
  durationMs: 3,
  cacheStatus: 'none',
  dbQueries: [ 'authEventLedger.upsert(auth_evt:28cb32a6ba3d23f057e6b3e7ef)' ],
  eventKey: 'auth_evt:28cb32a6ba3d23f057e6b3e7ef',
  action: 'analytics:view',
  outcome: 'ALLOWED'
}
FEATURE_GATE_AWAIT_TRACE {
  event: 'end',
  fileName: 'backend/src/services/security/securityGovernanceOS.service.ts',
  redisOps: 'none',
  functionName: 'authorizeAccess:appendAuthEvent:authorized',
  durationMs: 5,
  action: 'analytics:view',
  route: null,
  cacheStatus: 'none',
  dbQueries: [ 'authEventLedger.upsert' ]
}
prisma:error 
Invalid `prisma.observabilityEventLedger.findUnique()` invocation:


Raw query failed. Code: `unknown`. Message: `Kind: Server selection timeout: No available servers. Topology: { Type: Unknown, Servers: [ { Address: localhost:27017, Type: Unknown, Error: Kind: I/O error: No connection could be made because the target machine actively refused it. (os error 10061), labels: {}, source: None } ] }, labels: {}, source: None`
prisma:error 
Invalid `prisma.observabilityEventLedger.upsert()` invocation:


Raw query failed. Code: `unknown`. Message: `Kind: Transactions are not supported by this deployment, labels: {}, source: None`
prisma:error 
Invalid `prisma.infrastructureRecoveryLedger.count()` invocation:


Raw query failed. Code: `unknown`. Message: `Kind: Server selection timeout: No available servers. Topology: { Type: Unknown, Servers: [ { Address: localhost:27017, Type: Unknown, Error: Kind: I/O error: No connection could be made because the target machine actively refused it. (os error 10061), labels: {}, source: None } ] }, labels: {}, source: None`
replay_suppressed_count {
  metric: 'replay_suppressed_count',
  value: 0,
  businessId: null,
  route: 'integrations_onboarding_recovery',
  metadata: {
    suppression: 'queue_not_writable',
    suspendMs: 60000,
    queueDepth: 0,
    redisCircuitOpen: false
  },
  recordedAt: '2026-07-06T16:04:30.039Z'
}
FEATURE_GATE_AWAIT_TRACE {
  event: 'start',
  fileName: 'backend/src/services/security/securityGovernanceOS.service.ts',
  redisOps: 'none',
  functionName: 'assertAuthorizedAccess:authorizeAccess',
  action: 'analytics:view',
  route: null,
  cacheStatus: 'delegated',
  dbQueries: [ 'see nested FEATURE_GATE_AWAIT_TRACE events' ]
}
FEATURE_GATE_AWAIT_TRACE {
  event: 'start',
  fileName: 'backend/src/services/security/securityGovernanceOS.service.ts',
  redisOps: 'none',
  functionName: 'authorizeAccess:assertTenantIsolation',
  action: 'analytics:view',
  route: null,
  cacheStatus: 'none',
  dbQueries: [ 'tenantIsolationLedger.upsert' ]
}
FEATURE_GATE_AWAIT_TRACE {
  event: 'end',
  fileName: 'backend/src/services/security/securityGovernanceOS.service.ts',
  redisOps: 'none',
  functionName: 'authorizeAccess:assertTenantIsolation',
  durationMs: 0,
  action: 'analytics:view',
  route: null,
  cacheStatus: 'none',
  dbQueries: [ 'tenantIsolationLedger.upsert' ]
}
FEATURE_GATE_AWAIT_TRACE {
  event: 'end',
  fileName: 'backend/src/services/security/securityGovernanceOS.service.ts',
  redisOps: 'none',
  functionName: 'assertAuthorizedAccess:authorizeAccess',
  durationMs: 1,
  action: 'analytics:view',
  route: null,
  cacheStatus: 'delegated',
  dbQueries: [ 'see nested FEATURE_GATE_AWAIT_TRACE events' ]
}
FEATURE_GATE_AWAIT_TRACE {
  event: 'start',
  fileName: 'backend/src/services/security/securityGovernanceOS.service.ts',
  redisOps: 'none',
  functionName: 'authorizeAccess:attestInfraIsolation',
  action: 'analytics:view',
  route: null,
  cacheStatus: 'none',
  dbQueries: [ 'isolationAttestationLedger.create' ]
}
FEATURE_GATE_AWAIT_TRACE {
  event: 'start',
  fileName: 'backend/src/services/security/securityGovernanceOS.service.ts',
  redisOps: 'none',
  functionName: 'attestInfraIsolation:isolationAttestationLedger.upsert',
  cacheStatus: 'none',
  dbQueries: [
    'isolationAttestationLedger.upsert(isolation_attest:0b7dc232f7126b88d623b7b7)'
  ],
  attestationKey: 'isolation_attest:0b7dc232f7126b88d623b7b7'
}
FEATURE_GATE_AWAIT_TRACE {
  event: 'start',
  fileName: 'backend/src/services/security/securityGovernanceOS.service.ts',
  redisOps: 'none',
  functionName: 'authorizeAccess:appendAuthEvent:authorized',
  action: 'analytics:view',
  route: null,
  cacheStatus: 'none',
  dbQueries: [ 'authEventLedger.upsert' ]
}
FEATURE_GATE_AWAIT_TRACE {
  event: 'start',
  fileName: 'backend/src/services/security/securityGovernanceOS.service.ts',
  redisOps: 'none',
  functionName: 'appendAuthEvent:authEventLedger.upsert',
  cacheStatus: 'none',
  dbQueries: [ 'authEventLedger.upsert(auth_evt:139d58b92fb6c285520d2f6b6b)' ],
  eventKey: 'auth_evt:139d58b92fb6c285520d2f6b6b',
  action: 'analytics:view',
  outcome: 'ALLOWED'
}
prisma:error 
Invalid `prisma.dataAccessAuditLedger.upsert()` invocation:


Raw query failed. Code: `unknown`. Message: `Kind: Transactions are not supported by this deployment, labels: {}, source: None`
prisma:error 
Invalid `prisma.isolationAttestationLedger.upsert()` invocation:


Raw query failed. Code: `unknown`. Message: `Kind: Transactions are not supported by this deployment, labels: {}, source: None`
FEATURE_GATE_AWAIT_TRACE {
  event: 'end',
  fileName: 'backend/src/services/security/securityGovernanceOS.service.ts',
  redisOps: 'none',
  functionName: 'attestInfraIsolation:isolationAttestationLedger.upsert',
  durationMs: 3,
  cacheStatus: 'none',
  dbQueries: [
    'isolationAttestationLedger.upsert(isolation_attest:0b7dc232f7126b88d623b7b7)'
  ],
  attestationKey: 'isolation_attest:0b7dc232f7126b88d623b7b7'
}
FEATURE_GATE_AWAIT_TRACE {
  event: 'end',
  fileName: 'backend/src/services/security/securityGovernanceOS.service.ts',
  redisOps: 'none',
  functionName: 'authorizeAccess:attestInfraIsolation',
  durationMs: 4,
  action: 'analytics:view',
  route: null,
  cacheStatus: 'none',
  dbQueries: [ 'isolationAttestationLedger.create' ]
}
prisma:error 
Invalid `prisma.authEventLedger.upsert()` invocation:


Raw query failed. Code: `unknown`. Message: `Kind: Transactions are not supported by this deployment, labels: {}, source: None`
FEATURE_GATE_AWAIT_TRACE {
  event: 'end',
  fileName: 'backend/src/services/security/securityGovernanceOS.service.ts',
  redisOps: 'none',
  functionName: 'appendAuthEvent:authEventLedger.upsert',
  durationMs: 2,
  cacheStatus: 'none',
  dbQueries: [ 'authEventLedger.upsert(auth_evt:139d58b92fb6c285520d2f6b6b)' ],
  eventKey: 'auth_evt:139d58b92fb6c285520d2f6b6b',
  action: 'analytics:view',
  outcome: 'ALLOWED'
}
FEATURE_GATE_AWAIT_TRACE {
  event: 'end',
  fileName: 'backend/src/services/security/securityGovernanceOS.service.ts',
  redisOps: 'none',
  functionName: 'authorizeAccess:appendAuthEvent:authorized',
  durationMs: 3,
  action: 'analytics:view',
  route: null,
  cacheStatus: 'none',
  dbQueries: [ 'authEventLedger.upsert' ]
}
prisma:error 
Invalid `prisma.observabilityEventLedger.findUnique()` invocation:


Raw query failed. Code: `unknown`. Message: `Kind: Server selection timeout: No available servers. Topology: { Type: Unknown, Servers: [ { Address: localhost:27017, Type: Unknown, Error: Kind: I/O error: No connection could be made because the target machine actively refused it. (os error 10061), labels: {}, source: None } ] }, labels: {}, source: None`
prisma:error 
Invalid `prisma.observabilityEventLedger.upsert()` invocation:


Raw query failed. Code: `unknown`. Message: `Kind: Transactions are not supported by this deployment, labels: {}, source: None`
prisma:error 
Invalid `prisma.infrastructureRecoveryLedger.count()` invocation:


Raw query failed. Code: `unknown`. Message: `Kind: Server selection timeout: No available servers. Topology: { Type: Unknown, Servers: [ { Address: localhost:27017, Type: Unknown, Error: Kind: I/O error: No connection could be made because the target machine actively refused it. (os error 10061), labels: {}, source: None } ] }, labels: {}, source: None`
replay_suppressed_count {
  metric: 'replay_suppressed_count',
  value: 0,
  businessId: null,
  route: 'integrations_onboarding_recovery',
  metadata: {
    suppression: 'queue_not_writable',
    suspendMs: 60000,
    queueDepth: 0,
    redisCircuitOpen: false
  },
  recordedAt: '2026-07-06T16:05:30.037Z'
}
FEATURE_GATE_AWAIT_TRACE {
  event: 'start',
  fileName: 'backend/src/services/security/securityGovernanceOS.service.ts',
  redisOps: 'none',
  functionName: 'assertAuthorizedAccess:authorizeAccess',
  action: 'analytics:view',
  route: null,
  cacheStatus: 'delegated',
  dbQueries: [ 'see nested FEATURE_GATE_AWAIT_TRACE events' ]
}
FEATURE_GATE_AWAIT_TRACE {
  event: 'start',
  fileName: 'backend/src/services/security/securityGovernanceOS.service.ts',
  redisOps: 'none',
  functionName: 'authorizeAccess:assertTenantIsolation',
  action: 'analytics:view',
  route: null,
  cacheStatus: 'none',
  dbQueries: [ 'tenantIsolationLedger.upsert' ]
}
FEATURE_GATE_AWAIT_TRACE {
  event: 'end',
  fileName: 'backend/src/services/security/securityGovernanceOS.service.ts',
  redisOps: 'none',
  functionName: 'authorizeAccess:assertTenantIsolation',
  durationMs: 1,
  action: 'analytics:view',
  route: null,
  cacheStatus: 'none',
  dbQueries: [ 'tenantIsolationLedger.upsert' ]
}
FEATURE_GATE_AWAIT_TRACE {
  event: 'end',
  fileName: 'backend/src/services/security/securityGovernanceOS.service.ts',
  redisOps: 'none',
  functionName: 'assertAuthorizedAccess:authorizeAccess',
  durationMs: 3,
  action: 'analytics:view',
  route: null,
  cacheStatus: 'delegated',
  dbQueries: [ 'see nested FEATURE_GATE_AWAIT_TRACE events' ]
}
FEATURE_GATE_AWAIT_TRACE {
  event: 'start',
  fileName: 'backend/src/services/security/securityGovernanceOS.service.ts',
  redisOps: 'none',
  functionName: 'authorizeAccess:attestInfraIsolation',
  action: 'analytics:view',
  route: null,
  cacheStatus: 'none',
  dbQueries: [ 'isolationAttestationLedger.create' ]
}
FEATURE_GATE_AWAIT_TRACE {
  event: 'start',
  fileName: 'backend/src/services/security/securityGovernanceOS.service.ts',
  redisOps: 'none',
  functionName: 'attestInfraIsolation:isolationAttestationLedger.upsert',
  cacheStatus: 'none',
  dbQueries: [
    'isolationAttestationLedger.upsert(isolation_attest:b3f855e4921db73a8aa630b0)'
  ],
  attestationKey: 'isolation_attest:b3f855e4921db73a8aa630b0'
}
FEATURE_GATE_AWAIT_TRACE {
  event: 'start',
  fileName: 'backend/src/services/security/securityGovernanceOS.service.ts',
  redisOps: 'none',
  functionName: 'authorizeAccess:appendAuthEvent:authorized',
  action: 'analytics:view',
  route: null,
  cacheStatus: 'none',
  dbQueries: [ 'authEventLedger.upsert' ]
}
FEATURE_GATE_AWAIT_TRACE {
  event: 'start',
  fileName: 'backend/src/services/security/securityGovernanceOS.service.ts',
  redisOps: 'none',
  functionName: 'appendAuthEvent:authEventLedger.upsert',
  cacheStatus: 'none',
  dbQueries: [ 'authEventLedger.upsert(auth_evt:8e6ca6b588a87c24a5f5b1dd13)' ],
  eventKey: 'auth_evt:8e6ca6b588a87c24a5f5b1dd13',
  action: 'analytics:view',
  outcome: 'ALLOWED'
}
prisma:error 
Invalid `prisma.dataAccessAuditLedger.upsert()` invocation:


Raw query failed. Code: `unknown`. Message: `Kind: Transactions are not supported by this deployment, labels: {}, source: None`
prisma:error 
Invalid `prisma.isolationAttestationLedger.upsert()` invocation:


Raw query failed. Code: `unknown`. Message: `Kind: Transactions are not supported by this deployment, labels: {}, source: None`
FEATURE_GATE_AWAIT_TRACE {
  event: 'end',
  fileName: 'backend/src/services/security/securityGovernanceOS.service.ts',
  redisOps: 'none',
  functionName: 'attestInfraIsolation:isolationAttestationLedger.upsert',
  durationMs: 3,
  cacheStatus: 'none',
  dbQueries: [
    'isolationAttestationLedger.upsert(isolation_attest:b3f855e4921db73a8aa630b0)'
  ],
  attestationKey: 'isolation_attest:b3f855e4921db73a8aa630b0'
}
FEATURE_GATE_AWAIT_TRACE {
  event: 'end',
  fileName: 'backend/src/services/security/securityGovernanceOS.service.ts',
  redisOps: 'none',
  functionName: 'authorizeAccess:attestInfraIsolation',
  durationMs: 4,
  action: 'analytics:view',
  route: null,
  cacheStatus: 'none',
  dbQueries: [ 'isolationAttestationLedger.create' ]
}
prisma:error 
Invalid `prisma.authEventLedger.upsert()` invocation:


Raw query failed. Code: `unknown`. Message: `Kind: Transactions are not supported by this deployment, labels: {}, source: None`
FEATURE_GATE_AWAIT_TRACE {
  event: 'end',
  fileName: 'backend/src/services/security/securityGovernanceOS.service.ts',
  redisOps: 'none',
  functionName: 'appendAuthEvent:authEventLedger.upsert',
  durationMs: 3,
  cacheStatus: 'none',
  dbQueries: [ 'authEventLedger.upsert(auth_evt:8e6ca6b588a87c24a5f5b1dd13)' ],
  eventKey: 'auth_evt:8e6ca6b588a87c24a5f5b1dd13',
  action: 'analytics:view',
  outcome: 'ALLOWED'
}
FEATURE_GATE_AWAIT_TRACE {
  event: 'end',
  fileName: 'backend/src/services/security/securityGovernanceOS.service.ts',
  redisOps: 'none',
  functionName: 'authorizeAccess:appendAuthEvent:authorized',
  durationMs: 3,
  action: 'analytics:view',
  route: null,
  cacheStatus: 'none',
  dbQueries: [ 'authEventLedger.upsert' ]
}
prisma:error 
Invalid `prisma.observabilityEventLedger.findUnique()` invocation:


Raw query failed. Code: `unknown`. Message: `Kind: Server selection timeout: No available servers. Topology: { Type: Unknown, Servers: [ { Address: localhost:27017, Type: Unknown, Error: Kind: I/O error: No connection could be made because the target machine actively refused it. (os error 10061), labels: {}, source: None } ] }, labels: {}, source: None`
prisma:error 
Invalid `prisma.observabilityEventLedger.upsert()` invocation:


Raw query failed. Code: `unknown`. Message: `Kind: Transactions are not supported by this deployment, labels: {}, source: None`
prisma:error 
Invalid `prisma.infrastructureRecoveryLedger.count()` invocation:


Raw query failed. Code: `unknown`. Message: `Kind: Server selection timeout: No available servers. Topology: { Type: Unknown, Servers: [ { Address: localhost:27017, Type: Unknown, Error: Kind: I/O error: No connection could be made because the target machine actively refused it. (os error 10061), labels: {}, source: None } ] }, labels: {}, source: None`
replay_suppressed_count {
  metric: 'replay_suppressed_count',
  value: 0,
  businessId: null,
  route: 'integrations_onboarding_recovery',
  metadata: {
    suppression: 'queue_not_writable',
    suspendMs: 60000,
    queueDepth: 0,
    redisCircuitOpen: false
  },
  recordedAt: '2026-07-06T16:06:30.043Z'
}
FEATURE_GATE_AWAIT_TRACE {
  event: 'start',
  fileName: 'backend/src/services/security/securityGovernanceOS.service.ts',
  redisOps: 'none',
  functionName: 'assertAuthorizedAccess:authorizeAccess',
  action: 'analytics:view',
  route: null,
  cacheStatus: 'delegated',
  dbQueries: [ 'see nested FEATURE_GATE_AWAIT_TRACE events' ]
}
FEATURE_GATE_AWAIT_TRACE {
  event: 'start',
  fileName: 'backend/src/services/security/securityGovernanceOS.service.ts',
  redisOps: 'none',
  functionName: 'authorizeAccess:assertTenantIsolation',
  action: 'analytics:view',
  route: null,
  cacheStatus: 'none',
  dbQueries: [ 'tenantIsolationLedger.upsert' ]
}
FEATURE_GATE_AWAIT_TRACE {
  event: 'end',
  fileName: 'backend/src/services/security/securityGovernanceOS.service.ts',
  redisOps: 'none',
  functionName: 'authorizeAccess:assertTenantIsolation',
  durationMs: 0,
  action: 'analytics:view',
  route: null,
  cacheStatus: 'none',
  dbQueries: [ 'tenantIsolationLedger.upsert' ]
}
FEATURE_GATE_AWAIT_TRACE {
  event: 'end',
  fileName: 'backend/src/services/security/securityGovernanceOS.service.ts',
  redisOps: 'none',
  functionName: 'assertAuthorizedAccess:authorizeAccess',
  durationMs: 2,
  action: 'analytics:view',
  route: null,
  cacheStatus: 'delegated',
  dbQueries: [ 'see nested FEATURE_GATE_AWAIT_TRACE events' ]
}
FEATURE_GATE_AWAIT_TRACE {
  event: 'start',
  fileName: 'backend/src/services/security/securityGovernanceOS.service.ts',
  redisOps: 'none',
  functionName: 'authorizeAccess:attestInfraIsolation',
  action: 'analytics:view',
  route: null,
  cacheStatus: 'none',
  dbQueries: [ 'isolationAttestationLedger.create' ]
}
FEATURE_GATE_AWAIT_TRACE {
  event: 'start',
  fileName: 'backend/src/services/security/securityGovernanceOS.service.ts',
  redisOps: 'none',
  functionName: 'attestInfraIsolation:isolationAttestationLedger.upsert',
  cacheStatus: 'none',
  dbQueries: [
    'isolationAttestationLedger.upsert(isolation_attest:80bc3c1472957f105199f649)'
  ],
  attestationKey: 'isolation_attest:80bc3c1472957f105199f649'
}
FEATURE_GATE_AWAIT_TRACE {
  event: 'start',
  fileName: 'backend/src/services/security/securityGovernanceOS.service.ts',
  redisOps: 'none',
  functionName: 'authorizeAccess:appendAuthEvent:authorized',
  action: 'analytics:view',
  route: null,
  cacheStatus: 'none',
  dbQueries: [ 'authEventLedger.upsert' ]
}
FEATURE_GATE_AWAIT_TRACE {
  event: 'start',
  fileName: 'backend/src/services/security/securityGovernanceOS.service.ts',
  redisOps: 'none',
  functionName: 'appendAuthEvent:authEventLedger.upsert',
  cacheStatus: 'none',
  dbQueries: [ 'authEventLedger.upsert(auth_evt:e5a249adc5706262dd17f9d20b)' ],
  eventKey: 'auth_evt:e5a249adc5706262dd17f9d20b',
  action: 'analytics:view',
  outcome: 'ALLOWED'
}
prisma:error 
Invalid `prisma.dataAccessAuditLedger.upsert()` invocation:


Raw query failed. Code: `unknown`. Message: `Kind: Transactions are not supported by this deployment, labels: {}, source: None`
prisma:error 
Invalid `prisma.isolationAttestationLedger.upsert()` invocation:


Raw query failed. Code: `unknown`. Message: `Kind: Transactions are not supported by this deployment, labels: {}, source: None`
FEATURE_GATE_AWAIT_TRACE {
  event: 'end',
  fileName: 'backend/src/services/security/securityGovernanceOS.service.ts',
  redisOps: 'none',
  functionName: 'attestInfraIsolation:isolationAttestationLedger.upsert',
  durationMs: 4,
  cacheStatus: 'none',
  dbQueries: [
    'isolationAttestationLedger.upsert(isolation_attest:80bc3c1472957f105199f649)'
  ],
  attestationKey: 'isolation_attest:80bc3c1472957f105199f649'
}
FEATURE_GATE_AWAIT_TRACE {
  event: 'end',
  fileName: 'backend/src/services/security/securityGovernanceOS.service.ts',
  redisOps: 'none',
  functionName: 'authorizeAccess:attestInfraIsolation',
  durationMs: 4,
  action: 'analytics:view',
  route: null,
  cacheStatus: 'none',
  dbQueries: [ 'isolationAttestationLedger.create' ]
}
prisma:error 
Invalid `prisma.authEventLedger.upsert()` invocation:


Raw query failed. Code: `unknown`. Message: `Kind: Transactions are not supported by this deployment, labels: {}, source: None`
FEATURE_GATE_AWAIT_TRACE {
  event: 'end',
  fileName: 'backend/src/services/security/securityGovernanceOS.service.ts',
  redisOps: 'none',
  functionName: 'appendAuthEvent:authEventLedger.upsert',
  durationMs: 2,
  cacheStatus: 'none',
  dbQueries: [ 'authEventLedger.upsert(auth_evt:e5a249adc5706262dd17f9d20b)' ],
  eventKey: 'auth_evt:e5a249adc5706262dd17f9d20b',
  action: 'analytics:view',
  outcome: 'ALLOWED'
}
FEATURE_GATE_AWAIT_TRACE {
  event: 'end',
  fileName: 'backend/src/services/security/securityGovernanceOS.service.ts',
  redisOps: 'none',
  functionName: 'authorizeAccess:appendAuthEvent:authorized',
  durationMs: 4,
  action: 'analytics:view',
  route: null,
  cacheStatus: 'none',
  dbQueries: [ 'authEventLedger.upsert' ]
}
prisma:error 
Invalid `prisma.observabilityEventLedger.findUnique()` invocation:


Raw query failed. Code: `unknown`. Message: `Kind: Server selection timeout: No available servers. Topology: { Type: Unknown, Servers: [ { Address: localhost:27017, Type: Unknown, Error: Kind: I/O error: No connection could be made because the target machine actively refused it. (os error 10061), labels: {}, source: None } ] }, labels: {}, source: None`
prisma:error 
Invalid `prisma.observabilityEventLedger.upsert()` invocation:


Raw query failed. Code: `unknown`. Message: `Kind: Transactions are not supported by this deployment, labels: {}, source: None`
prisma:error 
Invalid `prisma.infrastructureRecoveryLedger.count()` invocation:


Raw query failed. Code: `unknown`. Message: `Kind: Server selection timeout: No available servers. Topology: { Type: Unknown, Servers: [ { Address: localhost:27017, Type: Unknown, Error: Kind: I/O error: No connection could be made because the target machine actively refused it. (os error 10061), labels: {}, source: None } ] }, labels: {}, source: None`
replay_suppressed_count {
  metric: 'replay_suppressed_count',
  value: 0,
  businessId: null,
  route: 'integrations_onboarding_recovery',
  metadata: {
    suppression: 'queue_not_writable',
    suspendMs: 60000,
    queueDepth: 0,
    redisCircuitOpen: false
  },
  recordedAt: '2026-07-06T16:07:30.044Z'
}
FEATURE_GATE_AWAIT_TRACE {
  event: 'start',
  fileName: 'backend/src/services/security/securityGovernanceOS.service.ts',
  redisOps: 'none',
  functionName: 'assertAuthorizedAccess:authorizeAccess',
  action: 'analytics:view',
  route: null,
  cacheStatus: 'delegated',
  dbQueries: [ 'see nested FEATURE_GATE_AWAIT_TRACE events' ]
}
FEATURE_GATE_AWAIT_TRACE {
  event: 'start',
  fileName: 'backend/src/services/security/securityGovernanceOS.service.ts',
  redisOps: 'none',
  functionName: 'authorizeAccess:assertTenantIsolation',
  action: 'analytics:view',
  route: null,
  cacheStatus: 'none',
  dbQueries: [ 'tenantIsolationLedger.upsert' ]
}
FEATURE_GATE_AWAIT_TRACE {
  event: 'end',
  fileName: 'backend/src/services/security/securityGovernanceOS.service.ts',
  redisOps: 'none',
  functionName: 'authorizeAccess:assertTenantIsolation',
  durationMs: 1,
  action: 'analytics:view',
  route: null,
  cacheStatus: 'none',
  dbQueries: [ 'tenantIsolationLedger.upsert' ]
}
FEATURE_GATE_AWAIT_TRACE {
  event: 'end',
  fileName: 'backend/src/services/security/securityGovernanceOS.service.ts',
  redisOps: 'none',
  functionName: 'assertAuthorizedAccess:authorizeAccess',
  durationMs: 3,
  action: 'analytics:view',
  route: null,
  cacheStatus: 'delegated',
  dbQueries: [ 'see nested FEATURE_GATE_AWAIT_TRACE events' ]
}
FEATURE_GATE_AWAIT_TRACE {
  event: 'start',
  fileName: 'backend/src/services/security/securityGovernanceOS.service.ts',
  redisOps: 'none',
  functionName: 'authorizeAccess:attestInfraIsolation',
  action: 'analytics:view',
  route: null,
  cacheStatus: 'none',
  dbQueries: [ 'isolationAttestationLedger.create' ]
}
FEATURE_GATE_AWAIT_TRACE {
  event: 'start',
  fileName: 'backend/src/services/security/securityGovernanceOS.service.ts',
  redisOps: 'none',
  functionName: 'attestInfraIsolation:isolationAttestationLedger.upsert',
  cacheStatus: 'none',
  dbQueries: [
    'isolationAttestationLedger.upsert(isolation_attest:5028a70a12acc5248b2964cf)'
  ],
  attestationKey: 'isolation_attest:5028a70a12acc5248b2964cf'
}
FEATURE_GATE_AWAIT_TRACE {
  event: 'start',
  fileName: 'backend/src/services/security/securityGovernanceOS.service.ts',
  redisOps: 'none',
  functionName: 'authorizeAccess:appendAuthEvent:authorized',
  action: 'analytics:view',
  route: null,
  cacheStatus: 'none',
  dbQueries: [ 'authEventLedger.upsert' ]
}
FEATURE_GATE_AWAIT_TRACE {
  event: 'start',
  fileName: 'backend/src/services/security/securityGovernanceOS.service.ts',
  redisOps: 'none',
  functionName: 'appendAuthEvent:authEventLedger.upsert',
  cacheStatus: 'none',
  dbQueries: [ 'authEventLedger.upsert(auth_evt:cd95b0cbeb994289a5d7d63020)' ],
  eventKey: 'auth_evt:cd95b0cbeb994289a5d7d63020',
  action: 'analytics:view',
  outcome: 'ALLOWED'
}
prisma:error 
Invalid `prisma.dataAccessAuditLedger.upsert()` invocation:


Raw query failed. Code: `unknown`. Message: `Kind: Transactions are not supported by this deployment, labels: {}, source: None`
prisma:error 
Invalid `prisma.isolationAttestationLedger.upsert()` invocation:


Raw query failed. Code: `unknown`. Message: `Kind: Transactions are not supported by this deployment, labels: {}, source: None`
FEATURE_GATE_AWAIT_TRACE {
  event: 'end',
  fileName: 'backend/src/services/security/securityGovernanceOS.service.ts',
  redisOps: 'none',
  functionName: 'attestInfraIsolation:isolationAttestationLedger.upsert',
  durationMs: 4,
  cacheStatus: 'none',
  dbQueries: [
    'isolationAttestationLedger.upsert(isolation_attest:5028a70a12acc5248b2964cf)'
  ],
  attestationKey: 'isolation_attest:5028a70a12acc5248b2964cf'
}
FEATURE_GATE_AWAIT_TRACE {
  event: 'end',
  fileName: 'backend/src/services/security/securityGovernanceOS.service.ts',
  redisOps: 'none',
  functionName: 'authorizeAccess:attestInfraIsolation',
  durationMs: 4,
  action: 'analytics:view',
  route: null,
  cacheStatus: 'none',
  dbQueries: [ 'isolationAttestationLedger.create' ]
}
prisma:error 
Invalid `prisma.authEventLedger.upsert()` invocation:


Raw query failed. Code: `unknown`. Message: `Kind: Transactions are not supported by this deployment, labels: {}, source: None`
FEATURE_GATE_AWAIT_TRACE {
  event: 'end',
  fileName: 'backend/src/services/security/securityGovernanceOS.service.ts',
  redisOps: 'none',
  functionName: 'appendAuthEvent:authEventLedger.upsert',
  durationMs: 3,
  cacheStatus: 'none',
  dbQueries: [ 'authEventLedger.upsert(auth_evt:cd95b0cbeb994289a5d7d63020)' ],
  eventKey: 'auth_evt:cd95b0cbeb994289a5d7d63020',
  action: 'analytics:view',
  outcome: 'ALLOWED'
}
FEATURE_GATE_AWAIT_TRACE {
  event: 'end',
  fileName: 'backend/src/services/security/securityGovernanceOS.service.ts',
  redisOps: 'none',
  functionName: 'authorizeAccess:appendAuthEvent:authorized',
  durationMs: 4,
  action: 'analytics:view',
  route: null,
  cacheStatus: 'none',
  dbQueries: [ 'authEventLedger.upsert' ]
}
prisma:error 
Invalid `prisma.observabilityEventLedger.findUnique()` invocation:


Raw query failed. Code: `unknown`. Message: `Kind: Server selection timeout: No available servers. Topology: { Type: Unknown, Servers: [ { Address: localhost:27017, Type: Unknown, Error: Kind: I/O error: No connection could be made because the target machine actively refused it. (os error 10061), labels: {}, source: None } ] }, labels: {}, source: None`
prisma:error 
Invalid `prisma.observabilityEventLedger.upsert()` invocation:


Raw query failed. Code: `unknown`. Message: `Kind: Transactions are not supported by this deployment, labels: {}, source: None`
prisma:error 
Invalid `prisma.infrastructureRecoveryLedger.count()` invocation:


Raw query failed. Code: `unknown`. Message: `Kind: Server selection timeout: No available servers. Topology: { Type: Unknown, Servers: [ { Address: localhost:27017, Type: Unknown, Error: Kind: I/O error: No connection could be made because the target machine actively refused it. (os error 10061), labels: {}, source: None } ] }, labels: {}, source: None`
replay_suppressed_count {
  metric: 'replay_suppressed_count',
  value: 0,
  businessId: null,
  route: 'integrations_onboarding_recovery',
  metadata: {
    suppression: 'queue_not_writable',
    suspendMs: 60000,
    queueDepth: 0,
    redisCircuitOpen: false
  },
  recordedAt: '2026-07-06T16:08:30.027Z'
}
FEATURE_GATE_AWAIT_TRACE {
  event: 'start',
  fileName: 'backend/src/services/security/securityGovernanceOS.service.ts',
  redisOps: 'none',
  functionName: 'assertAuthorizedAccess:authorizeAccess',
  action: 'analytics:view',
  route: null,
  cacheStatus: 'delegated',
  dbQueries: [ 'see nested FEATURE_GATE_AWAIT_TRACE events' ]
}
FEATURE_GATE_AWAIT_TRACE {
  event: 'start',
  fileName: 'backend/src/services/security/securityGovernanceOS.service.ts',
  redisOps: 'none',
  functionName: 'authorizeAccess:assertTenantIsolation',
  action: 'analytics:view',
  route: null,
  cacheStatus: 'none',
  dbQueries: [ 'tenantIsolationLedger.upsert' ]
}
FEATURE_GATE_AWAIT_TRACE {
  event: 'end',
  fileName: 'backend/src/services/security/securityGovernanceOS.service.ts',
  redisOps: 'none',
  functionName: 'authorizeAccess:assertTenantIsolation',
  durationMs: 1,
  action: 'analytics:view',
  route: null,
  cacheStatus: 'none',
  dbQueries: [ 'tenantIsolationLedger.upsert' ]
}
FEATURE_GATE_AWAIT_TRACE {
  event: 'end',
  fileName: 'backend/src/services/security/securityGovernanceOS.service.ts',
  redisOps: 'none',
  functionName: 'assertAuthorizedAccess:authorizeAccess',
  durationMs: 1,
  action: 'analytics:view',
  route: null,
  cacheStatus: 'delegated',
  dbQueries: [ 'see nested FEATURE_GATE_AWAIT_TRACE events' ]
}
FEATURE_GATE_AWAIT_TRACE {
  event: 'start',
  fileName: 'backend/src/services/security/securityGovernanceOS.service.ts',
  redisOps: 'none',
  functionName: 'authorizeAccess:attestInfraIsolation',
  action: 'analytics:view',
  route: null,
  cacheStatus: 'none',
  dbQueries: [ 'isolationAttestationLedger.create' ]
}
FEATURE_GATE_AWAIT_TRACE {
  event: 'start',
  fileName: 'backend/src/services/security/securityGovernanceOS.service.ts',
  redisOps: 'none',
  functionName: 'attestInfraIsolation:isolationAttestationLedger.upsert',
  cacheStatus: 'none',
  dbQueries: [
    'isolationAttestationLedger.upsert(isolation_attest:4da94239a294d14c94969a2b)'
  ],
  attestationKey: 'isolation_attest:4da94239a294d14c94969a2b'
}
FEATURE_GATE_AWAIT_TRACE {
  event: 'start',
  fileName: 'backend/src/services/security/securityGovernanceOS.service.ts',
  redisOps: 'none',
  functionName: 'authorizeAccess:appendAuthEvent:authorized',
  action: 'analytics:view',
  route: null,
  cacheStatus: 'none',
  dbQueries: [ 'authEventLedger.upsert' ]
}
FEATURE_GATE_AWAIT_TRACE {
  event: 'start',
  fileName: 'backend/src/services/security/securityGovernanceOS.service.ts',
  redisOps: 'none',
  functionName: 'appendAuthEvent:authEventLedger.upsert',
  cacheStatus: 'none',
  dbQueries: [ 'authEventLedger.upsert(auth_evt:aadb00fe3d648765961bb84d37)' ],
  eventKey: 'auth_evt:aadb00fe3d648765961bb84d37',
  action: 'analytics:view',
  outcome: 'ALLOWED'
}
prisma:error 
Invalid `prisma.dataAccessAuditLedger.upsert()` invocation:


Raw query failed. Code: `unknown`. Message: `Kind: Transactions are not supported by this deployment, labels: {}, source: None`
prisma:error 
Invalid `prisma.isolationAttestationLedger.upsert()` invocation:


Raw query failed. Code: `unknown`. Message: `Kind: Transactions are not supported by this deployment, labels: {}, source: None`
FEATURE_GATE_AWAIT_TRACE {
  event: 'end',
  fileName: 'backend/src/services/security/securityGovernanceOS.service.ts',
  redisOps: 'none',
  functionName: 'attestInfraIsolation:isolationAttestationLedger.upsert',
  durationMs: 3,
  cacheStatus: 'none',
  dbQueries: [
    'isolationAttestationLedger.upsert(isolation_attest:4da94239a294d14c94969a2b)'
  ],
  attestationKey: 'isolation_attest:4da94239a294d14c94969a2b'
}
FEATURE_GATE_AWAIT_TRACE {
  event: 'end',
  fileName: 'backend/src/services/security/securityGovernanceOS.service.ts',
  redisOps: 'none',
  functionName: 'authorizeAccess:attestInfraIsolation',
  durationMs: 4,
  action: 'analytics:view',
  route: null,
  cacheStatus: 'none',
  dbQueries: [ 'isolationAttestationLedger.create' ]
}
prisma:error 
Invalid `prisma.authEventLedger.upsert()` invocation:


Raw query failed. Code: `unknown`. Message: `Kind: Transactions are not supported by this deployment, labels: {}, source: None`
FEATURE_GATE_AWAIT_TRACE {
  event: 'end',
  fileName: 'backend/src/services/security/securityGovernanceOS.service.ts',
  redisOps: 'none',
  functionName: 'appendAuthEvent:authEventLedger.upsert',
  durationMs: 2,
  cacheStatus: 'none',
  dbQueries: [ 'authEventLedger.upsert(auth_evt:aadb00fe3d648765961bb84d37)' ],
  eventKey: 'auth_evt:aadb00fe3d648765961bb84d37',
  action: 'analytics:view',
  outcome: 'ALLOWED'
}
FEATURE_GATE_AWAIT_TRACE {
  event: 'end',
  fileName: 'backend/src/services/security/securityGovernanceOS.service.ts',
  redisOps: 'none',
  functionName: 'authorizeAccess:appendAuthEvent:authorized',
  durationMs: 4,
  action: 'analytics:view',
  route: null,
  cacheStatus: 'none',
  dbQueries: [ 'authEventLedger.upsert' ]
}
prisma:error 
Invalid `prisma.observabilityEventLedger.findUnique()` invocation:


Raw query failed. Code: `unknown`. Message: `Kind: Server selection timeout: No available servers. Topology: { Type: Unknown, Servers: [ { Address: localhost:27017, Type: Unknown, Error: Kind: I/O error: No connection could be made because the target machine actively refused it. (os error 10061), labels: {}, source: None } ] }, labels: {}, source: None`
prisma:error 
Invalid `prisma.observabilityEventLedger.upsert()` invocation:


Raw query failed. Code: `unknown`. Message: `Kind: Transactions are not supported by this deployment, labels: {}, source: None`
prisma:error 
Invalid `prisma.infrastructureRecoveryLedger.count()` invocation:


Raw query failed. Code: `unknown`. Message: `Kind: Server selection timeout: No available servers. Topology: { Type: Unknown, Servers: [ { Address: localhost:27017, Type: Unknown, Error: Kind: I/O error: No connection could be made because the target machine actively refused it. (os error 10061), labels: {}, source: None } ] }, labels: {}, source: None`
replay_suppressed_count {
  metric: 'replay_suppressed_count',
  value: 0,
  businessId: null,
  route: 'integrations_onboarding_recovery',
  metadata: {
    suppression: 'queue_not_writable',
    suspendMs: 60000,
    queueDepth: 0,
    redisCircuitOpen: false
  },
  recordedAt: '2026-07-06T16:09:30.041Z'
}
FEATURE_GATE_AWAIT_TRACE {
  event: 'start',
  fileName: 'backend/src/services/security/securityGovernanceOS.service.ts',
  redisOps: 'none',
  functionName: 'assertAuthorizedAccess:authorizeAccess',
  action: 'analytics:view',
  route: null,
  cacheStatus: 'delegated',
  dbQueries: [ 'see nested FEATURE_GATE_AWAIT_TRACE events' ]
}
FEATURE_GATE_AWAIT_TRACE {
  event: 'start',
  fileName: 'backend/src/services/security/securityGovernanceOS.service.ts',
  redisOps: 'none',
  functionName: 'authorizeAccess:assertTenantIsolation',
  action: 'analytics:view',
  route: null,
  cacheStatus: 'none',
  dbQueries: [ 'tenantIsolationLedger.upsert' ]
}
FEATURE_GATE_AWAIT_TRACE {
  event: 'end',
  fileName: 'backend/src/services/security/securityGovernanceOS.service.ts',
  redisOps: 'none',
  functionName: 'authorizeAccess:assertTenantIsolation',
  durationMs: 0,
  action: 'analytics:view',
  route: null,
  cacheStatus: 'none',
  dbQueries: [ 'tenantIsolationLedger.upsert' ]
}
FEATURE_GATE_AWAIT_TRACE {
  event: 'end',
  fileName: 'backend/src/services/security/securityGovernanceOS.service.ts',
  redisOps: 'none',
  functionName: 'assertAuthorizedAccess:authorizeAccess',
  durationMs: 1,
  action: 'analytics:view',
  route: null,
  cacheStatus: 'delegated',
  dbQueries: [ 'see nested FEATURE_GATE_AWAIT_TRACE events' ]
}
FEATURE_GATE_AWAIT_TRACE {
  event: 'start',
  fileName: 'backend/src/services/security/securityGovernanceOS.service.ts',
  redisOps: 'none',
  functionName: 'authorizeAccess:attestInfraIsolation',
  action: 'analytics:view',
  route: null,
  cacheStatus: 'none',
  dbQueries: [ 'isolationAttestationLedger.create' ]
}
FEATURE_GATE_AWAIT_TRACE {
  event: 'start',
  fileName: 'backend/src/services/security/securityGovernanceOS.service.ts',
  redisOps: 'none',
  functionName: 'attestInfraIsolation:isolationAttestationLedger.upsert',
  cacheStatus: 'none',
  dbQueries: [
    'isolationAttestationLedger.upsert(isolation_attest:f2df8294051b6234bb63f0b3)'
  ],
  attestationKey: 'isolation_attest:f2df8294051b6234bb63f0b3'
}
FEATURE_GATE_AWAIT_TRACE {
  event: 'start',
  fileName: 'backend/src/services/security/securityGovernanceOS.service.ts',
  redisOps: 'none',
  functionName: 'authorizeAccess:appendAuthEvent:authorized',
  action: 'analytics:view',
  route: null,
  cacheStatus: 'none',
  dbQueries: [ 'authEventLedger.upsert' ]
}
FEATURE_GATE_AWAIT_TRACE {
  event: 'start',
  fileName: 'backend/src/services/security/securityGovernanceOS.service.ts',
  redisOps: 'none',
  functionName: 'appendAuthEvent:authEventLedger.upsert',
  cacheStatus: 'none',
  dbQueries: [ 'authEventLedger.upsert(auth_evt:e2792e77b43a11c8e44cfe0fd0)' ],
  eventKey: 'auth_evt:e2792e77b43a11c8e44cfe0fd0',
  action: 'analytics:view',
  outcome: 'ALLOWED'
}
prisma:error 
Invalid `prisma.dataAccessAuditLedger.upsert()` invocation:


Raw query failed. Code: `unknown`. Message: `Kind: Transactions are not supported by this deployment, labels: {}, source: None`
prisma:error 
Invalid `prisma.isolationAttestationLedger.upsert()` invocation:


Raw query failed. Code: `unknown`. Message: `Kind: Transactions are not supported by this deployment, labels: {}, source: None`
FEATURE_GATE_AWAIT_TRACE {
  event: 'end',
  fileName: 'backend/src/services/security/securityGovernanceOS.service.ts',
  redisOps: 'none',
  functionName: 'attestInfraIsolation:isolationAttestationLedger.upsert',
  durationMs: 2,
  cacheStatus: 'none',
  dbQueries: [
    'isolationAttestationLedger.upsert(isolation_attest:f2df8294051b6234bb63f0b3)'
  ],
  attestationKey: 'isolation_attest:f2df8294051b6234bb63f0b3'
}
FEATURE_GATE_AWAIT_TRACE {
  event: 'end',
  fileName: 'backend/src/services/security/securityGovernanceOS.service.ts',
  redisOps: 'none',
  functionName: 'authorizeAccess:attestInfraIsolation',
  durationMs: 3,
  action: 'analytics:view',
  route: null,
  cacheStatus: 'none',
  dbQueries: [ 'isolationAttestationLedger.create' ]
}
prisma:error 
Invalid `prisma.authEventLedger.upsert()` invocation:


Raw query failed. Code: `unknown`. Message: `Kind: Transactions are not supported by this deployment, labels: {}, source: None`
FEATURE_GATE_AWAIT_TRACE {
  event: 'end',
  fileName: 'backend/src/services/security/securityGovernanceOS.service.ts',
  redisOps: 'none',
  functionName: 'appendAuthEvent:authEventLedger.upsert',
  durationMs: 2,
  cacheStatus: 'none',
  dbQueries: [ 'authEventLedger.upsert(auth_evt:e2792e77b43a11c8e44cfe0fd0)' ],
  eventKey: 'auth_evt:e2792e77b43a11c8e44cfe0fd0',
  action: 'analytics:view',
  outcome: 'ALLOWED'
}
FEATURE_GATE_AWAIT_TRACE {
  event: 'end',
  fileName: 'backend/src/services/security/securityGovernanceOS.service.ts',
  redisOps: 'none',
  functionName: 'authorizeAccess:appendAuthEvent:authorized',
  durationMs: 3,
  action: 'analytics:view',
  route: null,
  cacheStatus: 'none',
  dbQueries: [ 'authEventLedger.upsert' ]
}
prisma:error 
Invalid `prisma.observabilityEventLedger.findUnique()` invocation:


Raw query failed. Code: `unknown`. Message: `Kind: Server selection timeout: No available servers. Topology: { Type: Unknown, Servers: [ { Address: localhost:27017, Type: Unknown, Error: Kind: I/O error: No connection could be made because the target machine actively refused it. (os error 10061), labels: {}, source: None } ] }, labels: {}, source: None`
prisma:error 
Invalid `prisma.observabilityEventLedger.upsert()` invocation:


Raw query failed. Code: `unknown`. Message: `Kind: Transactions are not supported by this deployment, labels: {}, source: None`
prisma:error 
Invalid `prisma.infrastructureRecoveryLedger.count()` invocation:


Raw query failed. Code: `unknown`. Message: `Kind: Server selection timeout: No available servers. Topology: { Type: Unknown, Servers: [ { Address: localhost:27017, Type: Unknown, Error: Kind: I/O error: No connection could be made because the target machine actively refused it. (os error 10061), labels: {}, source: None } ] }, labels: {}, source: None`
replay_suppressed_count {
  metric: 'replay_suppressed_count',
  value: 0,
  businessId: null,
  route: 'integrations_onboarding_recovery',
  metadata: {
    suppression: 'queue_not_writable',
    suspendMs: 60000,
    queueDepth: 0,
    redisCircuitOpen: false
  },
  recordedAt: '2026-07-06T16:10:30.041Z'
}
FEATURE_GATE_AWAIT_TRACE {
  event: 'start',
  fileName: 'backend/src/services/security/securityGovernanceOS.service.ts',
  redisOps: 'none',
  functionName: 'assertAuthorizedAccess:authorizeAccess',
  action: 'analytics:view',
  route: null,
  cacheStatus: 'delegated',
  dbQueries: [ 'see nested FEATURE_GATE_AWAIT_TRACE events' ]
}
FEATURE_GATE_AWAIT_TRACE {
  event: 'start',
  fileName: 'backend/src/services/security/securityGovernanceOS.service.ts',
  redisOps: 'none',
  functionName: 'authorizeAccess:assertTenantIsolation',
  action: 'analytics:view',
  route: null,
  cacheStatus: 'none',
  dbQueries: [ 'tenantIsolationLedger.upsert' ]
}
FEATURE_GATE_AWAIT_TRACE {
  event: 'end',
  fileName: 'backend/src/services/security/securityGovernanceOS.service.ts',
  redisOps: 'none',
  functionName: 'authorizeAccess:assertTenantIsolation',
  durationMs: 1,
  action: 'analytics:view',
  route: null,
  cacheStatus: 'none',
  dbQueries: [ 'tenantIsolationLedger.upsert' ]
}
FEATURE_GATE_AWAIT_TRACE {
  event: 'end',
  fileName: 'backend/src/services/security/securityGovernanceOS.service.ts',
  redisOps: 'none',
  functionName: 'assertAuthorizedAccess:authorizeAccess',
  durationMs: 2,
  action: 'analytics:view',
  route: null,
  cacheStatus: 'delegated',
  dbQueries: [ 'see nested FEATURE_GATE_AWAIT_TRACE events' ]
}
FEATURE_GATE_AWAIT_TRACE {
  event: 'start',
  fileName: 'backend/src/services/security/securityGovernanceOS.service.ts',
  redisOps: 'none',
  functionName: 'authorizeAccess:attestInfraIsolation',
  action: 'analytics:view',
  route: null,
  cacheStatus: 'none',
  dbQueries: [ 'isolationAttestationLedger.create' ]
}
FEATURE_GATE_AWAIT_TRACE {
  event: 'start',
  fileName: 'backend/src/services/security/securityGovernanceOS.service.ts',
  redisOps: 'none',
  functionName: 'attestInfraIsolation:isolationAttestationLedger.upsert',
  cacheStatus: 'none',
  dbQueries: [
    'isolationAttestationLedger.upsert(isolation_attest:71f8b7f3773baf182fe6606f)'
  ],
  attestationKey: 'isolation_attest:71f8b7f3773baf182fe6606f'
}
FEATURE_GATE_AWAIT_TRACE {
  event: 'start',
  fileName: 'backend/src/services/security/securityGovernanceOS.service.ts',
  redisOps: 'none',
  functionName: 'authorizeAccess:appendAuthEvent:authorized',
  action: 'analytics:view',
  route: null,
  cacheStatus: 'none',
  dbQueries: [ 'authEventLedger.upsert' ]
}
FEATURE_GATE_AWAIT_TRACE {
  event: 'start',
  fileName: 'backend/src/services/security/securityGovernanceOS.service.ts',
  redisOps: 'none',
  functionName: 'appendAuthEvent:authEventLedger.upsert',
  cacheStatus: 'none',
  dbQueries: [ 'authEventLedger.upsert(auth_evt:e0af3aca5a878db886bcefda28)' ],
  eventKey: 'auth_evt:e0af3aca5a878db886bcefda28',
  action: 'analytics:view',
  outcome: 'ALLOWED'
}
prisma:error 
Invalid `prisma.dataAccessAuditLedger.upsert()` invocation:


Raw query failed. Code: `unknown`. Message: `Kind: Transactions are not supported by this deployment, labels: {}, source: None`
prisma:error 
Invalid `prisma.isolationAttestationLedger.upsert()` invocation:


Raw query failed. Code: `unknown`. Message: `Kind: Transactions are not supported by this deployment, labels: {}, source: None`
FEATURE_GATE_AWAIT_TRACE {
  event: 'end',
  fileName: 'backend/src/services/security/securityGovernanceOS.service.ts',
  redisOps: 'none',
  functionName: 'attestInfraIsolation:isolationAttestationLedger.upsert',
  durationMs: 3,
  cacheStatus: 'none',
  dbQueries: [
    'isolationAttestationLedger.upsert(isolation_attest:71f8b7f3773baf182fe6606f)'
  ],
  attestationKey: 'isolation_attest:71f8b7f3773baf182fe6606f'
}
FEATURE_GATE_AWAIT_TRACE {
  event: 'end',
  fileName: 'backend/src/services/security/securityGovernanceOS.service.ts',
  redisOps: 'none',
  functionName: 'authorizeAccess:attestInfraIsolation',
  durationMs: 3,
  action: 'analytics:view',
  route: null,
  cacheStatus: 'none',
  dbQueries: [ 'isolationAttestationLedger.create' ]
}
prisma:error 
Invalid `prisma.authEventLedger.upsert()` invocation:


Raw query failed. Code: `unknown`. Message: `Kind: Transactions are not supported by this deployment, labels: {}, source: None`
FEATURE_GATE_AWAIT_TRACE {
  event: 'end',
  fileName: 'backend/src/services/security/securityGovernanceOS.service.ts',
  redisOps: 'none',
  functionName: 'appendAuthEvent:authEventLedger.upsert',
  durationMs: 3,
  cacheStatus: 'none',
  dbQueries: [ 'authEventLedger.upsert(auth_evt:e0af3aca5a878db886bcefda28)' ],
  eventKey: 'auth_evt:e0af3aca5a878db886bcefda28',
  action: 'analytics:view',
  outcome: 'ALLOWED'
}
FEATURE_GATE_AWAIT_TRACE {
  event: 'end',
  fileName: 'backend/src/services/security/securityGovernanceOS.service.ts',
  redisOps: 'none',
  functionName: 'authorizeAccess:appendAuthEvent:authorized',
  durationMs: 3,
  action: 'analytics:view',
  route: null,
  cacheStatus: 'none',
  dbQueries: [ 'authEventLedger.upsert' ]
}
prisma:error 
Invalid `prisma.observabilityEventLedger.findUnique()` invocation:


Raw query failed. Code: `unknown`. Message: `Kind: Server selection timeout: No available servers. Topology: { Type: Unknown, Servers: [ { Address: localhost:27017, Type: Unknown, Error: Kind: I/O error: No connection could be made because the target machine actively refused it. (os error 10061), labels: {}, source: None } ] }, labels: {}, source: None`
prisma:error 
Invalid `prisma.observabilityEventLedger.upsert()` invocation:


Raw query failed. Code: `unknown`. Message: `Kind: Transactions are not supported by this deployment, labels: {}, source: None`
prisma:error 
Invalid `prisma.infrastructureRecoveryLedger.count()` invocation:


Raw query failed. Code: `unknown`. Message: `Kind: Server selection timeout: No available servers. Topology: { Type: Unknown, Servers: [ { Address: localhost:27017, Type: Unknown, Error: Kind: I/O error: No connection could be made because the target machine actively refused it. (os error 10061), labels: {}, source: None } ] }, labels: {}, source: None`
replay_suppressed_count {
  metric: 'replay_suppressed_count',
  value: 0,
  businessId: null,
  route: 'integrations_onboarding_recovery',
  metadata: {
    suppression: 'queue_not_writable',
    suspendMs: 60000,
    queueDepth: 0,
    redisCircuitOpen: false
  },
  recordedAt: '2026-07-06T16:11:30.039Z'
}
FEATURE_GATE_AWAIT_TRACE {
  event: 'start',
  fileName: 'backend/src/services/security/securityGovernanceOS.service.ts',
  redisOps: 'none',
  functionName: 'assertAuthorizedAccess:authorizeAccess',
  action: 'analytics:view',
  route: null,
  cacheStatus: 'delegated',
  dbQueries: [ 'see nested FEATURE_GATE_AWAIT_TRACE events' ]
}
FEATURE_GATE_AWAIT_TRACE {
  event: 'start',
  fileName: 'backend/src/services/security/securityGovernanceOS.service.ts',
  redisOps: 'none',
  functionName: 'authorizeAccess:assertTenantIsolation',
  action: 'analytics:view',
  route: null,
  cacheStatus: 'none',
  dbQueries: [ 'tenantIsolationLedger.upsert' ]
}
FEATURE_GATE_AWAIT_TRACE {
  event: 'end',
  fileName: 'backend/src/services/security/securityGovernanceOS.service.ts',
  redisOps: 'none',
  functionName: 'authorizeAccess:assertTenantIsolation',
  durationMs: 1,
  action: 'analytics:view',
  route: null,
  cacheStatus: 'none',
  dbQueries: [ 'tenantIsolationLedger.upsert' ]
}
FEATURE_GATE_AWAIT_TRACE {
  event: 'end',
  fileName: 'backend/src/services/security/securityGovernanceOS.service.ts',
  redisOps: 'none',
  functionName: 'assertAuthorizedAccess:authorizeAccess',
  durationMs: 2,
  action: 'analytics:view',
  route: null,
  cacheStatus: 'delegated',
  dbQueries: [ 'see nested FEATURE_GATE_AWAIT_TRACE events' ]
}
FEATURE_GATE_AWAIT_TRACE {
  event: 'start',
  fileName: 'backend/src/services/security/securityGovernanceOS.service.ts',
  redisOps: 'none',
  functionName: 'authorizeAccess:attestInfraIsolation',
  action: 'analytics:view',
  route: null,
  cacheStatus: 'none',
  dbQueries: [ 'isolationAttestationLedger.create' ]
}
FEATURE_GATE_AWAIT_TRACE {
  event: 'start',
  fileName: 'backend/src/services/security/securityGovernanceOS.service.ts',
  redisOps: 'none',
  functionName: 'attestInfraIsolation:isolationAttestationLedger.upsert',
  cacheStatus: 'none',
  dbQueries: [
    'isolationAttestationLedger.upsert(isolation_attest:28c82328185fe99d4337f2c9)'
  ],
  attestationKey: 'isolation_attest:28c82328185fe99d4337f2c9'
}
FEATURE_GATE_AWAIT_TRACE {
  event: 'start',
  fileName: 'backend/src/services/security/securityGovernanceOS.service.ts',
  redisOps: 'none',
  functionName: 'authorizeAccess:appendAuthEvent:authorized',
  action: 'analytics:view',
  route: null,
  cacheStatus: 'none',
  dbQueries: [ 'authEventLedger.upsert' ]
}
FEATURE_GATE_AWAIT_TRACE {
  event: 'start',
  fileName: 'backend/src/services/security/securityGovernanceOS.service.ts',
  redisOps: 'none',
  functionName: 'appendAuthEvent:authEventLedger.upsert',
  cacheStatus: 'none',
  dbQueries: [ 'authEventLedger.upsert(auth_evt:508c0d9c21e81979b049130efd)' ],
  eventKey: 'auth_evt:508c0d9c21e81979b049130efd',
  action: 'analytics:view',
  outcome: 'ALLOWED'
}
prisma:error 
Invalid `prisma.dataAccessAuditLedger.upsert()` invocation:


Raw query failed. Code: `unknown`. Message: `Kind: Transactions are not supported by this deployment, labels: {}, source: None`
prisma:error 
Invalid `prisma.isolationAttestationLedger.upsert()` invocation:


Raw query failed. Code: `unknown`. Message: `Kind: Transactions are not supported by this deployment, labels: {}, source: None`
FEATURE_GATE_AWAIT_TRACE {
  event: 'end',
  fileName: 'backend/src/services/security/securityGovernanceOS.service.ts',
  redisOps: 'none',
  functionName: 'attestInfraIsolation:isolationAttestationLedger.upsert',
  durationMs: 3,
  cacheStatus: 'none',
  dbQueries: [
    'isolationAttestationLedger.upsert(isolation_attest:28c82328185fe99d4337f2c9)'
  ],
  attestationKey: 'isolation_attest:28c82328185fe99d4337f2c9'
}
FEATURE_GATE_AWAIT_TRACE {
  event: 'end',
  fileName: 'backend/src/services/security/securityGovernanceOS.service.ts',
  redisOps: 'none',
  functionName: 'authorizeAccess:attestInfraIsolation',
  durationMs: 4,
  action: 'analytics:view',
  route: null,
  cacheStatus: 'none',
  dbQueries: [ 'isolationAttestationLedger.create' ]
}
prisma:error 
Invalid `prisma.authEventLedger.upsert()` invocation:


Raw query failed. Code: `unknown`. Message: `Kind: Transactions are not supported by this deployment, labels: {}, source: None`
FEATURE_GATE_AWAIT_TRACE {
  event: 'end',
  fileName: 'backend/src/services/security/securityGovernanceOS.service.ts',
  redisOps: 'none',
  functionName: 'appendAuthEvent:authEventLedger.upsert',
  durationMs: 3,
  cacheStatus: 'none',
  dbQueries: [ 'authEventLedger.upsert(auth_evt:508c0d9c21e81979b049130efd)' ],
  eventKey: 'auth_evt:508c0d9c21e81979b049130efd',
  action: 'analytics:view',
  outcome: 'ALLOWED'
}
FEATURE_GATE_AWAIT_TRACE {
  event: 'end',
  fileName: 'backend/src/services/security/securityGovernanceOS.service.ts',
  redisOps: 'none',
  functionName: 'authorizeAccess:appendAuthEvent:authorized',
  durationMs: 4,
  action: 'analytics:view',
  route: null,
  cacheStatus: 'none',
  dbQueries: [ 'authEventLedger.upsert' ]
}
prisma:error 
Invalid `prisma.observabilityEventLedger.findUnique()` invocation:


Raw query failed. Code: `unknown`. Message: `Kind: Server selection timeout: No available servers. Topology: { Type: Unknown, Servers: [ { Address: localhost:27017, Type: Unknown, Error: Kind: I/O error: No connection could be made because the target machine actively refused it. (os error 10061), labels: {}, source: None } ] }, labels: {}, source: None`
prisma:error 
Invalid `prisma.observabilityEventLedger.upsert()` invocation:


Raw query failed. Code: `unknown`. Message: `Kind: Transactions are not supported by this deployment, labels: {}, source: None`
prisma:error 
Invalid `prisma.infrastructureRecoveryLedger.count()` invocation:


Raw query failed. Code: `unknown`. Message: `Kind: Server selection timeout: No available servers. Topology: { Type: Unknown, Servers: [ { Address: localhost:27017, Type: Unknown, Error: Kind: I/O error: No connection could be made because the target machine actively refused it. (os error 10061), labels: {}, source: None } ] }, labels: {}, source: None`
replay_suppressed_count {
  metric: 'replay_suppressed_count',
  value: 0,
  businessId: null,
  route: 'integrations_onboarding_recovery',
  metadata: {
    suppression: 'queue_not_writable',
    suspendMs: 60000,
    queueDepth: 0,
    redisCircuitOpen: false
  },
  recordedAt: '2026-07-06T16:12:30.038Z'
}
FEATURE_GATE_AWAIT_TRACE {
  event: 'start',
  fileName: 'backend/src/services/security/securityGovernanceOS.service.ts',
  redisOps: 'none',
  functionName: 'assertAuthorizedAccess:authorizeAccess',
  action: 'analytics:view',
  route: null,
  cacheStatus: 'delegated',
  dbQueries: [ 'see nested FEATURE_GATE_AWAIT_TRACE events' ]
}
FEATURE_GATE_AWAIT_TRACE {
  event: 'start',
  fileName: 'backend/src/services/security/securityGovernanceOS.service.ts',
  redisOps: 'none',
  functionName: 'authorizeAccess:assertTenantIsolation',
  action: 'analytics:view',
  route: null,
  cacheStatus: 'none',
  dbQueries: [ 'tenantIsolationLedger.upsert' ]
}
FEATURE_GATE_AWAIT_TRACE {
  event: 'end',
  fileName: 'backend/src/services/security/securityGovernanceOS.service.ts',
  redisOps: 'none',
  functionName: 'authorizeAccess:assertTenantIsolation',
  durationMs: 1,
  action: 'analytics:view',
  route: null,
  cacheStatus: 'none',
  dbQueries: [ 'tenantIsolationLedger.upsert' ]
}
FEATURE_GATE_AWAIT_TRACE {
  event: 'end',
  fileName: 'backend/src/services/security/securityGovernanceOS.service.ts',
  redisOps: 'none',
  functionName: 'assertAuthorizedAccess:authorizeAccess',
  durationMs: 2,
  action: 'analytics:view',
  route: null,
  cacheStatus: 'delegated',
  dbQueries: [ 'see nested FEATURE_GATE_AWAIT_TRACE events' ]
}
FEATURE_GATE_AWAIT_TRACE {
  event: 'start',
  fileName: 'backend/src/services/security/securityGovernanceOS.service.ts',
  redisOps: 'none',
  functionName: 'authorizeAccess:attestInfraIsolation',
  action: 'analytics:view',
  route: null,
  cacheStatus: 'none',
  dbQueries: [ 'isolationAttestationLedger.create' ]
}
FEATURE_GATE_AWAIT_TRACE {
  event: 'start',
  fileName: 'backend/src/services/security/securityGovernanceOS.service.ts',
  redisOps: 'none',
  functionName: 'attestInfraIsolation:isolationAttestationLedger.upsert',
  cacheStatus: 'none',
  dbQueries: [
    'isolationAttestationLedger.upsert(isolation_attest:db6db040ca522ead98398cca)'
  ],
  attestationKey: 'isolation_attest:db6db040ca522ead98398cca'
}
FEATURE_GATE_AWAIT_TRACE {
  event: 'start',
  fileName: 'backend/src/services/security/securityGovernanceOS.service.ts',
  redisOps: 'none',
  functionName: 'authorizeAccess:appendAuthEvent:authorized',
  action: 'analytics:view',
  route: null,
  cacheStatus: 'none',
  dbQueries: [ 'authEventLedger.upsert' ]
}
FEATURE_GATE_AWAIT_TRACE {
  event: 'start',
  fileName: 'backend/src/services/security/securityGovernanceOS.service.ts',
  redisOps: 'none',
  functionName: 'appendAuthEvent:authEventLedger.upsert',
  cacheStatus: 'none',
  dbQueries: [ 'authEventLedger.upsert(auth_evt:fa081d24cf91181d428570ce4d)' ],
  eventKey: 'auth_evt:fa081d24cf91181d428570ce4d',
  action: 'analytics:view',
  outcome: 'ALLOWED'
}
prisma:error 
Invalid `prisma.dataAccessAuditLedger.upsert()` invocation:


Raw query failed. Code: `unknown`. Message: `Kind: Transactions are not supported by this deployment, labels: {}, source: None`
prisma:error 
Invalid `prisma.isolationAttestationLedger.upsert()` invocation:


Raw query failed. Code: `unknown`. Message: `Kind: Transactions are not supported by this deployment, labels: {}, source: None`
FEATURE_GATE_AWAIT_TRACE {
  event: 'end',
  fileName: 'backend/src/services/security/securityGovernanceOS.service.ts',
  redisOps: 'none',
  functionName: 'attestInfraIsolation:isolationAttestationLedger.upsert',
  durationMs: 13,
  cacheStatus: 'none',
  dbQueries: [
    'isolationAttestationLedger.upsert(isolation_attest:db6db040ca522ead98398cca)'
  ],
  attestationKey: 'isolation_attest:db6db040ca522ead98398cca'
}
FEATURE_GATE_AWAIT_TRACE {
  event: 'end',
  fileName: 'backend/src/services/security/securityGovernanceOS.service.ts',
  redisOps: 'none',
  functionName: 'authorizeAccess:attestInfraIsolation',
  durationMs: 14,
  action: 'analytics:view',
  route: null,
  cacheStatus: 'none',
  dbQueries: [ 'isolationAttestationLedger.create' ]
}
prisma:error 
Invalid `prisma.authEventLedger.upsert()` invocation:


Raw query failed. Code: `unknown`. Message: `Kind: Transactions are not supported by this deployment, labels: {}, source: None`
FEATURE_GATE_AWAIT_TRACE {
  event: 'end',
  fileName: 'backend/src/services/security/securityGovernanceOS.service.ts',
  redisOps: 'none',
  functionName: 'appendAuthEvent:authEventLedger.upsert',
  durationMs: 12,
  cacheStatus: 'none',
  dbQueries: [ 'authEventLedger.upsert(auth_evt:fa081d24cf91181d428570ce4d)' ],
  eventKey: 'auth_evt:fa081d24cf91181d428570ce4d',
  action: 'analytics:view',
  outcome: 'ALLOWED'
}
FEATURE_GATE_AWAIT_TRACE {
  event: 'end',
  fileName: 'backend/src/services/security/securityGovernanceOS.service.ts',
  redisOps: 'none',
  functionName: 'authorizeAccess:appendAuthEvent:authorized',
  durationMs: 13,
  action: 'analytics:view',
  route: null,
  cacheStatus: 'none',
  dbQueries: [ 'authEventLedger.upsert' ]
}
prisma:error 
Invalid `prisma.observabilityEventLedger.findUnique()` invocation:


Raw query failed. Code: `unknown`. Message: `Kind: Server selection timeout: No available servers. Topology: { Type: Unknown, Servers: [ { Address: localhost:27017, Type: Unknown, Error: Kind: I/O error: No connection could be made because the target machine actively refused it. (os error 10061), labels: {}, source: None } ] }, labels: {}, source: None`
prisma:error 
Invalid `prisma.observabilityEventLedger.upsert()` invocation:


Raw query failed. Code: `unknown`. Message: `Kind: Transactions are not supported by this deployment, labels: {}, source: None`
prisma:error 
Invalid `prisma.infrastructureRecoveryLedger.count()` invocation:


Raw query failed. Code: `unknown`. Message: `Kind: Server selection timeout: No available servers. Topology: { Type: Unknown, Servers: [ { Address: localhost:27017, Type: Unknown, Error: Kind: I/O error: No connection could be made because the target machine actively refused it. (os error 10061), labels: {}, source: None } ] }, labels: {}, source: None`
replay_suppressed_count {
  metric: 'replay_suppressed_count',
  value: 0,
  businessId: null,
  route: 'integrations_onboarding_recovery',
  metadata: {
    suppression: 'queue_not_writable',
    suspendMs: 60000,
    queueDepth: 0,
    redisCircuitOpen: false
  },
  recordedAt: '2026-07-06T16:13:30.050Z'
}
FEATURE_GATE_AWAIT_TRACE {
  event: 'start',
  fileName: 'backend/src/services/security/securityGovernanceOS.service.ts',
  redisOps: 'none',
  functionName: 'assertAuthorizedAccess:authorizeAccess',
  action: 'analytics:view',
  route: null,
  cacheStatus: 'delegated',
  dbQueries: [ 'see nested FEATURE_GATE_AWAIT_TRACE events' ]
}
FEATURE_GATE_AWAIT_TRACE {
  event: 'start',
  fileName: 'backend/src/services/security/securityGovernanceOS.service.ts',
  redisOps: 'none',
  functionName: 'authorizeAccess:assertTenantIsolation',
  action: 'analytics:view',
  route: null,
  cacheStatus: 'none',
  dbQueries: [ 'tenantIsolationLedger.upsert' ]
}
FEATURE_GATE_AWAIT_TRACE {
  event: 'end',
  fileName: 'backend/src/services/security/securityGovernanceOS.service.ts',
  redisOps: 'none',
  functionName: 'authorizeAccess:assertTenantIsolation',
  durationMs: 0,
  action: 'analytics:view',
  route: null,
  cacheStatus: 'none',
  dbQueries: [ 'tenantIsolationLedger.upsert' ]
}
FEATURE_GATE_AWAIT_TRACE {
  event: 'end',
  fileName: 'backend/src/services/security/securityGovernanceOS.service.ts',
  redisOps: 'none',
  functionName: 'assertAuthorizedAccess:authorizeAccess',
  durationMs: 2,
  action: 'analytics:view',
  route: null,
  cacheStatus: 'delegated',
  dbQueries: [ 'see nested FEATURE_GATE_AWAIT_TRACE events' ]
}
FEATURE_GATE_AWAIT_TRACE {
  event: 'start',
  fileName: 'backend/src/services/security/securityGovernanceOS.service.ts',
  redisOps: 'none',
  functionName: 'authorizeAccess:attestInfraIsolation',
  action: 'analytics:view',
  route: null,
  cacheStatus: 'none',
  dbQueries: [ 'isolationAttestationLedger.create' ]
}
FEATURE_GATE_AWAIT_TRACE {
  event: 'start',
  fileName: 'backend/src/services/security/securityGovernanceOS.service.ts',
  redisOps: 'none',
  functionName: 'attestInfraIsolation:isolationAttestationLedger.upsert',
  cacheStatus: 'none',
  dbQueries: [
    'isolationAttestationLedger.upsert(isolation_attest:3369e136d9b20caa0a273081)'
  ],
  attestationKey: 'isolation_attest:3369e136d9b20caa0a273081'
}
FEATURE_GATE_AWAIT_TRACE {
  event: 'start',
  fileName: 'backend/src/services/security/securityGovernanceOS.service.ts',
  redisOps: 'none',
  functionName: 'authorizeAccess:appendAuthEvent:authorized',
  action: 'analytics:view',
  route: null,
  cacheStatus: 'none',
  dbQueries: [ 'authEventLedger.upsert' ]
}
FEATURE_GATE_AWAIT_TRACE {
  event: 'start',
  fileName: 'backend/src/services/security/securityGovernanceOS.service.ts',
  redisOps: 'none',
  functionName: 'appendAuthEvent:authEventLedger.upsert',
  cacheStatus: 'none',
  dbQueries: [ 'authEventLedger.upsert(auth_evt:16a1b7fc3fcbd750817dc4bdd9)' ],
  eventKey: 'auth_evt:16a1b7fc3fcbd750817dc4bdd9',
  action: 'analytics:view',
  outcome: 'ALLOWED'
}
prisma:error 
Invalid `prisma.dataAccessAuditLedger.upsert()` invocation:


Raw query failed. Code: `unknown`. Message: `Kind: Transactions are not supported by this deployment, labels: {}, source: None`
prisma:error 
Invalid `prisma.isolationAttestationLedger.upsert()` invocation:


Raw query failed. Code: `unknown`. Message: `Kind: Transactions are not supported by this deployment, labels: {}, source: None`
FEATURE_GATE_AWAIT_TRACE {
  event: 'end',
  fileName: 'backend/src/services/security/securityGovernanceOS.service.ts',
  redisOps: 'none',
  functionName: 'attestInfraIsolation:isolationAttestationLedger.upsert',
  durationMs: 3,
  cacheStatus: 'none',
  dbQueries: [
    'isolationAttestationLedger.upsert(isolation_attest:3369e136d9b20caa0a273081)'
  ],
  attestationKey: 'isolation_attest:3369e136d9b20caa0a273081'
}
FEATURE_GATE_AWAIT_TRACE {
  event: 'end',
  fileName: 'backend/src/services/security/securityGovernanceOS.service.ts',
  redisOps: 'none',
  functionName: 'authorizeAccess:attestInfraIsolation',
  durationMs: 4,
  action: 'analytics:view',
  route: null,
  cacheStatus: 'none',
  dbQueries: [ 'isolationAttestationLedger.create' ]
}
prisma:error 
Invalid `prisma.authEventLedger.upsert()` invocation:


Raw query failed. Code: `unknown`. Message: `Kind: Transactions are not supported by this deployment, labels: {}, source: None`
FEATURE_GATE_AWAIT_TRACE {
  event: 'end',
  fileName: 'backend/src/services/security/securityGovernanceOS.service.ts',
  redisOps: 'none',
  functionName: 'appendAuthEvent:authEventLedger.upsert',
  durationMs: 3,
  cacheStatus: 'none',
  dbQueries: [ 'authEventLedger.upsert(auth_evt:16a1b7fc3fcbd750817dc4bdd9)' ],
  eventKey: 'auth_evt:16a1b7fc3fcbd750817dc4bdd9',
  action: 'analytics:view',
  outcome: 'ALLOWED'
}
FEATURE_GATE_AWAIT_TRACE {
  event: 'end',
  fileName: 'backend/src/services/security/securityGovernanceOS.service.ts',
  redisOps: 'none',
  functionName: 'authorizeAccess:appendAuthEvent:authorized',
  durationMs: 3,
  action: 'analytics:view',
  route: null,
  cacheStatus: 'none',
  dbQueries: [ 'authEventLedger.upsert' ]
}
prisma:error 
Invalid `prisma.observabilityEventLedger.findUnique()` invocation:


Raw query failed. Code: `unknown`. Message: `Kind: Server selection timeout: No available servers. Topology: { Type: Unknown, Servers: [ { Address: localhost:27017, Type: Unknown, Error: Kind: I/O error: No connection could be made because the target machine actively refused it. (os error 10061), labels: {}, source: None } ] }, labels: {}, source: None`
prisma:error 
Invalid `prisma.observabilityEventLedger.upsert()` invocation:


Raw query failed. Code: `unknown`. Message: `Kind: Transactions are not supported by this deployment, labels: {}, source: None`
prisma:error 
Invalid `prisma.infrastructureRecoveryLedger.count()` invocation:


Raw query failed. Code: `unknown`. Message: `Kind: Server selection timeout: No available servers. Topology: { Type: Unknown, Servers: [ { Address: localhost:27017, Type: Unknown, Error: Kind: I/O error: No connection could be made because the target machine actively refused it. (os error 10061), labels: {}, source: None } ] }, labels: {}, source: None`
replay_suppressed_count {
  metric: 'replay_suppressed_count',
  value: 0,
  businessId: null,
  route: 'integrations_onboarding_recovery',
  metadata: {
    suppression: 'queue_not_writable',
    suspendMs: 60000,
    queueDepth: 0,
    redisCircuitOpen: false
  },
  recordedAt: '2026-07-06T16:14:30.047Z'
}
FEATURE_GATE_AWAIT_TRACE {
  event: 'start',
  fileName: 'backend/src/services/security/securityGovernanceOS.service.ts',
  redisOps: 'none',
  functionName: 'assertAuthorizedAccess:authorizeAccess',
  action: 'analytics:view',
  route: null,
  cacheStatus: 'delegated',
  dbQueries: [ 'see nested FEATURE_GATE_AWAIT_TRACE events' ]
}
FEATURE_GATE_AWAIT_TRACE {
  event: 'start',
  fileName: 'backend/src/services/security/securityGovernanceOS.service.ts',
  redisOps: 'none',
  functionName: 'authorizeAccess:assertTenantIsolation',
  action: 'analytics:view',
  route: null,
  cacheStatus: 'none',
  dbQueries: [ 'tenantIsolationLedger.upsert' ]
}
FEATURE_GATE_AWAIT_TRACE {
  event: 'end',
  fileName: 'backend/src/services/security/securityGovernanceOS.service.ts',
  redisOps: 'none',
  functionName: 'authorizeAccess:assertTenantIsolation',
  durationMs: 1,
  action: 'analytics:view',
  route: null,
  cacheStatus: 'none',
  dbQueries: [ 'tenantIsolationLedger.upsert' ]
}
FEATURE_GATE_AWAIT_TRACE {
  event: 'end',
  fileName: 'backend/src/services/security/securityGovernanceOS.service.ts',
  redisOps: 'none',
  functionName: 'assertAuthorizedAccess:authorizeAccess',
  durationMs: 1,
  action: 'analytics:view',
  route: null,
  cacheStatus: 'delegated',
  dbQueries: [ 'see nested FEATURE_GATE_AWAIT_TRACE events' ]
}
FEATURE_GATE_AWAIT_TRACE {
  event: 'start',
  fileName: 'backend/src/services/security/securityGovernanceOS.service.ts',
  redisOps: 'none',
  functionName: 'authorizeAccess:attestInfraIsolation',
  action: 'analytics:view',
  route: null,
  cacheStatus: 'none',
  dbQueries: [ 'isolationAttestationLedger.create' ]
}
FEATURE_GATE_AWAIT_TRACE {
  event: 'start',
  fileName: 'backend/src/services/security/securityGovernanceOS.service.ts',
  redisOps: 'none',
  functionName: 'attestInfraIsolation:isolationAttestationLedger.upsert',
  cacheStatus: 'none',
  dbQueries: [
    'isolationAttestationLedger.upsert(isolation_attest:a2ec278653ab5107c9e31c7f)'
  ],
  attestationKey: 'isolation_attest:a2ec278653ab5107c9e31c7f'
}
FEATURE_GATE_AWAIT_TRACE {
  event: 'start',
  fileName: 'backend/src/services/security/securityGovernanceOS.service.ts',
  redisOps: 'none',
  functionName: 'authorizeAccess:appendAuthEvent:authorized',
  action: 'analytics:view',
  route: null,
  cacheStatus: 'none',
  dbQueries: [ 'authEventLedger.upsert' ]
}
FEATURE_GATE_AWAIT_TRACE {
  event: 'start',
  fileName: 'backend/src/services/security/securityGovernanceOS.service.ts',
  redisOps: 'none',
  functionName: 'appendAuthEvent:authEventLedger.upsert',
  cacheStatus: 'none',
  dbQueries: [ 'authEventLedger.upsert(auth_evt:a1cbf0c95227fd9b41da55ff4a)' ],
  eventKey: 'auth_evt:a1cbf0c95227fd9b41da55ff4a',
  action: 'analytics:view',
  outcome: 'ALLOWED'
}
prisma:error 
Invalid `prisma.dataAccessAuditLedger.upsert()` invocation:


Raw query failed. Code: `unknown`. Message: `Kind: Transactions are not supported by this deployment, labels: {}, source: None`
prisma:error 
Invalid `prisma.isolationAttestationLedger.upsert()` invocation:


Raw query failed. Code: `unknown`. Message: `Kind: Transactions are not supported by this deployment, labels: {}, source: None`
FEATURE_GATE_AWAIT_TRACE {
  event: 'end',
  fileName: 'backend/src/services/security/securityGovernanceOS.service.ts',
  redisOps: 'none',
  functionName: 'attestInfraIsolation:isolationAttestationLedger.upsert',
  durationMs: 4,
  cacheStatus: 'none',
  dbQueries: [
    'isolationAttestationLedger.upsert(isolation_attest:a2ec278653ab5107c9e31c7f)'
  ],
  attestationKey: 'isolation_attest:a2ec278653ab5107c9e31c7f'
}
FEATURE_GATE_AWAIT_TRACE {
  event: 'end',
  fileName: 'backend/src/services/security/securityGovernanceOS.service.ts',
  redisOps: 'none',
  functionName: 'authorizeAccess:attestInfraIsolation',
  durationMs: 5,
  action: 'analytics:view',
  route: null,
  cacheStatus: 'none',
  dbQueries: [ 'isolationAttestationLedger.create' ]
}
prisma:error 
Invalid `prisma.authEventLedger.upsert()` invocation:


Raw query failed. Code: `unknown`. Message: `Kind: Transactions are not supported by this deployment, labels: {}, source: None`
FEATURE_GATE_AWAIT_TRACE {
  event: 'end',
  fileName: 'backend/src/services/security/securityGovernanceOS.service.ts',
  redisOps: 'none',
  functionName: 'appendAuthEvent:authEventLedger.upsert',
  durationMs: 4,
  cacheStatus: 'none',
  dbQueries: [ 'authEventLedger.upsert(auth_evt:a1cbf0c95227fd9b41da55ff4a)' ],
  eventKey: 'auth_evt:a1cbf0c95227fd9b41da55ff4a',
  action: 'analytics:view',
  outcome: 'ALLOWED'
}
FEATURE_GATE_AWAIT_TRACE {
  event: 'end',
  fileName: 'backend/src/services/security/securityGovernanceOS.service.ts',
  redisOps: 'none',
  functionName: 'authorizeAccess:appendAuthEvent:authorized',
  durationMs: 5,
  action: 'analytics:view',
  route: null,
  cacheStatus: 'none',
  dbQueries: [ 'authEventLedger.upsert' ]
}
prisma:error 
Invalid `prisma.observabilityEventLedger.findUnique()` invocation:


Raw query failed. Code: `unknown`. Message: `Kind: Server selection timeout: No available servers. Topology: { Type: Unknown, Servers: [ { Address: localhost:27017, Type: Unknown, Error: Kind: I/O error: No connection could be made because the target machine actively refused it. (os error 10061), labels: {}, source: None } ] }, labels: {}, source: None`
prisma:error 
Invalid `prisma.observabilityEventLedger.upsert()` invocation:


Raw query failed. Code: `unknown`. Message: `Kind: Transactions are not supported by this deployment, labels: {}, source: None`
prisma:error 
Invalid `prisma.infrastructureRecoveryLedger.count()` invocation:


Raw query failed. Code: `unknown`. Message: `Kind: Server selection timeout: No available servers. Topology: { Type: Unknown, Servers: [ { Address: localhost:27017, Type: Unknown, Error: Kind: I/O error: No connection could be made because the target machine actively refused it. (os error 10061), labels: {}, source: None } ] }, labels: {}, source: None`
replay_suppressed_count {
  metric: 'replay_suppressed_count',
  value: 0,
  businessId: null,
  route: 'integrations_onboarding_recovery',
  metadata: {
    suppression: 'queue_not_writable',
    suspendMs: 60000,
    queueDepth: 0,
    redisCircuitOpen: false
  },
  recordedAt: '2026-07-06T16:15:30.031Z'
}
FEATURE_GATE_AWAIT_TRACE {
  event: 'start',
  fileName: 'backend/src/services/security/securityGovernanceOS.service.ts',
  redisOps: 'none',
  functionName: 'assertAuthorizedAccess:authorizeAccess',
  action: 'analytics:view',
  route: null,
  cacheStatus: 'delegated',
  dbQueries: [ 'see nested FEATURE_GATE_AWAIT_TRACE events' ]
}
FEATURE_GATE_AWAIT_TRACE {
  event: 'start',
  fileName: 'backend/src/services/security/securityGovernanceOS.service.ts',
  redisOps: 'none',
  functionName: 'authorizeAccess:assertTenantIsolation',
  action: 'analytics:view',
  route: null,
  cacheStatus: 'none',
  dbQueries: [ 'tenantIsolationLedger.upsert' ]
}
FEATURE_GATE_AWAIT_TRACE {
  event: 'end',
  fileName: 'backend/src/services/security/securityGovernanceOS.service.ts',
  redisOps: 'none',
  functionName: 'authorizeAccess:assertTenantIsolation',
  durationMs: 1,
  action: 'analytics:view',
  route: null,
  cacheStatus: 'none',
  dbQueries: [ 'tenantIsolationLedger.upsert' ]
}
FEATURE_GATE_AWAIT_TRACE {
  event: 'end',
  fileName: 'backend/src/services/security/securityGovernanceOS.service.ts',
  redisOps: 'none',
  functionName: 'assertAuthorizedAccess:authorizeAccess',
  durationMs: 2,
  action: 'analytics:view',
  route: null,
  cacheStatus: 'delegated',
  dbQueries: [ 'see nested FEATURE_GATE_AWAIT_TRACE events' ]
}
FEATURE_GATE_AWAIT_TRACE {
  event: 'start',
  fileName: 'backend/src/services/security/securityGovernanceOS.service.ts',
  redisOps: 'none',
  functionName: 'authorizeAccess:attestInfraIsolation',
  action: 'analytics:view',
  route: null,
  cacheStatus: 'none',
  dbQueries: [ 'isolationAttestationLedger.create' ]
}
FEATURE_GATE_AWAIT_TRACE {
  event: 'start',
  fileName: 'backend/src/services/security/securityGovernanceOS.service.ts',
  redisOps: 'none',
  functionName: 'attestInfraIsolation:isolationAttestationLedger.upsert',
  cacheStatus: 'none',
  dbQueries: [
    'isolationAttestationLedger.upsert(isolation_attest:e7fb79bd23741fabcdd9d065)'
  ],
  attestationKey: 'isolation_attest:e7fb79bd23741fabcdd9d065'
}
FEATURE_GATE_AWAIT_TRACE {
  event: 'start',
  fileName: 'backend/src/services/security/securityGovernanceOS.service.ts',
  redisOps: 'none',
  functionName: 'authorizeAccess:appendAuthEvent:authorized',
  action: 'analytics:view',
  route: null,
  cacheStatus: 'none',
  dbQueries: [ 'authEventLedger.upsert' ]
}
FEATURE_GATE_AWAIT_TRACE {
  event: 'start',
  fileName: 'backend/src/services/security/securityGovernanceOS.service.ts',
  redisOps: 'none',
  functionName: 'appendAuthEvent:authEventLedger.upsert',
  cacheStatus: 'none',
  dbQueries: [ 'authEventLedger.upsert(auth_evt:fc4f8f5963a24a4c6791b4678e)' ],
  eventKey: 'auth_evt:fc4f8f5963a24a4c6791b4678e',
  action: 'analytics:view',
  outcome: 'ALLOWED'
}
prisma:error 
Invalid `prisma.dataAccessAuditLedger.upsert()` invocation:


Raw query failed. Code: `unknown`. Message: `Kind: Transactions are not supported by this deployment, labels: {}, source: None`
prisma:error 
Invalid `prisma.isolationAttestationLedger.upsert()` invocation:


Raw query failed. Code: `unknown`. Message: `Kind: Transactions are not supported by this deployment, labels: {}, source: None`
FEATURE_GATE_AWAIT_TRACE {
  event: 'end',
  fileName: 'backend/src/services/security/securityGovernanceOS.service.ts',
  redisOps: 'none',
  functionName: 'attestInfraIsolation:isolationAttestationLedger.upsert',
  durationMs: 4,
  cacheStatus: 'none',
  dbQueries: [
    'isolationAttestationLedger.upsert(isolation_attest:e7fb79bd23741fabcdd9d065)'
  ],
  attestationKey: 'isolation_attest:e7fb79bd23741fabcdd9d065'
}
FEATURE_GATE_AWAIT_TRACE {
  event: 'end',
  fileName: 'backend/src/services/security/securityGovernanceOS.service.ts',
  redisOps: 'none',
  functionName: 'authorizeAccess:attestInfraIsolation',
  durationMs: 5,
  action: 'analytics:view',
  route: null,
  cacheStatus: 'none',
  dbQueries: [ 'isolationAttestationLedger.create' ]
}
prisma:error 
Invalid `prisma.authEventLedger.upsert()` invocation:


Raw query failed. Code: `unknown`. Message: `Kind: Transactions are not supported by this deployment, labels: {}, source: None`
FEATURE_GATE_AWAIT_TRACE {
  event: 'end',
  fileName: 'backend/src/services/security/securityGovernanceOS.service.ts',
  redisOps: 'none',
  functionName: 'appendAuthEvent:authEventLedger.upsert',
  durationMs: 4,
  cacheStatus: 'none',
  dbQueries: [ 'authEventLedger.upsert(auth_evt:fc4f8f5963a24a4c6791b4678e)' ],
  eventKey: 'auth_evt:fc4f8f5963a24a4c6791b4678e',
  action: 'analytics:view',
  outcome: 'ALLOWED'
}
FEATURE_GATE_AWAIT_TRACE {
  event: 'end',
  fileName: 'backend/src/services/security/securityGovernanceOS.service.ts',
  redisOps: 'none',
  functionName: 'authorizeAccess:appendAuthEvent:authorized',
  durationMs: 5,
  action: 'analytics:view',
  route: null,
  cacheStatus: 'none',
  dbQueries: [ 'authEventLedger.upsert' ]
}
prisma:error 
Invalid `prisma.observabilityEventLedger.findUnique()` invocation:


Raw query failed. Code: `unknown`. Message: `Kind: Server selection timeout: No available servers. Topology: { Type: Unknown, Servers: [ { Address: localhost:27017, Type: Unknown, Error: Kind: I/O error: No connection could be made because the target machine actively refused it. (os error 10061), labels: {}, source: None } ] }, labels: {}, source: None`
prisma:error 
Invalid `prisma.observabilityEventLedger.upsert()` invocation:


Raw query failed. Code: `unknown`. Message: `Kind: Transactions are not supported by this deployment, labels: {}, source: None`
prisma:error 
Invalid `prisma.infrastructureRecoveryLedger.count()` invocation:


Raw query failed. Code: `unknown`. Message: `Kind: Server selection timeout: No available servers. Topology: { Type: Unknown, Servers: [ { Address: localhost:27017, Type: Unknown, Error: Kind: I/O error: No connection could be made because the target machine actively refused it. (os error 10061), labels: {}, source: None } ] }, labels: {}, source: None`
replay_suppressed_count {
  metric: 'replay_suppressed_count',
  value: 0,
  businessId: null,
  route: 'integrations_onboarding_recovery',
  metadata: {
    suppression: 'queue_not_writable',
    suspendMs: 60000,
    queueDepth: 0,
    redisCircuitOpen: false
  },
  recordedAt: '2026-07-06T16:16:30.047Z'
}
FEATURE_GATE_AWAIT_TRACE {
  event: 'start',
  fileName: 'backend/src/services/security/securityGovernanceOS.service.ts',
  redisOps: 'none',
  functionName: 'assertAuthorizedAccess:authorizeAccess',
  action: 'analytics:view',
  route: null,
  cacheStatus: 'delegated',
  dbQueries: [ 'see nested FEATURE_GATE_AWAIT_TRACE events' ]
}
FEATURE_GATE_AWAIT_TRACE {
  event: 'start',
  fileName: 'backend/src/services/security/securityGovernanceOS.service.ts',
  redisOps: 'none',
  functionName: 'authorizeAccess:assertTenantIsolation',
  action: 'analytics:view',
  route: null,
  cacheStatus: 'none',
  dbQueries: [ 'tenantIsolationLedger.upsert' ]
}
FEATURE_GATE_AWAIT_TRACE {
  event: 'end',
  fileName: 'backend/src/services/security/securityGovernanceOS.service.ts',
  redisOps: 'none',
  functionName: 'authorizeAccess:assertTenantIsolation',
  durationMs: 0,
  action: 'analytics:view',
  route: null,
  cacheStatus: 'none',
  dbQueries: [ 'tenantIsolationLedger.upsert' ]
}
FEATURE_GATE_AWAIT_TRACE {
  event: 'end',
  fileName: 'backend/src/services/security/securityGovernanceOS.service.ts',
  redisOps: 'none',
  functionName: 'assertAuthorizedAccess:authorizeAccess',
  durationMs: 1,
  action: 'analytics:view',
  route: null,
  cacheStatus: 'delegated',
  dbQueries: [ 'see nested FEATURE_GATE_AWAIT_TRACE events' ]
}
FEATURE_GATE_AWAIT_TRACE {
  event: 'start',
  fileName: 'backend/src/services/security/securityGovernanceOS.service.ts',
  redisOps: 'none',
  functionName: 'authorizeAccess:attestInfraIsolation',
  action: 'analytics:view',
  route: null,
  cacheStatus: 'none',
  dbQueries: [ 'isolationAttestationLedger.create' ]
}
FEATURE_GATE_AWAIT_TRACE {
  event: 'start',
  fileName: 'backend/src/services/security/securityGovernanceOS.service.ts',
  redisOps: 'none',
  functionName: 'attestInfraIsolation:isolationAttestationLedger.upsert',
  cacheStatus: 'none',
  dbQueries: [
    'isolationAttestationLedger.upsert(isolation_attest:b10e77b7f2f69b7327548e56)'
  ],
  attestationKey: 'isolation_attest:b10e77b7f2f69b7327548e56'
}
FEATURE_GATE_AWAIT_TRACE {
  event: 'start',
  fileName: 'backend/src/services/security/securityGovernanceOS.service.ts',
  redisOps: 'none',
  functionName: 'authorizeAccess:appendAuthEvent:authorized',
  action: 'analytics:view',
  route: null,
  cacheStatus: 'none',
  dbQueries: [ 'authEventLedger.upsert' ]
}
FEATURE_GATE_AWAIT_TRACE {
  event: 'start',
  fileName: 'backend/src/services/security/securityGovernanceOS.service.ts',
  redisOps: 'none',
  functionName: 'appendAuthEvent:authEventLedger.upsert',
  cacheStatus: 'none',
  dbQueries: [ 'authEventLedger.upsert(auth_evt:b463b382ba73dec55c476fd048)' ],
  eventKey: 'auth_evt:b463b382ba73dec55c476fd048',
  action: 'analytics:view',
  outcome: 'ALLOWED'
}
prisma:error 
Invalid `prisma.dataAccessAuditLedger.upsert()` invocation:


Raw query failed. Code: `unknown`. Message: `Kind: Transactions are not supported by this deployment, labels: {}, source: None`
prisma:error 
Invalid `prisma.isolationAttestationLedger.upsert()` invocation:


Raw query failed. Code: `unknown`. Message: `Kind: Transactions are not supported by this deployment, labels: {}, source: None`
FEATURE_GATE_AWAIT_TRACE {
  event: 'end',
  fileName: 'backend/src/services/security/securityGovernanceOS.service.ts',
  redisOps: 'none',
  functionName: 'attestInfraIsolation:isolationAttestationLedger.upsert',
  durationMs: 6,
  cacheStatus: 'none',
  dbQueries: [
    'isolationAttestationLedger.upsert(isolation_attest:b10e77b7f2f69b7327548e56)'
  ],
  attestationKey: 'isolation_attest:b10e77b7f2f69b7327548e56'
}
FEATURE_GATE_AWAIT_TRACE {
  event: 'end',
  fileName: 'backend/src/services/security/securityGovernanceOS.service.ts',
  redisOps: 'none',
  functionName: 'authorizeAccess:attestInfraIsolation',
  durationMs: 9,
  action: 'analytics:view',
  route: null,
  cacheStatus: 'none',
  dbQueries: [ 'isolationAttestationLedger.create' ]
}
prisma:error 
Invalid `prisma.authEventLedger.upsert()` invocation:


Raw query failed. Code: `unknown`. Message: `Kind: Transactions are not supported by this deployment, labels: {}, source: None`
FEATURE_GATE_AWAIT_TRACE {
  event: 'end',
  fileName: 'backend/src/services/security/securityGovernanceOS.service.ts',
  redisOps: 'none',
  functionName: 'appendAuthEvent:authEventLedger.upsert',
  durationMs: 9,
  cacheStatus: 'none',
  dbQueries: [ 'authEventLedger.upsert(auth_evt:b463b382ba73dec55c476fd048)' ],
  eventKey: 'auth_evt:b463b382ba73dec55c476fd048',
  action: 'analytics:view',
  outcome: 'ALLOWED'
}
FEATURE_GATE_AWAIT_TRACE {
  event: 'end',
  fileName: 'backend/src/services/security/securityGovernanceOS.service.ts',
  redisOps: 'none',
  functionName: 'authorizeAccess:appendAuthEvent:authorized',
  durationMs: 10,
  action: 'analytics:view',
  route: null,
  cacheStatus: 'none',
  dbQueries: [ 'authEventLedger.upsert' ]
}
