[dotenv@17.3.1] injecting env (0) from .env -- tip: 🤖 agentic secret storage: https://dotenvx.com/as2
{"level":30,"time":1783352514825,"traceId":null,"correlationId":null,"tenantId":null,"leadId":null,"interactionId":null,"appointmentId":null,"proposalId":null,"contractId":null,"paymentId":null,"queueJobId":null,"workerId":null,"provider":null,"severity":"info","component":"runtime","phase":"operations","version":"phase6a.v1","msg":"Initializing database connection pool..."}
startup_event_loop_lag {
  metric: 'startup_event_loop_lag',
  value: 11,
  businessId: null,
  route: 'startup_isolation',
  metadata: null,
  recordedAt: '2026-07-06T15:41:55.855Z'
}
FEATURE_GATE_AWAIT_TRACE {
  event: 'start',
  fileName: 'backend/src/services/security/securityGovernanceOS.service.ts',
  redisOps: 'none',
  functionName: 'assertAuthorizedAccess:authorizeAccess',
  action: 'analytics:view',
  route: null,
  cacheStatus: 'delegated',
  dbQueries: [ 'see nested FEATURE_GATE_AWAIT_TRACE events' ]
}
FEATURE_GATE_AWAIT_TRACE {
  event: 'start',
  fileName: 'backend/src/services/security/securityGovernanceOS.service.ts',
  redisOps: 'none',
  functionName: 'authorizeAccess:assertTenantIsolation',
  action: 'analytics:view',
  route: null,
  cacheStatus: 'none',
  dbQueries: [ 'tenantIsolationLedger.upsert' ]
}
FEATURE_GATE_AWAIT_TRACE {
  event: 'end',
  fileName: 'backend/src/services/security/securityGovernanceOS.service.ts',
  redisOps: 'none',
  functionName: 'authorizeAccess:assertTenantIsolation',
  durationMs: 1,
  action: 'analytics:view',
  route: null,
  cacheStatus: 'none',
  dbQueries: [ 'tenantIsolationLedger.upsert' ]
}
FEATURE_GATE_AWAIT_TRACE {
  event: 'end',
  fileName: 'backend/src/services/security/securityGovernanceOS.service.ts',
  redisOps: 'none',
  functionName: 'assertAuthorizedAccess:authorizeAccess',
  durationMs: 4,
  action: 'analytics:view',
  route: null,
  cacheStatus: 'delegated',
  dbQueries: [ 'see nested FEATURE_GATE_AWAIT_TRACE events' ]
}
FEATURE_GATE_AWAIT_TRACE {
  event: 'start',
  fileName: 'backend/src/services/security/securityGovernanceOS.service.ts',
  redisOps: 'none',
  functionName: 'assertTenantIsolation:tenantIsolationLedger.upsert',
  cacheStatus: 'none',
  dbQueries: [
    'tenantIsolationLedger.upsert(tenant_isolation:3361079b658d750b8147835f)'
  ],
  isolationKey: 'tenant_isolation:3361079b658d750b8147835f'
}
FEATURE_GATE_AWAIT_TRACE {
  event: 'start',
  fileName: 'backend/src/services/security/securityGovernanceOS.service.ts',
  redisOps: 'none',
  functionName: 'authorizeAccess:attestInfraIsolation',
  action: 'analytics:view',
  route: null,
  cacheStatus: 'none',
  dbQueries: [ 'isolationAttestationLedger.create' ]
}
FEATURE_GATE_AWAIT_TRACE {
  event: 'start',
  fileName: 'backend/src/services/security/securityGovernanceOS.service.ts',
  redisOps: 'none',
  functionName: 'attestInfraIsolation:isolationAttestationLedger.upsert',
  cacheStatus: 'none',
  dbQueries: [
    'isolationAttestationLedger.upsert(isolation_attest:a4ce0aff6c17a918c7c92964)'
  ],
  attestationKey: 'isolation_attest:a4ce0aff6c17a918c7c92964'
}
FEATURE_GATE_AWAIT_TRACE {
  event: 'start',
  fileName: 'backend/src/services/security/securityGovernanceOS.service.ts',
  redisOps: 'none',
  functionName: 'authorizeAccess:appendAuthEvent:authorized',
  action: 'analytics:view',
  route: null,
  cacheStatus: 'none',
  dbQueries: [ 'authEventLedger.upsert' ]
}
FEATURE_GATE_AWAIT_TRACE {
  event: 'start',
  fileName: 'backend/src/services/security/securityGovernanceOS.service.ts',
  redisOps: 'none',
  functionName: 'appendAuthEvent:authEventLedger.upsert',
  cacheStatus: 'none',
  dbQueries: [ 'authEventLedger.upsert(auth_evt:93d1fb0cfb5baffa3fa859100c)' ],
  eventKey: 'auth_evt:93d1fb0cfb5baffa3fa859100c',
  action: 'analytics:view',
  outcome: 'ALLOWED'
}
startup_event_loop_lag {
  metric: 'startup_event_loop_lag',
  value: 1,
  businessId: null,
  route: 'startup_isolation',
  metadata: null,
  recordedAt: '2026-07-06T15:41:56.927Z'
}
FEATURE_GATE_AWAIT_TRACE {
  event: 'start',
  fileName: 'backend/src/services/security/securityGovernanceOS.service.ts',
  redisOps: 'none',
  functionName: 'assertAuthorizedAccess:authorizeAccess',
  action: 'analytics:view',
  route: null,
  cacheStatus: 'delegated',
  dbQueries: [ 'see nested FEATURE_GATE_AWAIT_TRACE events' ]
}
FEATURE_GATE_AWAIT_TRACE {
  event: 'start',
  fileName: 'backend/src/services/security/securityGovernanceOS.service.ts',
  redisOps: 'none',
  functionName: 'authorizeAccess:assertTenantIsolation',
  action: 'analytics:view',
  route: null,
  cacheStatus: 'none',
  dbQueries: [ 'tenantIsolationLedger.upsert' ]
}
FEATURE_GATE_AWAIT_TRACE {
  event: 'end',
  fileName: 'backend/src/services/security/securityGovernanceOS.service.ts',
  redisOps: 'none',
  functionName: 'authorizeAccess:assertTenantIsolation',
  durationMs: 1,
  action: 'analytics:view',
  route: null,
  cacheStatus: 'none',
  dbQueries: [ 'tenantIsolationLedger.upsert' ]
}
FEATURE_GATE_AWAIT_TRACE {
  event: 'end',
  fileName: 'backend/src/services/security/securityGovernanceOS.service.ts',
  redisOps: 'none',
  functionName: 'assertAuthorizedAccess:authorizeAccess',
  durationMs: 2,
  action: 'analytics:view',
  route: null,
  cacheStatus: 'delegated',
  dbQueries: [ 'see nested FEATURE_GATE_AWAIT_TRACE events' ]
}
FEATURE_GATE_AWAIT_TRACE {
  event: 'start',
  fileName: 'backend/src/services/security/securityGovernanceOS.service.ts',
  redisOps: 'none',
  functionName: 'authorizeAccess:attestInfraIsolation',
  action: 'analytics:view',
  route: null,
  cacheStatus: 'none',
  dbQueries: [ 'isolationAttestationLedger.create' ]
}
FEATURE_GATE_AWAIT_TRACE {
  event: 'start',
  fileName: 'backend/src/services/security/securityGovernanceOS.service.ts',
  redisOps: 'none',
  functionName: 'attestInfraIsolation:isolationAttestationLedger.upsert',
  cacheStatus: 'none',
  dbQueries: [
    'isolationAttestationLedger.upsert(isolation_attest:94b154379ff3dcca518a9f44)'
  ],
  attestationKey: 'isolation_attest:94b154379ff3dcca518a9f44'
}
FEATURE_GATE_AWAIT_TRACE {
  event: 'start',
  fileName: 'backend/src/services/security/securityGovernanceOS.service.ts',
  redisOps: 'none',
  functionName: 'authorizeAccess:appendAuthEvent:authorized',
  action: 'analytics:view',
  route: null,
  cacheStatus: 'none',
  dbQueries: [ 'authEventLedger.upsert' ]
}
FEATURE_GATE_AWAIT_TRACE {
  event: 'start',
  fileName: 'backend/src/services/security/securityGovernanceOS.service.ts',
  redisOps: 'none',
  functionName: 'appendAuthEvent:authEventLedger.upsert',
  cacheStatus: 'none',
  dbQueries: [ 'authEventLedger.upsert(auth_evt:c40061255074f95470855b0be9)' ],
  eventKey: 'auth_evt:c40061255074f95470855b0be9',
  action: 'analytics:view',
  outcome: 'ALLOWED'
}
startup_event_loop_lag {
  metric: 'startup_event_loop_lag',
  value: 14,
  businessId: null,
  route: 'startup_isolation',
  metadata: null,
  recordedAt: '2026-07-06T15:41:58.042Z'
}
FEATURE_GATE_AWAIT_TRACE {
  event: 'start',
  fileName: 'backend/src/services/security/securityGovernanceOS.service.ts',
  redisOps: 'none',
  functionName: 'assertAuthorizedAccess:authorizeAccess',
  action: 'analytics:view',
  route: null,
  cacheStatus: 'delegated',
  dbQueries: [ 'see nested FEATURE_GATE_AWAIT_TRACE events' ]
}
FEATURE_GATE_AWAIT_TRACE {
  event: 'start',
  fileName: 'backend/src/services/security/securityGovernanceOS.service.ts',
  redisOps: 'none',
  functionName: 'authorizeAccess:assertTenantIsolation',
  action: 'analytics:view',
  route: null,
  cacheStatus: 'none',
  dbQueries: [ 'tenantIsolationLedger.upsert' ]
}
FEATURE_GATE_AWAIT_TRACE {
  event: 'end',
  fileName: 'backend/src/services/security/securityGovernanceOS.service.ts',
  redisOps: 'none',
  functionName: 'authorizeAccess:assertTenantIsolation',
  durationMs: 1,
  action: 'analytics:view',
  route: null,
  cacheStatus: 'none',
  dbQueries: [ 'tenantIsolationLedger.upsert' ]
}
FEATURE_GATE_AWAIT_TRACE {
  event: 'end',
  fileName: 'backend/src/services/security/securityGovernanceOS.service.ts',
  redisOps: 'none',
  functionName: 'assertAuthorizedAccess:authorizeAccess',
  durationMs: 2,
  action: 'analytics:view',
  route: null,
  cacheStatus: 'delegated',
  dbQueries: [ 'see nested FEATURE_GATE_AWAIT_TRACE events' ]
}
FEATURE_GATE_AWAIT_TRACE {
  event: 'start',
  fileName: 'backend/src/services/security/securityGovernanceOS.service.ts',
  redisOps: 'none',
  functionName: 'authorizeAccess:attestInfraIsolation',
  action: 'analytics:view',
  route: null,
  cacheStatus: 'none',
  dbQueries: [ 'isolationAttestationLedger.create' ]
}
FEATURE_GATE_AWAIT_TRACE {
  event: 'start',
  fileName: 'backend/src/services/security/securityGovernanceOS.service.ts',
  redisOps: 'none',
  functionName: 'attestInfraIsolation:isolationAttestationLedger.upsert',
  cacheStatus: 'none',
  dbQueries: [
    'isolationAttestationLedger.upsert(isolation_attest:c86d45e3e0152a0dfa00c75d)'
  ],
  attestationKey: 'isolation_attest:c86d45e3e0152a0dfa00c75d'
}
FEATURE_GATE_AWAIT_TRACE {
  event: 'start',
  fileName: 'backend/src/services/security/securityGovernanceOS.service.ts',
  redisOps: 'none',
  functionName: 'authorizeAccess:appendAuthEvent:authorized',
  action: 'analytics:view',
  route: null,
  cacheStatus: 'none',
  dbQueries: [ 'authEventLedger.upsert' ]
}
FEATURE_GATE_AWAIT_TRACE {
  event: 'start',
  fileName: 'backend/src/services/security/securityGovernanceOS.service.ts',
  redisOps: 'none',
  functionName: 'appendAuthEvent:authEventLedger.upsert',
  cacheStatus: 'none',
  dbQueries: [ 'authEventLedger.upsert(auth_evt:6da82a2fef00a7c1158e007ade)' ],
  eventKey: 'auth_evt:6da82a2fef00a7c1158e007ade',
  action: 'analytics:view',
  outcome: 'ALLOWED'
}
prisma:error 
Invalid `prisma.dataAccessAuditLedger.upsert()` invocation:


Raw query failed. Code: `unknown`. Message: `Kind: Transactions are not supported by this deployment, labels: {}, source: None`
prisma:error 
Invalid `prisma.isolationAttestationLedger.upsert()` invocation:


Raw query failed. Code: `unknown`. Message: `Kind: Transactions are not supported by this deployment, labels: {}, source: None`
FEATURE_GATE_AWAIT_TRACE {
  event: 'end',
  fileName: 'backend/src/services/security/securityGovernanceOS.service.ts',
  redisOps: 'none',
  functionName: 'attestInfraIsolation:isolationAttestationLedger.upsert',
  durationMs: 4,
  cacheStatus: 'none',
  dbQueries: [
    'isolationAttestationLedger.upsert(isolation_attest:c86d45e3e0152a0dfa00c75d)'
  ],
  attestationKey: 'isolation_attest:c86d45e3e0152a0dfa00c75d'
}
FEATURE_GATE_AWAIT_TRACE {
  event: 'end',
  fileName: 'backend/src/services/security/securityGovernanceOS.service.ts',
  redisOps: 'none',
  functionName: 'authorizeAccess:attestInfraIsolation',
  durationMs: 5,
  action: 'analytics:view',
  route: null,
  cacheStatus: 'none',
  dbQueries: [ 'isolationAttestationLedger.create' ]
}
prisma:error 
Invalid `prisma.authEventLedger.upsert()` invocation:


Raw query failed. Code: `unknown`. Message: `Kind: Transactions are not supported by this deployment, labels: {}, source: None`
FEATURE_GATE_AWAIT_TRACE {
  event: 'end',
  fileName: 'backend/src/services/security/securityGovernanceOS.service.ts',
  redisOps: 'none',
  functionName: 'appendAuthEvent:authEventLedger.upsert',
  durationMs: 4,
  cacheStatus: 'none',
  dbQueries: [ 'authEventLedger.upsert(auth_evt:6da82a2fef00a7c1158e007ade)' ],
  eventKey: 'auth_evt:6da82a2fef00a7c1158e007ade',
  action: 'analytics:view',
  outcome: 'ALLOWED'
}
FEATURE_GATE_AWAIT_TRACE {
  event: 'end',
  fileName: 'backend/src/services/security/securityGovernanceOS.service.ts',
  redisOps: 'none',
  functionName: 'authorizeAccess:appendAuthEvent:authorized',
  durationMs: 4,
  action: 'analytics:view',
  route: null,
  cacheStatus: 'none',
  dbQueries: [ 'authEventLedger.upsert' ]
}
startup_event_loop_lag {
  metric: 'startup_event_loop_lag',
  value: 13,
  businessId: null,
  route: 'startup_isolation',
  metadata: null,
  recordedAt: '2026-07-06T15:41:59.140Z'
}
FEATURE_GATE_AWAIT_TRACE {
  event: 'start',
  fileName: 'backend/src/services/security/securityGovernanceOS.service.ts',
  redisOps: 'none',
  functionName: 'assertAuthorizedAccess:authorizeAccess',
  action: 'analytics:view',
  route: null,
  cacheStatus: 'delegated',
  dbQueries: [ 'see nested FEATURE_GATE_AWAIT_TRACE events' ]
}
FEATURE_GATE_AWAIT_TRACE {
  event: 'start',
  fileName: 'backend/src/services/security/securityGovernanceOS.service.ts',
  redisOps: 'none',
  functionName: 'authorizeAccess:assertTenantIsolation',
  action: 'analytics:view',
  route: null,
  cacheStatus: 'none',
  dbQueries: [ 'tenantIsolationLedger.upsert' ]
}
FEATURE_GATE_AWAIT_TRACE {
  event: 'end',
  fileName: 'backend/src/services/security/securityGovernanceOS.service.ts',
  redisOps: 'none',
  functionName: 'authorizeAccess:assertTenantIsolation',
  durationMs: 1,
  action: 'analytics:view',
  route: null,
  cacheStatus: 'none',
  dbQueries: [ 'tenantIsolationLedger.upsert' ]
}
FEATURE_GATE_AWAIT_TRACE {
  event: 'end',
  fileName: 'backend/src/services/security/securityGovernanceOS.service.ts',
  redisOps: 'none',
  functionName: 'assertAuthorizedAccess:authorizeAccess',
  durationMs: 3,
  action: 'analytics:view',
  route: null,
  cacheStatus: 'delegated',
  dbQueries: [ 'see nested FEATURE_GATE_AWAIT_TRACE events' ]
}
FEATURE_GATE_AWAIT_TRACE {
  event: 'start',
  fileName: 'backend/src/services/security/securityGovernanceOS.service.ts',
  redisOps: 'none',
  functionName: 'authorizeAccess:attestInfraIsolation',
  action: 'analytics:view',
  route: null,
  cacheStatus: 'none',
  dbQueries: [ 'isolationAttestationLedger.create' ]
}
FEATURE_GATE_AWAIT_TRACE {
  event: 'start',
  fileName: 'backend/src/services/security/securityGovernanceOS.service.ts',
  redisOps: 'none',
  functionName: 'attestInfraIsolation:isolationAttestationLedger.upsert',
  cacheStatus: 'none',
  dbQueries: [
    'isolationAttestationLedger.upsert(isolation_attest:1369a7b23c477537753aa17e)'
  ],
  attestationKey: 'isolation_attest:1369a7b23c477537753aa17e'
}
FEATURE_GATE_AWAIT_TRACE {
  event: 'start',
  fileName: 'backend/src/services/security/securityGovernanceOS.service.ts',
  redisOps: 'none',
  functionName: 'authorizeAccess:appendAuthEvent:authorized',
  action: 'analytics:view',
  route: null,
  cacheStatus: 'none',
  dbQueries: [ 'authEventLedger.upsert' ]
}
FEATURE_GATE_AWAIT_TRACE {
  event: 'start',
  fileName: 'backend/src/services/security/securityGovernanceOS.service.ts',
  redisOps: 'none',
  functionName: 'appendAuthEvent:authEventLedger.upsert',
  cacheStatus: 'none',
  dbQueries: [ 'authEventLedger.upsert(auth_evt:9eba4c776535706516f67093f1)' ],
  eventKey: 'auth_evt:9eba4c776535706516f67093f1',
  action: 'analytics:view',
  outcome: 'ALLOWED'
}
prisma:error 
Invalid `prisma.dataAccessAuditLedger.upsert()` invocation:


Raw query failed. Code: `unknown`. Message: `Kind: Transactions are not supported by this deployment, labels: {}, source: None`
prisma:error 
Invalid `prisma.isolationAttestationLedger.upsert()` invocation:


Raw query failed. Code: `unknown`. Message: `Kind: Transactions are not supported by this deployment, labels: {}, source: None`
FEATURE_GATE_AWAIT_TRACE {
  event: 'end',
  fileName: 'backend/src/services/security/securityGovernanceOS.service.ts',
  redisOps: 'none',
  functionName: 'attestInfraIsolation:isolationAttestationLedger.upsert',
  durationMs: 4,
  cacheStatus: 'none',
  dbQueries: [
    'isolationAttestationLedger.upsert(isolation_attest:1369a7b23c477537753aa17e)'
  ],
  attestationKey: 'isolation_attest:1369a7b23c477537753aa17e'
}
FEATURE_GATE_AWAIT_TRACE {
  event: 'end',
  fileName: 'backend/src/services/security/securityGovernanceOS.service.ts',
  redisOps: 'none',
  functionName: 'authorizeAccess:attestInfraIsolation',
  durationMs: 5,
  action: 'analytics:view',
  route: null,
  cacheStatus: 'none',
  dbQueries: [ 'isolationAttestationLedger.create' ]
}
prisma:error 
Invalid `prisma.authEventLedger.upsert()` invocation:


Raw query failed. Code: `unknown`. Message: `Kind: Transactions are not supported by this deployment, labels: {}, source: None`
FEATURE_GATE_AWAIT_TRACE {
  event: 'end',
  fileName: 'backend/src/services/security/securityGovernanceOS.service.ts',
  redisOps: 'none',
  functionName: 'appendAuthEvent:authEventLedger.upsert',
  durationMs: 3,
  cacheStatus: 'none',
  dbQueries: [ 'authEventLedger.upsert(auth_evt:9eba4c776535706516f67093f1)' ],
  eventKey: 'auth_evt:9eba4c776535706516f67093f1',
  action: 'analytics:view',
  outcome: 'ALLOWED'
}
FEATURE_GATE_AWAIT_TRACE {
  event: 'end',
  fileName: 'backend/src/services/security/securityGovernanceOS.service.ts',
  redisOps: 'none',
  functionName: 'authorizeAccess:appendAuthEvent:authorized',
  durationMs: 4,
  action: 'analytics:view',
  route: null,
  cacheStatus: 'none',
  dbQueries: [ 'authEventLedger.upsert' ]
}
startup_event_loop_lag {
  metric: 'startup_event_loop_lag',
  value: 15,
  businessId: null,
  route: 'startup_isolation',
  metadata: null,
  recordedAt: '2026-07-06T15:42:00.243Z'
}
FEATURE_GATE_AWAIT_TRACE {
  event: 'start',
  fileName: 'backend/src/services/security/securityGovernanceOS.service.ts',
  redisOps: 'none',
  functionName: 'assertAuthorizedAccess:authorizeAccess',
  action: 'analytics:view',
  route: null,
  cacheStatus: 'delegated',
  dbQueries: [ 'see nested FEATURE_GATE_AWAIT_TRACE events' ]
}
FEATURE_GATE_AWAIT_TRACE {
  event: 'start',
  fileName: 'backend/src/services/security/securityGovernanceOS.service.ts',
  redisOps: 'none',
  functionName: 'authorizeAccess:assertTenantIsolation',
  action: 'analytics:view',
  route: null,
  cacheStatus: 'none',
  dbQueries: [ 'tenantIsolationLedger.upsert' ]
}
FEATURE_GATE_AWAIT_TRACE {
  event: 'end',
  fileName: 'backend/src/services/security/securityGovernanceOS.service.ts',
  redisOps: 'none',
  functionName: 'authorizeAccess:assertTenantIsolation',
  durationMs: 1,
  action: 'analytics:view',
  route: null,
  cacheStatus: 'none',
  dbQueries: [ 'tenantIsolationLedger.upsert' ]
}
FEATURE_GATE_AWAIT_TRACE {
  event: 'end',
  fileName: 'backend/src/services/security/securityGovernanceOS.service.ts',
  redisOps: 'none',
  functionName: 'assertAuthorizedAccess:authorizeAccess',
  durationMs: 2,
  action: 'analytics:view',
  route: null,
  cacheStatus: 'delegated',
  dbQueries: [ 'see nested FEATURE_GATE_AWAIT_TRACE events' ]
}
FEATURE_GATE_AWAIT_TRACE {
  event: 'start',
  fileName: 'backend/src/services/security/securityGovernanceOS.service.ts',
  redisOps: 'none',
  functionName: 'authorizeAccess:attestInfraIsolation',
  action: 'analytics:view',
  route: null,
  cacheStatus: 'none',
  dbQueries: [ 'isolationAttestationLedger.create' ]
}
FEATURE_GATE_AWAIT_TRACE {
  event: 'start',
  fileName: 'backend/src/services/security/securityGovernanceOS.service.ts',
  redisOps: 'none',
  functionName: 'attestInfraIsolation:isolationAttestationLedger.upsert',
  cacheStatus: 'none',
  dbQueries: [
    'isolationAttestationLedger.upsert(isolation_attest:f6306cc16ba0c28425052395)'
  ],
  attestationKey: 'isolation_attest:f6306cc16ba0c28425052395'
}
FEATURE_GATE_AWAIT_TRACE {
  event: 'start',
  fileName: 'backend/src/services/security/securityGovernanceOS.service.ts',
  redisOps: 'none',
  functionName: 'authorizeAccess:appendAuthEvent:authorized',
  action: 'analytics:view',
  route: null,
  cacheStatus: 'none',
  dbQueries: [ 'authEventLedger.upsert' ]
}
FEATURE_GATE_AWAIT_TRACE {
  event: 'start',
  fileName: 'backend/src/services/security/securityGovernanceOS.service.ts',
  redisOps: 'none',
  functionName: 'appendAuthEvent:authEventLedger.upsert',
  cacheStatus: 'none',
  dbQueries: [ 'authEventLedger.upsert(auth_evt:ce817b8846e9a0521b2b24e8be)' ],
  eventKey: 'auth_evt:ce817b8846e9a0521b2b24e8be',
  action: 'analytics:view',
  outcome: 'ALLOWED'
}
prisma:error 
Invalid `prisma.dataAccessAuditLedger.upsert()` invocation:


Raw query failed. Code: `unknown`. Message: `Kind: Transactions are not supported by this deployment, labels: {}, source: None`
prisma:error 
Invalid `prisma.isolationAttestationLedger.upsert()` invocation:


Raw query failed. Code: `unknown`. Message: `Kind: Transactions are not supported by this deployment, labels: {}, source: None`
FEATURE_GATE_AWAIT_TRACE {
  event: 'end',
  fileName: 'backend/src/services/security/securityGovernanceOS.service.ts',
  redisOps: 'none',
  functionName: 'attestInfraIsolation:isolationAttestationLedger.upsert',
  durationMs: 3,
  cacheStatus: 'none',
  dbQueries: [
    'isolationAttestationLedger.upsert(isolation_attest:f6306cc16ba0c28425052395)'
  ],
  attestationKey: 'isolation_attest:f6306cc16ba0c28425052395'
}
FEATURE_GATE_AWAIT_TRACE {
  event: 'end',
  fileName: 'backend/src/services/security/securityGovernanceOS.service.ts',
  redisOps: 'none',
  functionName: 'authorizeAccess:attestInfraIsolation',
  durationMs: 3,
  action: 'analytics:view',
  route: null,
  cacheStatus: 'none',
  dbQueries: [ 'isolationAttestationLedger.create' ]
}
prisma:error 
Invalid `prisma.authEventLedger.upsert()` invocation:


Raw query failed. Code: `unknown`. Message: `Kind: Transactions are not supported by this deployment, labels: {}, source: None`
FEATURE_GATE_AWAIT_TRACE {
  event: 'end',
  fileName: 'backend/src/services/security/securityGovernanceOS.service.ts',
  redisOps: 'none',
  functionName: 'appendAuthEvent:authEventLedger.upsert',
  durationMs: 3,
  cacheStatus: 'none',
  dbQueries: [ 'authEventLedger.upsert(auth_evt:ce817b8846e9a0521b2b24e8be)' ],
  eventKey: 'auth_evt:ce817b8846e9a0521b2b24e8be',
  action: 'analytics:view',
  outcome: 'ALLOWED'
}
FEATURE_GATE_AWAIT_TRACE {
  event: 'end',
  fileName: 'backend/src/services/security/securityGovernanceOS.service.ts',
  redisOps: 'none',
  functionName: 'authorizeAccess:appendAuthEvent:authorized',
  durationMs: 3,
  action: 'analytics:view',
  route: null,
  cacheStatus: 'none',
  dbQueries: [ 'authEventLedger.upsert' ]
}
startup_event_loop_lag {
  metric: 'startup_event_loop_lag',
  value: 1,
  businessId: null,
  route: 'startup_isolation',
  metadata: null,
  recordedAt: '2026-07-06T15:42:01.330Z'
}
FEATURE_GATE_AWAIT_TRACE {
  event: 'start',
  fileName: 'backend/src/services/security/securityGovernanceOS.service.ts',
  redisOps: 'none',
  functionName: 'assertAuthorizedAccess:authorizeAccess',
  action: 'analytics:view',
  route: null,
  cacheStatus: 'delegated',
  dbQueries: [ 'see nested FEATURE_GATE_AWAIT_TRACE events' ]
}
FEATURE_GATE_AWAIT_TRACE {
  event: 'start',
  fileName: 'backend/src/services/security/securityGovernanceOS.service.ts',
  redisOps: 'none',
  functionName: 'authorizeAccess:assertTenantIsolation',
  action: 'analytics:view',
  route: null,
  cacheStatus: 'none',
  dbQueries: [ 'tenantIsolationLedger.upsert' ]
}
FEATURE_GATE_AWAIT_TRACE {
  event: 'end',
  fileName: 'backend/src/services/security/securityGovernanceOS.service.ts',
  redisOps: 'none',
  functionName: 'authorizeAccess:assertTenantIsolation',
  durationMs: 0,
  action: 'analytics:view',
  route: null,
  cacheStatus: 'none',
  dbQueries: [ 'tenantIsolationLedger.upsert' ]
}
FEATURE_GATE_AWAIT_TRACE {
  event: 'end',
  fileName: 'backend/src/services/security/securityGovernanceOS.service.ts',
  redisOps: 'none',
  functionName: 'assertAuthorizedAccess:authorizeAccess',
  durationMs: 2,
  action: 'analytics:view',
  route: null,
  cacheStatus: 'delegated',
  dbQueries: [ 'see nested FEATURE_GATE_AWAIT_TRACE events' ]
}
FEATURE_GATE_AWAIT_TRACE {
  event: 'start',
  fileName: 'backend/src/services/security/securityGovernanceOS.service.ts',
  redisOps: 'none',
  functionName: 'authorizeAccess:attestInfraIsolation',
  action: 'analytics:view',
  route: null,
  cacheStatus: 'none',
  dbQueries: [ 'isolationAttestationLedger.create' ]
}
FEATURE_GATE_AWAIT_TRACE {
  event: 'start',
  fileName: 'backend/src/services/security/securityGovernanceOS.service.ts',
  redisOps: 'none',
  functionName: 'attestInfraIsolation:isolationAttestationLedger.upsert',
  cacheStatus: 'none',
  dbQueries: [
    'isolationAttestationLedger.upsert(isolation_attest:cbf4b4e928e6f4d5443b4d94)'
  ],
  attestationKey: 'isolation_attest:cbf4b4e928e6f4d5443b4d94'
}
FEATURE_GATE_AWAIT_TRACE {
  event: 'start',
  fileName: 'backend/src/services/security/securityGovernanceOS.service.ts',
  redisOps: 'none',
  functionName: 'authorizeAccess:appendAuthEvent:authorized',
  action: 'analytics:view',
  route: null,
  cacheStatus: 'none',
  dbQueries: [ 'authEventLedger.upsert' ]
}
FEATURE_GATE_AWAIT_TRACE {
  event: 'start',
  fileName: 'backend/src/services/security/securityGovernanceOS.service.ts',
  redisOps: 'none',
  functionName: 'appendAuthEvent:authEventLedger.upsert',
  cacheStatus: 'none',
  dbQueries: [ 'authEventLedger.upsert(auth_evt:76840328df49a7f984c6fe5645)' ],
  eventKey: 'auth_evt:76840328df49a7f984c6fe5645',
  action: 'analytics:view',
  outcome: 'ALLOWED'
}
prisma:error 
Invalid `prisma.dataAccessAuditLedger.upsert()` invocation:


Raw query failed. Code: `unknown`. Message: `Kind: Transactions are not supported by this deployment, labels: {}, source: None`
prisma:error 
Invalid `prisma.isolationAttestationLedger.upsert()` invocation:


Raw query failed. Code: `unknown`. Message: `Kind: Transactions are not supported by this deployment, labels: {}, source: None`
FEATURE_GATE_AWAIT_TRACE {
  event: 'end',
  fileName: 'backend/src/services/security/securityGovernanceOS.service.ts',
  redisOps: 'none',
  functionName: 'attestInfraIsolation:isolationAttestationLedger.upsert',
  durationMs: 2,
  cacheStatus: 'none',
  dbQueries: [
    'isolationAttestationLedger.upsert(isolation_attest:cbf4b4e928e6f4d5443b4d94)'
  ],
  attestationKey: 'isolation_attest:cbf4b4e928e6f4d5443b4d94'
}
FEATURE_GATE_AWAIT_TRACE {
  event: 'end',
  fileName: 'backend/src/services/security/securityGovernanceOS.service.ts',
  redisOps: 'none',
  functionName: 'authorizeAccess:attestInfraIsolation',
  durationMs: 4,
  action: 'analytics:view',
  route: null,
  cacheStatus: 'none',
  dbQueries: [ 'isolationAttestationLedger.create' ]
}
prisma:error 
Invalid `prisma.authEventLedger.upsert()` invocation:


Raw query failed. Code: `unknown`. Message: `Kind: Transactions are not supported by this deployment, labels: {}, source: None`
FEATURE_GATE_AWAIT_TRACE {
  event: 'end',
  fileName: 'backend/src/services/security/securityGovernanceOS.service.ts',
  redisOps: 'none',
  functionName: 'appendAuthEvent:authEventLedger.upsert',
  durationMs: 2,
  cacheStatus: 'none',
  dbQueries: [ 'authEventLedger.upsert(auth_evt:76840328df49a7f984c6fe5645)' ],
  eventKey: 'auth_evt:76840328df49a7f984c6fe5645',
  action: 'analytics:view',
  outcome: 'ALLOWED'
}
FEATURE_GATE_AWAIT_TRACE {
  event: 'end',
  fileName: 'backend/src/services/security/securityGovernanceOS.service.ts',
  redisOps: 'none',
  functionName: 'authorizeAccess:appendAuthEvent:authorized',
  durationMs: 3,
  action: 'analytics:view',
  route: null,
  cacheStatus: 'none',
  dbQueries: [ 'authEventLedger.upsert' ]
}
startup_event_loop_lag {
  metric: 'startup_event_loop_lag',
  value: 0,
  businessId: null,
  route: 'startup_isolation',
  metadata: null,
  recordedAt: '2026-07-06T15:42:02.397Z'
}
FEATURE_GATE_AWAIT_TRACE {
  event: 'start',
  fileName: 'backend/src/services/security/securityGovernanceOS.service.ts',
  redisOps: 'none',
  functionName: 'assertAuthorizedAccess:authorizeAccess',
  action: 'analytics:view',
  route: null,
  cacheStatus: 'delegated',
  dbQueries: [ 'see nested FEATURE_GATE_AWAIT_TRACE events' ]
}
FEATURE_GATE_AWAIT_TRACE {
  event: 'start',
  fileName: 'backend/src/services/security/securityGovernanceOS.service.ts',
  redisOps: 'none',
  functionName: 'authorizeAccess:assertTenantIsolation',
  action: 'analytics:view',
  route: null,
  cacheStatus: 'none',
  dbQueries: [ 'tenantIsolationLedger.upsert' ]
}
FEATURE_GATE_AWAIT_TRACE {
  event: 'end',
  fileName: 'backend/src/services/security/securityGovernanceOS.service.ts',
  redisOps: 'none',
  functionName: 'authorizeAccess:assertTenantIsolation',
  durationMs: 1,
  action: 'analytics:view',
  route: null,
  cacheStatus: 'none',
  dbQueries: [ 'tenantIsolationLedger.upsert' ]
}
FEATURE_GATE_AWAIT_TRACE {
  event: 'end',
  fileName: 'backend/src/services/security/securityGovernanceOS.service.ts',
  redisOps: 'none',
  functionName: 'assertAuthorizedAccess:authorizeAccess',
  durationMs: 2,
  action: 'analytics:view',
  route: null,
  cacheStatus: 'delegated',
  dbQueries: [ 'see nested FEATURE_GATE_AWAIT_TRACE events' ]
}
FEATURE_GATE_AWAIT_TRACE {
  event: 'start',
  fileName: 'backend/src/services/security/securityGovernanceOS.service.ts',
  redisOps: 'none',
  functionName: 'authorizeAccess:attestInfraIsolation',
  action: 'analytics:view',
  route: null,
  cacheStatus: 'none',
  dbQueries: [ 'isolationAttestationLedger.create' ]
}
FEATURE_GATE_AWAIT_TRACE {
  event: 'start',
  fileName: 'backend/src/services/security/securityGovernanceOS.service.ts',
  redisOps: 'none',
  functionName: 'attestInfraIsolation:isolationAttestationLedger.upsert',
  cacheStatus: 'none',
  dbQueries: [
    'isolationAttestationLedger.upsert(isolation_attest:d9a1d965fe5eb708aa715ebf)'
  ],
  attestationKey: 'isolation_attest:d9a1d965fe5eb708aa715ebf'
}
FEATURE_GATE_AWAIT_TRACE {
  event: 'start',
  fileName: 'backend/src/services/security/securityGovernanceOS.service.ts',
  redisOps: 'none',
  functionName: 'authorizeAccess:appendAuthEvent:authorized',
  action: 'analytics:view',
  route: null,
  cacheStatus: 'none',
  dbQueries: [ 'authEventLedger.upsert' ]
}
FEATURE_GATE_AWAIT_TRACE {
  event: 'start',
  fileName: 'backend/src/services/security/securityGovernanceOS.service.ts',
  redisOps: 'none',
  functionName: 'appendAuthEvent:authEventLedger.upsert',
  cacheStatus: 'none',
  dbQueries: [ 'authEventLedger.upsert(auth_evt:f08412568ff61a4485165e4239)' ],
  eventKey: 'auth_evt:f08412568ff61a4485165e4239',
  action: 'analytics:view',
  outcome: 'ALLOWED'
}
prisma:error 
Invalid `prisma.dataAccessAuditLedger.upsert()` invocation:


Raw query failed. Code: `unknown`. Message: `Kind: Transactions are not supported by this deployment, labels: {}, source: None`
prisma:error 
Invalid `prisma.isolationAttestationLedger.upsert()` invocation:


Raw query failed. Code: `unknown`. Message: `Kind: Transactions are not supported by this deployment, labels: {}, source: None`
FEATURE_GATE_AWAIT_TRACE {
  event: 'end',
  fileName: 'backend/src/services/security/securityGovernanceOS.service.ts',
  redisOps: 'none',
  functionName: 'attestInfraIsolation:isolationAttestationLedger.upsert',
  durationMs: 3,
  cacheStatus: 'none',
  dbQueries: [
    'isolationAttestationLedger.upsert(isolation_attest:d9a1d965fe5eb708aa715ebf)'
  ],
  attestationKey: 'isolation_attest:d9a1d965fe5eb708aa715ebf'
}
FEATURE_GATE_AWAIT_TRACE {
  event: 'end',
  fileName: 'backend/src/services/security/securityGovernanceOS.service.ts',
  redisOps: 'none',
  functionName: 'authorizeAccess:attestInfraIsolation',
  durationMs: 3,
  action: 'analytics:view',
  route: null,
  cacheStatus: 'none',
  dbQueries: [ 'isolationAttestationLedger.create' ]
}
prisma:error 
Invalid `prisma.authEventLedger.upsert()` invocation:


Raw query failed. Code: `unknown`. Message: `Kind: Transactions are not supported by this deployment, labels: {}, source: None`
FEATURE_GATE_AWAIT_TRACE {
  event: 'end',
  fileName: 'backend/src/services/security/securityGovernanceOS.service.ts',
  redisOps: 'none',
  functionName: 'appendAuthEvent:authEventLedger.upsert',
  durationMs: 6,
  cacheStatus: 'none',
  dbQueries: [ 'authEventLedger.upsert(auth_evt:f08412568ff61a4485165e4239)' ],
  eventKey: 'auth_evt:f08412568ff61a4485165e4239',
  action: 'analytics:view',
  outcome: 'ALLOWED'
}
FEATURE_GATE_AWAIT_TRACE {
  event: 'end',
  fileName: 'backend/src/services/security/securityGovernanceOS.service.ts',
  redisOps: 'none',
  functionName: 'authorizeAccess:appendAuthEvent:authorized',
  durationMs: 6,
  action: 'analytics:view',
  route: null,
  cacheStatus: 'none',
  dbQueries: [ 'authEventLedger.upsert' ]
}
startup_event_loop_lag {
  metric: 'startup_event_loop_lag',
  value: 6,
  businessId: null,
  route: 'startup_isolation',
  metadata: null,
  recordedAt: '2026-07-06T15:42:03.482Z'
}
FEATURE_GATE_AWAIT_TRACE {
  event: 'start',
  fileName: 'backend/src/services/security/securityGovernanceOS.service.ts',
  redisOps: 'none',
  functionName: 'assertAuthorizedAccess:authorizeAccess',
  action: 'analytics:view',
  route: null,
  cacheStatus: 'delegated',
  dbQueries: [ 'see nested FEATURE_GATE_AWAIT_TRACE events' ]
}
FEATURE_GATE_AWAIT_TRACE {
  event: 'start',
  fileName: 'backend/src/services/security/securityGovernanceOS.service.ts',
  redisOps: 'none',
  functionName: 'authorizeAccess:assertTenantIsolation',
  action: 'analytics:view',
  route: null,
  cacheStatus: 'none',
  dbQueries: [ 'tenantIsolationLedger.upsert' ]
}
FEATURE_GATE_AWAIT_TRACE {
  event: 'end',
  fileName: 'backend/src/services/security/securityGovernanceOS.service.ts',
  redisOps: 'none',
  functionName: 'authorizeAccess:assertTenantIsolation',
  durationMs: 1,
  action: 'analytics:view',
  route: null,
  cacheStatus: 'none',
  dbQueries: [ 'tenantIsolationLedger.upsert' ]
}
FEATURE_GATE_AWAIT_TRACE {
  event: 'end',
  fileName: 'backend/src/services/security/securityGovernanceOS.service.ts',
  redisOps: 'none',
  functionName: 'assertAuthorizedAccess:authorizeAccess',
  durationMs: 2,
  action: 'analytics:view',
  route: null,
  cacheStatus: 'delegated',
  dbQueries: [ 'see nested FEATURE_GATE_AWAIT_TRACE events' ]
}
FEATURE_GATE_AWAIT_TRACE {
  event: 'start',
  fileName: 'backend/src/services/security/securityGovernanceOS.service.ts',
  redisOps: 'none',
  functionName: 'authorizeAccess:attestInfraIsolation',
  action: 'analytics:view',
  route: null,
  cacheStatus: 'none',
  dbQueries: [ 'isolationAttestationLedger.create' ]
}
FEATURE_GATE_AWAIT_TRACE {
  event: 'start',
  fileName: 'backend/src/services/security/securityGovernanceOS.service.ts',
  redisOps: 'none',
  functionName: 'attestInfraIsolation:isolationAttestationLedger.upsert',
  cacheStatus: 'none',
  dbQueries: [
    'isolationAttestationLedger.upsert(isolation_attest:16e6cc16a0f4514e3148611d)'
  ],
  attestationKey: 'isolation_attest:16e6cc16a0f4514e3148611d'
}
FEATURE_GATE_AWAIT_TRACE {
  event: 'start',
  fileName: 'backend/src/services/security/securityGovernanceOS.service.ts',
  redisOps: 'none',
  functionName: 'authorizeAccess:appendAuthEvent:authorized',
  action: 'analytics:view',
  route: null,
  cacheStatus: 'none',
  dbQueries: [ 'authEventLedger.upsert' ]
}
FEATURE_GATE_AWAIT_TRACE {
  event: 'start',
  fileName: 'backend/src/services/security/securityGovernanceOS.service.ts',
  redisOps: 'none',
  functionName: 'appendAuthEvent:authEventLedger.upsert',
  cacheStatus: 'none',
  dbQueries: [ 'authEventLedger.upsert(auth_evt:8f7829db15d5346a342f763c3f)' ],
  eventKey: 'auth_evt:8f7829db15d5346a342f763c3f',
  action: 'analytics:view',
  outcome: 'ALLOWED'
}
prisma:error 
Invalid `prisma.dataAccessAuditLedger.upsert()` invocation:


Raw query failed. Code: `unknown`. Message: `Kind: Transactions are not supported by this deployment, labels: {}, source: None`
prisma:error 
Invalid `prisma.isolationAttestationLedger.upsert()` invocation:


Raw query failed. Code: `unknown`. Message: `Kind: Transactions are not supported by this deployment, labels: {}, source: None`
FEATURE_GATE_AWAIT_TRACE {
  event: 'end',
  fileName: 'backend/src/services/security/securityGovernanceOS.service.ts',
  redisOps: 'none',
  functionName: 'attestInfraIsolation:isolationAttestationLedger.upsert',
  durationMs: 3,
  cacheStatus: 'none',
  dbQueries: [
    'isolationAttestationLedger.upsert(isolation_attest:16e6cc16a0f4514e3148611d)'
  ],
  attestationKey: 'isolation_attest:16e6cc16a0f4514e3148611d'
}
FEATURE_GATE_AWAIT_TRACE {
  event: 'end',
  fileName: 'backend/src/services/security/securityGovernanceOS.service.ts',
  redisOps: 'none',
  functionName: 'authorizeAccess:attestInfraIsolation',
  durationMs: 3,
  action: 'analytics:view',
  route: null,
  cacheStatus: 'none',
  dbQueries: [ 'isolationAttestationLedger.create' ]
}
prisma:error 
Invalid `prisma.authEventLedger.upsert()` invocation:


Raw query failed. Code: `unknown`. Message: `Kind: Transactions are not supported by this deployment, labels: {}, source: None`
FEATURE_GATE_AWAIT_TRACE {
  event: 'end',
  fileName: 'backend/src/services/security/securityGovernanceOS.service.ts',
  redisOps: 'none',
  functionName: 'appendAuthEvent:authEventLedger.upsert',
  durationMs: 2,
  cacheStatus: 'none',
  dbQueries: [ 'authEventLedger.upsert(auth_evt:8f7829db15d5346a342f763c3f)' ],
  eventKey: 'auth_evt:8f7829db15d5346a342f763c3f',
  action: 'analytics:view',
  outcome: 'ALLOWED'
}
FEATURE_GATE_AWAIT_TRACE {
  event: 'end',
  fileName: 'backend/src/services/security/securityGovernanceOS.service.ts',
  redisOps: 'none',
  functionName: 'authorizeAccess:appendAuthEvent:authorized',
  durationMs: 3,
  action: 'analytics:view',
  route: null,
  cacheStatus: 'none',
  dbQueries: [ 'authEventLedger.upsert' ]
}
startup_event_loop_lag {
  metric: 'startup_event_loop_lag',
  value: 15,
  businessId: null,
  route: 'startup_isolation',
  metadata: null,
  recordedAt: '2026-07-06T15:42:04.566Z'
}
FEATURE_GATE_AWAIT_TRACE {
  event: 'start',
  fileName: 'backend/src/services/security/securityGovernanceOS.service.ts',
  redisOps: 'none',
  functionName: 'assertAuthorizedAccess:authorizeAccess',
  action: 'analytics:view',
  route: null,
  cacheStatus: 'delegated',
  dbQueries: [ 'see nested FEATURE_GATE_AWAIT_TRACE events' ]
}
FEATURE_GATE_AWAIT_TRACE {
  event: 'start',
  fileName: 'backend/src/services/security/securityGovernanceOS.service.ts',
  redisOps: 'none',
  functionName: 'authorizeAccess:assertTenantIsolation',
  action: 'analytics:view',
  route: null,
  cacheStatus: 'none',
  dbQueries: [ 'tenantIsolationLedger.upsert' ]
}
FEATURE_GATE_AWAIT_TRACE {
  event: 'end',
  fileName: 'backend/src/services/security/securityGovernanceOS.service.ts',
  redisOps: 'none',
  functionName: 'authorizeAccess:assertTenantIsolation',
  durationMs: 0,
  action: 'analytics:view',
  route: null,
  cacheStatus: 'none',
  dbQueries: [ 'tenantIsolationLedger.upsert' ]
}
FEATURE_GATE_AWAIT_TRACE {
  event: 'end',
  fileName: 'backend/src/services/security/securityGovernanceOS.service.ts',
  redisOps: 'none',
  functionName: 'assertAuthorizedAccess:authorizeAccess',
  durationMs: 2,
  action: 'analytics:view',
  route: null,
  cacheStatus: 'delegated',
  dbQueries: [ 'see nested FEATURE_GATE_AWAIT_TRACE events' ]
}
FEATURE_GATE_AWAIT_TRACE {
  event: 'start',
  fileName: 'backend/src/services/security/securityGovernanceOS.service.ts',
  redisOps: 'none',
  functionName: 'authorizeAccess:attestInfraIsolation',
  action: 'analytics:view',
  route: null,
  cacheStatus: 'none',
  dbQueries: [ 'isolationAttestationLedger.create' ]
}
FEATURE_GATE_AWAIT_TRACE {
  event: 'start',
  fileName: 'backend/src/services/security/securityGovernanceOS.service.ts',
  redisOps: 'none',
  functionName: 'attestInfraIsolation:isolationAttestationLedger.upsert',
  cacheStatus: 'none',
  dbQueries: [
    'isolationAttestationLedger.upsert(isolation_attest:872f2172bc456a1e61db77e1)'
  ],
  attestationKey: 'isolation_attest:872f2172bc456a1e61db77e1'
}
FEATURE_GATE_AWAIT_TRACE {
  event: 'start',
  fileName: 'backend/src/services/security/securityGovernanceOS.service.ts',
  redisOps: 'none',
  functionName: 'authorizeAccess:appendAuthEvent:authorized',
  action: 'analytics:view',
  route: null,
  cacheStatus: 'none',
  dbQueries: [ 'authEventLedger.upsert' ]
}
FEATURE_GATE_AWAIT_TRACE {
  event: 'start',
  fileName: 'backend/src/services/security/securityGovernanceOS.service.ts',
  redisOps: 'none',
  functionName: 'appendAuthEvent:authEventLedger.upsert',
  cacheStatus: 'none',
  dbQueries: [ 'authEventLedger.upsert(auth_evt:3f25ed609ca7ca1d406ae8dc0f)' ],
  eventKey: 'auth_evt:3f25ed609ca7ca1d406ae8dc0f',
  action: 'analytics:view',
  outcome: 'ALLOWED'
}
prisma:error 
Invalid `prisma.dataAccessAuditLedger.upsert()` invocation:


Raw query failed. Code: `unknown`. Message: `Kind: Transactions are not supported by this deployment, labels: {}, source: None`
prisma:error 
Invalid `prisma.isolationAttestationLedger.upsert()` invocation:


Raw query failed. Code: `unknown`. Message: `Kind: Transactions are not supported by this deployment, labels: {}, source: None`
FEATURE_GATE_AWAIT_TRACE {
  event: 'end',
  fileName: 'backend/src/services/security/securityGovernanceOS.service.ts',
  redisOps: 'none',
  functionName: 'attestInfraIsolation:isolationAttestationLedger.upsert',
  durationMs: 3,
  cacheStatus: 'none',
  dbQueries: [
    'isolationAttestationLedger.upsert(isolation_attest:872f2172bc456a1e61db77e1)'
  ],
  attestationKey: 'isolation_attest:872f2172bc456a1e61db77e1'
}
FEATURE_GATE_AWAIT_TRACE {
  event: 'end',
  fileName: 'backend/src/services/security/securityGovernanceOS.service.ts',
  redisOps: 'none',
  functionName: 'authorizeAccess:attestInfraIsolation',
  durationMs: 3,
  action: 'analytics:view',
  route: null,
  cacheStatus: 'none',
  dbQueries: [ 'isolationAttestationLedger.create' ]
}
prisma:error 
Invalid `prisma.authEventLedger.upsert()` invocation:


Raw query failed. Code: `unknown`. Message: `Kind: Transactions are not supported by this deployment, labels: {}, source: None`
FEATURE_GATE_AWAIT_TRACE {
  event: 'end',
  fileName: 'backend/src/services/security/securityGovernanceOS.service.ts',
  redisOps: 'none',
  functionName: 'appendAuthEvent:authEventLedger.upsert',
  durationMs: 3,
  cacheStatus: 'none',
  dbQueries: [ 'authEventLedger.upsert(auth_evt:3f25ed609ca7ca1d406ae8dc0f)' ],
  eventKey: 'auth_evt:3f25ed609ca7ca1d406ae8dc0f',
  action: 'analytics:view',
  outcome: 'ALLOWED'
}
FEATURE_GATE_AWAIT_TRACE {
  event: 'end',
  fileName: 'backend/src/services/security/securityGovernanceOS.service.ts',
  redisOps: 'none',
  functionName: 'authorizeAccess:appendAuthEvent:authorized',
  durationMs: 3,
  action: 'analytics:view',
  route: null,
  cacheStatus: 'none',
  dbQueries: [ 'authEventLedger.upsert' ]
}
startup_event_loop_lag {
  metric: 'startup_event_loop_lag',
  value: 13,
  businessId: null,
  route: 'startup_isolation',
  metadata: null,
  recordedAt: '2026-07-06T15:42:05.642Z'
}
FEATURE_GATE_AWAIT_TRACE {
  event: 'start',
  fileName: 'backend/src/services/security/securityGovernanceOS.service.ts',
  redisOps: 'none',
  functionName: 'assertAuthorizedAccess:authorizeAccess',
  action: 'analytics:view',
  route: null,
  cacheStatus: 'delegated',
  dbQueries: [ 'see nested FEATURE_GATE_AWAIT_TRACE events' ]
}
FEATURE_GATE_AWAIT_TRACE {
  event: 'start',
  fileName: 'backend/src/services/security/securityGovernanceOS.service.ts',
  redisOps: 'none',
  functionName: 'authorizeAccess:assertTenantIsolation',
  action: 'analytics:view',
  route: null,
  cacheStatus: 'none',
  dbQueries: [ 'tenantIsolationLedger.upsert' ]
}
FEATURE_GATE_AWAIT_TRACE {
  event: 'end',
  fileName: 'backend/src/services/security/securityGovernanceOS.service.ts',
  redisOps: 'none',
  functionName: 'authorizeAccess:assertTenantIsolation',
  durationMs: 1,
  action: 'analytics:view',
  route: null,
  cacheStatus: 'none',
  dbQueries: [ 'tenantIsolationLedger.upsert' ]
}
FEATURE_GATE_AWAIT_TRACE {
  event: 'end',
  fileName: 'backend/src/services/security/securityGovernanceOS.service.ts',
  redisOps: 'none',
  functionName: 'assertAuthorizedAccess:authorizeAccess',
  durationMs: 2,
  action: 'analytics:view',
  route: null,
  cacheStatus: 'delegated',
  dbQueries: [ 'see nested FEATURE_GATE_AWAIT_TRACE events' ]
}
FEATURE_GATE_AWAIT_TRACE {
  event: 'start',
  fileName: 'backend/src/services/security/securityGovernanceOS.service.ts',
  redisOps: 'none',
  functionName: 'authorizeAccess:attestInfraIsolation',
  action: 'analytics:view',
  route: null,
  cacheStatus: 'none',
  dbQueries: [ 'isolationAttestationLedger.create' ]
}
FEATURE_GATE_AWAIT_TRACE {
  event: 'start',
  fileName: 'backend/src/services/security/securityGovernanceOS.service.ts',
  redisOps: 'none',
  functionName: 'attestInfraIsolation:isolationAttestationLedger.upsert',
  cacheStatus: 'none',
  dbQueries: [
    'isolationAttestationLedger.upsert(isolation_attest:d660f3d2a540112deee5e73e)'
  ],
  attestationKey: 'isolation_attest:d660f3d2a540112deee5e73e'
}
FEATURE_GATE_AWAIT_TRACE {
  event: 'start',
  fileName: 'backend/src/services/security/securityGovernanceOS.service.ts',
  redisOps: 'none',
  functionName: 'authorizeAccess:appendAuthEvent:authorized',
  action: 'analytics:view',
  route: null,
  cacheStatus: 'none',
  dbQueries: [ 'authEventLedger.upsert' ]
}
FEATURE_GATE_AWAIT_TRACE {
  event: 'start',
  fileName: 'backend/src/services/security/securityGovernanceOS.service.ts',
  redisOps: 'none',
  functionName: 'appendAuthEvent:authEventLedger.upsert',
  cacheStatus: 'none',
  dbQueries: [ 'authEventLedger.upsert(auth_evt:fe1f3ed155b71ab09e6b2607f1)' ],
  eventKey: 'auth_evt:fe1f3ed155b71ab09e6b2607f1',
  action: 'analytics:view',
  outcome: 'ALLOWED'
}
prisma:error 
Invalid `prisma.dataAccessAuditLedger.upsert()` invocation:


Raw query failed. Code: `unknown`. Message: `Kind: Transactions are not supported by this deployment, labels: {}, source: None`
prisma:error 
Invalid `prisma.isolationAttestationLedger.upsert()` invocation:


Raw query failed. Code: `unknown`. Message: `Kind: Transactions are not supported by this deployment, labels: {}, source: None`
FEATURE_GATE_AWAIT_TRACE {
  event: 'end',
  fileName: 'backend/src/services/security/securityGovernanceOS.service.ts',
  redisOps: 'none',
  functionName: 'attestInfraIsolation:isolationAttestationLedger.upsert',
  durationMs: 4,
  cacheStatus: 'none',
  dbQueries: [
    'isolationAttestationLedger.upsert(isolation_attest:d660f3d2a540112deee5e73e)'
  ],
  attestationKey: 'isolation_attest:d660f3d2a540112deee5e73e'
}
FEATURE_GATE_AWAIT_TRACE {
  event: 'end',
  fileName: 'backend/src/services/security/securityGovernanceOS.service.ts',
  redisOps: 'none',
  functionName: 'authorizeAccess:attestInfraIsolation',
  durationMs: 4,
  action: 'analytics:view',
  route: null,
  cacheStatus: 'none',
  dbQueries: [ 'isolationAttestationLedger.create' ]
}
prisma:error 
Invalid `prisma.authEventLedger.upsert()` invocation:


Raw query failed. Code: `unknown`. Message: `Kind: Transactions are not supported by this deployment, labels: {}, source: None`
FEATURE_GATE_AWAIT_TRACE {
  event: 'end',
  fileName: 'backend/src/services/security/securityGovernanceOS.service.ts',
  redisOps: 'none',
  functionName: 'appendAuthEvent:authEventLedger.upsert',
  durationMs: 3,
  cacheStatus: 'none',
  dbQueries: [ 'authEventLedger.upsert(auth_evt:fe1f3ed155b71ab09e6b2607f1)' ],
  eventKey: 'auth_evt:fe1f3ed155b71ab09e6b2607f1',
  action: 'analytics:view',
  outcome: 'ALLOWED'
}
FEATURE_GATE_AWAIT_TRACE {
  event: 'end',
  fileName: 'backend/src/services/security/securityGovernanceOS.service.ts',
  redisOps: 'none',
  functionName: 'authorizeAccess:appendAuthEvent:authorized',
  durationMs: 4,
  action: 'analytics:view',
  route: null,
  cacheStatus: 'none',
  dbQueries: [ 'authEventLedger.upsert' ]
}
startup_event_loop_lag {
  metric: 'startup_event_loop_lag',
  value: 0,
  businessId: null,
  route: 'startup_isolation',
  metadata: null,
  recordedAt: '2026-07-06T15:42:06.718Z'
}
FEATURE_GATE_AWAIT_TRACE {
  event: 'start',
  fileName: 'backend/src/services/security/securityGovernanceOS.service.ts',
  redisOps: 'none',
  functionName: 'assertAuthorizedAccess:authorizeAccess',
  action: 'analytics:view',
  route: null,
  cacheStatus: 'delegated',
  dbQueries: [ 'see nested FEATURE_GATE_AWAIT_TRACE events' ]
}
FEATURE_GATE_AWAIT_TRACE {
  event: 'start',
  fileName: 'backend/src/services/security/securityGovernanceOS.service.ts',
  redisOps: 'none',
  functionName: 'authorizeAccess:assertTenantIsolation',
  action: 'analytics:view',
  route: null,
  cacheStatus: 'none',
  dbQueries: [ 'tenantIsolationLedger.upsert' ]
}
FEATURE_GATE_AWAIT_TRACE {
  event: 'end',
  fileName: 'backend/src/services/security/securityGovernanceOS.service.ts',
  redisOps: 'none',
  functionName: 'authorizeAccess:assertTenantIsolation',
  durationMs: 1,
  action: 'analytics:view',
  route: null,
  cacheStatus: 'none',
  dbQueries: [ 'tenantIsolationLedger.upsert' ]
}
FEATURE_GATE_AWAIT_TRACE {
  event: 'end',
  fileName: 'backend/src/services/security/securityGovernanceOS.service.ts',
  redisOps: 'none',
  functionName: 'assertAuthorizedAccess:authorizeAccess',
  durationMs: 3,
  action: 'analytics:view',
  route: null,
  cacheStatus: 'delegated',
  dbQueries: [ 'see nested FEATURE_GATE_AWAIT_TRACE events' ]
}
FEATURE_GATE_AWAIT_TRACE {
  event: 'start',
  fileName: 'backend/src/services/security/securityGovernanceOS.service.ts',
  redisOps: 'none',
  functionName: 'authorizeAccess:attestInfraIsolation',
  action: 'analytics:view',
  route: null,
  cacheStatus: 'none',
  dbQueries: [ 'isolationAttestationLedger.create' ]
}
FEATURE_GATE_AWAIT_TRACE {
  event: 'start',
  fileName: 'backend/src/services/security/securityGovernanceOS.service.ts',
  redisOps: 'none',
  functionName: 'attestInfraIsolation:isolationAttestationLedger.upsert',
  cacheStatus: 'none',
  dbQueries: [
    'isolationAttestationLedger.upsert(isolation_attest:c260b8776779bf5a46542bc6)'
  ],
  attestationKey: 'isolation_attest:c260b8776779bf5a46542bc6'
}
FEATURE_GATE_AWAIT_TRACE {
  event: 'start',
  fileName: 'backend/src/services/security/securityGovernanceOS.service.ts',
  redisOps: 'none',
  functionName: 'authorizeAccess:appendAuthEvent:authorized',
  action: 'analytics:view',
  route: null,
  cacheStatus: 'none',
  dbQueries: [ 'authEventLedger.upsert' ]
}
FEATURE_GATE_AWAIT_TRACE {
  event: 'start',
  fileName: 'backend/src/services/security/securityGovernanceOS.service.ts',
  redisOps: 'none',
  functionName: 'appendAuthEvent:authEventLedger.upsert',
  cacheStatus: 'none',
  dbQueries: [ 'authEventLedger.upsert(auth_evt:e6b29ba9918902a630d21d1a85)' ],
  eventKey: 'auth_evt:e6b29ba9918902a630d21d1a85',
  action: 'analytics:view',
  outcome: 'ALLOWED'
}
prisma:error 
Invalid `prisma.dataAccessAuditLedger.upsert()` invocation:


Raw query failed. Code: `unknown`. Message: `Kind: Transactions are not supported by this deployment, labels: {}, source: None`
prisma:error 
Invalid `prisma.isolationAttestationLedger.upsert()` invocation:


Raw query failed. Code: `unknown`. Message: `Kind: Transactions are not supported by this deployment, labels: {}, source: None`
FEATURE_GATE_AWAIT_TRACE {
  event: 'end',
  fileName: 'backend/src/services/security/securityGovernanceOS.service.ts',
  redisOps: 'none',
  functionName: 'attestInfraIsolation:isolationAttestationLedger.upsert',
  durationMs: 4,
  cacheStatus: 'none',
  dbQueries: [
    'isolationAttestationLedger.upsert(isolation_attest:c260b8776779bf5a46542bc6)'
  ],
  attestationKey: 'isolation_attest:c260b8776779bf5a46542bc6'
}
FEATURE_GATE_AWAIT_TRACE {
  event: 'end',
  fileName: 'backend/src/services/security/securityGovernanceOS.service.ts',
  redisOps: 'none',
  functionName: 'authorizeAccess:attestInfraIsolation',
  durationMs: 5,
  action: 'analytics:view',
  route: null,
  cacheStatus: 'none',
  dbQueries: [ 'isolationAttestationLedger.create' ]
}
prisma:error 
Invalid `prisma.authEventLedger.upsert()` invocation:


Raw query failed. Code: `unknown`. Message: `Kind: Transactions are not supported by this deployment, labels: {}, source: None`
FEATURE_GATE_AWAIT_TRACE {
  event: 'end',
  fileName: 'backend/src/services/security/securityGovernanceOS.service.ts',
  redisOps: 'none',
  functionName: 'appendAuthEvent:authEventLedger.upsert',
  durationMs: 3,
  cacheStatus: 'none',
  dbQueries: [ 'authEventLedger.upsert(auth_evt:e6b29ba9918902a630d21d1a85)' ],
  eventKey: 'auth_evt:e6b29ba9918902a630d21d1a85',
  action: 'analytics:view',
  outcome: 'ALLOWED'
}
FEATURE_GATE_AWAIT_TRACE {
  event: 'end',
  fileName: 'backend/src/services/security/securityGovernanceOS.service.ts',
  redisOps: 'none',
  functionName: 'authorizeAccess:appendAuthEvent:authorized',
  durationMs: 4,
  action: 'analytics:view',
  route: null,
  cacheStatus: 'none',
  dbQueries: [ 'authEventLedger.upsert' ]
}
startup_event_loop_lag {
  metric: 'startup_event_loop_lag',
  value: 12,
  businessId: null,
  route: 'startup_isolation',
  metadata: null,
  recordedAt: '2026-07-06T15:42:07.828Z'
}
FEATURE_GATE_AWAIT_TRACE {
  event: 'start',
  fileName: 'backend/src/services/security/securityGovernanceOS.service.ts',
  redisOps: 'none',
  functionName: 'assertAuthorizedAccess:authorizeAccess',
  action: 'analytics:view',
  route: null,
  cacheStatus: 'delegated',
  dbQueries: [ 'see nested FEATURE_GATE_AWAIT_TRACE events' ]
}
FEATURE_GATE_AWAIT_TRACE {
  event: 'start',
  fileName: 'backend/src/services/security/securityGovernanceOS.service.ts',
  redisOps: 'none',
  functionName: 'authorizeAccess:assertTenantIsolation',
  action: 'analytics:view',
  route: null,
  cacheStatus: 'none',
  dbQueries: [ 'tenantIsolationLedger.upsert' ]
}
FEATURE_GATE_AWAIT_TRACE {
  event: 'end',
  fileName: 'backend/src/services/security/securityGovernanceOS.service.ts',
  redisOps: 'none',
  functionName: 'authorizeAccess:assertTenantIsolation',
  durationMs: 0,
  action: 'analytics:view',
  route: null,
  cacheStatus: 'none',
  dbQueries: [ 'tenantIsolationLedger.upsert' ]
}
FEATURE_GATE_AWAIT_TRACE {
  event: 'end',
  fileName: 'backend/src/services/security/securityGovernanceOS.service.ts',
  redisOps: 'none',
  functionName: 'assertAuthorizedAccess:authorizeAccess',
  durationMs: 2,
  action: 'analytics:view',
  route: null,
  cacheStatus: 'delegated',
  dbQueries: [ 'see nested FEATURE_GATE_AWAIT_TRACE events' ]
}
FEATURE_GATE_AWAIT_TRACE {
  event: 'start',
  fileName: 'backend/src/services/security/securityGovernanceOS.service.ts',
  redisOps: 'none',
  functionName: 'authorizeAccess:attestInfraIsolation',
  action: 'analytics:view',
  route: null,
  cacheStatus: 'none',
  dbQueries: [ 'isolationAttestationLedger.create' ]
}
FEATURE_GATE_AWAIT_TRACE {
  event: 'start',
  fileName: 'backend/src/services/security/securityGovernanceOS.service.ts',
  redisOps: 'none',
  functionName: 'attestInfraIsolation:isolationAttestationLedger.upsert',
  cacheStatus: 'none',
  dbQueries: [
    'isolationAttestationLedger.upsert(isolation_attest:db789a49271d6e19df7c782c)'
  ],
  attestationKey: 'isolation_attest:db789a49271d6e19df7c782c'
}
FEATURE_GATE_AWAIT_TRACE {
  event: 'start',
  fileName: 'backend/src/services/security/securityGovernanceOS.service.ts',
  redisOps: 'none',
  functionName: 'authorizeAccess:appendAuthEvent:authorized',
  action: 'analytics:view',
  route: null,
  cacheStatus: 'none',
  dbQueries: [ 'authEventLedger.upsert' ]
}
FEATURE_GATE_AWAIT_TRACE {
  event: 'start',
  fileName: 'backend/src/services/security/securityGovernanceOS.service.ts',
  redisOps: 'none',
  functionName: 'appendAuthEvent:authEventLedger.upsert',
  cacheStatus: 'none',
  dbQueries: [ 'authEventLedger.upsert(auth_evt:7037a2a28af9d3cd51733dbb4e)' ],
  eventKey: 'auth_evt:7037a2a28af9d3cd51733dbb4e',
  action: 'analytics:view',
  outcome: 'ALLOWED'
}
prisma:error 
Invalid `prisma.dataAccessAuditLedger.upsert()` invocation:


Raw query failed. Code: `unknown`. Message: `Kind: Transactions are not supported by this deployment, labels: {}, source: None`
prisma:error 
Invalid `prisma.isolationAttestationLedger.upsert()` invocation:


Raw query failed. Code: `unknown`. Message: `Kind: Transactions are not supported by this deployment, labels: {}, source: None`
FEATURE_GATE_AWAIT_TRACE {
  event: 'end',
  fileName: 'backend/src/services/security/securityGovernanceOS.service.ts',
  redisOps: 'none',
  functionName: 'attestInfraIsolation:isolationAttestationLedger.upsert',
  durationMs: 3,
  cacheStatus: 'none',
  dbQueries: [
    'isolationAttestationLedger.upsert(isolation_attest:db789a49271d6e19df7c782c)'
  ],
  attestationKey: 'isolation_attest:db789a49271d6e19df7c782c'
}
FEATURE_GATE_AWAIT_TRACE {
  event: 'end',
  fileName: 'backend/src/services/security/securityGovernanceOS.service.ts',
  redisOps: 'none',
  functionName: 'authorizeAccess:attestInfraIsolation',
  durationMs: 4,
  action: 'analytics:view',
  route: null,
  cacheStatus: 'none',
  dbQueries: [ 'isolationAttestationLedger.create' ]
}
prisma:error 
Invalid `prisma.authEventLedger.upsert()` invocation:


Raw query failed. Code: `unknown`. Message: `Kind: Transactions are not supported by this deployment, labels: {}, source: None`
FEATURE_GATE_AWAIT_TRACE {
  event: 'end',
  fileName: 'backend/src/services/security/securityGovernanceOS.service.ts',
  redisOps: 'none',
  functionName: 'appendAuthEvent:authEventLedger.upsert',
  durationMs: 4,
  cacheStatus: 'none',
  dbQueries: [ 'authEventLedger.upsert(auth_evt:7037a2a28af9d3cd51733dbb4e)' ],
  eventKey: 'auth_evt:7037a2a28af9d3cd51733dbb4e',
  action: 'analytics:view',
  outcome: 'ALLOWED'
}
FEATURE_GATE_AWAIT_TRACE {
  event: 'end',
  fileName: 'backend/src/services/security/securityGovernanceOS.service.ts',
  redisOps: 'none',
  functionName: 'authorizeAccess:appendAuthEvent:authorized',
  durationMs: 4,
  action: 'analytics:view',
  route: null,
  cacheStatus: 'none',
  dbQueries: [ 'authEventLedger.upsert' ]
}
startup_event_loop_lag {
  metric: 'startup_event_loop_lag',
  value: 13,
  businessId: null,
  route: 'startup_isolation',
  metadata: null,
  recordedAt: '2026-07-06T15:42:08.934Z'
}
FEATURE_GATE_AWAIT_TRACE {
  event: 'start',
  fileName: 'backend/src/services/security/securityGovernanceOS.service.ts',
  redisOps: 'none',
  functionName: 'assertAuthorizedAccess:authorizeAccess',
  action: 'analytics:view',
  route: null,
  cacheStatus: 'delegated',
  dbQueries: [ 'see nested FEATURE_GATE_AWAIT_TRACE events' ]
}
FEATURE_GATE_AWAIT_TRACE {
  event: 'start',
  fileName: 'backend/src/services/security/securityGovernanceOS.service.ts',
  redisOps: 'none',
  functionName: 'authorizeAccess:assertTenantIsolation',
  action: 'analytics:view',
  route: null,
  cacheStatus: 'none',
  dbQueries: [ 'tenantIsolationLedger.upsert' ]
}
FEATURE_GATE_AWAIT_TRACE {
  event: 'end',
  fileName: 'backend/src/services/security/securityGovernanceOS.service.ts',
  redisOps: 'none',
  functionName: 'authorizeAccess:assertTenantIsolation',
  durationMs: 1,
  action: 'analytics:view',
  route: null,
  cacheStatus: 'none',
  dbQueries: [ 'tenantIsolationLedger.upsert' ]
}
FEATURE_GATE_AWAIT_TRACE {
  event: 'end',
  fileName: 'backend/src/services/security/securityGovernanceOS.service.ts',
  redisOps: 'none',
  functionName: 'assertAuthorizedAccess:authorizeAccess',
  durationMs: 2,
  action: 'analytics:view',
  route: null,
  cacheStatus: 'delegated',
  dbQueries: [ 'see nested FEATURE_GATE_AWAIT_TRACE events' ]
}
FEATURE_GATE_AWAIT_TRACE {
  event: 'start',
  fileName: 'backend/src/services/security/securityGovernanceOS.service.ts',
  redisOps: 'none',
  functionName: 'authorizeAccess:attestInfraIsolation',
  action: 'analytics:view',
  route: null,
  cacheStatus: 'none',
  dbQueries: [ 'isolationAttestationLedger.create' ]
}
FEATURE_GATE_AWAIT_TRACE {
  event: 'start',
  fileName: 'backend/src/services/security/securityGovernanceOS.service.ts',
  redisOps: 'none',
  functionName: 'attestInfraIsolation:isolationAttestationLedger.upsert',
  cacheStatus: 'none',
  dbQueries: [
    'isolationAttestationLedger.upsert(isolation_attest:ba3d8b0f43adebadf3a4eb0f)'
  ],
  attestationKey: 'isolation_attest:ba3d8b0f43adebadf3a4eb0f'
}
FEATURE_GATE_AWAIT_TRACE {
  event: 'start',
  fileName: 'backend/src/services/security/securityGovernanceOS.service.ts',
  redisOps: 'none',
  functionName: 'authorizeAccess:appendAuthEvent:authorized',
  action: 'analytics:view',
  route: null,
  cacheStatus: 'none',
  dbQueries: [ 'authEventLedger.upsert' ]
}
FEATURE_GATE_AWAIT_TRACE {
  event: 'start',
  fileName: 'backend/src/services/security/securityGovernanceOS.service.ts',
  redisOps: 'none',
  functionName: 'appendAuthEvent:authEventLedger.upsert',
  cacheStatus: 'none',
  dbQueries: [ 'authEventLedger.upsert(auth_evt:fddd6ab3e91ab50de4f27e1cbe)' ],
  eventKey: 'auth_evt:fddd6ab3e91ab50de4f27e1cbe',
  action: 'analytics:view',
  outcome: 'ALLOWED'
}
prisma:error 
Invalid `prisma.dataAccessAuditLedger.upsert()` invocation:


Raw query failed. Code: `unknown`. Message: `Kind: Transactions are not supported by this deployment, labels: {}, source: None`
prisma:error 
Invalid `prisma.isolationAttestationLedger.upsert()` invocation:


Raw query failed. Code: `unknown`. Message: `Kind: Transactions are not supported by this deployment, labels: {}, source: None`
FEATURE_GATE_AWAIT_TRACE {
  event: 'end',
  fileName: 'backend/src/services/security/securityGovernanceOS.service.ts',
  redisOps: 'none',
  functionName: 'attestInfraIsolation:isolationAttestationLedger.upsert',
  durationMs: 3,
  cacheStatus: 'none',
  dbQueries: [
    'isolationAttestationLedger.upsert(isolation_attest:ba3d8b0f43adebadf3a4eb0f)'
  ],
  attestationKey: 'isolation_attest:ba3d8b0f43adebadf3a4eb0f'
}
FEATURE_GATE_AWAIT_TRACE {
  event: 'end',
  fileName: 'backend/src/services/security/securityGovernanceOS.service.ts',
  redisOps: 'none',
  functionName: 'authorizeAccess:attestInfraIsolation',
  durationMs: 4,
  action: 'analytics:view',
  route: null,
  cacheStatus: 'none',
  dbQueries: [ 'isolationAttestationLedger.create' ]
}
prisma:error 
Invalid `prisma.authEventLedger.upsert()` invocation:


Raw query failed. Code: `unknown`. Message: `Kind: Transactions are not supported by this deployment, labels: {}, source: None`
FEATURE_GATE_AWAIT_TRACE {
  event: 'end',
  fileName: 'backend/src/services/security/securityGovernanceOS.service.ts',
  redisOps: 'none',
  functionName: 'appendAuthEvent:authEventLedger.upsert',
  durationMs: 3,
  cacheStatus: 'none',
  dbQueries: [ 'authEventLedger.upsert(auth_evt:fddd6ab3e91ab50de4f27e1cbe)' ],
  eventKey: 'auth_evt:fddd6ab3e91ab50de4f27e1cbe',
  action: 'analytics:view',
  outcome: 'ALLOWED'
}
FEATURE_GATE_AWAIT_TRACE {
  event: 'end',
  fileName: 'backend/src/services/security/securityGovernanceOS.service.ts',
  redisOps: 'none',
  functionName: 'authorizeAccess:appendAuthEvent:authorized',
  durationMs: 3,
  action: 'analytics:view',
  route: null,
  cacheStatus: 'none',
  dbQueries: [ 'authEventLedger.upsert' ]
}
startup_event_loop_lag {
  metric: 'startup_event_loop_lag',
  value: 2,
  businessId: null,
  route: 'startup_isolation',
  metadata: null,
  recordedAt: '2026-07-06T15:42:10.022Z'
}
FEATURE_GATE_AWAIT_TRACE {
  event: 'start',
  fileName: 'backend/src/services/security/securityGovernanceOS.service.ts',
  redisOps: 'none',
  functionName: 'assertAuthorizedAccess:authorizeAccess',
  action: 'analytics:view',
  route: null,
  cacheStatus: 'delegated',
  dbQueries: [ 'see nested FEATURE_GATE_AWAIT_TRACE events' ]
}
FEATURE_GATE_AWAIT_TRACE {
  event: 'start',
  fileName: 'backend/src/services/security/securityGovernanceOS.service.ts',
  redisOps: 'none',
  functionName: 'authorizeAccess:assertTenantIsolation',
  action: 'analytics:view',
  route: null,
  cacheStatus: 'none',
  dbQueries: [ 'tenantIsolationLedger.upsert' ]
}
FEATURE_GATE_AWAIT_TRACE {
  event: 'end',
  fileName: 'backend/src/services/security/securityGovernanceOS.service.ts',
  redisOps: 'none',
  functionName: 'authorizeAccess:assertTenantIsolation',
  durationMs: 0,
  action: 'analytics:view',
  route: null,
  cacheStatus: 'none',
  dbQueries: [ 'tenantIsolationLedger.upsert' ]
}
FEATURE_GATE_AWAIT_TRACE {
  event: 'end',
  fileName: 'backend/src/services/security/securityGovernanceOS.service.ts',
  redisOps: 'none',
  functionName: 'assertAuthorizedAccess:authorizeAccess',
  durationMs: 2,
  action: 'analytics:view',
  route: null,
  cacheStatus: 'delegated',
  dbQueries: [ 'see nested FEATURE_GATE_AWAIT_TRACE events' ]
}
FEATURE_GATE_AWAIT_TRACE {
  event: 'start',
  fileName: 'backend/src/services/security/securityGovernanceOS.service.ts',
  redisOps: 'none',
  functionName: 'authorizeAccess:attestInfraIsolation',
  action: 'analytics:view',
  route: null,
  cacheStatus: 'none',
  dbQueries: [ 'isolationAttestationLedger.create' ]
}
FEATURE_GATE_AWAIT_TRACE {
  event: 'start',
  fileName: 'backend/src/services/security/securityGovernanceOS.service.ts',
  redisOps: 'none',
  functionName: 'attestInfraIsolation:isolationAttestationLedger.upsert',
  cacheStatus: 'none',
  dbQueries: [
    'isolationAttestationLedger.upsert(isolation_attest:ced5f48c7a31c27497c54297)'
  ],
  attestationKey: 'isolation_attest:ced5f48c7a31c27497c54297'
}
FEATURE_GATE_AWAIT_TRACE {
  event: 'start',
  fileName: 'backend/src/services/security/securityGovernanceOS.service.ts',
  redisOps: 'none',
  functionName: 'authorizeAccess:appendAuthEvent:authorized',
  action: 'analytics:view',
  route: null,
  cacheStatus: 'none',
  dbQueries: [ 'authEventLedger.upsert' ]
}
FEATURE_GATE_AWAIT_TRACE {
  event: 'start',
  fileName: 'backend/src/services/security/securityGovernanceOS.service.ts',
  redisOps: 'none',
  functionName: 'appendAuthEvent:authEventLedger.upsert',
  cacheStatus: 'none',
  dbQueries: [ 'authEventLedger.upsert(auth_evt:e986ec9bc15d3adcb02e9d0a0c)' ],
  eventKey: 'auth_evt:e986ec9bc15d3adcb02e9d0a0c',
  action: 'analytics:view',
  outcome: 'ALLOWED'
}
prisma:error 
Invalid `prisma.dataAccessAuditLedger.upsert()` invocation:


Raw query failed. Code: `unknown`. Message: `Kind: Transactions are not supported by this deployment, labels: {}, source: None`
prisma:error 
Invalid `prisma.isolationAttestationLedger.upsert()` invocation:


Raw query failed. Code: `unknown`. Message: `Kind: Transactions are not supported by this deployment, labels: {}, source: None`
FEATURE_GATE_AWAIT_TRACE {
  event: 'end',
  fileName: 'backend/src/services/security/securityGovernanceOS.service.ts',
  redisOps: 'none',
  functionName: 'attestInfraIsolation:isolationAttestationLedger.upsert',
  durationMs: 3,
  cacheStatus: 'none',
  dbQueries: [
    'isolationAttestationLedger.upsert(isolation_attest:ced5f48c7a31c27497c54297)'
  ],
  attestationKey: 'isolation_attest:ced5f48c7a31c27497c54297'
}
FEATURE_GATE_AWAIT_TRACE {
  event: 'end',
  fileName: 'backend/src/services/security/securityGovernanceOS.service.ts',
  redisOps: 'none',
  functionName: 'authorizeAccess:attestInfraIsolation',
  durationMs: 3,
  action: 'analytics:view',
  route: null,
  cacheStatus: 'none',
  dbQueries: [ 'isolationAttestationLedger.create' ]
}
prisma:error 
Invalid `prisma.authEventLedger.upsert()` invocation:


Raw query failed. Code: `unknown`. Message: `Kind: Transactions are not supported by this deployment, labels: {}, source: None`
FEATURE_GATE_AWAIT_TRACE {
  event: 'end',
  fileName: 'backend/src/services/security/securityGovernanceOS.service.ts',
  redisOps: 'none',
  functionName: 'appendAuthEvent:authEventLedger.upsert',
  durationMs: 2,
  cacheStatus: 'none',
  dbQueries: [ 'authEventLedger.upsert(auth_evt:e986ec9bc15d3adcb02e9d0a0c)' ],
  eventKey: 'auth_evt:e986ec9bc15d3adcb02e9d0a0c',
  action: 'analytics:view',
  outcome: 'ALLOWED'
}
FEATURE_GATE_AWAIT_TRACE {
  event: 'end',
  fileName: 'backend/src/services/security/securityGovernanceOS.service.ts',
  redisOps: 'none',
  functionName: 'authorizeAccess:appendAuthEvent:authorized',
  durationMs: 3,
  action: 'analytics:view',
  route: null,
  cacheStatus: 'none',
  dbQueries: [ 'authEventLedger.upsert' ]
}
startup_event_loop_lag {
  metric: 'startup_event_loop_lag',
  value: 16,
  businessId: null,
  route: 'startup_isolation',
  metadata: null,
  recordedAt: '2026-07-06T15:42:11.122Z'
}
FEATURE_GATE_AWAIT_TRACE {
  event: 'start',
  fileName: 'backend/src/services/security/securityGovernanceOS.service.ts',
  redisOps: 'none',
  functionName: 'assertAuthorizedAccess:authorizeAccess',
  action: 'analytics:view',
  route: null,
  cacheStatus: 'delegated',
  dbQueries: [ 'see nested FEATURE_GATE_AWAIT_TRACE events' ]
}
FEATURE_GATE_AWAIT_TRACE {
  event: 'start',
  fileName: 'backend/src/services/security/securityGovernanceOS.service.ts',
  redisOps: 'none',
  functionName: 'authorizeAccess:assertTenantIsolation',
  action: 'analytics:view',
  route: null,
  cacheStatus: 'none',
  dbQueries: [ 'tenantIsolationLedger.upsert' ]
}
FEATURE_GATE_AWAIT_TRACE {
  event: 'end',
  fileName: 'backend/src/services/security/securityGovernanceOS.service.ts',
  redisOps: 'none',
  functionName: 'authorizeAccess:assertTenantIsolation',
  durationMs: 1,
  action: 'analytics:view',
  route: null,
  cacheStatus: 'none',
  dbQueries: [ 'tenantIsolationLedger.upsert' ]
}
FEATURE_GATE_AWAIT_TRACE {
  event: 'end',
  fileName: 'backend/src/services/security/securityGovernanceOS.service.ts',
  redisOps: 'none',
  functionName: 'assertAuthorizedAccess:authorizeAccess',
  durationMs: 2,
  action: 'analytics:view',
  route: null,
  cacheStatus: 'delegated',
  dbQueries: [ 'see nested FEATURE_GATE_AWAIT_TRACE events' ]
}
FEATURE_GATE_AWAIT_TRACE {
  event: 'start',
  fileName: 'backend/src/services/security/securityGovernanceOS.service.ts',
  redisOps: 'none',
  functionName: 'authorizeAccess:attestInfraIsolation',
  action: 'analytics:view',
  route: null,
  cacheStatus: 'none',
  dbQueries: [ 'isolationAttestationLedger.create' ]
}
FEATURE_GATE_AWAIT_TRACE {
  event: 'start',
  fileName: 'backend/src/services/security/securityGovernanceOS.service.ts',
  redisOps: 'none',
  functionName: 'attestInfraIsolation:isolationAttestationLedger.upsert',
  cacheStatus: 'none',
  dbQueries: [
    'isolationAttestationLedger.upsert(isolation_attest:6d4003524c6d3b74aea9b3dc)'
  ],
  attestationKey: 'isolation_attest:6d4003524c6d3b74aea9b3dc'
}
FEATURE_GATE_AWAIT_TRACE {
  event: 'start',
  fileName: 'backend/src/services/security/securityGovernanceOS.service.ts',
  redisOps: 'none',
  functionName: 'authorizeAccess:appendAuthEvent:authorized',
  action: 'analytics:view',
  route: null,
  cacheStatus: 'none',
  dbQueries: [ 'authEventLedger.upsert' ]
}
FEATURE_GATE_AWAIT_TRACE {
  event: 'start',
  fileName: 'backend/src/services/security/securityGovernanceOS.service.ts',
  redisOps: 'none',
  functionName: 'appendAuthEvent:authEventLedger.upsert',
  cacheStatus: 'none',
  dbQueries: [ 'authEventLedger.upsert(auth_evt:996f9503c69788b6dea6052650)' ],
  eventKey: 'auth_evt:996f9503c69788b6dea6052650',
  action: 'analytics:view',
  outcome: 'ALLOWED'
}
prisma:error 
Invalid `prisma.dataAccessAuditLedger.upsert()` invocation:


Raw query failed. Code: `unknown`. Message: `Kind: Transactions are not supported by this deployment, labels: {}, source: None`
prisma:error 
Invalid `prisma.isolationAttestationLedger.upsert()` invocation:


Raw query failed. Code: `unknown`. Message: `Kind: Transactions are not supported by this deployment, labels: {}, source: None`
FEATURE_GATE_AWAIT_TRACE {
  event: 'end',
  fileName: 'backend/src/services/security/securityGovernanceOS.service.ts',
  redisOps: 'none',
  functionName: 'attestInfraIsolation:isolationAttestationLedger.upsert',
  durationMs: 3,
  cacheStatus: 'none',
  dbQueries: [
    'isolationAttestationLedger.upsert(isolation_attest:6d4003524c6d3b74aea9b3dc)'
  ],
  attestationKey: 'isolation_attest:6d4003524c6d3b74aea9b3dc'
}
FEATURE_GATE_AWAIT_TRACE {
  event: 'end',
  fileName: 'backend/src/services/security/securityGovernanceOS.service.ts',
  redisOps: 'none',
  functionName: 'authorizeAccess:attestInfraIsolation',
  durationMs: 3,
  action: 'analytics:view',
  route: null,
  cacheStatus: 'none',
  dbQueries: [ 'isolationAttestationLedger.create' ]
}
prisma:error 
Invalid `prisma.authEventLedger.upsert()` invocation:


Raw query failed. Code: `unknown`. Message: `Kind: Transactions are not supported by this deployment, labels: {}, source: None`
FEATURE_GATE_AWAIT_TRACE {
  event: 'end',
  fileName: 'backend/src/services/security/securityGovernanceOS.service.ts',
  redisOps: 'none',
  functionName: 'appendAuthEvent:authEventLedger.upsert',
  durationMs: 2,
  cacheStatus: 'none',
  dbQueries: [ 'authEventLedger.upsert(auth_evt:996f9503c69788b6dea6052650)' ],
  eventKey: 'auth_evt:996f9503c69788b6dea6052650',
  action: 'analytics:view',
  outcome: 'ALLOWED'
}
FEATURE_GATE_AWAIT_TRACE {
  event: 'end',
  fileName: 'backend/src/services/security/securityGovernanceOS.service.ts',
  redisOps: 'none',
  functionName: 'authorizeAccess:appendAuthEvent:authorized',
  durationMs: 2,
  action: 'analytics:view',
  route: null,
  cacheStatus: 'none',
  dbQueries: [ 'authEventLedger.upsert' ]
}
startup_event_loop_lag {
  metric: 'startup_event_loop_lag',
  value: 2,
  businessId: null,
  route: 'startup_isolation',
  metadata: null,
  recordedAt: '2026-07-06T15:42:12.191Z'
}
FEATURE_GATE_AWAIT_TRACE {
  event: 'start',
  fileName: 'backend/src/services/security/securityGovernanceOS.service.ts',
  redisOps: 'none',
  functionName: 'assertAuthorizedAccess:authorizeAccess',
  action: 'analytics:view',
  route: null,
  cacheStatus: 'delegated',
  dbQueries: [ 'see nested FEATURE_GATE_AWAIT_TRACE events' ]
}
FEATURE_GATE_AWAIT_TRACE {
  event: 'start',
  fileName: 'backend/src/services/security/securityGovernanceOS.service.ts',
  redisOps: 'none',
  functionName: 'authorizeAccess:assertTenantIsolation',
  action: 'analytics:view',
  route: null,
  cacheStatus: 'none',
  dbQueries: [ 'tenantIsolationLedger.upsert' ]
}
FEATURE_GATE_AWAIT_TRACE {
  event: 'end',
  fileName: 'backend/src/services/security/securityGovernanceOS.service.ts',
  redisOps: 'none',
  functionName: 'authorizeAccess:assertTenantIsolation',
  durationMs: 1,
  action: 'analytics:view',
  route: null,
  cacheStatus: 'none',
  dbQueries: [ 'tenantIsolationLedger.upsert' ]
}
FEATURE_GATE_AWAIT_TRACE {
  event: 'end',
  fileName: 'backend/src/services/security/securityGovernanceOS.service.ts',
  redisOps: 'none',
  functionName: 'assertAuthorizedAccess:authorizeAccess',
  durationMs: 3,
  action: 'analytics:view',
  route: null,
  cacheStatus: 'delegated',
  dbQueries: [ 'see nested FEATURE_GATE_AWAIT_TRACE events' ]
}
FEATURE_GATE_AWAIT_TRACE {
  event: 'start',
  fileName: 'backend/src/services/security/securityGovernanceOS.service.ts',
  redisOps: 'none',
  functionName: 'authorizeAccess:attestInfraIsolation',
  action: 'analytics:view',
  route: null,
  cacheStatus: 'none',
  dbQueries: [ 'isolationAttestationLedger.create' ]
}
FEATURE_GATE_AWAIT_TRACE {
  event: 'start',
  fileName: 'backend/src/services/security/securityGovernanceOS.service.ts',
  redisOps: 'none',
  functionName: 'attestInfraIsolation:isolationAttestationLedger.upsert',
  cacheStatus: 'none',
  dbQueries: [
    'isolationAttestationLedger.upsert(isolation_attest:86c03706633b3ac1411ae22f)'
  ],
  attestationKey: 'isolation_attest:86c03706633b3ac1411ae22f'
}
FEATURE_GATE_AWAIT_TRACE {
  event: 'start',
  fileName: 'backend/src/services/security/securityGovernanceOS.service.ts',
  redisOps: 'none',
  functionName: 'authorizeAccess:appendAuthEvent:authorized',
  action: 'analytics:view',
  route: null,
  cacheStatus: 'none',
  dbQueries: [ 'authEventLedger.upsert' ]
}
FEATURE_GATE_AWAIT_TRACE {
  event: 'start',
  fileName: 'backend/src/services/security/securityGovernanceOS.service.ts',
  redisOps: 'none',
  functionName: 'appendAuthEvent:authEventLedger.upsert',
  cacheStatus: 'none',
  dbQueries: [ 'authEventLedger.upsert(auth_evt:06f12fed672325d126c71032e9)' ],
  eventKey: 'auth_evt:06f12fed672325d126c71032e9',
  action: 'analytics:view',
  outcome: 'ALLOWED'
}
prisma:error 
Invalid `prisma.dataAccessAuditLedger.upsert()` invocation:


Raw query failed. Code: `unknown`. Message: `Kind: Transactions are not supported by this deployment, labels: {}, source: None`
prisma:error 
Invalid `prisma.isolationAttestationLedger.upsert()` invocation:


Raw query failed. Code: `unknown`. Message: `Kind: Transactions are not supported by this deployment, labels: {}, source: None`
FEATURE_GATE_AWAIT_TRACE {
  event: 'end',
  fileName: 'backend/src/services/security/securityGovernanceOS.service.ts',
  redisOps: 'none',
  functionName: 'attestInfraIsolation:isolationAttestationLedger.upsert',
  durationMs: 3,
  cacheStatus: 'none',
  dbQueries: [
    'isolationAttestationLedger.upsert(isolation_attest:86c03706633b3ac1411ae22f)'
  ],
  attestationKey: 'isolation_attest:86c03706633b3ac1411ae22f'
}
FEATURE_GATE_AWAIT_TRACE {
  event: 'end',
  fileName: 'backend/src/services/security/securityGovernanceOS.service.ts',
  redisOps: 'none',
  functionName: 'authorizeAccess:attestInfraIsolation',
  durationMs: 3,
  action: 'analytics:view',
  route: null,
  cacheStatus: 'none',
  dbQueries: [ 'isolationAttestationLedger.create' ]
}
prisma:error 
Invalid `prisma.authEventLedger.upsert()` invocation:


Raw query failed. Code: `unknown`. Message: `Kind: Transactions are not supported by this deployment, labels: {}, source: None`
FEATURE_GATE_AWAIT_TRACE {
  event: 'end',
  fileName: 'backend/src/services/security/securityGovernanceOS.service.ts',
  redisOps: 'none',
  functionName: 'appendAuthEvent:authEventLedger.upsert',
  durationMs: 2,
  cacheStatus: 'none',
  dbQueries: [ 'authEventLedger.upsert(auth_evt:06f12fed672325d126c71032e9)' ],
  eventKey: 'auth_evt:06f12fed672325d126c71032e9',
  action: 'analytics:view',
  outcome: 'ALLOWED'
}
FEATURE_GATE_AWAIT_TRACE {
  event: 'end',
  fileName: 'backend/src/services/security/securityGovernanceOS.service.ts',
  redisOps: 'none',
  functionName: 'authorizeAccess:appendAuthEvent:authorized',
  durationMs: 3,
  action: 'analytics:view',
  route: null,
  cacheStatus: 'none',
  dbQueries: [ 'authEventLedger.upsert' ]
}
startup_event_loop_lag {
  metric: 'startup_event_loop_lag',
  value: 5,
  businessId: null,
  route: 'startup_isolation',
  metadata: null,
  recordedAt: '2026-07-06T15:42:13.259Z'
}
FEATURE_GATE_AWAIT_TRACE {
  event: 'start',
  fileName: 'backend/src/services/security/securityGovernanceOS.service.ts',
  redisOps: 'none',
  functionName: 'assertAuthorizedAccess:authorizeAccess',
  action: 'analytics:view',
  route: null,
  cacheStatus: 'delegated',
  dbQueries: [ 'see nested FEATURE_GATE_AWAIT_TRACE events' ]
}
FEATURE_GATE_AWAIT_TRACE {
  event: 'start',
  fileName: 'backend/src/services/security/securityGovernanceOS.service.ts',
  redisOps: 'none',
  functionName: 'authorizeAccess:assertTenantIsolation',
  action: 'analytics:view',
  route: null,
  cacheStatus: 'none',
  dbQueries: [ 'tenantIsolationLedger.upsert' ]
}
FEATURE_GATE_AWAIT_TRACE {
  event: 'end',
  fileName: 'backend/src/services/security/securityGovernanceOS.service.ts',
  redisOps: 'none',
  functionName: 'authorizeAccess:assertTenantIsolation',
  durationMs: 1,
  action: 'analytics:view',
  route: null,
  cacheStatus: 'none',
  dbQueries: [ 'tenantIsolationLedger.upsert' ]
}
FEATURE_GATE_AWAIT_TRACE {
  event: 'end',
  fileName: 'backend/src/services/security/securityGovernanceOS.service.ts',
  redisOps: 'none',
  functionName: 'assertAuthorizedAccess:authorizeAccess',
  durationMs: 1,
  action: 'analytics:view',
  route: null,
  cacheStatus: 'delegated',
  dbQueries: [ 'see nested FEATURE_GATE_AWAIT_TRACE events' ]
}
FEATURE_GATE_AWAIT_TRACE {
  event: 'start',
  fileName: 'backend/src/services/security/securityGovernanceOS.service.ts',
  redisOps: 'none',
  functionName: 'authorizeAccess:attestInfraIsolation',
  action: 'analytics:view',
  route: null,
  cacheStatus: 'none',
  dbQueries: [ 'isolationAttestationLedger.create' ]
}
FEATURE_GATE_AWAIT_TRACE {
  event: 'start',
  fileName: 'backend/src/services/security/securityGovernanceOS.service.ts',
  redisOps: 'none',
  functionName: 'attestInfraIsolation:isolationAttestationLedger.upsert',
  cacheStatus: 'none',
  dbQueries: [
    'isolationAttestationLedger.upsert(isolation_attest:88d19ab508bd44b2cee10bf0)'
  ],
  attestationKey: 'isolation_attest:88d19ab508bd44b2cee10bf0'
}
FEATURE_GATE_AWAIT_TRACE {
  event: 'start',
  fileName: 'backend/src/services/security/securityGovernanceOS.service.ts',
  redisOps: 'none',
  functionName: 'authorizeAccess:appendAuthEvent:authorized',
  action: 'analytics:view',
  route: null,
  cacheStatus: 'none',
  dbQueries: [ 'authEventLedger.upsert' ]
}
FEATURE_GATE_AWAIT_TRACE {
  event: 'start',
  fileName: 'backend/src/services/security/securityGovernanceOS.service.ts',
  redisOps: 'none',
  functionName: 'appendAuthEvent:authEventLedger.upsert',
  cacheStatus: 'none',
  dbQueries: [ 'authEventLedger.upsert(auth_evt:c1bc70d7887fc41b8b51c98a0a)' ],
  eventKey: 'auth_evt:c1bc70d7887fc41b8b51c98a0a',
  action: 'analytics:view',
  outcome: 'ALLOWED'
}
prisma:error 
Invalid `prisma.dataAccessAuditLedger.upsert()` invocation:


Raw query failed. Code: `unknown`. Message: `Kind: Transactions are not supported by this deployment, labels: {}, source: None`
prisma:error 
Invalid `prisma.isolationAttestationLedger.upsert()` invocation:


Raw query failed. Code: `unknown`. Message: `Kind: Transactions are not supported by this deployment, labels: {}, source: None`
FEATURE_GATE_AWAIT_TRACE {
  event: 'end',
  fileName: 'backend/src/services/security/securityGovernanceOS.service.ts',
  redisOps: 'none',
  functionName: 'attestInfraIsolation:isolationAttestationLedger.upsert',
  durationMs: 3,
  cacheStatus: 'none',
  dbQueries: [
    'isolationAttestationLedger.upsert(isolation_attest:88d19ab508bd44b2cee10bf0)'
  ],
  attestationKey: 'isolation_attest:88d19ab508bd44b2cee10bf0'
}
FEATURE_GATE_AWAIT_TRACE {
  event: 'end',
  fileName: 'backend/src/services/security/securityGovernanceOS.service.ts',
  redisOps: 'none',
  functionName: 'authorizeAccess:attestInfraIsolation',
  durationMs: 3,
  action: 'analytics:view',
  route: null,
  cacheStatus: 'none',
  dbQueries: [ 'isolationAttestationLedger.create' ]
}
prisma:error 
Invalid `prisma.authEventLedger.upsert()` invocation:


Raw query failed. Code: `unknown`. Message: `Kind: Transactions are not supported by this deployment, labels: {}, source: None`
FEATURE_GATE_AWAIT_TRACE {
  event: 'end',
  fileName: 'backend/src/services/security/securityGovernanceOS.service.ts',
  redisOps: 'none',
  functionName: 'appendAuthEvent:authEventLedger.upsert',
  durationMs: 3,
  cacheStatus: 'none',
  dbQueries: [ 'authEventLedger.upsert(auth_evt:c1bc70d7887fc41b8b51c98a0a)' ],
  eventKey: 'auth_evt:c1bc70d7887fc41b8b51c98a0a',
  action: 'analytics:view',
  outcome: 'ALLOWED'
}
FEATURE_GATE_AWAIT_TRACE {
  event: 'end',
  fileName: 'backend/src/services/security/securityGovernanceOS.service.ts',
  redisOps: 'none',
  functionName: 'authorizeAccess:appendAuthEvent:authorized',
  durationMs: 4,
  action: 'analytics:view',
  route: null,
  cacheStatus: 'none',
  dbQueries: [ 'authEventLedger.upsert' ]
}
startup_event_loop_lag {
  metric: 'startup_event_loop_lag',
  value: 6,
  businessId: null,
  route: 'startup_isolation',
  metadata: null,
  recordedAt: '2026-07-06T15:42:14.343Z'
}
FEATURE_GATE_AWAIT_TRACE {
  event: 'start',
  fileName: 'backend/src/services/security/securityGovernanceOS.service.ts',
  redisOps: 'none',
  functionName: 'assertAuthorizedAccess:authorizeAccess',
  action: 'analytics:view',
  route: null,
  cacheStatus: 'delegated',
  dbQueries: [ 'see nested FEATURE_GATE_AWAIT_TRACE events' ]
}
FEATURE_GATE_AWAIT_TRACE {
  event: 'start',
  fileName: 'backend/src/services/security/securityGovernanceOS.service.ts',
  redisOps: 'none',
  functionName: 'authorizeAccess:assertTenantIsolation',
  action: 'analytics:view',
  route: null,
  cacheStatus: 'none',
  dbQueries: [ 'tenantIsolationLedger.upsert' ]
}
FEATURE_GATE_AWAIT_TRACE {
  event: 'end',
  fileName: 'backend/src/services/security/securityGovernanceOS.service.ts',
  redisOps: 'none',
  functionName: 'authorizeAccess:assertTenantIsolation',
  durationMs: 1,
  action: 'analytics:view',
  route: null,
  cacheStatus: 'none',
  dbQueries: [ 'tenantIsolationLedger.upsert' ]
}
FEATURE_GATE_AWAIT_TRACE {
  event: 'end',
  fileName: 'backend/src/services/security/securityGovernanceOS.service.ts',
  redisOps: 'none',
  functionName: 'assertAuthorizedAccess:authorizeAccess',
  durationMs: 3,
  action: 'analytics:view',
  route: null,
  cacheStatus: 'delegated',
  dbQueries: [ 'see nested FEATURE_GATE_AWAIT_TRACE events' ]
}
FEATURE_GATE_AWAIT_TRACE {
  event: 'start',
  fileName: 'backend/src/services/security/securityGovernanceOS.service.ts',
  redisOps: 'none',
  functionName: 'authorizeAccess:attestInfraIsolation',
  action: 'analytics:view',
  route: null,
  cacheStatus: 'none',
  dbQueries: [ 'isolationAttestationLedger.create' ]
}
FEATURE_GATE_AWAIT_TRACE {
  event: 'start',
  fileName: 'backend/src/services/security/securityGovernanceOS.service.ts',
  redisOps: 'none',
  functionName: 'attestInfraIsolation:isolationAttestationLedger.upsert',
  cacheStatus: 'none',
  dbQueries: [
    'isolationAttestationLedger.upsert(isolation_attest:a359f08936d9ef08eb21ccd9)'
  ],
  attestationKey: 'isolation_attest:a359f08936d9ef08eb21ccd9'
}
FEATURE_GATE_AWAIT_TRACE {
  event: 'start',
  fileName: 'backend/src/services/security/securityGovernanceOS.service.ts',
  redisOps: 'none',
  functionName: 'authorizeAccess:appendAuthEvent:authorized',
  action: 'analytics:view',
  route: null,
  cacheStatus: 'none',
  dbQueries: [ 'authEventLedger.upsert' ]
}
FEATURE_GATE_AWAIT_TRACE {
  event: 'start',
  fileName: 'backend/src/services/security/securityGovernanceOS.service.ts',
  redisOps: 'none',
  functionName: 'appendAuthEvent:authEventLedger.upsert',
  cacheStatus: 'none',
  dbQueries: [ 'authEventLedger.upsert(auth_evt:d5836d12bf6c9249b75708dacc)' ],
  eventKey: 'auth_evt:d5836d12bf6c9249b75708dacc',
  action: 'analytics:view',
  outcome: 'ALLOWED'
}
prisma:error 
Invalid `prisma.dataAccessAuditLedger.upsert()` invocation:


Raw query failed. Code: `unknown`. Message: `Kind: Transactions are not supported by this deployment, labels: {}, source: None`
prisma:error 
Invalid `prisma.isolationAttestationLedger.upsert()` invocation:


Raw query failed. Code: `unknown`. Message: `Kind: Transactions are not supported by this deployment, labels: {}, source: None`
FEATURE_GATE_AWAIT_TRACE {
  event: 'end',
  fileName: 'backend/src/services/security/securityGovernanceOS.service.ts',
  redisOps: 'none',
  functionName: 'attestInfraIsolation:isolationAttestationLedger.upsert',
  durationMs: 3,
  cacheStatus: 'none',
  dbQueries: [
    'isolationAttestationLedger.upsert(isolation_attest:a359f08936d9ef08eb21ccd9)'
  ],
  attestationKey: 'isolation_attest:a359f08936d9ef08eb21ccd9'
}
FEATURE_GATE_AWAIT_TRACE {
  event: 'end',
  fileName: 'backend/src/services/security/securityGovernanceOS.service.ts',
  redisOps: 'none',
  functionName: 'authorizeAccess:attestInfraIsolation',
  durationMs: 4,
  action: 'analytics:view',
  route: null,
  cacheStatus: 'none',
  dbQueries: [ 'isolationAttestationLedger.create' ]
}
prisma:error 
Invalid `prisma.authEventLedger.upsert()` invocation:


Raw query failed. Code: `unknown`. Message: `Kind: Transactions are not supported by this deployment, labels: {}, source: None`
FEATURE_GATE_AWAIT_TRACE {
  event: 'end',
  fileName: 'backend/src/services/security/securityGovernanceOS.service.ts',
  redisOps: 'none',
  functionName: 'appendAuthEvent:authEventLedger.upsert',
  durationMs: 3,
  cacheStatus: 'none',
  dbQueries: [ 'authEventLedger.upsert(auth_evt:d5836d12bf6c9249b75708dacc)' ],
  eventKey: 'auth_evt:d5836d12bf6c9249b75708dacc',
  action: 'analytics:view',
  outcome: 'ALLOWED'
}
FEATURE_GATE_AWAIT_TRACE {
  event: 'end',
  fileName: 'backend/src/services/security/securityGovernanceOS.service.ts',
  redisOps: 'none',
  functionName: 'authorizeAccess:appendAuthEvent:authorized',
  durationMs: 3,
  action: 'analytics:view',
  route: null,
  cacheStatus: 'none',
  dbQueries: [ 'authEventLedger.upsert' ]
}
startup_event_loop_lag {
  metric: 'startup_event_loop_lag',
  value: 15,
  businessId: null,
  route: 'startup_isolation',
  metadata: null,
  recordedAt: '2026-07-06T15:42:15.447Z'
}
FEATURE_GATE_AWAIT_TRACE {
  event: 'start',
  fileName: 'backend/src/services/security/securityGovernanceOS.service.ts',
  redisOps: 'none',
  functionName: 'assertAuthorizedAccess:authorizeAccess',
  action: 'analytics:view',
  route: null,
  cacheStatus: 'delegated',
  dbQueries: [ 'see nested FEATURE_GATE_AWAIT_TRACE events' ]
}
FEATURE_GATE_AWAIT_TRACE {
  event: 'start',
  fileName: 'backend/src/services/security/securityGovernanceOS.service.ts',
  redisOps: 'none',
  functionName: 'authorizeAccess:assertTenantIsolation',
  action: 'analytics:view',
  route: null,
  cacheStatus: 'none',
  dbQueries: [ 'tenantIsolationLedger.upsert' ]
}
FEATURE_GATE_AWAIT_TRACE {
  event: 'end',
  fileName: 'backend/src/services/security/securityGovernanceOS.service.ts',
  redisOps: 'none',
  functionName: 'authorizeAccess:assertTenantIsolation',
  durationMs: 0,
  action: 'analytics:view',
  route: null,
  cacheStatus: 'none',
  dbQueries: [ 'tenantIsolationLedger.upsert' ]
}
FEATURE_GATE_AWAIT_TRACE {
  event: 'end',
  fileName: 'backend/src/services/security/securityGovernanceOS.service.ts',
  redisOps: 'none',
  functionName: 'assertAuthorizedAccess:authorizeAccess',
  durationMs: 1,
  action: 'analytics:view',
  route: null,
  cacheStatus: 'delegated',
  dbQueries: [ 'see nested FEATURE_GATE_AWAIT_TRACE events' ]
}
FEATURE_GATE_AWAIT_TRACE {
  event: 'start',
  fileName: 'backend/src/services/security/securityGovernanceOS.service.ts',
  redisOps: 'none',
  functionName: 'authorizeAccess:attestInfraIsolation',
  action: 'analytics:view',
  route: null,
  cacheStatus: 'none',
  dbQueries: [ 'isolationAttestationLedger.create' ]
}
FEATURE_GATE_AWAIT_TRACE {
  event: 'start',
  fileName: 'backend/src/services/security/securityGovernanceOS.service.ts',
  redisOps: 'none',
  functionName: 'attestInfraIsolation:isolationAttestationLedger.upsert',
  cacheStatus: 'none',
  dbQueries: [
    'isolationAttestationLedger.upsert(isolation_attest:1abdc11419026f6216db3973)'
  ],
  attestationKey: 'isolation_attest:1abdc11419026f6216db3973'
}
FEATURE_GATE_AWAIT_TRACE {
  event: 'start',
  fileName: 'backend/src/services/security/securityGovernanceOS.service.ts',
  redisOps: 'none',
  functionName: 'authorizeAccess:appendAuthEvent:authorized',
  action: 'analytics:view',
  route: null,
  cacheStatus: 'none',
  dbQueries: [ 'authEventLedger.upsert' ]
}
FEATURE_GATE_AWAIT_TRACE {
  event: 'start',
  fileName: 'backend/src/services/security/securityGovernanceOS.service.ts',
  redisOps: 'none',
  functionName: 'appendAuthEvent:authEventLedger.upsert',
  cacheStatus: 'none',
  dbQueries: [ 'authEventLedger.upsert(auth_evt:7c98a55f140b6067d2aad175f9)' ],
  eventKey: 'auth_evt:7c98a55f140b6067d2aad175f9',
  action: 'analytics:view',
  outcome: 'ALLOWED'
}
prisma:error 
Invalid `prisma.dataAccessAuditLedger.upsert()` invocation:


Raw query failed. Code: `unknown`. Message: `Kind: Transactions are not supported by this deployment, labels: {}, source: None`
prisma:error 
Invalid `prisma.isolationAttestationLedger.upsert()` invocation:


Raw query failed. Code: `unknown`. Message: `Kind: Transactions are not supported by this deployment, labels: {}, source: None`
FEATURE_GATE_AWAIT_TRACE {
  event: 'end',
  fileName: 'backend/src/services/security/securityGovernanceOS.service.ts',
  redisOps: 'none',
  functionName: 'attestInfraIsolation:isolationAttestationLedger.upsert',
  durationMs: 3,
  cacheStatus: 'none',
  dbQueries: [
    'isolationAttestationLedger.upsert(isolation_attest:1abdc11419026f6216db3973)'
  ],
  attestationKey: 'isolation_attest:1abdc11419026f6216db3973'
}
FEATURE_GATE_AWAIT_TRACE {
  event: 'end',
  fileName: 'backend/src/services/security/securityGovernanceOS.service.ts',
  redisOps: 'none',
  functionName: 'authorizeAccess:attestInfraIsolation',
  durationMs: 4,
  action: 'analytics:view',
  route: null,
  cacheStatus: 'none',
  dbQueries: [ 'isolationAttestationLedger.create' ]
}
prisma:error 
Invalid `prisma.authEventLedger.upsert()` invocation:


Raw query failed. Code: `unknown`. Message: `Kind: Transactions are not supported by this deployment, labels: {}, source: None`
FEATURE_GATE_AWAIT_TRACE {
  event: 'end',
  fileName: 'backend/src/services/security/securityGovernanceOS.service.ts',
  redisOps: 'none',
  functionName: 'appendAuthEvent:authEventLedger.upsert',
  durationMs: 2,
  cacheStatus: 'none',
  dbQueries: [ 'authEventLedger.upsert(auth_evt:7c98a55f140b6067d2aad175f9)' ],
  eventKey: 'auth_evt:7c98a55f140b6067d2aad175f9',
  action: 'analytics:view',
  outcome: 'ALLOWED'
}
FEATURE_GATE_AWAIT_TRACE {
  event: 'end',
  fileName: 'backend/src/services/security/securityGovernanceOS.service.ts',
  redisOps: 'none',
  functionName: 'authorizeAccess:appendAuthEvent:authorized',
  durationMs: 4,
  action: 'analytics:view',
  route: null,
  cacheStatus: 'none',
  dbQueries: [ 'authEventLedger.upsert' ]
}
startup_event_loop_lag {
  metric: 'startup_event_loop_lag',
  value: 0,
  businessId: null,
  route: 'startup_isolation',
  metadata: null,
  recordedAt: '2026-07-06T15:42:16.529Z'
}
FEATURE_GATE_AWAIT_TRACE {
  event: 'start',
  fileName: 'backend/src/services/security/securityGovernanceOS.service.ts',
  redisOps: 'none',
  functionName: 'assertAuthorizedAccess:authorizeAccess',
  action: 'analytics:view',
  route: null,
  cacheStatus: 'delegated',
  dbQueries: [ 'see nested FEATURE_GATE_AWAIT_TRACE events' ]
}
FEATURE_GATE_AWAIT_TRACE {
  event: 'start',
  fileName: 'backend/src/services/security/securityGovernanceOS.service.ts',
  redisOps: 'none',
  functionName: 'authorizeAccess:assertTenantIsolation',
  action: 'analytics:view',
  route: null,
  cacheStatus: 'none',
  dbQueries: [ 'tenantIsolationLedger.upsert' ]
}
FEATURE_GATE_AWAIT_TRACE {
  event: 'end',
  fileName: 'backend/src/services/security/securityGovernanceOS.service.ts',
  redisOps: 'none',
  functionName: 'authorizeAccess:assertTenantIsolation',
  durationMs: 0,
  action: 'analytics:view',
  route: null,
  cacheStatus: 'none',
  dbQueries: [ 'tenantIsolationLedger.upsert' ]
}
FEATURE_GATE_AWAIT_TRACE {
  event: 'end',
  fileName: 'backend/src/services/security/securityGovernanceOS.service.ts',
  redisOps: 'none',
  functionName: 'assertAuthorizedAccess:authorizeAccess',
  durationMs: 1,
  action: 'analytics:view',
  route: null,
  cacheStatus: 'delegated',
  dbQueries: [ 'see nested FEATURE_GATE_AWAIT_TRACE events' ]
}
FEATURE_GATE_AWAIT_TRACE {
  event: 'start',
  fileName: 'backend/src/services/security/securityGovernanceOS.service.ts',
  redisOps: 'none',
  functionName: 'authorizeAccess:attestInfraIsolation',
  action: 'analytics:view',
  route: null,
  cacheStatus: 'none',
  dbQueries: [ 'isolationAttestationLedger.create' ]
}
FEATURE_GATE_AWAIT_TRACE {
  event: 'start',
  fileName: 'backend/src/services/security/securityGovernanceOS.service.ts',
  redisOps: 'none',
  functionName: 'attestInfraIsolation:isolationAttestationLedger.upsert',
  cacheStatus: 'none',
  dbQueries: [
    'isolationAttestationLedger.upsert(isolation_attest:774f14c69fc2280dc4d1eb2f)'
  ],
  attestationKey: 'isolation_attest:774f14c69fc2280dc4d1eb2f'
}
FEATURE_GATE_AWAIT_TRACE {
  event: 'start',
  fileName: 'backend/src/services/security/securityGovernanceOS.service.ts',
  redisOps: 'none',
  functionName: 'authorizeAccess:appendAuthEvent:authorized',
  action: 'analytics:view',
  route: null,
  cacheStatus: 'none',
  dbQueries: [ 'authEventLedger.upsert' ]
}
FEATURE_GATE_AWAIT_TRACE {
  event: 'start',
  fileName: 'backend/src/services/security/securityGovernanceOS.service.ts',
  redisOps: 'none',
  functionName: 'appendAuthEvent:authEventLedger.upsert',
  cacheStatus: 'none',
  dbQueries: [ 'authEventLedger.upsert(auth_evt:22944988b421ea97ef9cc04438)' ],
  eventKey: 'auth_evt:22944988b421ea97ef9cc04438',
  action: 'analytics:view',
  outcome: 'ALLOWED'
}
prisma:error 
Invalid `prisma.dataAccessAuditLedger.upsert()` invocation:


Raw query failed. Code: `unknown`. Message: `Kind: Transactions are not supported by this deployment, labels: {}, source: None`
prisma:error 
Invalid `prisma.isolationAttestationLedger.upsert()` invocation:


Raw query failed. Code: `unknown`. Message: `Kind: Transactions are not supported by this deployment, labels: {}, source: None`
FEATURE_GATE_AWAIT_TRACE {
  event: 'end',
  fileName: 'backend/src/services/security/securityGovernanceOS.service.ts',
  redisOps: 'none',
  functionName: 'attestInfraIsolation:isolationAttestationLedger.upsert',
  durationMs: 4,
  cacheStatus: 'none',
  dbQueries: [
    'isolationAttestationLedger.upsert(isolation_attest:774f14c69fc2280dc4d1eb2f)'
  ],
  attestationKey: 'isolation_attest:774f14c69fc2280dc4d1eb2f'
}
FEATURE_GATE_AWAIT_TRACE {
  event: 'end',
  fileName: 'backend/src/services/security/securityGovernanceOS.service.ts',
  redisOps: 'none',
  functionName: 'authorizeAccess:attestInfraIsolation',
  durationMs: 5,
  action: 'analytics:view',
  route: null,
  cacheStatus: 'none',
  dbQueries: [ 'isolationAttestationLedger.create' ]
}
prisma:error 
Invalid `prisma.authEventLedger.upsert()` invocation:


Raw query failed. Code: `unknown`. Message: `Kind: Transactions are not supported by this deployment, labels: {}, source: None`
FEATURE_GATE_AWAIT_TRACE {
  event: 'end',
  fileName: 'backend/src/services/security/securityGovernanceOS.service.ts',
  redisOps: 'none',
  functionName: 'appendAuthEvent:authEventLedger.upsert',
  durationMs: 4,
  cacheStatus: 'none',
  dbQueries: [ 'authEventLedger.upsert(auth_evt:22944988b421ea97ef9cc04438)' ],
  eventKey: 'auth_evt:22944988b421ea97ef9cc04438',
  action: 'analytics:view',
  outcome: 'ALLOWED'
}
FEATURE_GATE_AWAIT_TRACE {
  event: 'end',
  fileName: 'backend/src/services/security/securityGovernanceOS.service.ts',
  redisOps: 'none',
  functionName: 'authorizeAccess:appendAuthEvent:authorized',
  durationMs: 4,
  action: 'analytics:view',
  route: null,
  cacheStatus: 'none',
  dbQueries: [ 'authEventLedger.upsert' ]
}
startup_event_loop_lag {
  metric: 'startup_event_loop_lag',
  value: 1,
  businessId: null,
  route: 'startup_isolation',
  metadata: null,
  recordedAt: '2026-07-06T15:42:17.614Z'
}
FEATURE_GATE_AWAIT_TRACE {
  event: 'start',
  fileName: 'backend/src/services/security/securityGovernanceOS.service.ts',
  redisOps: 'none',
  functionName: 'assertAuthorizedAccess:authorizeAccess',
  action: 'analytics:view',
  route: null,
  cacheStatus: 'delegated',
  dbQueries: [ 'see nested FEATURE_GATE_AWAIT_TRACE events' ]
}
FEATURE_GATE_AWAIT_TRACE {
  event: 'start',
  fileName: 'backend/src/services/security/securityGovernanceOS.service.ts',
  redisOps: 'none',
  functionName: 'authorizeAccess:assertTenantIsolation',
  action: 'analytics:view',
  route: null,
  cacheStatus: 'none',
  dbQueries: [ 'tenantIsolationLedger.upsert' ]
}
FEATURE_GATE_AWAIT_TRACE {
  event: 'end',
  fileName: 'backend/src/services/security/securityGovernanceOS.service.ts',
  redisOps: 'none',
  functionName: 'authorizeAccess:assertTenantIsolation',
  durationMs: 1,
  action: 'analytics:view',
  route: null,
  cacheStatus: 'none',
  dbQueries: [ 'tenantIsolationLedger.upsert' ]
}
FEATURE_GATE_AWAIT_TRACE {
  event: 'end',
  fileName: 'backend/src/services/security/securityGovernanceOS.service.ts',
  redisOps: 'none',
  functionName: 'assertAuthorizedAccess:authorizeAccess',
  durationMs: 2,
  action: 'analytics:view',
  route: null,
  cacheStatus: 'delegated',
  dbQueries: [ 'see nested FEATURE_GATE_AWAIT_TRACE events' ]
}
FEATURE_GATE_AWAIT_TRACE {
  event: 'start',
  fileName: 'backend/src/services/security/securityGovernanceOS.service.ts',
  redisOps: 'none',
  functionName: 'authorizeAccess:attestInfraIsolation',
  action: 'analytics:view',
  route: null,
  cacheStatus: 'none',
  dbQueries: [ 'isolationAttestationLedger.create' ]
}
FEATURE_GATE_AWAIT_TRACE {
  event: 'start',
  fileName: 'backend/src/services/security/securityGovernanceOS.service.ts',
  redisOps: 'none',
  functionName: 'attestInfraIsolation:isolationAttestationLedger.upsert',
  cacheStatus: 'none',
  dbQueries: [
    'isolationAttestationLedger.upsert(isolation_attest:43b42fb7129a09249d43cca1)'
  ],
  attestationKey: 'isolation_attest:43b42fb7129a09249d43cca1'
}
FEATURE_GATE_AWAIT_TRACE {
  event: 'start',
  fileName: 'backend/src/services/security/securityGovernanceOS.service.ts',
  redisOps: 'none',
  functionName: 'authorizeAccess:appendAuthEvent:authorized',
  action: 'analytics:view',
  route: null,
  cacheStatus: 'none',
  dbQueries: [ 'authEventLedger.upsert' ]
}
FEATURE_GATE_AWAIT_TRACE {
  event: 'start',
  fileName: 'backend/src/services/security/securityGovernanceOS.service.ts',
  redisOps: 'none',
  functionName: 'appendAuthEvent:authEventLedger.upsert',
  cacheStatus: 'none',
  dbQueries: [ 'authEventLedger.upsert(auth_evt:c02311448f4f59fc0693fdf24e)' ],
  eventKey: 'auth_evt:c02311448f4f59fc0693fdf24e',
  action: 'analytics:view',
  outcome: 'ALLOWED'
}
prisma:error 
Invalid `prisma.dataAccessAuditLedger.upsert()` invocation:


Raw query failed. Code: `unknown`. Message: `Kind: Transactions are not supported by this deployment, labels: {}, source: None`
prisma:error 
Invalid `prisma.isolationAttestationLedger.upsert()` invocation:


Raw query failed. Code: `unknown`. Message: `Kind: Transactions are not supported by this deployment, labels: {}, source: None`
FEATURE_GATE_AWAIT_TRACE {
  event: 'end',
  fileName: 'backend/src/services/security/securityGovernanceOS.service.ts',
  redisOps: 'none',
  functionName: 'attestInfraIsolation:isolationAttestationLedger.upsert',
  durationMs: 4,
  cacheStatus: 'none',
  dbQueries: [
    'isolationAttestationLedger.upsert(isolation_attest:43b42fb7129a09249d43cca1)'
  ],
  attestationKey: 'isolation_attest:43b42fb7129a09249d43cca1'
}
FEATURE_GATE_AWAIT_TRACE {
  event: 'end',
  fileName: 'backend/src/services/security/securityGovernanceOS.service.ts',
  redisOps: 'none',
  functionName: 'authorizeAccess:attestInfraIsolation',
  durationMs: 4,
  action: 'analytics:view',
  route: null,
  cacheStatus: 'none',
  dbQueries: [ 'isolationAttestationLedger.create' ]
}
prisma:error 
Invalid `prisma.authEventLedger.upsert()` invocation:


Raw query failed. Code: `unknown`. Message: `Kind: Transactions are not supported by this deployment, labels: {}, source: None`
FEATURE_GATE_AWAIT_TRACE {
  event: 'end',
  fileName: 'backend/src/services/security/securityGovernanceOS.service.ts',
  redisOps: 'none',
  functionName: 'appendAuthEvent:authEventLedger.upsert',
  durationMs: 3,
  cacheStatus: 'none',
  dbQueries: [ 'authEventLedger.upsert(auth_evt:c02311448f4f59fc0693fdf24e)' ],
  eventKey: 'auth_evt:c02311448f4f59fc0693fdf24e',
  action: 'analytics:view',
  outcome: 'ALLOWED'
}
FEATURE_GATE_AWAIT_TRACE {
  event: 'end',
  fileName: 'backend/src/services/security/securityGovernanceOS.service.ts',
  redisOps: 'none',
  functionName: 'authorizeAccess:appendAuthEvent:authorized',
  durationMs: 3,
  action: 'analytics:view',
  route: null,
  cacheStatus: 'none',
  dbQueries: [ 'authEventLedger.upsert' ]
}
startup_event_loop_lag {
  metric: 'startup_event_loop_lag',
  value: 1,
  businessId: null,
  route: 'startup_isolation',
  metadata: null,
  recordedAt: '2026-07-06T15:42:18.681Z'
}
FEATURE_GATE_AWAIT_TRACE {
  event: 'start',
  fileName: 'backend/src/services/security/securityGovernanceOS.service.ts',
  redisOps: 'none',
  functionName: 'assertAuthorizedAccess:authorizeAccess',
  action: 'analytics:view',
  route: null,
  cacheStatus: 'delegated',
  dbQueries: [ 'see nested FEATURE_GATE_AWAIT_TRACE events' ]
}
FEATURE_GATE_AWAIT_TRACE {
  event: 'start',
  fileName: 'backend/src/services/security/securityGovernanceOS.service.ts',
  redisOps: 'none',
  functionName: 'authorizeAccess:assertTenantIsolation',
  action: 'analytics:view',
  route: null,
  cacheStatus: 'none',
  dbQueries: [ 'tenantIsolationLedger.upsert' ]
}
FEATURE_GATE_AWAIT_TRACE {
  event: 'end',
  fileName: 'backend/src/services/security/securityGovernanceOS.service.ts',
  redisOps: 'none',
  functionName: 'authorizeAccess:assertTenantIsolation',
  durationMs: 1,
  action: 'analytics:view',
  route: null,
  cacheStatus: 'none',
  dbQueries: [ 'tenantIsolationLedger.upsert' ]
}
FEATURE_GATE_AWAIT_TRACE {
  event: 'end',
  fileName: 'backend/src/services/security/securityGovernanceOS.service.ts',
  redisOps: 'none',
  functionName: 'assertAuthorizedAccess:authorizeAccess',
  durationMs: 1,
  action: 'analytics:view',
  route: null,
  cacheStatus: 'delegated',
  dbQueries: [ 'see nested FEATURE_GATE_AWAIT_TRACE events' ]
}
FEATURE_GATE_AWAIT_TRACE {
  event: 'start',
  fileName: 'backend/src/services/security/securityGovernanceOS.service.ts',
  redisOps: 'none',
  functionName: 'authorizeAccess:attestInfraIsolation',
  action: 'analytics:view',
  route: null,
  cacheStatus: 'none',
  dbQueries: [ 'isolationAttestationLedger.create' ]
}
FEATURE_GATE_AWAIT_TRACE {
  event: 'start',
  fileName: 'backend/src/services/security/securityGovernanceOS.service.ts',
  redisOps: 'none',
  functionName: 'attestInfraIsolation:isolationAttestationLedger.upsert',
  cacheStatus: 'none',
  dbQueries: [
    'isolationAttestationLedger.upsert(isolation_attest:2a360d99bbe4e228e1682b42)'
  ],
  attestationKey: 'isolation_attest:2a360d99bbe4e228e1682b42'
}
FEATURE_GATE_AWAIT_TRACE {
  event: 'start',
  fileName: 'backend/src/services/security/securityGovernanceOS.service.ts',
  redisOps: 'none',
  functionName: 'authorizeAccess:appendAuthEvent:authorized',
  action: 'analytics:view',
  route: null,
  cacheStatus: 'none',
  dbQueries: [ 'authEventLedger.upsert' ]
}
FEATURE_GATE_AWAIT_TRACE {
  event: 'start',
  fileName: 'backend/src/services/security/securityGovernanceOS.service.ts',
  redisOps: 'none',
  functionName: 'appendAuthEvent:authEventLedger.upsert',
  cacheStatus: 'none',
  dbQueries: [ 'authEventLedger.upsert(auth_evt:c14f4602747964775d4d5b1671)' ],
  eventKey: 'auth_evt:c14f4602747964775d4d5b1671',
  action: 'analytics:view',
  outcome: 'ALLOWED'
}
prisma:error 
Invalid `prisma.dataAccessAuditLedger.upsert()` invocation:


Raw query failed. Code: `unknown`. Message: `Kind: Transactions are not supported by this deployment, labels: {}, source: None`
prisma:error 
Invalid `prisma.isolationAttestationLedger.upsert()` invocation:


Raw query failed. Code: `unknown`. Message: `Kind: Transactions are not supported by this deployment, labels: {}, source: None`
FEATURE_GATE_AWAIT_TRACE {
  event: 'end',
  fileName: 'backend/src/services/security/securityGovernanceOS.service.ts',
  redisOps: 'none',
  functionName: 'attestInfraIsolation:isolationAttestationLedger.upsert',
  durationMs: 2,
  cacheStatus: 'none',
  dbQueries: [
    'isolationAttestationLedger.upsert(isolation_attest:2a360d99bbe4e228e1682b42)'
  ],
  attestationKey: 'isolation_attest:2a360d99bbe4e228e1682b42'
}
FEATURE_GATE_AWAIT_TRACE {
  event: 'end',
  fileName: 'backend/src/services/security/securityGovernanceOS.service.ts',
  redisOps: 'none',
  functionName: 'authorizeAccess:attestInfraIsolation',
  durationMs: 2,
  action: 'analytics:view',
  route: null,
  cacheStatus: 'none',
  dbQueries: [ 'isolationAttestationLedger.create' ]
}
prisma:error 
Invalid `prisma.authEventLedger.upsert()` invocation:


Raw query failed. Code: `unknown`. Message: `Kind: Transactions are not supported by this deployment, labels: {}, source: None`
FEATURE_GATE_AWAIT_TRACE {
  event: 'end',
  fileName: 'backend/src/services/security/securityGovernanceOS.service.ts',
  redisOps: 'none',
  functionName: 'appendAuthEvent:authEventLedger.upsert',
  durationMs: 2,
  cacheStatus: 'none',
  dbQueries: [ 'authEventLedger.upsert(auth_evt:c14f4602747964775d4d5b1671)' ],
  eventKey: 'auth_evt:c14f4602747964775d4d5b1671',
  action: 'analytics:view',
  outcome: 'ALLOWED'
}
FEATURE_GATE_AWAIT_TRACE {
  event: 'end',
  fileName: 'backend/src/services/security/securityGovernanceOS.service.ts',
  redisOps: 'none',
  functionName: 'authorizeAccess:appendAuthEvent:authorized',
  durationMs: 3,
  action: 'analytics:view',
  route: null,
  cacheStatus: 'none',
  dbQueries: [ 'authEventLedger.upsert' ]
}
startup_event_loop_lag {
  metric: 'startup_event_loop_lag',
  value: 12,
  businessId: null,
  route: 'startup_isolation',
  metadata: null,
  recordedAt: '2026-07-06T15:42:19.794Z'
}
FEATURE_GATE_AWAIT_TRACE {
  event: 'start',
  fileName: 'backend/src/services/security/securityGovernanceOS.service.ts',
  redisOps: 'none',
  functionName: 'assertAuthorizedAccess:authorizeAccess',
  action: 'analytics:view',
  route: null,
  cacheStatus: 'delegated',
  dbQueries: [ 'see nested FEATURE_GATE_AWAIT_TRACE events' ]
}
FEATURE_GATE_AWAIT_TRACE {
  event: 'start',
  fileName: 'backend/src/services/security/securityGovernanceOS.service.ts',
  redisOps: 'none',
  functionName: 'authorizeAccess:assertTenantIsolation',
  action: 'analytics:view',
  route: null,
  cacheStatus: 'none',
  dbQueries: [ 'tenantIsolationLedger.upsert' ]
}
FEATURE_GATE_AWAIT_TRACE {
  event: 'end',
  fileName: 'backend/src/services/security/securityGovernanceOS.service.ts',
  redisOps: 'none',
  functionName: 'authorizeAccess:assertTenantIsolation',
  durationMs: 0,
  action: 'analytics:view',
  route: null,
  cacheStatus: 'none',
  dbQueries: [ 'tenantIsolationLedger.upsert' ]
}
FEATURE_GATE_AWAIT_TRACE {
  event: 'end',
  fileName: 'backend/src/services/security/securityGovernanceOS.service.ts',
  redisOps: 'none',
  functionName: 'assertAuthorizedAccess:authorizeAccess',
  durationMs: 2,
  action: 'analytics:view',
  route: null,
  cacheStatus: 'delegated',
  dbQueries: [ 'see nested FEATURE_GATE_AWAIT_TRACE events' ]
}
FEATURE_GATE_AWAIT_TRACE {
  event: 'start',
  fileName: 'backend/src/services/security/securityGovernanceOS.service.ts',
  redisOps: 'none',
  functionName: 'authorizeAccess:attestInfraIsolation',
  action: 'analytics:view',
  route: null,
  cacheStatus: 'none',
  dbQueries: [ 'isolationAttestationLedger.create' ]
}
FEATURE_GATE_AWAIT_TRACE {
  event: 'start',
  fileName: 'backend/src/services/security/securityGovernanceOS.service.ts',
  redisOps: 'none',
  functionName: 'attestInfraIsolation:isolationAttestationLedger.upsert',
  cacheStatus: 'none',
  dbQueries: [
    'isolationAttestationLedger.upsert(isolation_attest:ec9557e8f890935975dc68e7)'
  ],
  attestationKey: 'isolation_attest:ec9557e8f890935975dc68e7'
}
FEATURE_GATE_AWAIT_TRACE {
  event: 'start',
  fileName: 'backend/src/services/security/securityGovernanceOS.service.ts',
  redisOps: 'none',
  functionName: 'authorizeAccess:appendAuthEvent:authorized',
  action: 'analytics:view',
  route: null,
  cacheStatus: 'none',
  dbQueries: [ 'authEventLedger.upsert' ]
}
FEATURE_GATE_AWAIT_TRACE {
  event: 'start',
  fileName: 'backend/src/services/security/securityGovernanceOS.service.ts',
  redisOps: 'none',
  functionName: 'appendAuthEvent:authEventLedger.upsert',
  cacheStatus: 'none',
  dbQueries: [ 'authEventLedger.upsert(auth_evt:29bc0b48a830fc79b991b503c7)' ],
  eventKey: 'auth_evt:29bc0b48a830fc79b991b503c7',
  action: 'analytics:view',
  outcome: 'ALLOWED'
}
prisma:error 
Invalid `prisma.dataAccessAuditLedger.upsert()` invocation:


Raw query failed. Code: `unknown`. Message: `Kind: Transactions are not supported by this deployment, labels: {}, source: None`
prisma:error 
Invalid `prisma.isolationAttestationLedger.upsert()` invocation:


Raw query failed. Code: `unknown`. Message: `Kind: Transactions are not supported by this deployment, labels: {}, source: None`
FEATURE_GATE_AWAIT_TRACE {
  event: 'end',
  fileName: 'backend/src/services/security/securityGovernanceOS.service.ts',
  redisOps: 'none',
  functionName: 'attestInfraIsolation:isolationAttestationLedger.upsert',
  durationMs: 4,
  cacheStatus: 'none',
  dbQueries: [
    'isolationAttestationLedger.upsert(isolation_attest:ec9557e8f890935975dc68e7)'
  ],
  attestationKey: 'isolation_attest:ec9557e8f890935975dc68e7'
}
FEATURE_GATE_AWAIT_TRACE {
  event: 'end',
  fileName: 'backend/src/services/security/securityGovernanceOS.service.ts',
  redisOps: 'none',
  functionName: 'authorizeAccess:attestInfraIsolation',
  durationMs: 5,
  action: 'analytics:view',
  route: null,
  cacheStatus: 'none',
  dbQueries: [ 'isolationAttestationLedger.create' ]
}
prisma:error 
Invalid `prisma.authEventLedger.upsert()` invocation:


Raw query failed. Code: `unknown`. Message: `Kind: Transactions are not supported by this deployment, labels: {}, source: None`
FEATURE_GATE_AWAIT_TRACE {
  event: 'end',
  fileName: 'backend/src/services/security/securityGovernanceOS.service.ts',
  redisOps: 'none',
  functionName: 'appendAuthEvent:authEventLedger.upsert',
  durationMs: 4,
  cacheStatus: 'none',
  dbQueries: [ 'authEventLedger.upsert(auth_evt:29bc0b48a830fc79b991b503c7)' ],
  eventKey: 'auth_evt:29bc0b48a830fc79b991b503c7',
  action: 'analytics:view',
  outcome: 'ALLOWED'
}
FEATURE_GATE_AWAIT_TRACE {
  event: 'end',
  fileName: 'backend/src/services/security/securityGovernanceOS.service.ts',
  redisOps: 'none',
  functionName: 'authorizeAccess:appendAuthEvent:authorized',
  durationMs: 4,
  action: 'analytics:view',
  route: null,
  cacheStatus: 'none',
  dbQueries: [ 'authEventLedger.upsert' ]
}
startup_event_loop_lag {
  metric: 'startup_event_loop_lag',
  value: 15,
  businessId: null,
  route: 'startup_isolation',
  metadata: null,
  recordedAt: '2026-07-06T15:42:20.883Z'
}
FEATURE_GATE_AWAIT_TRACE {
  event: 'start',
  fileName: 'backend/src/services/security/securityGovernanceOS.service.ts',
  redisOps: 'none',
  functionName: 'assertAuthorizedAccess:authorizeAccess',
  action: 'analytics:view',
  route: null,
  cacheStatus: 'delegated',
  dbQueries: [ 'see nested FEATURE_GATE_AWAIT_TRACE events' ]
}
FEATURE_GATE_AWAIT_TRACE {
  event: 'start',
  fileName: 'backend/src/services/security/securityGovernanceOS.service.ts',
  redisOps: 'none',
  functionName: 'authorizeAccess:assertTenantIsolation',
  action: 'analytics:view',
  route: null,
  cacheStatus: 'none',
  dbQueries: [ 'tenantIsolationLedger.upsert' ]
}
FEATURE_GATE_AWAIT_TRACE {
  event: 'end',
  fileName: 'backend/src/services/security/securityGovernanceOS.service.ts',
  redisOps: 'none',
  functionName: 'authorizeAccess:assertTenantIsolation',
  durationMs: 1,
  action: 'analytics:view',
  route: null,
  cacheStatus: 'none',
  dbQueries: [ 'tenantIsolationLedger.upsert' ]
}
FEATURE_GATE_AWAIT_TRACE {
  event: 'end',
  fileName: 'backend/src/services/security/securityGovernanceOS.service.ts',
  redisOps: 'none',
  functionName: 'assertAuthorizedAccess:authorizeAccess',
  durationMs: 3,
  action: 'analytics:view',
  route: null,
  cacheStatus: 'delegated',
  dbQueries: [ 'see nested FEATURE_GATE_AWAIT_TRACE events' ]
}
FEATURE_GATE_AWAIT_TRACE {
  event: 'start',
  fileName: 'backend/src/services/security/securityGovernanceOS.service.ts',
  redisOps: 'none',
  functionName: 'authorizeAccess:attestInfraIsolation',
  action: 'analytics:view',
  route: null,
  cacheStatus: 'none',
  dbQueries: [ 'isolationAttestationLedger.create' ]
}
FEATURE_GATE_AWAIT_TRACE {
  event: 'start',
  fileName: 'backend/src/services/security/securityGovernanceOS.service.ts',
  redisOps: 'none',
  functionName: 'attestInfraIsolation:isolationAttestationLedger.upsert',
  cacheStatus: 'none',
  dbQueries: [
    'isolationAttestationLedger.upsert(isolation_attest:18b4b8e2382c384a694c12d9)'
  ],
  attestationKey: 'isolation_attest:18b4b8e2382c384a694c12d9'
}
FEATURE_GATE_AWAIT_TRACE {
  event: 'start',
  fileName: 'backend/src/services/security/securityGovernanceOS.service.ts',
  redisOps: 'none',
  functionName: 'authorizeAccess:appendAuthEvent:authorized',
  action: 'analytics:view',
  route: null,
  cacheStatus: 'none',
  dbQueries: [ 'authEventLedger.upsert' ]
}
FEATURE_GATE_AWAIT_TRACE {
  event: 'start',
  fileName: 'backend/src/services/security/securityGovernanceOS.service.ts',
  redisOps: 'none',
  functionName: 'appendAuthEvent:authEventLedger.upsert',
  cacheStatus: 'none',
  dbQueries: [ 'authEventLedger.upsert(auth_evt:dc1fe4d6d618d2b621110d2b84)' ],
  eventKey: 'auth_evt:dc1fe4d6d618d2b621110d2b84',
  action: 'analytics:view',
  outcome: 'ALLOWED'
}
prisma:error 
Invalid `prisma.dataAccessAuditLedger.upsert()` invocation:


Raw query failed. Code: `unknown`. Message: `Kind: Transactions are not supported by this deployment, labels: {}, source: None`
prisma:error 
Invalid `prisma.isolationAttestationLedger.upsert()` invocation:


Raw query failed. Code: `unknown`. Message: `Kind: Transactions are not supported by this deployment, labels: {}, source: None`
FEATURE_GATE_AWAIT_TRACE {
  event: 'end',
  fileName: 'backend/src/services/security/securityGovernanceOS.service.ts',
  redisOps: 'none',
  functionName: 'attestInfraIsolation:isolationAttestationLedger.upsert',
  durationMs: 3,
  cacheStatus: 'none',
  dbQueries: [
    'isolationAttestationLedger.upsert(isolation_attest:18b4b8e2382c384a694c12d9)'
  ],
  attestationKey: 'isolation_attest:18b4b8e2382c384a694c12d9'
}
FEATURE_GATE_AWAIT_TRACE {
  event: 'end',
  fileName: 'backend/src/services/security/securityGovernanceOS.service.ts',
  redisOps: 'none',
  functionName: 'authorizeAccess:attestInfraIsolation',
  durationMs: 5,
  action: 'analytics:view',
  route: null,
  cacheStatus: 'none',
  dbQueries: [ 'isolationAttestationLedger.create' ]
}
prisma:error 
Invalid `prisma.authEventLedger.upsert()` invocation:


Raw query failed. Code: `unknown`. Message: `Kind: Transactions are not supported by this deployment, labels: {}, source: None`
FEATURE_GATE_AWAIT_TRACE {
  event: 'end',
  fileName: 'backend/src/services/security/securityGovernanceOS.service.ts',
  redisOps: 'none',
  functionName: 'appendAuthEvent:authEventLedger.upsert',
  durationMs: 3,
  cacheStatus: 'none',
  dbQueries: [ 'authEventLedger.upsert(auth_evt:dc1fe4d6d618d2b621110d2b84)' ],
  eventKey: 'auth_evt:dc1fe4d6d618d2b621110d2b84',
  action: 'analytics:view',
  outcome: 'ALLOWED'
}
FEATURE_GATE_AWAIT_TRACE {
  event: 'end',
  fileName: 'backend/src/services/security/securityGovernanceOS.service.ts',
  redisOps: 'none',
  functionName: 'authorizeAccess:appendAuthEvent:authorized',
  durationMs: 3,
  action: 'analytics:view',
  route: null,
  cacheStatus: 'none',
  dbQueries: [ 'authEventLedger.upsert' ]
}
startup_event_loop_lag {
  metric: 'startup_event_loop_lag',
  value: 3,
  businessId: null,
  route: 'startup_isolation',
  metadata: null,
  recordedAt: '2026-07-06T15:42:21.935Z'
}
FEATURE_GATE_AWAIT_TRACE {
  event: 'start',
  fileName: 'backend/src/services/security/securityGovernanceOS.service.ts',
  redisOps: 'none',
  functionName: 'assertAuthorizedAccess:authorizeAccess',
  action: 'analytics:view',
  route: null,
  cacheStatus: 'delegated',
  dbQueries: [ 'see nested FEATURE_GATE_AWAIT_TRACE events' ]
}
FEATURE_GATE_AWAIT_TRACE {
  event: 'start',
  fileName: 'backend/src/services/security/securityGovernanceOS.service.ts',
  redisOps: 'none',
  functionName: 'authorizeAccess:assertTenantIsolation',
  action: 'analytics:view',
  route: null,
  cacheStatus: 'none',
  dbQueries: [ 'tenantIsolationLedger.upsert' ]
}
FEATURE_GATE_AWAIT_TRACE {
  event: 'end',
  fileName: 'backend/src/services/security/securityGovernanceOS.service.ts',
  redisOps: 'none',
  functionName: 'authorizeAccess:assertTenantIsolation',
  durationMs: 2,
  action: 'analytics:view',
  route: null,
  cacheStatus: 'none',
  dbQueries: [ 'tenantIsolationLedger.upsert' ]
}
FEATURE_GATE_AWAIT_TRACE {
  event: 'end',
  fileName: 'backend/src/services/security/securityGovernanceOS.service.ts',
  redisOps: 'none',
  functionName: 'assertAuthorizedAccess:authorizeAccess',
  durationMs: 3,
  action: 'analytics:view',
  route: null,
  cacheStatus: 'delegated',
  dbQueries: [ 'see nested FEATURE_GATE_AWAIT_TRACE events' ]
}
FEATURE_GATE_AWAIT_TRACE {
  event: 'start',
  fileName: 'backend/src/services/security/securityGovernanceOS.service.ts',
  redisOps: 'none',
  functionName: 'authorizeAccess:attestInfraIsolation',
  action: 'analytics:view',
  route: null,
  cacheStatus: 'none',
  dbQueries: [ 'isolationAttestationLedger.create' ]
}
FEATURE_GATE_AWAIT_TRACE {
  event: 'start',
  fileName: 'backend/src/services/security/securityGovernanceOS.service.ts',
  redisOps: 'none',
  functionName: 'attestInfraIsolation:isolationAttestationLedger.upsert',
  cacheStatus: 'none',
  dbQueries: [
    'isolationAttestationLedger.upsert(isolation_attest:202bfda5d01e2c50df16ea13)'
  ],
  attestationKey: 'isolation_attest:202bfda5d01e2c50df16ea13'
}
FEATURE_GATE_AWAIT_TRACE {
  event: 'start',
  fileName: 'backend/src/services/security/securityGovernanceOS.service.ts',
  redisOps: 'none',
  functionName: 'authorizeAccess:appendAuthEvent:authorized',
  action: 'analytics:view',
  route: null,
  cacheStatus: 'none',
  dbQueries: [ 'authEventLedger.upsert' ]
}
FEATURE_GATE_AWAIT_TRACE {
  event: 'start',
  fileName: 'backend/src/services/security/securityGovernanceOS.service.ts',
  redisOps: 'none',
  functionName: 'appendAuthEvent:authEventLedger.upsert',
  cacheStatus: 'none',
  dbQueries: [ 'authEventLedger.upsert(auth_evt:cb86bd1911691ac25058590e56)' ],
  eventKey: 'auth_evt:cb86bd1911691ac25058590e56',
  action: 'analytics:view',
  outcome: 'ALLOWED'
}
prisma:error 
Invalid `prisma.dataAccessAuditLedger.upsert()` invocation:


Raw query failed. Code: `unknown`. Message: `Kind: Transactions are not supported by this deployment, labels: {}, source: None`
prisma:error 
Invalid `prisma.isolationAttestationLedger.upsert()` invocation:


Raw query failed. Code: `unknown`. Message: `Kind: Transactions are not supported by this deployment, labels: {}, source: None`
FEATURE_GATE_AWAIT_TRACE {
  event: 'end',
  fileName: 'backend/src/services/security/securityGovernanceOS.service.ts',
  redisOps: 'none',
  functionName: 'attestInfraIsolation:isolationAttestationLedger.upsert',
  durationMs: 2,
  cacheStatus: 'none',
  dbQueries: [
    'isolationAttestationLedger.upsert(isolation_attest:202bfda5d01e2c50df16ea13)'
  ],
  attestationKey: 'isolation_attest:202bfda5d01e2c50df16ea13'
}
FEATURE_GATE_AWAIT_TRACE {
  event: 'end',
  fileName: 'backend/src/services/security/securityGovernanceOS.service.ts',
  redisOps: 'none',
  functionName: 'authorizeAccess:attestInfraIsolation',
  durationMs: 3,
  action: 'analytics:view',
  route: null,
  cacheStatus: 'none',
  dbQueries: [ 'isolationAttestationLedger.create' ]
}
prisma:error 
Invalid `prisma.authEventLedger.upsert()` invocation:


Raw query failed. Code: `unknown`. Message: `Kind: Transactions are not supported by this deployment, labels: {}, source: None`
FEATURE_GATE_AWAIT_TRACE {
  event: 'end',
  fileName: 'backend/src/services/security/securityGovernanceOS.service.ts',
  redisOps: 'none',
  functionName: 'appendAuthEvent:authEventLedger.upsert',
  durationMs: 2,
  cacheStatus: 'none',
  dbQueries: [ 'authEventLedger.upsert(auth_evt:cb86bd1911691ac25058590e56)' ],
  eventKey: 'auth_evt:cb86bd1911691ac25058590e56',
  action: 'analytics:view',
  outcome: 'ALLOWED'
}
FEATURE_GATE_AWAIT_TRACE {
  event: 'end',
  fileName: 'backend/src/services/security/securityGovernanceOS.service.ts',
  redisOps: 'none',
  functionName: 'authorizeAccess:appendAuthEvent:authorized',
  durationMs: 3,
  action: 'analytics:view',
  route: null,
  cacheStatus: 'none',
  dbQueries: [ 'authEventLedger.upsert' ]
}
startup_event_loop_lag {
  metric: 'startup_event_loop_lag',
  value: 2,
  businessId: null,
  route: 'startup_isolation',
  metadata: null,
  recordedAt: '2026-07-06T15:42:23.019Z'
}
FEATURE_GATE_AWAIT_TRACE {
  event: 'start',
  fileName: 'backend/src/services/security/securityGovernanceOS.service.ts',
  redisOps: 'none',
  functionName: 'assertAuthorizedAccess:authorizeAccess',
  action: 'analytics:view',
  route: null,
  cacheStatus: 'delegated',
  dbQueries: [ 'see nested FEATURE_GATE_AWAIT_TRACE events' ]
}
FEATURE_GATE_AWAIT_TRACE {
  event: 'start',
  fileName: 'backend/src/services/security/securityGovernanceOS.service.ts',
  redisOps: 'none',
  functionName: 'authorizeAccess:assertTenantIsolation',
  action: 'analytics:view',
  route: null,
  cacheStatus: 'none',
  dbQueries: [ 'tenantIsolationLedger.upsert' ]
}
FEATURE_GATE_AWAIT_TRACE {
  event: 'end',
  fileName: 'backend/src/services/security/securityGovernanceOS.service.ts',
  redisOps: 'none',
  functionName: 'authorizeAccess:assertTenantIsolation',
  durationMs: 1,
  action: 'analytics:view',
  route: null,
  cacheStatus: 'none',
  dbQueries: [ 'tenantIsolationLedger.upsert' ]
}
FEATURE_GATE_AWAIT_TRACE {
  event: 'end',
  fileName: 'backend/src/services/security/securityGovernanceOS.service.ts',
  redisOps: 'none',
  functionName: 'assertAuthorizedAccess:authorizeAccess',
  durationMs: 2,
  action: 'analytics:view',
  route: null,
  cacheStatus: 'delegated',
  dbQueries: [ 'see nested FEATURE_GATE_AWAIT_TRACE events' ]
}
FEATURE_GATE_AWAIT_TRACE {
  event: 'start',
  fileName: 'backend/src/services/security/securityGovernanceOS.service.ts',
  redisOps: 'none',
  functionName: 'authorizeAccess:attestInfraIsolation',
  action: 'analytics:view',
  route: null,
  cacheStatus: 'none',
  dbQueries: [ 'isolationAttestationLedger.create' ]
}
FEATURE_GATE_AWAIT_TRACE {
  event: 'start',
  fileName: 'backend/src/services/security/securityGovernanceOS.service.ts',
  redisOps: 'none',
  functionName: 'attestInfraIsolation:isolationAttestationLedger.upsert',
  cacheStatus: 'none',
  dbQueries: [
    'isolationAttestationLedger.upsert(isolation_attest:401b4fc490cf5c28ad8169f6)'
  ],
  attestationKey: 'isolation_attest:401b4fc490cf5c28ad8169f6'
}
FEATURE_GATE_AWAIT_TRACE {
  event: 'start',
  fileName: 'backend/src/services/security/securityGovernanceOS.service.ts',
  redisOps: 'none',
  functionName: 'authorizeAccess:appendAuthEvent:authorized',
  action: 'analytics:view',
  route: null,
  cacheStatus: 'none',
  dbQueries: [ 'authEventLedger.upsert' ]
}
FEATURE_GATE_AWAIT_TRACE {
  event: 'start',
  fileName: 'backend/src/services/security/securityGovernanceOS.service.ts',
  redisOps: 'none',
  functionName: 'appendAuthEvent:authEventLedger.upsert',
  cacheStatus: 'none',
  dbQueries: [ 'authEventLedger.upsert(auth_evt:8d54afb4a249530e41c08a1d5c)' ],
  eventKey: 'auth_evt:8d54afb4a249530e41c08a1d5c',
  action: 'analytics:view',
  outcome: 'ALLOWED'
}
prisma:error 
Invalid `prisma.dataAccessAuditLedger.upsert()` invocation:


Raw query failed. Code: `unknown`. Message: `Kind: Transactions are not supported by this deployment, labels: {}, source: None`
prisma:error 
Invalid `prisma.isolationAttestationLedger.upsert()` invocation:


Raw query failed. Code: `unknown`. Message: `Kind: Transactions are not supported by this deployment, labels: {}, source: None`
FEATURE_GATE_AWAIT_TRACE {
  event: 'end',
  fileName: 'backend/src/services/security/securityGovernanceOS.service.ts',
  redisOps: 'none',
  functionName: 'attestInfraIsolation:isolationAttestationLedger.upsert',
  durationMs: 4,
  cacheStatus: 'none',
  dbQueries: [
    'isolationAttestationLedger.upsert(isolation_attest:401b4fc490cf5c28ad8169f6)'
  ],
  attestationKey: 'isolation_attest:401b4fc490cf5c28ad8169f6'
}
FEATURE_GATE_AWAIT_TRACE {
  event: 'end',
  fileName: 'backend/src/services/security/securityGovernanceOS.service.ts',
  redisOps: 'none',
  functionName: 'authorizeAccess:attestInfraIsolation',
  durationMs: 4,
  action: 'analytics:view',
  route: null,
  cacheStatus: 'none',
  dbQueries: [ 'isolationAttestationLedger.create' ]
}
prisma:error 
Invalid `prisma.authEventLedger.upsert()` invocation:


Raw query failed. Code: `unknown`. Message: `Kind: Transactions are not supported by this deployment, labels: {}, source: None`
FEATURE_GATE_AWAIT_TRACE {
  event: 'end',
  fileName: 'backend/src/services/security/securityGovernanceOS.service.ts',
  redisOps: 'none',
  functionName: 'appendAuthEvent:authEventLedger.upsert',
  durationMs: 4,
  cacheStatus: 'none',
  dbQueries: [ 'authEventLedger.upsert(auth_evt:8d54afb4a249530e41c08a1d5c)' ],
  eventKey: 'auth_evt:8d54afb4a249530e41c08a1d5c',
  action: 'analytics:view',
  outcome: 'ALLOWED'
}
FEATURE_GATE_AWAIT_TRACE {
  event: 'end',
  fileName: 'backend/src/services/security/securityGovernanceOS.service.ts',
  redisOps: 'none',
  functionName: 'authorizeAccess:appendAuthEvent:authorized',
  durationMs: 4,
  action: 'analytics:view',
  route: null,
  cacheStatus: 'none',
  dbQueries: [ 'authEventLedger.upsert' ]
}
startup_event_loop_lag {
  metric: 'startup_event_loop_lag',
  value: 13,
  businessId: null,
  route: 'startup_isolation',
  metadata: null,
  recordedAt: '2026-07-06T15:42:24.103Z'
}
FEATURE_GATE_AWAIT_TRACE {
  event: 'start',
  fileName: 'backend/src/services/security/securityGovernanceOS.service.ts',
  redisOps: 'none',
  functionName: 'assertAuthorizedAccess:authorizeAccess',
  action: 'analytics:view',
  route: null,
  cacheStatus: 'delegated',
  dbQueries: [ 'see nested FEATURE_GATE_AWAIT_TRACE events' ]
}
FEATURE_GATE_AWAIT_TRACE {
  event: 'start',
  fileName: 'backend/src/services/security/securityGovernanceOS.service.ts',
  redisOps: 'none',
  functionName: 'authorizeAccess:assertTenantIsolation',
  action: 'analytics:view',
  route: null,
  cacheStatus: 'none',
  dbQueries: [ 'tenantIsolationLedger.upsert' ]
}
FEATURE_GATE_AWAIT_TRACE {
  event: 'end',
  fileName: 'backend/src/services/security/securityGovernanceOS.service.ts',
  redisOps: 'none',
  functionName: 'authorizeAccess:assertTenantIsolation',
  durationMs: 1,
  action: 'analytics:view',
  route: null,
  cacheStatus: 'none',
  dbQueries: [ 'tenantIsolationLedger.upsert' ]
}
FEATURE_GATE_AWAIT_TRACE {
  event: 'end',
  fileName: 'backend/src/services/security/securityGovernanceOS.service.ts',
  redisOps: 'none',
  functionName: 'assertAuthorizedAccess:authorizeAccess',
  durationMs: 3,
  action: 'analytics:view',
  route: null,
  cacheStatus: 'delegated',
  dbQueries: [ 'see nested FEATURE_GATE_AWAIT_TRACE events' ]
}
FEATURE_GATE_AWAIT_TRACE {
  event: 'start',
  fileName: 'backend/src/services/security/securityGovernanceOS.service.ts',
  redisOps: 'none',
  functionName: 'authorizeAccess:attestInfraIsolation',
  action: 'analytics:view',
  route: null,
  cacheStatus: 'none',
  dbQueries: [ 'isolationAttestationLedger.create' ]
}
FEATURE_GATE_AWAIT_TRACE {
  event: 'start',
  fileName: 'backend/src/services/security/securityGovernanceOS.service.ts',
  redisOps: 'none',
  functionName: 'attestInfraIsolation:isolationAttestationLedger.upsert',
  cacheStatus: 'none',
  dbQueries: [
    'isolationAttestationLedger.upsert(isolation_attest:934a48db90d4ea00a6ff57aa)'
  ],
  attestationKey: 'isolation_attest:934a48db90d4ea00a6ff57aa'
}
FEATURE_GATE_AWAIT_TRACE {
  event: 'start',
  fileName: 'backend/src/services/security/securityGovernanceOS.service.ts',
  redisOps: 'none',
  functionName: 'authorizeAccess:appendAuthEvent:authorized',
  action: 'analytics:view',
  route: null,
  cacheStatus: 'none',
  dbQueries: [ 'authEventLedger.upsert' ]
}
FEATURE_GATE_AWAIT_TRACE {
  event: 'start',
  fileName: 'backend/src/services/security/securityGovernanceOS.service.ts',
  redisOps: 'none',
  functionName: 'appendAuthEvent:authEventLedger.upsert',
  cacheStatus: 'none',
  dbQueries: [ 'authEventLedger.upsert(auth_evt:8218371e8c2357557c453c4e3f)' ],
  eventKey: 'auth_evt:8218371e8c2357557c453c4e3f',
  action: 'analytics:view',
  outcome: 'ALLOWED'
}
prisma:error 
Invalid `prisma.dataAccessAuditLedger.upsert()` invocation:


Raw query failed. Code: `unknown`. Message: `Kind: Transactions are not supported by this deployment, labels: {}, source: None`
prisma:error 
Invalid `prisma.isolationAttestationLedger.upsert()` invocation:


Raw query failed. Code: `unknown`. Message: `Kind: Transactions are not supported by this deployment, labels: {}, source: None`
FEATURE_GATE_AWAIT_TRACE {
  event: 'end',
  fileName: 'backend/src/services/security/securityGovernanceOS.service.ts',
  redisOps: 'none',
  functionName: 'attestInfraIsolation:isolationAttestationLedger.upsert',
  durationMs: 3,
  cacheStatus: 'none',
  dbQueries: [
    'isolationAttestationLedger.upsert(isolation_attest:934a48db90d4ea00a6ff57aa)'
  ],
  attestationKey: 'isolation_attest:934a48db90d4ea00a6ff57aa'
}
FEATURE_GATE_AWAIT_TRACE {
  event: 'end',
  fileName: 'backend/src/services/security/securityGovernanceOS.service.ts',
  redisOps: 'none',
  functionName: 'authorizeAccess:attestInfraIsolation',
  durationMs: 4,
  action: 'analytics:view',
  route: null,
  cacheStatus: 'none',
  dbQueries: [ 'isolationAttestationLedger.create' ]
}
prisma:error 
Invalid `prisma.authEventLedger.upsert()` invocation:


Raw query failed. Code: `unknown`. Message: `Kind: Transactions are not supported by this deployment, labels: {}, source: None`
FEATURE_GATE_AWAIT_TRACE {
  event: 'end',
  fileName: 'backend/src/services/security/securityGovernanceOS.service.ts',
  redisOps: 'none',
  functionName: 'appendAuthEvent:authEventLedger.upsert',
  durationMs: 3,
  cacheStatus: 'none',
  dbQueries: [ 'authEventLedger.upsert(auth_evt:8218371e8c2357557c453c4e3f)' ],
  eventKey: 'auth_evt:8218371e8c2357557c453c4e3f',
  action: 'analytics:view',
  outcome: 'ALLOWED'
}
FEATURE_GATE_AWAIT_TRACE {
  event: 'end',
  fileName: 'backend/src/services/security/securityGovernanceOS.service.ts',
  redisOps: 'none',
  functionName: 'authorizeAccess:appendAuthEvent:authorized',
  durationMs: 4,
  action: 'analytics:view',
  route: null,
  cacheStatus: 'none',
  dbQueries: [ 'authEventLedger.upsert' ]
}
prisma:error 
Invalid `prisma.user.findFirst()` invocation:


Raw query failed. Code: `unknown`. Message: `Kind: Server selection timeout: No available servers. Topology: { Type: Unknown, Servers: [ { Address: localhost:27017, Type: Unknown, Error: Kind: I/O error: No connection could be made because the target machine actively refused it. (os error 10061), labels: {}, source: None } ] }, labels: {}, source: None`
{"level":50,"time":1783352544895,"traceId":null,"correlationId":null,"tenantId":null,"leadId":null,"interactionId":null,"appointmentId":null,"proposalId":null,"contractId":null,"paymentId":null,"queueJobId":null,"workerId":null,"provider":null,"severity":"info","component":"runtime","phase":"operations","version":"phase6a.v1","err":{"type":"PrismaClientKnownRequestError","message":"\nInvalid `prisma.user.findFirst()` invocation:\n\n\nRaw query failed. Code: `unknown`. Message: `Kind: Server selection timeout: No available servers. Topology: { Type: Unknown, Servers: [ { Address: localhost:27017, Type: Unknown, Error: Kind: I/O error: No connection could be made because the target machine actively refused it. (os error 10061), labels: {}, source: None } ] }, labels: {}, source: None`","stack":"PrismaClientKnownRequestError: \nInvalid `prisma.user.findFirst()` invocation:\n\n\nRaw query failed. Code: `unknown`. Message: `Kind: Server selection timeout: No available servers. Topology: { Type: Unknown, Servers: [ { Address: localhost:27017, Type: Unknown, Error: Kind: I/O error: No connection could be made because the target machine actively refused it. (os error 10061), labels: {}, source: None } ] }, labels: {}, source: None`\n    at ei.handleRequestError (D:\\sylph-ai\\backend\\node_modules\\@prisma\\client\\runtime\\library.js:121:7268)\n    at ei.handleAndLogRequestError (D:\\sylph-ai\\backend\\node_modules\\@prisma\\client\\runtime\\library.js:121:6593)\n    at ei.request (D:\\sylph-ai\\backend\\node_modules\\@prisma\\client\\runtime\\library.js:121:6300)\n    at async a (D:\\sylph-ai\\backend\\node_modules\\@prisma\\client\\runtime\\library.js:130:9551)\n    at async startServer (D:\\sylph-ai\\backend\\dist\\server.js:394:9)","code":"P2010","meta":{"type":"Object","message":"Kind: Server selection timeout: No available servers. Topology: { Type: Unknown, Servers: [ { Address: localhost:27017, Type: Unknown, Error: Kind: I/O error: No connection could be made because the target machine actively refused it. (os error 10061), labels: {}, source: None } ] }, labels: {}, source: None","stack":"","modelName":"User","code":"unknown"},"clientVersion":"6.19.2","name":"PrismaClientKnownRequestError"},"msg":"Database connection failed or deferred during startup"}
[Runtime Kernel] Initializing Bootstrapper...
[Contract Registry] Registered contract for [memory.fact.created] v[1.0.0]
[Contract Registry] Registered contract for [identity.profile.created] v[1.0.0]
[Contract Registry] Registered contract for [knowledge.created] v[1.0.0]
[Contract Registry] Registered contract for [knowledge.updated] v[1.0.0]
[Contract Registry] Registered contract for [knowledge.deleted] v[1.0.0]
[Contract Registry] Registered contract for [knowledge.imported] v[1.0.0]
[Contract Registry] Registered contract for [knowledge.embedded] v[1.0.0]
[Contract Registry] Registered contract for [knowledge.indexed] v[1.0.0]
[Tool Registry] Registered tool [search_knowledge] v[1.0.0]
[Tool Registry] Registered tool [retrieve_knowledge] v[1.0.0]
[Tool Registry] Registered tool [import_knowledge] v[1.0.0]
[Tool Registry] Registered tool [update_knowledge] v[1.0.0]
[Tool Registry] Registered tool [delete_knowledge] v[1.0.0]
[Tool Registry] Registered tool [embed_knowledge] v[1.0.0]
[Tool Registry] Registered tool [index_knowledge] v[1.0.0]
[Plugin Registry] Registered plugin [Knowledge Runtime Plugin] v[1.0.0]
[Contract Registry] Registered contract for [lead.created] v[1.0.0]
[Contract Registry] Registered contract for [lead.updated] v[1.0.0]
[Contract Registry] Registered contract for [lead.deleted] v[1.0.0]
[Contract Registry] Registered contract for [customer.created] v[1.0.0]
[Contract Registry] Registered contract for [customer.updated] v[1.0.0]
[Contract Registry] Registered contract for [customer.converted] v[1.0.0]
[Contract Registry] Registered contract for [pipeline.stage.changed] v[1.0.0]
[Contract Registry] Registered contract for [deal.created] v[1.0.0]
[Contract Registry] Registered contract for [deal.won] v[1.0.0]
[Contract Registry] Registered contract for [deal.lost] v[1.0.0]
[Contract Registry] Registered contract for [contact.updated] v[1.0.0]
[Tool Registry] Registered tool [search_customer] v[1.0.0]
[Tool Registry] Registered tool [create_lead] v[1.0.0]
[Tool Registry] Registered tool [update_lead] v[1.0.0]
[Tool Registry] Registered tool [qualify_lead] v[1.0.0]
[Tool Registry] Registered tool [move_pipeline] v[1.0.0]
[Tool Registry] Registered tool [retrieve_customer] v[1.0.0]
[Tool Registry] Registered tool [merge_customer] v[1.0.0]
[Tool Registry] Registered tool [link_conversation] v[1.0.0]
[Tool Registry] Registered tool [attach_knowledge] v[1.0.0]
[Plugin Registry] Registered plugin [CRM Runtime Plugin] v[1.0.0]
[Contract Registry] Registered contract for [conversation.started] v[1.0.0]
[Contract Registry] Registered contract for [conversation.resumed] v[1.0.0]
[Contract Registry] Registered contract for [message.received] v[1.0.0]
[Contract Registry] Registered contract for [message.sent] v[1.0.0]
[Contract Registry] Registered contract for [conversation.paused] v[1.0.0]
[Contract Registry] Registered contract for [conversation.closed] v[1.0.0]
[Contract Registry] Registered contract for [conversation.escalated] v[1.0.0]
[Contract Registry] Registered contract for [conversation.handoff] v[1.0.0]
[Contract Registry] Registered contract for [conversation.summary.updated] v[1.0.0]
[Contract Registry] Registered contract for [context.updated] v[1.0.0]
[Contract Registry] Registered contract for [intent.changed] v[1.0.0]
[Contract Registry] Registered contract for [sentiment.changed] v[1.0.0]
[Tool Registry] Registered tool [retrieve_conversation] v[1.0.0]
[Tool Registry] Registered tool [append_message] v[1.0.0]
[Tool Registry] Registered tool [search_messages] v[1.0.0]
[Tool Registry] Registered tool [summarize_conversation] v[1.0.0]
[Tool Registry] Registered tool [update_summary] v[1.0.0]
[Tool Registry] Registered tool [attach_context] v[1.0.0]
[Tool Registry] Registered tool [retrieve_context] v[1.0.0]
[Tool Registry] Registered tool [generate_reply] v[1.0.0]
[Tool Registry] Registered tool [handoff_conversation] v[1.0.0]
[Tool Registry] Registered tool [close_conversation] v[1.0.0]
[Plugin Registry] Registered plugin [Conversation Runtime Plugin] v[1.0.0]
[Contract Registry] Registered contract for [growth.acquisition.captured] v[1.0.0]
[Contract Registry] Registered contract for [growth.attribution.captured] v[1.0.0]
[Contract Registry] Registered contract for [growth.referral.rewarded] v[1.0.0]
[Contract Registry] Registered contract for [growth.referral.blocked] v[1.0.0]
[Contract Registry] Registered contract for [growth.affiliate.flagged] v[1.0.0]
[Contract Registry] Registered contract for [growth.partner.onboarded] v[1.0.0]
[Contract Registry] Registered contract for [growth.lifecycle.advanced] v[1.0.0]
[Contract Registry] Registered contract for [growth.churn.intervention] v[1.0.0]
[Contract Registry] Registered contract for [growth.expansion.detected] v[1.0.0]
[Contract Registry] Registered contract for [growth.pricing.experiment_launched] v[1.0.0]
[Contract Registry] Registered contract for [growth.pricing.rolled_back] v[1.0.0]
[Contract Registry] Registered contract for [growth.offer.published] v[1.0.0]
[Contract Registry] Registered contract for [growth.content.generated] v[1.0.0]
[Contract Registry] Registered contract for [growth.advocacy.rewarded] v[1.0.0]
[Contract Registry] Registered contract for [growth.channel.saturated] v[1.0.0]
[Contract Registry] Registered contract for [growth.override.applied] v[1.0.0]
[Contract Registry] Registered contract for [growth.execution.failed] v[1.0.0]
[Contract Registry] Registered contract for [conversation.updated] v[1.0.0]
[Contract Registry] Registered contract for [booking.created] v[1.0.0]
[Contract Registry] Registered contract for [payment.received] v[1.0.0]
[Contract Registry] Registered contract for [campaign.finished] v[1.0.0]
[Contract Registry] Registered contract for [workflow.started] v[1.0.0]
[Contract Registry] Registered contract for [workflow.completed] v[1.0.0]
[Contract Registry] Registered contract for [workflow.failed] v[1.0.0]
[Contract Registry] Registered contract for [workflow.cancelled] v[1.0.0]
[Contract Registry] Registered contract for [workflow.retry] v[1.0.0]
[Tool Registry] Registered tool [apply_growth_policy] v[1.0.0]
[Tool Registry] Registered tool [apply_growth_override] v[1.0.0]
[Tool Registry] Registered tool [create_growth_campaign] v[1.0.0]
[Tool Registry] Registered tool [execute_growth_campaign] v[1.0.0]
[Tool Registry] Registered tool [record_acquisition] v[1.0.0]
[Tool Registry] Registered tool [record_growth_conversion] v[1.0.0]
[Tool Registry] Registered tool [create_referral_code] v[1.0.0]
[Tool Registry] Registered tool [credit_referral_conversion] v[1.0.0]
[Tool Registry] Registered tool [onboard_growth_partner] v[1.0.0]
[Tool Registry] Registered tool [record_affiliate_commission] v[1.0.0]
[Tool Registry] Registered tool [settle_partner_payout] v[1.0.0]
[Tool Registry] Registered tool [advance_lifecycle_journey] v[1.0.0]
[Tool Registry] Registered tool [assess_churn_risk] v[1.0.0]
[Tool Registry] Registered tool [detect_expansion_opportunity] v[1.0.0]
[Tool Registry] Registered tool [launch_pricing_experiment] v[1.0.0]
[Tool Registry] Registered tool [rollback_pricing_experiment] v[1.0.0]
[Tool Registry] Registered tool [publish_offer] v[1.0.0]
[Tool Registry] Registered tool [publish_content_campaign] v[1.0.0]
[Tool Registry] Registered tool [request_review_reward] v[1.0.0]
[Tool Registry] Registered tool [record_channel_performance] v[1.0.0]
[Tool Registry] Registered tool [start_workflow] v[1.0.0]
[Tool Registry] Registered tool [pause_workflow] v[1.0.0]
[Tool Registry] Registered tool [resume_workflow] v[1.0.0]
[Tool Registry] Registered tool [cancel_workflow] v[1.0.0]
[Tool Registry] Registered tool [schedule_workflow] v[1.0.0]
[Tool Registry] Registered tool [retry_workflow] v[1.0.0]
[Tool Registry] Registered tool [execute_action] v[1.0.0]
[Tool Registry] Registered tool [queue_action] v[1.0.0]
[Tool Registry] Registered tool [send_email] v[1.0.0]
[Tool Registry] Registered tool [send_whatsapp] v[1.0.0]
[Tool Registry] Registered tool [send_instagram] v[1.0.0]
[Tool Registry] Registered tool [update_crm] v[1.0.0]
[Tool Registry] Registered tool [create_task] v[1.0.0]
[Plugin Registry] Registered plugin [Growth Runtime Plugin] v[1.0.0]
[Contract Registry] Registered contract for [booking.updated] v[1.0.0]
[Contract Registry] Registered contract for [booking.confirmed] v[1.0.0]
[Contract Registry] Registered contract for [booking.cancelled] v[1.0.0]
[Contract Registry] Registered contract for [booking.completed] v[1.0.0]
[Contract Registry] Registered contract for [booking.rescheduled] v[1.0.0]
[Contract Registry] Registered contract for [booking.reminder.sent] v[1.0.0]
[Contract Registry] Registered contract for [calendar.synced] v[1.0.0]
[Contract Registry] Registered contract for [availability.updated] v[1.0.0]
[Contract Registry] Registered contract for [meeting.started] v[1.0.0]
[Contract Registry] Registered contract for [meeting.finished] v[1.0.0]
[Tool Registry] Registered tool [create_booking] v[1.0.0]
[Tool Registry] Registered tool [cancel_booking] v[1.0.0]
[Tool Registry] Registered tool [reschedule_booking] v[1.0.0]
[Tool Registry] Registered tool [confirm_booking] v[1.0.0]
[Tool Registry] Registered tool [retrieve_booking] v[1.0.0]
[Tool Registry] Registered tool [search_availability] v[1.0.0]
[Tool Registry] Registered tool [sync_calendar] v[1.0.0]
[Tool Registry] Registered tool [send_reminder] v[1.0.0]
[Tool Registry] Registered tool [generate_slots] v[1.0.0]
[Tool Registry] Registered tool [block_time] v[1.0.0]
[Tool Registry] Registered tool [unblock_time] v[1.0.0]
[Plugin Registry] Registered plugin [Scheduling Runtime Plugin] v[1.0.0]
[Contract Registry] Registered contract for [financial.invoice.created] v[1.0.0]
[Contract Registry] Registered contract for [financial.invoice.updated] v[1.0.0]
[Contract Registry] Registered contract for [financial.payment.charged] v[1.0.0]
[Contract Registry] Registered contract for [financial.payment.refunded] v[1.0.0]
[Contract Registry] Registered contract for [financial.revenue.recorded] v[1.0.0]
[Contract Registry] Registered contract for [financial.expense.recorded] v[1.0.0]
[Contract Registry] Registered contract for [financial.budget.created] v[1.0.0]
[Contract Registry] Registered contract for [financial.entity.linked] v[1.0.0]
[Tool Registry] Registered tool [create_invoice] v[1.0.0]
[Tool Registry] Registered tool [charge_payment] v[1.0.0]
[Tool Registry] Registered tool [record_revenue] v[1.0.0]
[Tool Registry] Registered tool [record_expense] v[1.0.0]
[Tool Registry] Registered tool [create_budget] v[1.0.0]
[Tool Registry] Registered tool [link_financial_entity] v[1.0.0]
[Plugin Registry] Registered plugin [Finance Runtime Plugin] v[1.0.0]
[Runtime Kernel] Bootstrap complete. Ready state achieved.
[Contract Registry] Registered contract for [executive.authorization.requested] v[1.0.0]
[Contract Registry] Registered contract for [executive.authorization.approved] v[1.0.0]
[Contract Registry] Registered contract for [executive.authorization.denied] v[1.0.0]
[Contract Registry] Registered contract for [executive.authorization.expired] v[1.0.0]
[Contract Registry] Registered contract for [executive.authorization.token.generated] v[1.0.0]
[Contract Registry] Registered contract for [executive.authorization.archived] v[1.0.0]
[Contract Registry] Registered contract for [executive.dispatch.requested] v[1.0.0]
[Contract Registry] Registered contract for [executive.dispatch.queued] v[1.0.0]
[Contract Registry] Registered contract for [executive.dispatch.dispatched] v[1.0.0]
[Contract Registry] Registered contract for [executive.dispatch.completed] v[1.0.0]
[Contract Registry] Registered contract for [executive.dispatch.failed] v[1.0.0]
[Contract Registry] Registered contract for [executive.authorization.completed] v[1.0.0]
[Contract Registry] Registered contract for [executive.authorization.escalated] v[1.0.0]
[Contract Registry] Registered contract for [executive.authorization.delegated] v[1.0.0]
[Contract Registry] Registered contract for [executive.dispatch.created] v[1.0.0]
[Contract Registry] Registered contract for [executive.dispatch.updated] v[1.0.0]
[Contract Registry] Registered contract for [executive.dispatch.ready] v[1.0.0]
[Contract Registry] Registered contract for [executive.dispatch.blocked] v[1.0.0]
[Contract Registry] Registered contract for [executive.dispatch.cancelled] v[1.0.0]
[Contract Registry] Registered contract for [executive.dispatch.archived] v[1.0.0]
[Contract Registry] Registered contract for [executive.dispatch.drifted] v[1.0.0]
[Contract Registry] Registered contract for [executive.monitoring.started] v[1.0.0]
[Contract Registry] Registered contract for [executive.monitoring.updated] v[1.0.0]
[Contract Registry] Registered contract for [executive.monitoring.drift.detected] v[1.0.0]
[Contract Registry] Registered contract for [executive.monitoring.alert.generated] v[1.0.0]
[Contract Registry] Registered contract for [executive.monitoring.health.updated] v[1.0.0]
[Contract Registry] Registered contract for [executive.monitoring.closed] v[1.0.0]
[Contract Registry] Registered contract for [executive.monitoring.archived] v[1.0.0]
[Contract Registry] Registered contract for [executive.decision.certification.started] v[1.0.0]
[Contract Registry] Registered contract for [executive.decision.certification.completed] v[1.0.0]
[Contract Registry] Registered contract for [executive.decision.integrity.failed] v[1.0.0]
[Contract Registry] Registered contract for [executive.decision.audit.completed] v[1.0.0]
[Contract Registry] Registered contract for [executive.decision.platform.frozen] v[1.0.0]
[Contract Registry] Registered contract for [executive.decision.architecture.certified] v[1.0.0]
[Contract Registry] Registered contract for [executive.created] v[1.0.0]
[Contract Registry] Registered contract for [executive.status.updated] v[1.0.0]
[Contract Registry] Registered contract for [executive.boundary.breached] v[1.0.0]
[Contract Registry] Registered contract for [executive.escalated] v[1.0.0]
[Contract Registry] Registered contract for [executive.lifecycle.transitioned] v[1.0.0]
[Contract Registry] Registered contract for [executive.health.updated] v[1.0.0]
[Contract Registry] Registered contract for [executive.mission.updated] v[1.0.0]
[Contract Registry] Registered contract for [executive.outcome.updated] v[1.0.0]
[Contract Registry] Registered contract for [executive.goal.aligned] v[1.0.0]
[Contract Registry] Registered contract for [executive.capability.negotiated] v[1.0.0]
[Contract Registry] Registered contract for [executive.diagnostics.reported] v[1.0.0]
[Contract Registry] Registered contract for [executive.decision.explained] v[1.0.0]
[Contract Registry] Registered contract for [executive.situation.perceived] v[1.0.0]
[Contract Registry] Registered contract for [executive.cognition.completed] v[1.0.0]
[Contract Registry] Registered contract for [executive.memory.registered] v[1.0.0]
[Contract Registry] Registered contract for [executive.memory.architecture.created] v[1.0.0]
[Contract Registry] Registered contract for [executive.memory.relationship.created] v[1.0.0]
[Contract Registry] Registered contract for [executive.memory.consolidated] v[1.0.0]
[Contract Registry] Registered contract for [executive.knowledge.generated] v[1.0.0]
[Contract Registry] Registered contract for [executive.memory.evolved] v[1.0.0]
[Contract Registry] Registered contract for [executive.memory.conflict.detected] v[1.0.0]
[Contract Registry] Registered contract for [executive.memory.context.updated] v[1.0.0]
[Contract Registry] Registered contract for [executive.context.created] v[1.0.0]
[Contract Registry] Registered contract for [executive.memory.retrieved] v[1.0.0]
[Contract Registry] Registered contract for [executive.memory.ranked] v[1.0.0]
[Contract Registry] Registered contract for [executive.memory.filtered] v[1.0.0]
[Contract Registry] Registered contract for [executive.relationship.created] v[1.0.0]
[Contract Registry] Registered contract for [executive.relationship.updated] v[1.0.0]
[Contract Registry] Registered contract for [executive.graph.validated] v[1.0.0]
[Contract Registry] Registered contract for [executive.memory.associated] v[1.0.0]
[Contract Registry] Registered contract for [executive.semantic.created] v[1.0.0]
[Contract Registry] Registered contract for [executive.semantic.updated] v[1.0.0]
[Contract Registry] Registered contract for [executive.semantic.conflict] v[1.0.0]
[Contract Registry] Registered contract for [executive.semantic.evolved] v[1.0.0]
[Contract Registry] Registered contract for [executive.knowledge.created] v[1.0.0]
[Contract Registry] Registered contract for [executive.knowledge.updated] v[1.0.0]
[Contract Registry] Registered contract for [executive.knowledge.validated] v[1.0.0]
[Contract Registry] Registered contract for [executive.knowledge.deprecated] v[1.0.0]
[Contract Registry] Registered contract for [executive.memory.optimized] v[1.0.0]
[Contract Registry] Registered contract for [executive.memory.archived] v[1.0.0]
[Contract Registry] Registered contract for [executive.memory.compressed] v[1.0.0]
[Contract Registry] Registered contract for [executive.memory.retention.updated] v[1.0.0]
[Contract Registry] Registered contract for [executive.memory.governed] v[1.0.0]
[Contract Registry] Registered contract for [executive.memory.policy.evaluated] v[1.0.0]
[Contract Registry] Registered contract for [executive.memory.trust.updated] v[1.0.0]
[Contract Registry] Registered contract for [executive.memory.audit.logged] v[1.0.0]
[Contract Registry] Registered contract for [executive.memory.certified] v[1.0.0]
[Contract Registry] Registered contract for [executive.memory.validation.completed] v[1.0.0]
[Contract Registry] Registered contract for [executive.memory.health.updated] v[1.0.0]
[Contract Registry] Registered contract for [executive.memory.scorecard.generated] v[1.0.0]
[Contract Registry] Registered contract for [executive.goal.created] v[1.0.0]
[Contract Registry] Registered contract for [executive.goal.updated] v[1.0.0]
[Contract Registry] Registered contract for [executive.goal.completed] v[1.0.0]
[Contract Registry] Registered contract for [executive.goal.failed] v[1.0.0]
[Contract Registry] Registered contract for [executive.goal.conflict] v[1.0.0]
[Contract Registry] Registered contract for [executive.goal.health.updated] v[1.0.0]
[Contract Registry] Registered contract for [executive.goal.tradeoff.created] v[1.0.0]
[Contract Registry] Registered contract for [executive.goal.success.updated] v[1.0.0]
[Contract Registry] Registered contract for [executive.goal.assumption.updated] v[1.0.0]
[Contract Registry] Registered contract for [executive.goal.outcome.projected] v[1.0.0]
[Contract Registry] Registered contract for [executive.plan.readiness.updated] v[1.0.0]
[Contract Registry] Registered contract for [executive.evidence.created] v[1.0.0]
[Contract Registry] Registered contract for [executive.evidence.verified] v[1.0.0]
[Contract Registry] Registered contract for [executive.evidence.conflict] v[1.0.0]
[Contract Registry] Registered contract for [executive.evidence.confidence.updated] v[1.0.0]
[Contract Registry] Registered contract for [executive.evidence.stale] v[1.0.0]
[Contract Registry] Registered contract for [executive.evidence.archived] v[1.0.0]
[Contract Registry] Registered contract for [executive.decision.created] v[1.0.0]
[Contract Registry] Registered contract for [executive.decision.status.updated] v[1.0.0]
[Contract Registry] Registered contract for [executive.decision.updated] v[1.0.0]
[Contract Registry] Registered contract for [executive.decision.archived] v[1.0.0]
[Contract Registry] Registered contract for [executive.decision.stability.updated] v[1.0.0]
[Contract Registry] Registered contract for [executive.decision.readiness.updated] v[1.0.0]
[Contract Registry] Registered contract for [executive.decision.snapshot.created] v[1.0.0]
[Contract Registry] Registered contract for [executive.decision.evidence.refreshed] v[1.0.0]
[Contract Registry] Registered contract for [executive.decision.lineage.audited] v[1.0.0]
[Contract Registry] Registered contract for [executive.decision.lineage.updated] v[1.0.0]
[Contract Registry] Registered contract for [executive.strategy.generated] v[1.0.0]
[Contract Registry] Registered contract for [executive.strategy.updated] v[1.0.0]
[Contract Registry] Registered contract for [executive.strategy.archived] v[1.0.0]
[Contract Registry] Registered contract for [executive.strategy.health.updated] v[1.0.0]
[Contract Registry] Registered contract for [executive.strategy.evaluated] v[1.0.0]
[Contract Registry] Registered contract for [executive.strategy.compared] v[1.0.0]
[Contract Registry] Registered contract for [executive.plan.created] v[1.0.0]
[Contract Registry] Registered contract for [executive.plan.updated] v[1.0.0]
[Contract Registry] Registered contract for [executive.plan.completed] v[1.0.0]
[Contract Registry] Registered contract for [executive.plan.archived] v[1.0.0]
[Contract Registry] Registered contract for [executive.plan.quality.updated] v[1.0.0]
[Contract Registry] Registered contract for [executive.planning.policy.checked] v[1.0.0]
[Contract Registry] Registered contract for [executive.planning.compliance.updated] v[1.0.0]
[Contract Registry] Registered contract for [executive.planning.certification.updated] v[1.0.0]
[Contract Registry] Registered contract for [executive.planning.governance.updated] v[1.0.0]
[Contract Registry] Registered contract for [executive.planning.audit.logged] v[1.0.0]
[Contract Registry] Registered contract for [executive.security.violation.detected] v[1.0.0]
[Contract Registry] Registered contract for [executive.sandbox.hardened] v[1.0.0]
[Contract Registry] Registered contract for [executive.plan.optimized] v[1.0.0]
[Contract Registry] Registered contract for [executive.resource.optimized] v[1.0.0]
[Contract Registry] Registered contract for [executive.cost.optimized] v[1.0.0]
[Contract Registry] Registered contract for [executive.resource.inventory.updated] v[1.0.0]
[Contract Registry] Registered contract for [executive.resource.allocation.generated] v[1.0.0]
[Contract Registry] Registered contract for [executive.resource.conflict.detected] v[1.0.0]
[Contract Registry] Registered contract for [executive.resource.health.updated] v[1.0.0]
[Contract Registry] Registered contract for [executive.risk.created] v[1.0.0]
[Contract Registry] Registered contract for [executive.contingency.generated] v[1.0.0]
[Contract Registry] Registered contract for [executive.risk.propagated] v[1.0.0]
[Contract Registry] Registered contract for [executive.risk.health.updated] v[1.0.0]
[Contract Registry] Registered contract for [executive.scenario.generated] v[1.0.0]
[Contract Registry] Registered contract for [executive.scenario.simulated] v[1.0.0]
[Contract Registry] Registered contract for [executive.warning.generated] v[1.0.0]
[Contract Registry] Registered contract for [executive.scenario.quality.updated] v[1.0.0]
[Contract Registry] Registered contract for [executive.timeline.rescheduled] v[1.0.0]
[Contract Registry] Registered contract for [executive.timeline.updated] v[1.0.0]
[Contract Registry] Registered contract for [executive.timeline.health.updated] v[1.0.0]
[Contract Registry] Registered contract for [executive.alternative.generated] v[1.0.0]
[Contract Registry] Registered contract for [executive.alternative.updated] v[1.0.0]
[Contract Registry] Registered contract for [executive.hypothesis.generated] v[1.0.0]
[Contract Registry] Registered contract for [executive.alternative.archived] v[1.0.0]
[Contract Registry] Registered contract for [executive.alternative.comparison.updated] v[1.0.0]
[Contract Registry] Registered contract for [executive.decision.evaluation.created] v[1.0.0]
[Contract Registry] Registered contract for [executive.decision.tradeoff.generated] v[1.0.0]
[Contract Registry] Registered contract for [executive.decision.ranked] v[1.0.0]
[Contract Registry] Registered contract for [executive.decision.business_impact.updated] v[1.0.0]
[Contract Registry] Registered contract for [executive.decision.roi.updated] v[1.0.0]
[Contract Registry] Registered contract for [executive.decision.evaluation.archived] v[1.0.0]
[Contract Registry] Registered contract for [executive.simulation.created] v[1.0.0]
[Contract Registry] Registered contract for [executive.simulation.completed] v[1.0.0]
[Contract Registry] Registered contract for [executive.simulation.failed] v[1.0.0]
[Contract Registry] Registered contract for [executive.simulation.forecast.updated] v[1.0.0]
[Contract Registry] Registered contract for [executive.simulation.recovery.generated] v[1.0.0]
[Contract Registry] Registered contract for [executive.simulation.archived] v[1.0.0]
[Contract Registry] Registered contract for [executive.decision.selected] v[1.0.0]
[Contract Registry] Registered contract for [executive.decision.rejected] v[1.0.0]
[Contract Registry] Registered contract for [executive.decision.committed] v[1.0.0]
[Contract Registry] Registered contract for [executive.decision.shortlisted] v[1.0.0]
[Contract Registry] Registered contract for [executive.decision.approval.required] v[1.0.0]
[Contract Registry] Registered contract for [executive.decision.commitment.generated] v[1.0.0]
[Contract Registry] Registered contract for [executive.execution.created] v[1.0.0]
[Contract Registry] Registered contract for [executive.execution.updated] v[1.0.0]
[Contract Registry] Registered contract for [executive.execution.started] v[1.0.0]
[Contract Registry] Registered contract for [executive.execution.completed] v[1.0.0]
[Contract Registry] Registered contract for [executive.execution.failed] v[1.0.0]
[Contract Registry] Registered contract for [executive.execution.archived] v[1.0.0]
[Contract Registry] Registered contract for [executive.execution.snapshot.created] v[1.0.0]
[Contract Registry] Registered contract for [executive.execution.trace.updated] v[1.0.0]
[Contract Registry] Registered contract for [executive.execution.integrity.updated] v[1.0.0]
[Contract Registry] Registered contract for [executive.execution.readiness.updated] v[1.0.0]
[Contract Registry] Registered contract for [executive.execution.stability.updated] v[1.0.0]
[Contract Registry] Registered contract for [executive.execution.drift.detected] v[1.0.0]
[Contract Registry] Registered contract for [executive.execution.hardening.completed] v[1.0.0]
[Contract Registry] Registered contract for [executive.execution.graph.created] v[1.0.0]
[Contract Registry] Registered contract for [executive.execution.graph.optimized] v[1.0.0]
[Contract Registry] Registered contract for [executive.execution.sequence.generated] v[1.0.0]
[Contract Registry] Registered contract for [executive.execution.priority.updated] v[1.0.0]
[Contract Registry] Registered contract for [executive.execution.rollback.generated] v[1.0.0]
[Contract Registry] Registered contract for [executive.execution.graph.archived] v[1.0.0]
[Contract Registry] Registered contract for [executive.execution.adapter.registered] v[1.0.0]
[Contract Registry] Registered contract for [executive.execution.adapter.updated] v[1.0.0]
[Contract Registry] Registered contract for [executive.execution.adapter.validated] v[1.0.0]
[Contract Registry] Registered contract for [executive.execution.adapter.connected] v[1.0.0]
[Contract Registry] Registered contract for [executive.execution.adapter.disconnected] v[1.0.0]
[Contract Registry] Registered contract for [executive.execution.adapter.failed] v[1.0.0]
[Contract Registry] Registered contract for [executive.execution.adapter.health.updated] v[1.0.0]
[Contract Registry] Registered contract for [executive.execution.adapter.archived] v[1.0.0]
[Contract Registry] Registered contract for [executive.execution.adapter.request.sent] v[1.0.0]
[Contract Registry] Registered contract for [executive.execution.adapter.request.completed] v[1.0.0]
[Contract Registry] Registered contract for [executive.execution.adapter.timeout.triggered] v[1.0.0]
[Contract Registry] Registered contract for [executive.execution.adapter.safety.violated] v[1.0.0]
[Contract Registry] Registered contract for [executive.execution.adapter.rollback.executed] v[1.0.0]
[Contract Registry] Registered contract for [executive.execution.adapter.package.compiled] v[1.0.0]
[Contract Registry] Registered contract for [executive.driver.registered] v[1.0.0]
[Contract Registry] Registered contract for [executive.driver.ready] v[1.0.0]
[Contract Registry] Registered contract for [executive.driver.execution.started] v[1.0.0]
[Contract Registry] Registered contract for [executive.driver.execution.completed] v[1.0.0]
[Contract Registry] Registered contract for [executive.driver.execution.failed] v[1.0.0]
[Contract Registry] Registered contract for [executive.driver.retry.started] v[1.0.0]
[Contract Registry] Registered contract for [executive.driver.rollback.started] v[1.0.0]
[Contract Registry] Registered contract for [executive.driver.rollback.completed] v[1.0.0]
[Contract Registry] Registered contract for [executive.driver.health.updated] v[1.0.0]
[Contract Registry] Registered contract for [executive.driver.archived] v[1.0.0]
[Contract Registry] Registered contract for [executive.workflow.created] v[1.0.0]
[Contract Registry] Registered contract for [executive.workflow.started] v[1.0.0]
[Contract Registry] Registered contract for [executive.workflow.paused] v[1.0.0]
[Contract Registry] Registered contract for [executive.workflow.resumed] v[1.0.0]
[Contract Registry] Registered contract for [executive.workflow.completed] v[1.0.0]
[Contract Registry] Registered contract for [executive.workflow.failed] v[1.0.0]
[Contract Registry] Registered contract for [executive.workflow.rollback.started] v[1.0.0]
[Contract Registry] Registered contract for [executive.workflow.rollback.completed] v[1.0.0]
[Contract Registry] Registered contract for [executive.workflow.checkpoint.created] v[1.0.0]
[Contract Registry] Registered contract for [executive.workflow.health.updated] v[1.0.0]
[Contract Registry] Registered contract for [executive.workflow.archived] v[1.0.0]
[Contract Registry] Registered contract for [executive.execution.health.updated] v[1.0.0]
[Contract Registry] Registered contract for [executive.execution.predicted_failure] v[1.0.0]
[Contract Registry] Registered contract for [executive.execution.replanned] v[1.0.0]
[Contract Registry] Registered contract for [executive.execution.optimized] v[1.0.0]
[Contract Registry] Registered contract for [executive.execution.retry.strategy.changed] v[1.0.0]
[Contract Registry] Registered contract for [executive.execution.self_healed] v[1.0.0]
[Contract Registry] Registered contract for [executive.execution.recovered] v[1.0.0]
[Contract Registry] Registered contract for [executive.execution.escalated] v[1.0.0]
[Contract Registry] Registered contract for [executive.execution.package.generated] v[1.0.0]
[Contract Registry] Registered contract for [executive.supervisor.audit.created] v[1.0.0]
[Contract Registry] Registered contract for [executive.supervisor.policy.violated] v[1.0.0]
[Contract Registry] Registered contract for [executive.supervisor.action.blocked] v[1.0.0]
[Contract Registry] Registered contract for [executive.supervisor.action.approved] v[1.0.0]
[Contract Registry] Registered contract for [executive.supervisor.override.signed] v[1.0.0]
[Contract Registry] Registered contract for [executive.supervisor.package.sealed] v[1.0.0]
[Contract Registry] Registered contract for [executive.operations.started] v[1.0.0]
[Contract Registry] Registered contract for [executive.operations.updated] v[1.0.0]
[Contract Registry] Registered contract for [executive.operations.capacity.changed] v[1.0.0]
[Contract Registry] Registered contract for [executive.operations.bottleneck.detected] v[1.0.0]
[Contract Registry] Registered contract for [executive.operations.sla.warning] v[1.0.0]
[Contract Registry] Registered contract for [executive.operations.workload.rebalanced] v[1.0.0]
[Contract Registry] Registered contract for [executive.operations.escalated] v[1.0.0]
[Contract Registry] Registered contract for [executive.scheduler.created] v[1.0.0]
[Contract Registry] Registered contract for [executive.scheduler.updated] v[1.0.0]
[Contract Registry] Registered contract for [executive.scheduler.triggered] v[1.0.0]
[Contract Registry] Registered contract for [executive.scheduler.completed] v[1.0.0]
[Contract Registry] Registered contract for [executive.scheduler.failed] v[1.0.0]
[Contract Registry] Registered contract for [executive.scheduler.cancelled] v[1.0.0]
[Contract Registry] Registered contract for [executive.scheduler.paused] v[1.0.0]
[Contract Registry] Registered contract for [executive.scheduler.resumed] v[1.0.0]
[Contract Registry] Registered contract for [executive.scheduler.optimized] v[1.0.0]
[Contract Registry] Registered contract for [executive.scheduler.archived] v[1.0.0]
[Contract Registry] Registered contract for [executive.learning.started] v[1.0.0]
[Contract Registry] Registered contract for [executive.learning.updated] v[1.0.0]
[Contract Registry] Registered contract for [executive.learning.pattern.detected] v[1.0.0]
[Contract Registry] Registered contract for [executive.learning.recommendation.generated] v[1.0.0]
[Contract Registry] Registered contract for [executive.learning.provider.updated] v[1.0.0]
[Contract Registry] Registered contract for [executive.learning.driver.updated] v[1.0.0]
[Contract Registry] Registered contract for [executive.learning.completed] v[1.0.0]
[Contract Registry] Registered contract for [executive.learning.archived] v[1.0.0]
[Contract Registry] Registered contract for [executive.execution.certification.started] v[1.0.0]
[Contract Registry] Registered contract for [executive.execution.certification.completed] v[1.0.0]
[Contract Registry] Registered contract for [executive.execution.validation.completed] v[1.0.0]
[Contract Registry] Registered contract for [executive.execution.benchmark.completed] v[1.0.0]
[Contract Registry] Registered contract for [executive.execution.chaos.completed] v[1.0.0]
[Contract Registry] Registered contract for [executive.execution.freeze.completed] v[1.0.0]
[Contract Registry] Registered contract for [executive.execution.enterprise.certified] v[1.0.0]
[Tool Registry] Registered tool [create_executive_identity] v[1.0.0]
[Tool Registry] Registered tool [validate_executive_authority] v[1.0.0]
[Tool Registry] Registered tool [check_executive_boundary] v[1.0.0]
[Tool Registry] Registered tool [transition_executive_lifecycle] v[1.0.0]
[Tool Registry] Registered tool [update_executive_mission_state] v[1.0.0]
[Tool Registry] Registered tool [update_executive_business_outcome] v[1.0.0]
[Tool Registry] Registered tool [record_executive_health_signal] v[1.0.0]
[Tool Registry] Registered tool [perceive_executive_situation] v[1.0.0]
[Tool Registry] Registered tool [orchestrate_executive_cognition] v[1.0.0]
[Tool Registry] Registered tool [register_executive_memory] v[1.0.0]
[Tool Registry] Registered tool [get_executive_memory] v[1.0.0]
[Tool Registry] Registered tool [memory_architecture_summary] v[1.0.0]
[Tool Registry] Registered tool [memory_relationship_map] v[1.0.0]
[Tool Registry] Registered tool [consolidate_executive_memory] v[1.0.0]
[Tool Registry] Registered tool [discover_memory_patterns] v[1.0.0]
[Tool Registry] Registered tool [retrieve_executive_knowledge] v[1.0.0]
[Tool Registry] Registered tool [associate_memory] v[1.0.0]
[Tool Registry] Registered tool [relationship_path] v[1.0.0]
[Tool Registry] Registered tool [add_semantic_concept] v[1.0.0]
[Tool Registry] Registered tool [resolve_semantic_intent] v[1.0.0]
[Tool Registry] Registered tool [extract_organizational_knowledge] v[1.0.0]
[Tool Registry] Registered tool [query_organizational_knowledge] v[1.0.0]
[Tool Registry] Registered tool [knowledge_dependencies] v[1.0.0]
[Tool Registry] Registered tool [optimize_memory] v[1.0.0]
[Tool Registry] Registered tool [memory_health_report] v[1.0.0]
[Tool Registry] Registered tool [duplicate_memory_scan] v[1.0.0]
[Tool Registry] Registered tool [memory_retention_analysis] v[1.0.0]
[Tool Registry] Registered tool [memory_governance_report] v[1.0.0]
[Tool Registry] Registered tool [memory_policy_check] v[1.0.0]
[Tool Registry] Registered tool [memory_trust_report] v[1.0.0]
[Tool Registry] Registered tool [memory_lineage] v[1.0.0]
[Tool Registry] Registered tool [memory_certification_report] v[1.0.0]
[Tool Registry] Registered tool [memory_quality_dashboard] v[1.0.0]
[Tool Registry] Registered tool [memory_enterprise_scorecard] v[1.0.0]
[Tool Registry] Registered tool [memory_platform_health] v[1.0.0]
[Tool Registry] Registered tool [create_executive_goal] v[1.0.0]
[Tool Registry] Registered tool [update_executive_goal] v[1.0.0]
[Tool Registry] Registered tool [evaluate_goal_health] v[1.0.0]
[Tool Registry] Registered tool [goal_dependency_graph] v[1.0.0]
[Tool Registry] Registered tool [goal_priority_report] v[1.0.0]
[Tool Registry] Registered tool [generate_alternatives] v[1.0.0]
[Tool Registry] Registered tool [generate_hypotheses] v[1.0.0]
[Tool Registry] Registered tool [alternative_comparison] v[1.0.0]
[Tool Registry] Registered tool [alternative_summary] v[1.0.0]
[Tool Registry] Registered tool [hypothesis_report] v[1.0.0]
[Tool Registry] Registered tool [opportunity_report] v[1.0.0]
[Tool Registry] Registered tool [evaluate_alternatives] v[1.0.0]
[Tool Registry] Registered tool [decision_tradeoff_report] v[1.0.0]
[Tool Registry] Registered tool [decision_ranking] v[1.0.0]
[Tool Registry] Registered tool [business_impact_report] v[1.0.0]
[Tool Registry] Registered tool [mcda_matrix] v[1.0.0]
[Tool Registry] Registered tool [roi_analysis] v[1.0.0]
[Tool Registry] Registered tool [sensitivity_analysis] v[1.0.0]
[Tool Registry] Registered tool [simulate_decision] v[1.0.0]
[Tool Registry] Registered tool [future_projection] v[1.0.0]
[Tool Registry] Registered tool [business_forecast] v[1.0.0]
[Tool Registry] Registered tool [financial_forecast] v[1.0.0]
[Tool Registry] Registered tool [failure_simulation] v[1.0.0]
[Tool Registry] Registered tool [recovery_simulation] v[1.0.0]
[Tool Registry] Registered tool [simulation_summary] v[1.0.0]
[Tool Registry] Registered tool [select_best_decision] v[1.0.0]
[Tool Registry] Registered tool [decision_commitment] v[1.0.0]
[Tool Registry] Registered tool [decision_shortlist] v[1.0.0]
[Tool Registry] Registered tool [decision_confidence] v[1.0.0]
[Tool Registry] Registered tool [decision_consistency] v[1.0.0]
[Tool Registry] Registered tool [approval_readiness] v[1.0.0]
[Tool Registry] Registered tool [commitment_summary] v[1.0.0]
[Tool Registry] Registered tool [authorize_decision] v[1.0.0]
[Tool Registry] Registered tool [authorization_summary] v[1.0.0]
[Tool Registry] Registered tool [policy_gate] v[1.0.0]
[Tool Registry] Registered tool [budget_validation] v[1.0.0]
[Tool Registry] Registered tool [risk_authorization] v[1.0.0]
[Tool Registry] Registered tool [compliance_authorization] v[1.0.0]
[Tool Registry] Registered tool [execution_token] v[1.0.0]
[Tool Registry] Registered tool [decision_execution_readiness] v[1.0.0]
[Tool Registry] Registered tool [decision_dispatch_plan] v[1.0.0]
[Tool Registry] Registered tool [dispatch_summary] v[1.0.0]
[Tool Registry] Registered tool [execution_window] v[1.0.0]
[Tool Registry] Registered tool [rollback_package] v[1.0.0]
[Tool Registry] Registered tool [execution_package] v[1.0.0]
[Tool Registry] Registered tool [decision_monitoring] v[1.0.0]
[Tool Registry] Registered tool [decision_health] v[1.0.0]
[Tool Registry] Registered tool [decision_drift] v[1.0.0]
[Tool Registry] Registered tool [decision_alerts] v[1.0.0]
[Tool Registry] Registered tool [decision_outcomes] v[1.0.0]
[Tool Registry] Registered tool [decision_kpis] v[1.0.0]
[Tool Registry] Registered tool [decision_trends] v[1.0.0]
[Tool Registry] Registered tool [decision_recovery] v[1.0.0]
[Tool Registry] Registered tool [monitoring_summary] v[1.0.0]
[Tool Registry] Registered tool [decision_integrity] v[1.0.0]
[Tool Registry] Registered tool [decision_certification] v[1.0.0]
[Tool Registry] Registered tool [decision_quality] v[1.0.0]
[Tool Registry] Registered tool [decision_readiness] v[1.0.0]
[Tool Registry] Registered tool [decision_audit] v[1.0.0]
[Tool Registry] Registered tool [decision_lineage_validation] v[1.0.0]
[Tool Registry] Registered tool [decision_freeze_validation] v[1.0.0]
[Tool Registry] Registered tool [decision_platform_summary] v[1.0.0]
[Tool Registry] Registered tool [create_executive_execution] v[1.0.0]
[Tool Registry] Registered tool [update_executive_execution] v[1.0.0]
[Tool Registry] Registered tool [get_executive_execution] v[1.0.0]
[Tool Registry] Registered tool [list_executive_executions] v[1.0.0]
[Tool Registry] Registered tool [archive_executive_execution] v[1.0.0]
[Tool Registry] Registered tool [snapshot_executive_execution] v[1.0.0]
[Tool Registry] Registered tool [compile_executive_execution_package] v[1.0.0]
[Tool Registry] Registered tool [compile_executive_execution_hardening_package] v[1.0.0]
[Tool Registry] Registered tool [explain_executive_execution] v[1.0.0]
[Tool Registry] Registered tool [execution_snapshot] v[1.0.0]
[Tool Registry] Registered tool [execution_trace] v[1.0.0]
[Tool Registry] Registered tool [execution_lineage] v[1.0.0]
[Tool Registry] Registered tool [execution_integrity] v[1.0.0]
[Tool Registry] Registered tool [execution_readiness] v[1.0.0]
[Tool Registry] Registered tool [execution_stability] v[1.0.0]
[Tool Registry] Registered tool [execution_drift] v[1.0.0]
[Tool Registry] Registered tool [execution_history] v[1.0.0]
[Tool Registry] Registered tool [execution_hardening_report] v[1.0.0]
[Tool Registry] Registered tool [build_execution_graph] v[1.0.0]
[Tool Registry] Registered tool [execution_graph] v[1.0.0]
[Tool Registry] Registered tool [execution_plan] v[1.0.0]
[Tool Registry] Registered tool [execution_dependencies] v[1.0.0]
[Tool Registry] Registered tool [execution_sequence] v[1.0.0]
[Tool Registry] Registered tool [execution_priority] v[1.0.0]
[Tool Registry] Registered tool [execution_constraints] v[1.0.0]
[Tool Registry] Registered tool [execution_graph_optimizer] v[1.0.0]
[Tool Registry] Registered tool [rollback_graph] v[1.0.0]
[Tool Registry] Registered tool [execution_graph_report] v[1.0.0]
[Tool Registry] Registered tool [compile_action_package] v[1.0.0]
[Tool Registry] Registered tool [register_execution_adapter] v[1.0.0]
[Tool Registry] Registered tool [update_execution_adapter] v[1.0.0]
[Tool Registry] Registered tool [validate_execution_adapter] v[1.0.0]
[Tool Registry] Registered tool [execution_adapter_status] v[1.0.0]
[Tool Registry] Registered tool [execution_capabilities] v[1.0.0]
[Tool Registry] Registered tool [execution_health] v[1.0.0]
[Tool Registry] Registered tool [execution_retry_policy] v[1.0.0]
[Tool Registry] Registered tool [execution_rate_limits] v[1.0.0]
[Tool Registry] Registered tool [execution_timeout] v[1.0.0]
[Tool Registry] Registered tool [execution_translation] v[1.0.0]
[Tool Registry] Registered tool [register_execution_driver] v[1.0.0]
[Tool Registry] Registered tool [driver_status] v[1.0.0]
[Tool Registry] Registered tool [driver_health] v[1.0.0]
[Tool Registry] Registered tool [driver_execute] v[1.0.0]
[Tool Registry] Registered tool [driver_retry] v[1.0.0]
[Tool Registry] Registered tool [driver_cancel] v[1.0.0]
[Tool Registry] Registered tool [driver_validate] v[1.0.0]
[Tool Registry] Registered tool [driver_capabilities] v[1.0.0]
[Tool Registry] Registered tool [driver_explain] v[1.0.0]
[Tool Registry] Registered tool [driver_execution_log] v[1.0.0]
[Tool Registry] Registered tool [driver_rollback] v[1.0.0]
[Tool Registry] Registered tool [create_workflow] v[1.0.0]
[Tool Registry] Registered tool [update_workflow] v[1.0.0]
[Tool Registry] Registered tool [workflow_status] v[1.0.0]
[Tool Registry] Registered tool [workflow_progress] v[1.0.0]
[Tool Registry] Registered tool [workflow_health] v[1.0.0]
[Tool Registry] Registered tool [workflow_checkpoint] v[1.0.0]
[Tool Registry] Registered tool [workflow_resume] v[1.0.0]
[Tool Registry] Registered tool [workflow_retry] v[1.0.0]
[Tool Registry] Registered tool [workflow_rollback] v[1.0.0]
[Tool Registry] Registered tool [workflow_explain] v[1.0.0]
[Tool Registry] Registered tool [workflow_package] v[1.0.0]
[Tool Registry] Registered tool [adaptive_execution] v[1.0.0]
[Tool Registry] Registered tool [execution_prediction] v[1.0.0]
[Tool Registry] Registered tool [execution_optimizer] v[1.0.0]
[Tool Registry] Registered tool [execution_recovery] v[1.0.0]
[Tool Registry] Registered tool [execution_replanning] v[1.0.0]
[Tool Registry] Registered tool [execution_explainability] v[1.0.0]
[Tool Registry] Registered tool [create_supervisor_audit] v[1.0.0]
[Tool Registry] Registered tool [evaluate_policies] v[1.0.0]
[Tool Registry] Registered tool [block_action] v[1.0.0]
[Tool Registry] Registered tool [approve_action] v[1.0.0]
[Tool Registry] Registered tool [override_action] v[1.0.0]
[Tool Registry] Registered tool [explain_supervisor_decision] v[1.0.0]
[Tool Registry] Registered tool [seal_supervisor_package] v[1.0.0]
[Tool Registry] Registered tool [create_operations_state] v[1.0.0]
[Tool Registry] Registered tool [analyze_workload] v[1.0.0]
[Tool Registry] Registered tool [coordinate_workflows] v[1.0.0]
[Tool Registry] Registered tool [arbitrate_priority] v[1.0.0]
[Tool Registry] Registered tool [trigger_operations_escalation] v[1.0.0]
[Tool Registry] Registered tool [explain_operations_decision] v[1.0.0]
[Tool Registry] Registered tool [compile_operations_package] v[1.0.0]
[Tool Registry] Registered tool [schedule_execution] v[1.0.0]
[Tool Registry] Registered tool [schedule_status] v[1.0.0]
[Tool Registry] Registered tool [schedule_pause] v[1.0.0]
[Tool Registry] Registered tool [schedule_resume] v[1.0.0]
[Tool Registry] Registered tool [schedule_cancel] v[1.0.0]
[Tool Registry] Registered tool [schedule_trigger] v[1.0.0]
[Tool Registry] Registered tool [schedule_conflicts] v[1.0.0]
[Tool Registry] Registered tool [schedule_calendar] v[1.0.0]
[Tool Registry] Registered tool [schedule_explain] v[1.0.0]
[Tool Registry] Registered tool [schedule_package] v[1.0.0]
[Tool Registry] Registered tool [execution_learning] v[1.0.0]
[Tool Registry] Registered tool [execution_confidence] v[1.0.0]
[Tool Registry] Registered tool [execution_recommendations] v[1.0.0]
[Tool Registry] Registered tool [execution_learning_package] v[1.0.0]
[Tool Registry] Registered tool [execution_certification] v[1.0.0]
[Tool Registry] Registered tool [execution_quality] v[1.0.0]
[Tool Registry] Registered tool [execution_validation] v[1.0.0]
[Tool Registry] Registered tool [execution_benchmark] v[1.0.0]
[Tool Registry] Registered tool [execution_freeze] v[1.0.0]
[Tool Registry] Registered tool [execution_audit] v[1.0.0]
[Plugin Registry] Registered plugin [Executive Identity Foundation Plugin] v[1.0.0]
AUTH_BCRYPT_RUNTIME {
  library: bcrypt
}
prisma:error 
Invalid `prisma.dataAccessAuditLedger.upsert()` invocation:


Raw query failed. Code: `unknown`. Message: `Kind: Server selection timeout: No available servers. Topology: { Type: Unknown, Servers: [ { Address: localhost:27017, Type: Unknown, Error: Kind: I/O error: No connection could be made because the target machine actively refused it. (os error 10061), labels: {}, source: None } ] }, labels: {}, source: None`
prisma:error 
Invalid `prisma.tenantIsolationLedger.upsert()` invocation:


Raw query failed. Code: `unknown`. Message: `Kind: Server selection timeout: No available servers. Topology: { Type: Unknown, Servers: [ { Address: localhost:27017, Type: Unknown, Error: Kind: I/O error: No connection could be made because the target machine actively refused it. (os error 10061), labels: {}, source: None } ] }, labels: {}, source: None`
FEATURE_GATE_AWAIT_TRACE {
  event: 'end',
  fileName: 'backend/src/services/security/securityGovernanceOS.service.ts',
  redisOps: 'none',
  functionName: 'assertTenantIsolation:tenantIsolationLedger.upsert',
  durationMs: 30081,
  cacheStatus: 'none',
  dbQueries: [
    'tenantIsolationLedger.upsert(tenant_isolation:3361079b658d750b8147835f)'
  ],
  isolationKey: 'tenant_isolation:3361079b658d750b8147835f'
}
{"level":50,"time":1783352544896,"traceId":null,"correlationId":null,"tenantId":null,"leadId":null,"interactionId":null,"appointmentId":null,"proposalId":null,"contractId":null,"paymentId":null,"queueJobId":null,"workerId":null,"provider":null,"severity":"info","component":"runtime","phase":"operations","version":"phase6a.v1","err":{"type":"Error","message":"REDIS_URL must use rediss:// (or redis:// in integration/test mode)","stack":"Error: REDIS_URL must use rediss:// (or redis:// in integration/test mode)\n    at buildRedisOptions (D:\\sylph-ai\\backend\\dist\\config\\redis.js:61:15)\n    at createRedisClient (D:\\sylph-ai\\backend\\dist\\config\\redis.js:128:63)\n    at ensureSharedRedisClient (D:\\sylph-ai\\backend\\dist\\config\\redis.js:307:39)\n    at initRedis (D:\\sylph-ai\\backend\\dist\\config\\redis.js:382:13)\n    at D:\\sylph-ai\\backend\\dist\\runtime\\lifecycle.js:71:31\n    at initQueues (D:\\sylph-ai\\backend\\dist\\runtime\\lifecycle.js:91:7)\n    at waitForRuntimeInfrastructureWithinBudget (D:\\sylph-ai\\backend\\dist\\server.js:270:57)\n    at startServer (D:\\sylph-ai\\backend\\dist\\server.js:430:45)"},"msg":"Startup runtime infrastructure initialization failed"}
{"level":40,"time":1783352544897,"traceId":null,"correlationId":null,"tenantId":null,"leadId":null,"interactionId":null,"appointmentId":null,"proposalId":null,"contractId":null,"paymentId":null,"queueJobId":null,"workerId":null,"provider":null,"severity":"info","component":"runtime","phase":"operations","version":"phase6a.v1","startupQueueInitBudgetMs":2400,"startupQueueInitElapsedMs":1,"msg":"Runtime infrastructure exceeded startup critical budget; continuing with deferred initialization"}
{"level":30,"time":1783352544897,"traceId":null,"correlationId":null,"tenantId":null,"leadId":null,"interactionId":null,"appointmentId":null,"proposalId":null,"contractId":null,"paymentId":null,"queueJobId":null,"workerId":null,"provider":null,"severity":"info","component":"runtime","phase":"operations","version":"phase6a.v1","event":"Runtime Kernel Bootstrapping","msg":"Bootstrapping Universal Core Runtime..."}
{"level":30,"time":1783352544932,"traceId":null,"correlationId":null,"tenantId":null,"leadId":null,"interactionId":null,"appointmentId":null,"proposalId":null,"contractId":null,"paymentId":null,"queueJobId":null,"workerId":null,"provider":null,"severity":"info","component":"runtime","phase":"operations","version":"phase6a.v1","event":"Executive Plugin Registration","msg":"Mounting Executive Plugin..."}
{"level":30,"time":1783352544942,"traceId":null,"correlationId":null,"tenantId":null,"leadId":null,"interactionId":null,"appointmentId":null,"proposalId":null,"contractId":null,"paymentId":null,"queueJobId":null,"workerId":null,"provider":null,"severity":"info","component":"runtime","phase":"operations","version":"phase6a.v1","event":"Executive Plugin Loaded","module":"ExecutivePlugin","msg":"Executive Plugin Loaded"}
{"level":30,"time":1783352544942,"traceId":null,"correlationId":null,"tenantId":null,"leadId":null,"interactionId":null,"appointmentId":null,"proposalId":null,"contractId":null,"paymentId":null,"queueJobId":null,"workerId":null,"provider":null,"severity":"info","component":"runtime","phase":"operations","version":"phase6a.v1","event":"Identity Service Registered","module":"ExecutivePlugin","msg":"Identity Service Registered"}
{"level":30,"time":1783352544946,"traceId":null,"correlationId":null,"tenantId":null,"leadId":null,"interactionId":null,"appointmentId":null,"proposalId":null,"contractId":null,"paymentId":null,"queueJobId":null,"workerId":null,"provider":null,"severity":"info","component":"runtime","phase":"operations","version":"phase6a.v1","event":"Planning Service Registered","module":"ExecutivePlugin","msg":"Planning Service Registered"}
{"level":30,"time":1783352544947,"traceId":null,"correlationId":null,"tenantId":null,"leadId":null,"interactionId":null,"appointmentId":null,"proposalId":null,"contractId":null,"paymentId":null,"queueJobId":null,"workerId":null,"provider":null,"severity":"info","component":"runtime","phase":"operations","version":"phase6a.v1","event":"Decision Service Registered","module":"ExecutivePlugin","msg":"Decision Service Registered"}
{"level":30,"time":1783352544949,"traceId":null,"correlationId":null,"tenantId":null,"leadId":null,"interactionId":null,"appointmentId":null,"proposalId":null,"contractId":null,"paymentId":null,"queueJobId":null,"workerId":null,"provider":null,"severity":"info","component":"runtime","phase":"operations","version":"phase6a.v1","event":"Monitoring Service Registered","module":"ExecutivePlugin","msg":"Monitoring Service Registered"}
{"level":30,"time":1783352544949,"traceId":null,"correlationId":null,"tenantId":null,"leadId":null,"interactionId":null,"appointmentId":null,"proposalId":null,"contractId":null,"paymentId":null,"queueJobId":null,"workerId":null,"provider":null,"severity":"info","component":"runtime","phase":"operations","version":"phase6a.v1","event":"Execution Service Registered","module":"ExecutivePlugin","msg":"Execution Service Registered"}
{"level":30,"time":1783352544950,"traceId":null,"correlationId":null,"tenantId":null,"leadId":null,"interactionId":null,"appointmentId":null,"proposalId":null,"contractId":null,"paymentId":null,"queueJobId":null,"workerId":null,"provider":null,"severity":"info","component":"runtime","phase":"operations","version":"phase6a.v1","event":"Supervisor Service Registered","module":"ExecutivePlugin","msg":"Supervisor Service Registered"}
{"level":30,"time":1783352544950,"traceId":null,"correlationId":null,"tenantId":null,"leadId":null,"interactionId":null,"appointmentId":null,"proposalId":null,"contractId":null,"paymentId":null,"queueJobId":null,"workerId":null,"provider":null,"severity":"info","component":"runtime","phase":"operations","version":"phase6a.v1","event":"Learning Service Registered","module":"ExecutivePlugin","msg":"Learning Service Registered"}
{"level":30,"time":1783352544950,"traceId":null,"correlationId":null,"tenantId":null,"leadId":null,"interactionId":null,"appointmentId":null,"proposalId":null,"contractId":null,"paymentId":null,"queueJobId":null,"workerId":null,"provider":null,"severity":"info","component":"runtime","phase":"operations","version":"phase6a.v1","event":"Certification Service Registered","module":"ExecutivePlugin","msg":"Certification Service Registered"}
{"level":40,"time":1783352545048,"traceId":null,"correlationId":null,"tenantId":null,"leadId":null,"interactionId":null,"appointmentId":null,"proposalId":null,"contractId":null,"paymentId":null,"queueJobId":null,"workerId":null,"provider":null,"severity":"info","component":"runtime","phase":"operations","version":"phase6a.v1","module":"ExecutivePlugin","detail":"Tool [decision_consistency] already registered: Tool [decision_consistency] v[1.0.0] is already registered with a different signature. Duplicate registration rejected.","msg":"Tool [decision_consistency] already registered: Tool [decision_consistency] v[1.0.0] is already registered with a different signature. Duplicate registration rejected."}
{"level":40,"time":1783352545072,"traceId":null,"correlationId":null,"tenantId":null,"leadId":null,"interactionId":null,"appointmentId":null,"proposalId":null,"contractId":null,"paymentId":null,"queueJobId":null,"workerId":null,"provider":null,"severity":"info","component":"runtime","phase":"operations","version":"phase6a.v1","module":"ExecutivePlugin","detail":"Tool [execution_package] already registered: Tool [execution_package] v[1.0.0] is already registered with a different signature. Duplicate registration rejected.","msg":"Tool [execution_package] already registered: Tool [execution_package] v[1.0.0] is already registered with a different signature. Duplicate registration rejected."}
{"level":40,"time":1783352545084,"traceId":null,"correlationId":null,"tenantId":null,"leadId":null,"interactionId":null,"appointmentId":null,"proposalId":null,"contractId":null,"paymentId":null,"queueJobId":null,"workerId":null,"provider":null,"severity":"info","component":"runtime","phase":"operations","version":"phase6a.v1","module":"ExecutivePlugin","detail":"Tool [start_workflow] already registered: Tool [start_workflow] v[1.0.0] is already registered with a different signature. Duplicate registration rejected.","msg":"Tool [start_workflow] already registered: Tool [start_workflow] v[1.0.0] is already registered with a different signature. Duplicate registration rejected."}
{"level":40,"time":1783352545084,"traceId":null,"correlationId":null,"tenantId":null,"leadId":null,"interactionId":null,"appointmentId":null,"proposalId":null,"contractId":null,"paymentId":null,"queueJobId":null,"workerId":null,"provider":null,"severity":"info","component":"runtime","phase":"operations","version":"phase6a.v1","module":"ExecutivePlugin","detail":"Tool [pause_workflow] already registered: Tool [pause_workflow] v[1.0.0] is already registered with a different signature. Duplicate registration rejected.","msg":"Tool [pause_workflow] already registered: Tool [pause_workflow] v[1.0.0] is already registered with a different signature. Duplicate registration rejected."}
{"level":40,"time":1783352545084,"traceId":null,"correlationId":null,"tenantId":null,"leadId":null,"interactionId":null,"appointmentId":null,"proposalId":null,"contractId":null,"paymentId":null,"queueJobId":null,"workerId":null,"provider":null,"severity":"info","component":"runtime","phase":"operations","version":"phase6a.v1","module":"ExecutivePlugin","detail":"Tool [resume_workflow] already registered: Tool [resume_workflow] v[1.0.0] is already registered with a different signature. Duplicate registration rejected.","msg":"Tool [resume_workflow] already registered: Tool [resume_workflow] v[1.0.0] is already registered with a different signature. Duplicate registration rejected."}
{"level":40,"time":1783352545084,"traceId":null,"correlationId":null,"tenantId":null,"leadId":null,"interactionId":null,"appointmentId":null,"proposalId":null,"contractId":null,"paymentId":null,"queueJobId":null,"workerId":null,"provider":null,"severity":"info","component":"runtime","phase":"operations","version":"phase6a.v1","module":"ExecutivePlugin","detail":"Tool [cancel_workflow] already registered: Tool [cancel_workflow] v[1.0.0] is already registered with a different signature. Duplicate registration rejected.","msg":"Tool [cancel_workflow] already registered: Tool [cancel_workflow] v[1.0.0] is already registered with a different signature. Duplicate registration rejected."}
{"level":40,"time":1783352545093,"traceId":null,"correlationId":null,"tenantId":null,"leadId":null,"interactionId":null,"appointmentId":null,"proposalId":null,"contractId":null,"paymentId":null,"queueJobId":null,"workerId":null,"provider":null,"severity":"info","component":"runtime","phase":"operations","version":"phase6a.v1","module":"ExecutivePlugin","detail":"Tool [execution_health] already registered: Tool [execution_health] v[1.0.0] is already registered with a different signature. Duplicate registration rejected.","msg":"Tool [execution_health] already registered: Tool [execution_health] v[1.0.0] is already registered with a different signature. Duplicate registration rejected."}
{"level":40,"time":1783352545093,"traceId":null,"correlationId":null,"tenantId":null,"leadId":null,"interactionId":null,"appointmentId":null,"proposalId":null,"contractId":null,"paymentId":null,"queueJobId":null,"workerId":null,"provider":null,"severity":"info","component":"runtime","phase":"operations","version":"phase6a.v1","module":"ExecutivePlugin","detail":"Tool [execution_drift] already registered: Tool [execution_drift] v[1.0.0] is already registered with a different signature. Duplicate registration rejected.","msg":"Tool [execution_drift] already registered: Tool [execution_drift] v[1.0.0] is already registered with a different signature. Duplicate registration rejected."}
{"level":40,"time":1783352545094,"traceId":null,"correlationId":null,"tenantId":null,"leadId":null,"interactionId":null,"appointmentId":null,"proposalId":null,"contractId":null,"paymentId":null,"queueJobId":null,"workerId":null,"provider":null,"severity":"info","component":"runtime","phase":"operations","version":"phase6a.v1","module":"ExecutivePlugin","detail":"Tool [execution_package] already registered: Tool [execution_package] v[1.0.0] is already registered with a different signature. Duplicate registration rejected.","msg":"Tool [execution_package] already registered: Tool [execution_package] v[1.0.0] is already registered with a different signature. Duplicate registration rejected."}
{"level":40,"time":1783352545102,"traceId":null,"correlationId":null,"tenantId":null,"leadId":null,"interactionId":null,"appointmentId":null,"proposalId":null,"contractId":null,"paymentId":null,"queueJobId":null,"workerId":null,"provider":null,"severity":"info","component":"runtime","phase":"operations","version":"phase6a.v1","module":"ExecutivePlugin","detail":"Tool [execution_integrity] already registered: Tool [execution_integrity] v[1.0.0] is already registered with a different signature. Duplicate registration rejected.","msg":"Tool [execution_integrity] already registered: Tool [execution_integrity] v[1.0.0] is already registered with a different signature. Duplicate registration rejected."}
{"level":40,"time":1783352545102,"traceId":null,"correlationId":null,"tenantId":null,"leadId":null,"interactionId":null,"appointmentId":null,"proposalId":null,"contractId":null,"paymentId":null,"queueJobId":null,"workerId":null,"provider":null,"severity":"info","component":"runtime","phase":"operations","version":"phase6a.v1","module":"ExecutivePlugin","detail":"Tool [execution_lineage] already registered: Tool [execution_lineage] v[1.0.0] is already registered with a different signature. Duplicate registration rejected.","msg":"Tool [execution_lineage] already registered: Tool [execution_lineage] v[1.0.0] is already registered with a different signature. Duplicate registration rejected."}
{"level":40,"time":1783352545102,"traceId":null,"correlationId":null,"tenantId":null,"leadId":null,"interactionId":null,"appointmentId":null,"proposalId":null,"contractId":null,"paymentId":null,"queueJobId":null,"workerId":null,"provider":null,"severity":"info","component":"runtime","phase":"operations","version":"phase6a.v1","module":"ExecutivePlugin","detail":"Tool [execution_readiness] already registered: Tool [execution_readiness] v[1.0.0] is already registered with a different signature. Duplicate registration rejected.","msg":"Tool [execution_readiness] already registered: Tool [execution_readiness] v[1.0.0] is already registered with a different signature. Duplicate registration rejected."}
{"level":40,"time":1783352545103,"traceId":null,"correlationId":null,"tenantId":null,"leadId":null,"interactionId":null,"appointmentId":null,"proposalId":null,"contractId":null,"paymentId":null,"queueJobId":null,"workerId":null,"provider":null,"severity":"info","component":"runtime","phase":"operations","version":"phase6a.v1","module":"ExecutivePlugin","detail":"Tool [execution_package] already registered: Tool [execution_package] v[1.0.0] is already registered with a different signature. Duplicate registration rejected.","msg":"Tool [execution_package] already registered: Tool [execution_package] v[1.0.0] is already registered with a different signature. Duplicate registration rejected."}
{"level":30,"time":1783352545103,"traceId":null,"correlationId":null,"tenantId":null,"leadId":null,"interactionId":null,"appointmentId":null,"proposalId":null,"contractId":null,"paymentId":null,"queueJobId":null,"workerId":null,"provider":null,"severity":"info","component":"runtime","phase":"operations","version":"phase6a.v1","event":"All Executive Services Ready","module":"ExecutivePlugin","msg":"All Executive Services Ready"}
prisma:error 
Invalid `prisma.isolationAttestationLedger.upsert()` invocation:


Raw query failed. Code: `unknown`. Message: `Kind: Server selection timeout: No available servers. Topology: { Type: Unknown, Servers: [ { Address: localhost:27017, Type: Unknown, Error: Kind: I/O error: No connection could be made because the target machine actively refused it. (os error 10061), labels: {}, source: None } ] }, labels: {}, source: None`
FEATURE_GATE_AWAIT_TRACE {
  event: 'end',
  fileName: 'backend/src/services/security/securityGovernanceOS.service.ts',
  redisOps: 'none',
  functionName: 'attestInfraIsolation:isolationAttestationLedger.upsert',
  durationMs: 30081,
  cacheStatus: 'none',
  dbQueries: [
    'isolationAttestationLedger.upsert(isolation_attest:a4ce0aff6c17a918c7c92964)'
  ],
  attestationKey: 'isolation_attest:a4ce0aff6c17a918c7c92964'
}
FEATURE_GATE_AWAIT_TRACE {
  event: 'end',
  fileName: 'backend/src/services/security/securityGovernanceOS.service.ts',
  redisOps: 'none',
  functionName: 'authorizeAccess:attestInfraIsolation',
  durationMs: 30082,
  action: 'analytics:view',
  route: null,
  cacheStatus: 'none',
  dbQueries: [ 'isolationAttestationLedger.create' ]
}
prisma:error 
Invalid `prisma.authEventLedger.upsert()` invocation:


Raw query failed. Code: `unknown`. Message: `Kind: Server selection timeout: No available servers. Topology: { Type: Unknown, Servers: [ { Address: localhost:27017, Type: Unknown, Error: Kind: I/O error: No connection could be made because the target machine actively refused it. (os error 10061), labels: {}, source: None } ] }, labels: {}, source: None`
FEATURE_GATE_AWAIT_TRACE {
  event: 'end',
  fileName: 'backend/src/services/security/securityGovernanceOS.service.ts',
  redisOps: 'none',
  functionName: 'appendAuthEvent:authEventLedger.upsert',
  durationMs: 30080,
  cacheStatus: 'none',
  dbQueries: [ 'authEventLedger.upsert(auth_evt:93d1fb0cfb5baffa3fa859100c)' ],
  eventKey: 'auth_evt:93d1fb0cfb5baffa3fa859100c',
  action: 'analytics:view',
  outcome: 'ALLOWED'
}
FEATURE_GATE_AWAIT_TRACE {
  event: 'end',
  fileName: 'backend/src/services/security/securityGovernanceOS.service.ts',
  redisOps: 'none',
  functionName: 'authorizeAccess:appendAuthEvent:authorized',
  durationMs: 30081,
  action: 'analytics:view',
  route: null,
  cacheStatus: 'none',
  dbQueries: [ 'authEventLedger.upsert' ]
}
FEATURE_GATE_AWAIT_TRACE {
  event: 'start',
  fileName: 'backend/src/services/security/securityGovernanceOS.service.ts',
  redisOps: 'none',
  functionName: 'assertAuthorizedAccess:authorizeAccess',
  action: 'analytics:view',
  route: null,
  cacheStatus: 'delegated',
  dbQueries: [ 'see nested FEATURE_GATE_AWAIT_TRACE events' ]
}
FEATURE_GATE_AWAIT_TRACE {
  event: 'start',
  fileName: 'backend/src/services/security/securityGovernanceOS.service.ts',
  redisOps: 'none',
  functionName: 'authorizeAccess:assertTenantIsolation',
  action: 'analytics:view',
  route: null,
  cacheStatus: 'none',
  dbQueries: [ 'tenantIsolationLedger.upsert' ]
}
FEATURE_GATE_AWAIT_TRACE {
  event: 'end',
  fileName: 'backend/src/services/security/securityGovernanceOS.service.ts',
  redisOps: 'none',
  functionName: 'authorizeAccess:assertTenantIsolation',
  durationMs: 1,
  action: 'analytics:view',
  route: null,
  cacheStatus: 'none',
  dbQueries: [ 'tenantIsolationLedger.upsert' ]
}
FEATURE_GATE_AWAIT_TRACE {
  event: 'end',
  fileName: 'backend/src/services/security/securityGovernanceOS.service.ts',
  redisOps: 'none',
  functionName: 'assertAuthorizedAccess:authorizeAccess',
  durationMs: 1,
  action: 'analytics:view',
  route: null,
  cacheStatus: 'delegated',
  dbQueries: [ 'see nested FEATURE_GATE_AWAIT_TRACE events' ]
}
{"level":30,"time":1783352545103,"traceId":null,"correlationId":null,"tenantId":null,"leadId":null,"interactionId":null,"appointmentId":null,"proposalId":null,"contractId":null,"paymentId":null,"queueJobId":null,"workerId":null,"provider":null,"severity":"info","component":"runtime","phase":"operations","version":"phase6a.v1","event":"Executive Platform Wire Complete","startupTimeMs":35,"initializationTimeMs":171,"memoryOverheadBytes":1207080,"msg":"Universal Core Runtime bootstrapped and Executive Plugin registered successfully."}
{"level":30,"time":1783352545922,"traceId":null,"correlationId":null,"tenantId":null,"leadId":null,"interactionId":null,"appointmentId":null,"proposalId":null,"contractId":null,"paymentId":null,"queueJobId":null,"workerId":null,"provider":null,"severity":"info","component":"runtime","phase":"operations","version":"phase6a.v1","port":4200,"msg":"Server listening"}
{"level":30,"time":1783352545926,"traceId":null,"correlationId":null,"tenantId":null,"leadId":null,"interactionId":null,"appointmentId":null,"proposalId":null,"contractId":null,"paymentId":null,"queueJobId":null,"workerId":null,"provider":null,"severity":"info","component":"runtime","phase":"operations","version":"phase6a.v1","event":"internal_health_startup_diagnostics","internalApiKeyLoaded":true,"internalApiKeyLength":23,"nodeEnv":"production","serviceName":"backend","gitCommit":null,"startupTimestamp":"2026-07-06T15:41:54.820Z","msg":"Internal health startup diagnostics"}
{"level":30,"time":1783352545926,"traceId":null,"correlationId":null,"tenantId":null,"leadId":null,"interactionId":null,"appointmentId":null,"proposalId":null,"contractId":null,"paymentId":null,"queueJobId":null,"workerId":null,"provider":null,"severity":"info","component":"runtime","phase":"operations","version":"phase6a.v1","event":"deployment_metadata","applicationStartTime":"2026-07-06T15:41:54.820Z","renderInstanceId":null,"renderServiceName":null,"gitCommit":null,"buildTimestamp":null,"nodeVersion":"v22.20.0","msg":"Deployment metadata"}
{"level":40,"time":1783352545955,"traceId":null,"correlationId":null,"tenantId":null,"leadId":null,"interactionId":null,"appointmentId":null,"proposalId":null,"contractId":null,"paymentId":null,"queueJobId":null,"workerId":null,"provider":null,"severity":"info","component":"runtime","phase":"operations","version":"phase6a.v1","err":{"type":"Error","message":"REDIS_URL must use rediss:// (or redis:// in integration/test mode)","stack":"Error: REDIS_URL must use rediss:// (or redis:// in integration/test mode)\n    at buildRedisOptions (D:\\sylph-ai\\backend\\dist\\config\\redis.js:61:15)\n    at createRedisClient (D:\\sylph-ai\\backend\\dist\\config\\redis.js:128:63)\n    at getWorkerRedisConnection (D:\\sylph-ai\\backend\\dist\\config\\redis.js:477:60)\n    at initAuthEmailWorker (D:\\sylph-ai\\backend\\dist\\workers\\authEmail.worker.js:40:58)\n    at initWorkers (D:\\sylph-ai\\backend\\dist\\runtime\\lifecycle.js:117:52)\n    at scheduleBackgroundStartupTask.priority (D:\\sylph-ai\\backend\\dist\\server.js:355:37)\n    at Timeout._onTimeout (D:\\sylph-ai\\backend\\dist\\server.js:144:18)\n    at listOnTimeout (node:internal/timers:588:17)\n    at process.processTimers (node:internal/timers:523:7)"},"task":"worker_bootstrap_core","msg":"Startup background task failed"}
{"level":40,"time":1783352545957,"traceId":null,"correlationId":null,"tenantId":null,"leadId":null,"interactionId":null,"appointmentId":null,"proposalId":null,"contractId":null,"paymentId":null,"queueJobId":null,"workerId":null,"provider":null,"severity":"info","component":"runtime","phase":"operations","version":"phase6a.v1","err":{"type":"Error","message":"REDIS_URL must use rediss:// (or redis:// in integration/test mode)","stack":"Error: REDIS_URL must use rediss:// (or redis:// in integration/test mode)\n    at buildRedisOptions (D:\\sylph-ai\\backend\\dist\\config\\redis.js:61:15)\n    at createRedisClient (D:\\sylph-ai\\backend\\dist\\config\\redis.js:128:63)\n    at getWorkerRedisConnection (D:\\sylph-ai\\backend\\dist\\config\\redis.js:477:60)\n    at initIntegrationOnboardingProjectionWorker (D:\\sylph-ai\\backend\\dist\\workers\\integrationOnboardingProjection.worker.js:52:58)\n    at initWorkers (D:\\sylph-ai\\backend\\dist\\runtime\\lifecycle.js:138:96)\n    at scheduleBackgroundStartupTask.priority (D:\\sylph-ai\\backend\\dist\\server.js:362:37)\n    at Timeout._onTimeout (D:\\sylph-ai\\backend\\dist\\server.js:144:18)\n    at listOnTimeout (node:internal/timers:588:17)\n    at process.processTimers (node:internal/timers:523:7)"},"task":"worker_bootstrap_integration","msg":"Startup background task failed"}
{"level":40,"time":1783352546022,"traceId":null,"correlationId":null,"tenantId":null,"leadId":null,"interactionId":null,"appointmentId":null,"proposalId":null,"contractId":null,"paymentId":null,"queueJobId":null,"workerId":null,"provider":null,"severity":"info","component":"runtime","phase":"operations","version":"phase6a.v1","err":{"type":"Error","message":"REDIS_URL must use rediss:// (or redis:// in integration/test mode)","stack":"Error: REDIS_URL must use rediss:// (or redis:// in integration/test mode)\n    at buildRedisOptions (D:\\sylph-ai\\backend\\dist\\config\\redis.js:61:15)\n    at createRedisClient (D:\\sylph-ai\\backend\\dist\\config\\redis.js:128:63)\n    at ensureSharedRedisClient (D:\\sylph-ai\\backend\\dist\\config\\redis.js:307:39)\n    at initRedis (D:\\sylph-ai\\backend\\dist\\config\\redis.js:382:13)\n    at D:\\sylph-ai\\backend\\dist\\runtime\\lifecycle.js:71:31\n    at initQueues (D:\\sylph-ai\\backend\\dist\\runtime\\lifecycle.js:91:7)\n    at scheduleBackgroundStartupTask.priority (D:\\sylph-ai\\backend\\dist\\server.js:560:54)\n    at Timeout._onTimeout (D:\\sylph-ai\\backend\\dist\\server.js:144:18)\n    at listOnTimeout (node:internal/timers:588:17)\n    at process.processTimers (node:internal/timers:523:7)"},"task":"runtime_queue_init_recovery","msg":"Startup background task failed"}
prisma:error 
Invalid `prisma.dataAccessAuditLedger.upsert()` invocation:


Raw query failed. Code: `unknown`. Message: `Kind: Transactions are not supported by this deployment, labels: {}, source: None`
FEATURE_GATE_AWAIT_TRACE {
  event: 'start',
  fileName: 'backend/src/services/security/securityGovernanceOS.service.ts',
  redisOps: 'none',
  functionName: 'authorizeAccess:attestInfraIsolation',
  action: 'analytics:view',
  route: null,
  cacheStatus: 'none',
  dbQueries: [ 'isolationAttestationLedger.create' ]
}
FEATURE_GATE_AWAIT_TRACE {
  event: 'start',
  fileName: 'backend/src/services/security/securityGovernanceOS.service.ts',
  redisOps: 'none',
  functionName: 'attestInfraIsolation:isolationAttestationLedger.upsert',
  cacheStatus: 'none',
  dbQueries: [
    'isolationAttestationLedger.upsert(isolation_attest:ddcd711943f2817102cb449e)'
  ],
  attestationKey: 'isolation_attest:ddcd711943f2817102cb449e'
}
FEATURE_GATE_AWAIT_TRACE {
  event: 'start',
  fileName: 'backend/src/services/security/securityGovernanceOS.service.ts',
  redisOps: 'none',
  functionName: 'authorizeAccess:appendAuthEvent:authorized',
  action: 'analytics:view',
  route: null,
  cacheStatus: 'none',
  dbQueries: [ 'authEventLedger.upsert' ]
}
FEATURE_GATE_AWAIT_TRACE {
  event: 'start',
  fileName: 'backend/src/services/security/securityGovernanceOS.service.ts',
  redisOps: 'none',
  functionName: 'appendAuthEvent:authEventLedger.upsert',
  cacheStatus: 'none',
  dbQueries: [ 'authEventLedger.upsert(auth_evt:f137f1db79ddc622b10781467e)' ],
  eventKey: 'auth_evt:f137f1db79ddc622b10781467e',
  action: 'analytics:view',
  outcome: 'ALLOWED'
}
prisma:error 
Invalid `prisma.isolationAttestationLedger.upsert()` invocation:


Raw query failed. Code: `unknown`. Message: `Kind: Transactions are not supported by this deployment, labels: {}, source: None`
FEATURE_GATE_AWAIT_TRACE {
  event: 'end',
  fileName: 'backend/src/services/security/securityGovernanceOS.service.ts',
  redisOps: 'none',
  functionName: 'attestInfraIsolation:isolationAttestationLedger.upsert',
  durationMs: 2,
  cacheStatus: 'none',
  dbQueries: [
    'isolationAttestationLedger.upsert(isolation_attest:ddcd711943f2817102cb449e)'
  ],
  attestationKey: 'isolation_attest:ddcd711943f2817102cb449e'
}
FEATURE_GATE_AWAIT_TRACE {
  event: 'end',
  fileName: 'backend/src/services/security/securityGovernanceOS.service.ts',
  redisOps: 'none',
  functionName: 'authorizeAccess:attestInfraIsolation',
  durationMs: 2,
  action: 'analytics:view',
  route: null,
  cacheStatus: 'none',
  dbQueries: [ 'isolationAttestationLedger.create' ]
}
prisma:error 
Invalid `prisma.authEventLedger.upsert()` invocation:


Raw query failed. Code: `unknown`. Message: `Kind: Transactions are not supported by this deployment, labels: {}, source: None`
FEATURE_GATE_AWAIT_TRACE {
  event: 'end',
  fileName: 'backend/src/services/security/securityGovernanceOS.service.ts',
  redisOps: 'none',
  functionName: 'appendAuthEvent:authEventLedger.upsert',
  durationMs: 1,
  cacheStatus: 'none',
  dbQueries: [ 'authEventLedger.upsert(auth_evt:f137f1db79ddc622b10781467e)' ],
  eventKey: 'auth_evt:f137f1db79ddc622b10781467e',
  action: 'analytics:view',
  outcome: 'ALLOWED'
}
FEATURE_GATE_AWAIT_TRACE {
  event: 'end',
  fileName: 'backend/src/services/security/securityGovernanceOS.service.ts',
  redisOps: 'none',
  functionName: 'authorizeAccess:appendAuthEvent:authorized',
  durationMs: 2,
  action: 'analytics:view',
  route: null,
  cacheStatus: 'none',
  dbQueries: [ 'authEventLedger.upsert' ]
}
startup_event_loop_lag {
  metric: 'startup_event_loop_lag',
  value: 0,
  businessId: null,
  route: 'startup_isolation',
  metadata: null,
  recordedAt: '2026-07-06T15:42:26.156Z'
}
FEATURE_GATE_AWAIT_TRACE {
  event: 'start',
  fileName: 'backend/src/services/security/securityGovernanceOS.service.ts',
  redisOps: 'none',
  functionName: 'assertAuthorizedAccess:authorizeAccess',
  action: 'analytics:view',
  route: null,
  cacheStatus: 'delegated',
  dbQueries: [ 'see nested FEATURE_GATE_AWAIT_TRACE events' ]
}
FEATURE_GATE_AWAIT_TRACE {
  event: 'start',
  fileName: 'backend/src/services/security/securityGovernanceOS.service.ts',
  redisOps: 'none',
  functionName: 'authorizeAccess:assertTenantIsolation',
  action: 'analytics:view',
  route: null,
  cacheStatus: 'none',
  dbQueries: [ 'tenantIsolationLedger.upsert' ]
}
FEATURE_GATE_AWAIT_TRACE {
  event: 'end',
  fileName: 'backend/src/services/security/securityGovernanceOS.service.ts',
  redisOps: 'none',
  functionName: 'authorizeAccess:assertTenantIsolation',
  durationMs: 0,
  action: 'analytics:view',
  route: null,
  cacheStatus: 'none',
  dbQueries: [ 'tenantIsolationLedger.upsert' ]
}
FEATURE_GATE_AWAIT_TRACE {
  event: 'end',
  fileName: 'backend/src/services/security/securityGovernanceOS.service.ts',
  redisOps: 'none',
  functionName: 'assertAuthorizedAccess:authorizeAccess',
  durationMs: 2,
  action: 'analytics:view',
  route: null,
  cacheStatus: 'delegated',
  dbQueries: [ 'see nested FEATURE_GATE_AWAIT_TRACE events' ]
}
FEATURE_GATE_AWAIT_TRACE {
  event: 'start',
  fileName: 'backend/src/services/security/securityGovernanceOS.service.ts',
  redisOps: 'none',
  functionName: 'authorizeAccess:attestInfraIsolation',
  action: 'analytics:view',
  route: null,
  cacheStatus: 'none',
  dbQueries: [ 'isolationAttestationLedger.create' ]
}
FEATURE_GATE_AWAIT_TRACE {
  event: 'start',
  fileName: 'backend/src/services/security/securityGovernanceOS.service.ts',
  redisOps: 'none',
  functionName: 'attestInfraIsolation:isolationAttestationLedger.upsert',
  cacheStatus: 'none',
  dbQueries: [
    'isolationAttestationLedger.upsert(isolation_attest:7074427509f2caf53f83ac0c)'
  ],
  attestationKey: 'isolation_attest:7074427509f2caf53f83ac0c'
}
FEATURE_GATE_AWAIT_TRACE {
  event: 'start',
  fileName: 'backend/src/services/security/securityGovernanceOS.service.ts',
  redisOps: 'none',
  functionName: 'authorizeAccess:appendAuthEvent:authorized',
  action: 'analytics:view',
  route: null,
  cacheStatus: 'none',
  dbQueries: [ 'authEventLedger.upsert' ]
}
FEATURE_GATE_AWAIT_TRACE {
  event: 'start',
  fileName: 'backend/src/services/security/securityGovernanceOS.service.ts',
  redisOps: 'none',
  functionName: 'appendAuthEvent:authEventLedger.upsert',
  cacheStatus: 'none',
  dbQueries: [ 'authEventLedger.upsert(auth_evt:28cff824f698f01bff93aefd97)' ],
  eventKey: 'auth_evt:28cff824f698f01bff93aefd97',
  action: 'analytics:view',
  outcome: 'ALLOWED'
}
prisma:error 
Invalid `prisma.dataAccessAuditLedger.upsert()` invocation:


Raw query failed. Code: `unknown`. Message: `Kind: Transactions are not supported by this deployment, labels: {}, source: None`
prisma:error 
Invalid `prisma.isolationAttestationLedger.upsert()` invocation:


Raw query failed. Code: `unknown`. Message: `Kind: Transactions are not supported by this deployment, labels: {}, source: None`
FEATURE_GATE_AWAIT_TRACE {
  event: 'end',
  fileName: 'backend/src/services/security/securityGovernanceOS.service.ts',
  redisOps: 'none',
  functionName: 'attestInfraIsolation:isolationAttestationLedger.upsert',
  durationMs: 3,
  cacheStatus: 'none',
  dbQueries: [
    'isolationAttestationLedger.upsert(isolation_attest:7074427509f2caf53f83ac0c)'
  ],
  attestationKey: 'isolation_attest:7074427509f2caf53f83ac0c'
}
FEATURE_GATE_AWAIT_TRACE {
  event: 'end',
  fileName: 'backend/src/services/security/securityGovernanceOS.service.ts',
  redisOps: 'none',
  functionName: 'authorizeAccess:attestInfraIsolation',
  durationMs: 3,
  action: 'analytics:view',
  route: null,
  cacheStatus: 'none',
  dbQueries: [ 'isolationAttestationLedger.create' ]
}
prisma:error 
Invalid `prisma.authEventLedger.upsert()` invocation:


Raw query failed. Code: `unknown`. Message: `Kind: Transactions are not supported by this deployment, labels: {}, source: None`
FEATURE_GATE_AWAIT_TRACE {
  event: 'end',
  fileName: 'backend/src/services/security/securityGovernanceOS.service.ts',
  redisOps: 'none',
  functionName: 'appendAuthEvent:authEventLedger.upsert',
  durationMs: 3,
  cacheStatus: 'none',
  dbQueries: [ 'authEventLedger.upsert(auth_evt:28cff824f698f01bff93aefd97)' ],
  eventKey: 'auth_evt:28cff824f698f01bff93aefd97',
  action: 'analytics:view',
  outcome: 'ALLOWED'
}
FEATURE_GATE_AWAIT_TRACE {
  event: 'end',
  fileName: 'backend/src/services/security/securityGovernanceOS.service.ts',
  redisOps: 'none',
  functionName: 'authorizeAccess:appendAuthEvent:authorized',
  durationMs: 3,
  action: 'analytics:view',
  route: null,
  cacheStatus: 'none',
  dbQueries: [ 'authEventLedger.upsert' ]
}
prisma:error 
Invalid `prisma.isolationAttestationLedger.upsert()` invocation:


Raw query failed. Code: `unknown`. Message: `Kind: Server selection timeout: No available servers. Topology: { Type: Unknown, Servers: [ { Address: localhost:27017, Type: Unknown, Error: Kind: I/O error: No connection could be made because the target machine actively refused it. (os error 10061), labels: {}, source: None } ] }, labels: {}, source: None`
FEATURE_GATE_AWAIT_TRACE {
  event: 'end',
  fileName: 'backend/src/services/security/securityGovernanceOS.service.ts',
  redisOps: 'none',
  functionName: 'attestInfraIsolation:isolationAttestationLedger.upsert',
  durationMs: 30004,
  cacheStatus: 'none',
  dbQueries: [
    'isolationAttestationLedger.upsert(isolation_attest:94b154379ff3dcca518a9f44)'
  ],
  attestationKey: 'isolation_attest:94b154379ff3dcca518a9f44'
}
FEATURE_GATE_AWAIT_TRACE {
  event: 'end',
  fileName: 'backend/src/services/security/securityGovernanceOS.service.ts',
  redisOps: 'none',
  functionName: 'authorizeAccess:attestInfraIsolation',
  durationMs: 30006,
  action: 'analytics:view',
  route: null,
  cacheStatus: 'none',
  dbQueries: [ 'isolationAttestationLedger.create' ]
}
prisma:error 
Invalid `prisma.authEventLedger.upsert()` invocation:


Raw query failed. Code: `unknown`. Message: `Kind: Server selection timeout: No available servers. Topology: { Type: Unknown, Servers: [ { Address: localhost:27017, Type: Unknown, Error: Kind: I/O error: No connection could be made because the target machine actively refused it. (os error 10061), labels: {}, source: None } ] }, labels: {}, source: None`
FEATURE_GATE_AWAIT_TRACE {
  event: 'end',
  fileName: 'backend/src/services/security/securityGovernanceOS.service.ts',
  redisOps: 'none',
  functionName: 'appendAuthEvent:authEventLedger.upsert',
  durationMs: 30005,
  cacheStatus: 'none',
  dbQueries: [ 'authEventLedger.upsert(auth_evt:c40061255074f95470855b0be9)' ],
  eventKey: 'auth_evt:c40061255074f95470855b0be9',
  action: 'analytics:view',
  outcome: 'ALLOWED'
}
FEATURE_GATE_AWAIT_TRACE {
  event: 'end',
  fileName: 'backend/src/services/security/securityGovernanceOS.service.ts',
  redisOps: 'none',
  functionName: 'authorizeAccess:appendAuthEvent:authorized',
  durationMs: 30006,
  action: 'analytics:view',
  route: null,
  cacheStatus: 'none',
  dbQueries: [ 'authEventLedger.upsert' ]
}
prisma:error 
Invalid `prisma.dataAccessAuditLedger.upsert()` invocation:


Raw query failed. Code: `unknown`. Message: `Kind: Server selection timeout: No available servers. Topology: { Type: Unknown, Servers: [ { Address: localhost:27017, Type: Unknown, Error: Kind: I/O error: No connection could be made because the target machine actively refused it. (os error 10061), labels: {}, source: None } ] }, labels: {}, source: None`
startup_event_loop_lag {
  metric: 'startup_event_loop_lag',
  value: 0,
  businessId: null,
  route: 'startup_isolation',
  metadata: null,
  recordedAt: '2026-07-06T15:42:27.191Z'
}
FEATURE_GATE_AWAIT_TRACE {
  event: 'start',
  fileName: 'backend/src/services/security/securityGovernanceOS.service.ts',
  redisOps: 'none',
  functionName: 'assertAuthorizedAccess:authorizeAccess',
  action: 'analytics:view',
  route: null,
  cacheStatus: 'delegated',
  dbQueries: [ 'see nested FEATURE_GATE_AWAIT_TRACE events' ]
}
FEATURE_GATE_AWAIT_TRACE {
  event: 'start',
  fileName: 'backend/src/services/security/securityGovernanceOS.service.ts',
  redisOps: 'none',
  functionName: 'authorizeAccess:assertTenantIsolation',
  action: 'analytics:view',
  route: null,
  cacheStatus: 'none',
  dbQueries: [ 'tenantIsolationLedger.upsert' ]
}
FEATURE_GATE_AWAIT_TRACE {
  event: 'end',
  fileName: 'backend/src/services/security/securityGovernanceOS.service.ts',
  redisOps: 'none',
  functionName: 'authorizeAccess:assertTenantIsolation',
  durationMs: 1,
  action: 'analytics:view',
  route: null,
  cacheStatus: 'none',
  dbQueries: [ 'tenantIsolationLedger.upsert' ]
}
FEATURE_GATE_AWAIT_TRACE {
  event: 'end',
  fileName: 'backend/src/services/security/securityGovernanceOS.service.ts',
  redisOps: 'none',
  functionName: 'assertAuthorizedAccess:authorizeAccess',
  durationMs: 2,
  action: 'analytics:view',
  route: null,
  cacheStatus: 'delegated',
  dbQueries: [ 'see nested FEATURE_GATE_AWAIT_TRACE events' ]
}
FEATURE_GATE_AWAIT_TRACE {
  event: 'start',
  fileName: 'backend/src/services/security/securityGovernanceOS.service.ts',
  redisOps: 'none',
  functionName: 'authorizeAccess:attestInfraIsolation',
  action: 'analytics:view',
  route: null,
  cacheStatus: 'none',
  dbQueries: [ 'isolationAttestationLedger.create' ]
}
FEATURE_GATE_AWAIT_TRACE {
  event: 'start',
  fileName: 'backend/src/services/security/securityGovernanceOS.service.ts',
  redisOps: 'none',
  functionName: 'attestInfraIsolation:isolationAttestationLedger.upsert',
  cacheStatus: 'none',
  dbQueries: [
    'isolationAttestationLedger.upsert(isolation_attest:d0f381eee3ec202f752f8400)'
  ],
  attestationKey: 'isolation_attest:d0f381eee3ec202f752f8400'
}
FEATURE_GATE_AWAIT_TRACE {
  event: 'start',
  fileName: 'backend/src/services/security/securityGovernanceOS.service.ts',
  redisOps: 'none',
  functionName: 'authorizeAccess:appendAuthEvent:authorized',
  action: 'analytics:view',
  route: null,
  cacheStatus: 'none',
  dbQueries: [ 'authEventLedger.upsert' ]
}
FEATURE_GATE_AWAIT_TRACE {
  event: 'start',
  fileName: 'backend/src/services/security/securityGovernanceOS.service.ts',
  redisOps: 'none',
  functionName: 'appendAuthEvent:authEventLedger.upsert',
  cacheStatus: 'none',
  dbQueries: [ 'authEventLedger.upsert(auth_evt:ecce8f9f7fbedf7c9f40b677e1)' ],
  eventKey: 'auth_evt:ecce8f9f7fbedf7c9f40b677e1',
  action: 'analytics:view',
  outcome: 'ALLOWED'
}
prisma:error 
Invalid `prisma.dataAccessAuditLedger.upsert()` invocation:


Raw query failed. Code: `unknown`. Message: `Kind: Transactions are not supported by this deployment, labels: {}, source: None`
prisma:error 
Invalid `prisma.isolationAttestationLedger.upsert()` invocation:


Raw query failed. Code: `unknown`. Message: `Kind: Transactions are not supported by this deployment, labels: {}, source: None`
FEATURE_GATE_AWAIT_TRACE {
  event: 'end',
  fileName: 'backend/src/services/security/securityGovernanceOS.service.ts',
  redisOps: 'none',
  functionName: 'attestInfraIsolation:isolationAttestationLedger.upsert',
  durationMs: 3,
  cacheStatus: 'none',
  dbQueries: [
    'isolationAttestationLedger.upsert(isolation_attest:d0f381eee3ec202f752f8400)'
  ],
  attestationKey: 'isolation_attest:d0f381eee3ec202f752f8400'
}
FEATURE_GATE_AWAIT_TRACE {
  event: 'end',
  fileName: 'backend/src/services/security/securityGovernanceOS.service.ts',
  redisOps: 'none',
  functionName: 'authorizeAccess:attestInfraIsolation',
  durationMs: 4,
  action: 'analytics:view',
  route: null,
  cacheStatus: 'none',
  dbQueries: [ 'isolationAttestationLedger.create' ]
}
prisma:error 
Invalid `prisma.authEventLedger.upsert()` invocation:


Raw query failed. Code: `unknown`. Message: `Kind: Transactions are not supported by this deployment, labels: {}, source: None`
FEATURE_GATE_AWAIT_TRACE {
  event: 'end',
  fileName: 'backend/src/services/security/securityGovernanceOS.service.ts',
  redisOps: 'none',
  functionName: 'appendAuthEvent:authEventLedger.upsert',
  durationMs: 3,
  cacheStatus: 'none',
  dbQueries: [ 'authEventLedger.upsert(auth_evt:ecce8f9f7fbedf7c9f40b677e1)' ],
  eventKey: 'auth_evt:ecce8f9f7fbedf7c9f40b677e1',
  action: 'analytics:view',
  outcome: 'ALLOWED'
}
FEATURE_GATE_AWAIT_TRACE {
  event: 'end',
  fileName: 'backend/src/services/security/securityGovernanceOS.service.ts',
  redisOps: 'none',
  functionName: 'authorizeAccess:appendAuthEvent:authorized',
  durationMs: 3,
  action: 'analytics:view',
  route: null,
  cacheStatus: 'none',
  dbQueries: [ 'authEventLedger.upsert' ]
}
prisma:error 
Invalid `prisma.observabilityEventLedger.findUnique()` invocation:


Raw query failed. Code: `unknown`. Message: `Kind: Server selection timeout: No available servers. Topology: { Type: Unknown, Servers: [ { Address: localhost:27017, Type: Unknown, Error: Kind: I/O error: No connection could be made because the target machine actively refused it. (os error 10061), labels: {}, source: None } ] }, labels: {}, source: None`
prisma:error 
Invalid `prisma.observabilityEventLedger.upsert()` invocation:


Raw query failed. Code: `unknown`. Message: `Kind: Transactions are not supported by this deployment, labels: {}, source: None`
startup_event_loop_lag {
  metric: 'startup_event_loop_lag',
  value: 1,
  businessId: null,
  route: 'startup_isolation',
  metadata: null,
  recordedAt: '2026-07-06T15:42:28.243Z'
}
FEATURE_GATE_AWAIT_TRACE {
  event: 'start',
  fileName: 'backend/src/services/security/securityGovernanceOS.service.ts',
  redisOps: 'none',
  functionName: 'assertAuthorizedAccess:authorizeAccess',
  action: 'analytics:view',
  route: null,
  cacheStatus: 'delegated',
  dbQueries: [ 'see nested FEATURE_GATE_AWAIT_TRACE events' ]
}
FEATURE_GATE_AWAIT_TRACE {
  event: 'start',
  fileName: 'backend/src/services/security/securityGovernanceOS.service.ts',
  redisOps: 'none',
  functionName: 'authorizeAccess:assertTenantIsolation',
  action: 'analytics:view',
  route: null,
  cacheStatus: 'none',
  dbQueries: [ 'tenantIsolationLedger.upsert' ]
}
FEATURE_GATE_AWAIT_TRACE {
  event: 'end',
  fileName: 'backend/src/services/security/securityGovernanceOS.service.ts',
  redisOps: 'none',
  functionName: 'authorizeAccess:assertTenantIsolation',
  durationMs: 1,
  action: 'analytics:view',
  route: null,
  cacheStatus: 'none',
  dbQueries: [ 'tenantIsolationLedger.upsert' ]
}
FEATURE_GATE_AWAIT_TRACE {
  event: 'end',
  fileName: 'backend/src/services/security/securityGovernanceOS.service.ts',
  redisOps: 'none',
  functionName: 'assertAuthorizedAccess:authorizeAccess',
  durationMs: 1,
  action: 'analytics:view',
  route: null,
  cacheStatus: 'delegated',
  dbQueries: [ 'see nested FEATURE_GATE_AWAIT_TRACE events' ]
}
FEATURE_GATE_AWAIT_TRACE {
  event: 'start',
  fileName: 'backend/src/services/security/securityGovernanceOS.service.ts',
  redisOps: 'none',
  functionName: 'authorizeAccess:attestInfraIsolation',
  action: 'analytics:view',
  route: null,
  cacheStatus: 'none',
  dbQueries: [ 'isolationAttestationLedger.create' ]
}
FEATURE_GATE_AWAIT_TRACE {
  event: 'start',
  fileName: 'backend/src/services/security/securityGovernanceOS.service.ts',
  redisOps: 'none',
  functionName: 'attestInfraIsolation:isolationAttestationLedger.upsert',
  cacheStatus: 'none',
  dbQueries: [
    'isolationAttestationLedger.upsert(isolation_attest:6ed5b09cb1981b5c5c72633f)'
  ],
  attestationKey: 'isolation_attest:6ed5b09cb1981b5c5c72633f'
}
FEATURE_GATE_AWAIT_TRACE {
  event: 'start',
  fileName: 'backend/src/services/security/securityGovernanceOS.service.ts',
  redisOps: 'none',
  functionName: 'authorizeAccess:appendAuthEvent:authorized',
  action: 'analytics:view',
  route: null,
  cacheStatus: 'none',
  dbQueries: [ 'authEventLedger.upsert' ]
}
FEATURE_GATE_AWAIT_TRACE {
  event: 'start',
  fileName: 'backend/src/services/security/securityGovernanceOS.service.ts',
  redisOps: 'none',
  functionName: 'appendAuthEvent:authEventLedger.upsert',
  cacheStatus: 'none',
  dbQueries: [ 'authEventLedger.upsert(auth_evt:4d372816fd15608219d079336e)' ],
  eventKey: 'auth_evt:4d372816fd15608219d079336e',
  action: 'analytics:view',
  outcome: 'ALLOWED'
}
prisma:error 
Invalid `prisma.dataAccessAuditLedger.upsert()` invocation:


Raw query failed. Code: `unknown`. Message: `Kind: Transactions are not supported by this deployment, labels: {}, source: None`
prisma:error 
Invalid `prisma.isolationAttestationLedger.upsert()` invocation:


Raw query failed. Code: `unknown`. Message: `Kind: Transactions are not supported by this deployment, labels: {}, source: None`
FEATURE_GATE_AWAIT_TRACE {
  event: 'end',
  fileName: 'backend/src/services/security/securityGovernanceOS.service.ts',
  redisOps: 'none',
  functionName: 'attestInfraIsolation:isolationAttestationLedger.upsert',
  durationMs: 3,
  cacheStatus: 'none',
  dbQueries: [
    'isolationAttestationLedger.upsert(isolation_attest:6ed5b09cb1981b5c5c72633f)'
  ],
  attestationKey: 'isolation_attest:6ed5b09cb1981b5c5c72633f'
}
FEATURE_GATE_AWAIT_TRACE {
  event: 'end',
  fileName: 'backend/src/services/security/securityGovernanceOS.service.ts',
  redisOps: 'none',
  functionName: 'authorizeAccess:attestInfraIsolation',
  durationMs: 4,
  action: 'analytics:view',
  route: null,
  cacheStatus: 'none',
  dbQueries: [ 'isolationAttestationLedger.create' ]
}
prisma:error 
Invalid `prisma.authEventLedger.upsert()` invocation:


Raw query failed. Code: `unknown`. Message: `Kind: Transactions are not supported by this deployment, labels: {}, source: None`
FEATURE_GATE_AWAIT_TRACE {
  event: 'end',
  fileName: 'backend/src/services/security/securityGovernanceOS.service.ts',
  redisOps: 'none',
  functionName: 'appendAuthEvent:authEventLedger.upsert',
  durationMs: 2,
  cacheStatus: 'none',
  dbQueries: [ 'authEventLedger.upsert(auth_evt:4d372816fd15608219d079336e)' ],
  eventKey: 'auth_evt:4d372816fd15608219d079336e',
  action: 'analytics:view',
  outcome: 'ALLOWED'
}
FEATURE_GATE_AWAIT_TRACE {
  event: 'end',
  fileName: 'backend/src/services/security/securityGovernanceOS.service.ts',
  redisOps: 'none',
  functionName: 'authorizeAccess:appendAuthEvent:authorized',
  durationMs: 3,
  action: 'analytics:view',
  route: null,
  cacheStatus: 'none',
  dbQueries: [ 'authEventLedger.upsert' ]
}
prisma:error 
Invalid `prisma.observabilityEventLedger.findUnique()` invocation:


Raw query failed. Code: `unknown`. Message: `Kind: Server selection timeout: No available servers. Topology: { Type: Unknown, Servers: [ { Address: localhost:27017, Type: Unknown, Error: Kind: I/O error: No connection could be made because the target machine actively refused it. (os error 10061), labels: {}, source: None } ] }, labels: {}, source: None`
prisma:error 
Invalid `prisma.observabilityEventLedger.upsert()` invocation:


Raw query failed. Code: `unknown`. Message: `Kind: Transactions are not supported by this deployment, labels: {}, source: None`
startup_event_loop_lag {
  metric: 'startup_event_loop_lag',
  value: 1,
  businessId: null,
  route: 'startup_isolation',
  metadata: null,
  recordedAt: '2026-07-06T15:42:29.278Z'
}
FEATURE_GATE_AWAIT_TRACE {
  event: 'start',
  fileName: 'backend/src/services/security/securityGovernanceOS.service.ts',
  redisOps: 'none',
  functionName: 'assertAuthorizedAccess:authorizeAccess',
  action: 'analytics:view',
  route: null,
  cacheStatus: 'delegated',
  dbQueries: [ 'see nested FEATURE_GATE_AWAIT_TRACE events' ]
}
FEATURE_GATE_AWAIT_TRACE {
  event: 'start',
  fileName: 'backend/src/services/security/securityGovernanceOS.service.ts',
  redisOps: 'none',
  functionName: 'authorizeAccess:assertTenantIsolation',
  action: 'analytics:view',
  route: null,
  cacheStatus: 'none',
  dbQueries: [ 'tenantIsolationLedger.upsert' ]
}
FEATURE_GATE_AWAIT_TRACE {
  event: 'end',
  fileName: 'backend/src/services/security/securityGovernanceOS.service.ts',
  redisOps: 'none',
  functionName: 'authorizeAccess:assertTenantIsolation',
  durationMs: 1,
  action: 'analytics:view',
  route: null,
  cacheStatus: 'none',
  dbQueries: [ 'tenantIsolationLedger.upsert' ]
}
FEATURE_GATE_AWAIT_TRACE {
  event: 'end',
  fileName: 'backend/src/services/security/securityGovernanceOS.service.ts',
  redisOps: 'none',
  functionName: 'assertAuthorizedAccess:authorizeAccess',
  durationMs: 1,
  action: 'analytics:view',
  route: null,
  cacheStatus: 'delegated',
  dbQueries: [ 'see nested FEATURE_GATE_AWAIT_TRACE events' ]
}
FEATURE_GATE_AWAIT_TRACE {
  event: 'start',
  fileName: 'backend/src/services/security/securityGovernanceOS.service.ts',
  redisOps: 'none',
  functionName: 'authorizeAccess:attestInfraIsolation',
  action: 'analytics:view',
  route: null,
  cacheStatus: 'none',
  dbQueries: [ 'isolationAttestationLedger.create' ]
}
FEATURE_GATE_AWAIT_TRACE {
  event: 'start',
  fileName: 'backend/src/services/security/securityGovernanceOS.service.ts',
  redisOps: 'none',
  functionName: 'attestInfraIsolation:isolationAttestationLedger.upsert',
  cacheStatus: 'none',
  dbQueries: [
    'isolationAttestationLedger.upsert(isolation_attest:1885cf2d0199e58dfe56e7b0)'
  ],
  attestationKey: 'isolation_attest:1885cf2d0199e58dfe56e7b0'
}
FEATURE_GATE_AWAIT_TRACE {
  event: 'start',
  fileName: 'backend/src/services/security/securityGovernanceOS.service.ts',
  redisOps: 'none',
  functionName: 'authorizeAccess:appendAuthEvent:authorized',
  action: 'analytics:view',
  route: null,
  cacheStatus: 'none',
  dbQueries: [ 'authEventLedger.upsert' ]
}
FEATURE_GATE_AWAIT_TRACE {
  event: 'start',
  fileName: 'backend/src/services/security/securityGovernanceOS.service.ts',
  redisOps: 'none',
  functionName: 'appendAuthEvent:authEventLedger.upsert',
  cacheStatus: 'none',
  dbQueries: [ 'authEventLedger.upsert(auth_evt:9eaf2691e9d68568280e72c2f7)' ],
  eventKey: 'auth_evt:9eaf2691e9d68568280e72c2f7',
  action: 'analytics:view',
  outcome: 'ALLOWED'
}
prisma:error 
Invalid `prisma.dataAccessAuditLedger.upsert()` invocation:


Raw query failed. Code: `unknown`. Message: `Kind: Transactions are not supported by this deployment, labels: {}, source: None`
prisma:error 
Invalid `prisma.isolationAttestationLedger.upsert()` invocation:


Raw query failed. Code: `unknown`. Message: `Kind: Transactions are not supported by this deployment, labels: {}, source: None`
FEATURE_GATE_AWAIT_TRACE {
  event: 'end',
  fileName: 'backend/src/services/security/securityGovernanceOS.service.ts',
  redisOps: 'none',
  functionName: 'attestInfraIsolation:isolationAttestationLedger.upsert',
  durationMs: 3,
  cacheStatus: 'none',
  dbQueries: [
    'isolationAttestationLedger.upsert(isolation_attest:1885cf2d0199e58dfe56e7b0)'
  ],
  attestationKey: 'isolation_attest:1885cf2d0199e58dfe56e7b0'
}
FEATURE_GATE_AWAIT_TRACE {
  event: 'end',
  fileName: 'backend/src/services/security/securityGovernanceOS.service.ts',
  redisOps: 'none',
  functionName: 'authorizeAccess:attestInfraIsolation',
  durationMs: 3,
  action: 'analytics:view',
  route: null,
  cacheStatus: 'none',
  dbQueries: [ 'isolationAttestationLedger.create' ]
}
prisma:error 
Invalid `prisma.authEventLedger.upsert()` invocation:


Raw query failed. Code: `unknown`. Message: `Kind: Transactions are not supported by this deployment, labels: {}, source: None`
FEATURE_GATE_AWAIT_TRACE {
  event: 'end',
  fileName: 'backend/src/services/security/securityGovernanceOS.service.ts',
  redisOps: 'none',
  functionName: 'appendAuthEvent:authEventLedger.upsert',
  durationMs: 3,
  cacheStatus: 'none',
  dbQueries: [ 'authEventLedger.upsert(auth_evt:9eaf2691e9d68568280e72c2f7)' ],
  eventKey: 'auth_evt:9eaf2691e9d68568280e72c2f7',
  action: 'analytics:view',
  outcome: 'ALLOWED'
}
FEATURE_GATE_AWAIT_TRACE {
  event: 'end',
  fileName: 'backend/src/services/security/securityGovernanceOS.service.ts',
  redisOps: 'none',
  functionName: 'authorizeAccess:appendAuthEvent:authorized',
  durationMs: 3,
  action: 'analytics:view',
  route: null,
  cacheStatus: 'none',
  dbQueries: [ 'authEventLedger.upsert' ]
}
prisma:error 
Invalid `prisma.observabilityEventLedger.findUnique()` invocation:


Raw query failed. Code: `unknown`. Message: `Kind: Server selection timeout: No available servers. Topology: { Type: Unknown, Servers: [ { Address: localhost:27017, Type: Unknown, Error: Kind: I/O error: No connection could be made because the target machine actively refused it. (os error 10061), labels: {}, source: None } ] }, labels: {}, source: None`
prisma:error 
Invalid `prisma.observabilityEventLedger.upsert()` invocation:


Raw query failed. Code: `unknown`. Message: `Kind: Transactions are not supported by this deployment, labels: {}, source: None`
startup_event_loop_lag {
  metric: 'startup_event_loop_lag',
  value: 15,
  businessId: null,
  route: 'startup_isolation',
  metadata: null,
  recordedAt: '2026-07-06T15:42:30.327Z'
}
FEATURE_GATE_AWAIT_TRACE {
  event: 'start',
  fileName: 'backend/src/services/security/securityGovernanceOS.service.ts',
  redisOps: 'none',
  functionName: 'assertAuthorizedAccess:authorizeAccess',
  action: 'analytics:view',
  route: null,
  cacheStatus: 'delegated',
  dbQueries: [ 'see nested FEATURE_GATE_AWAIT_TRACE events' ]
}
FEATURE_GATE_AWAIT_TRACE {
  event: 'start',
  fileName: 'backend/src/services/security/securityGovernanceOS.service.ts',
  redisOps: 'none',
  functionName: 'authorizeAccess:assertTenantIsolation',
  action: 'analytics:view',
  route: null,
  cacheStatus: 'none',
  dbQueries: [ 'tenantIsolationLedger.upsert' ]
}
FEATURE_GATE_AWAIT_TRACE {
  event: 'end',
  fileName: 'backend/src/services/security/securityGovernanceOS.service.ts',
  redisOps: 'none',
  functionName: 'authorizeAccess:assertTenantIsolation',
  durationMs: 1,
  action: 'analytics:view',
  route: null,
  cacheStatus: 'none',
  dbQueries: [ 'tenantIsolationLedger.upsert' ]
}
FEATURE_GATE_AWAIT_TRACE {
  event: 'end',
  fileName: 'backend/src/services/security/securityGovernanceOS.service.ts',
  redisOps: 'none',
  functionName: 'assertAuthorizedAccess:authorizeAccess',
  durationMs: 1,
  action: 'analytics:view',
  route: null,
  cacheStatus: 'delegated',
  dbQueries: [ 'see nested FEATURE_GATE_AWAIT_TRACE events' ]
}
FEATURE_GATE_AWAIT_TRACE {
  event: 'start',
  fileName: 'backend/src/services/security/securityGovernanceOS.service.ts',
  redisOps: 'none',
  functionName: 'authorizeAccess:attestInfraIsolation',
  action: 'analytics:view',
  route: null,
  cacheStatus: 'none',
  dbQueries: [ 'isolationAttestationLedger.create' ]
}
FEATURE_GATE_AWAIT_TRACE {
  event: 'start',
  fileName: 'backend/src/services/security/securityGovernanceOS.service.ts',
  redisOps: 'none',
  functionName: 'attestInfraIsolation:isolationAttestationLedger.upsert',
  cacheStatus: 'none',
  dbQueries: [
    'isolationAttestationLedger.upsert(isolation_attest:5886b6f403afee76d5ddfe4e)'
  ],
  attestationKey: 'isolation_attest:5886b6f403afee76d5ddfe4e'
}
FEATURE_GATE_AWAIT_TRACE {
  event: 'start',
  fileName: 'backend/src/services/security/securityGovernanceOS.service.ts',
  redisOps: 'none',
  functionName: 'authorizeAccess:appendAuthEvent:authorized',
  action: 'analytics:view',
  route: null,
  cacheStatus: 'none',
  dbQueries: [ 'authEventLedger.upsert' ]
}
FEATURE_GATE_AWAIT_TRACE {
  event: 'start',
  fileName: 'backend/src/services/security/securityGovernanceOS.service.ts',
  redisOps: 'none',
  functionName: 'appendAuthEvent:authEventLedger.upsert',
  cacheStatus: 'none',
  dbQueries: [ 'authEventLedger.upsert(auth_evt:f199740889180ad2afd80eacb3)' ],
  eventKey: 'auth_evt:f199740889180ad2afd80eacb3',
  action: 'analytics:view',
  outcome: 'ALLOWED'
}
prisma:error 
Invalid `prisma.dataAccessAuditLedger.upsert()` invocation:


Raw query failed. Code: `unknown`. Message: `Kind: Transactions are not supported by this deployment, labels: {}, source: None`
prisma:error 
Invalid `prisma.isolationAttestationLedger.upsert()` invocation:


Raw query failed. Code: `unknown`. Message: `Kind: Transactions are not supported by this deployment, labels: {}, source: None`
FEATURE_GATE_AWAIT_TRACE {
  event: 'end',
  fileName: 'backend/src/services/security/securityGovernanceOS.service.ts',
  redisOps: 'none',
  functionName: 'attestInfraIsolation:isolationAttestationLedger.upsert',
  durationMs: 2,
  cacheStatus: 'none',
  dbQueries: [
    'isolationAttestationLedger.upsert(isolation_attest:5886b6f403afee76d5ddfe4e)'
  ],
  attestationKey: 'isolation_attest:5886b6f403afee76d5ddfe4e'
}
FEATURE_GATE_AWAIT_TRACE {
  event: 'end',
  fileName: 'backend/src/services/security/securityGovernanceOS.service.ts',
  redisOps: 'none',
  functionName: 'authorizeAccess:attestInfraIsolation',
  durationMs: 3,
  action: 'analytics:view',
  route: null,
  cacheStatus: 'none',
  dbQueries: [ 'isolationAttestationLedger.create' ]
}
prisma:error 
Invalid `prisma.authEventLedger.upsert()` invocation:


Raw query failed. Code: `unknown`. Message: `Kind: Transactions are not supported by this deployment, labels: {}, source: None`
FEATURE_GATE_AWAIT_TRACE {
  event: 'end',
  fileName: 'backend/src/services/security/securityGovernanceOS.service.ts',
  redisOps: 'none',
  functionName: 'appendAuthEvent:authEventLedger.upsert',
  durationMs: 2,
  cacheStatus: 'none',
  dbQueries: [ 'authEventLedger.upsert(auth_evt:f199740889180ad2afd80eacb3)' ],
  eventKey: 'auth_evt:f199740889180ad2afd80eacb3',
  action: 'analytics:view',
  outcome: 'ALLOWED'
}
FEATURE_GATE_AWAIT_TRACE {
  event: 'end',
  fileName: 'backend/src/services/security/securityGovernanceOS.service.ts',
  redisOps: 'none',
  functionName: 'authorizeAccess:appendAuthEvent:authorized',
  durationMs: 3,
  action: 'analytics:view',
  route: null,
  cacheStatus: 'none',
  dbQueries: [ 'authEventLedger.upsert' ]
}
prisma:error 
Invalid `prisma.observabilityEventLedger.findUnique()` invocation:


Raw query failed. Code: `unknown`. Message: `Kind: Server selection timeout: No available servers. Topology: { Type: Unknown, Servers: [ { Address: localhost:27017, Type: Unknown, Error: Kind: I/O error: No connection could be made because the target machine actively refused it. (os error 10061), labels: {}, source: None } ] }, labels: {}, source: None`
prisma:error 
Invalid `prisma.observabilityEventLedger.upsert()` invocation:


Raw query failed. Code: `unknown`. Message: `Kind: Transactions are not supported by this deployment, labels: {}, source: None`
startup_event_loop_lag {
  metric: 'startup_event_loop_lag',
  value: 1,
  businessId: null,
  route: 'startup_isolation',
  metadata: null,
  recordedAt: '2026-07-06T15:42:31.395Z'
}
FEATURE_GATE_AWAIT_TRACE {
  event: 'start',
  fileName: 'backend/src/services/security/securityGovernanceOS.service.ts',
  redisOps: 'none',
  functionName: 'assertAuthorizedAccess:authorizeAccess',
  action: 'analytics:view',
  route: null,
  cacheStatus: 'delegated',
  dbQueries: [ 'see nested FEATURE_GATE_AWAIT_TRACE events' ]
}
FEATURE_GATE_AWAIT_TRACE {
  event: 'start',
  fileName: 'backend/src/services/security/securityGovernanceOS.service.ts',
  redisOps: 'none',
  functionName: 'authorizeAccess:assertTenantIsolation',
  action: 'analytics:view',
  route: null,
  cacheStatus: 'none',
  dbQueries: [ 'tenantIsolationLedger.upsert' ]
}
FEATURE_GATE_AWAIT_TRACE {
  event: 'end',
  fileName: 'backend/src/services/security/securityGovernanceOS.service.ts',
  redisOps: 'none',
  functionName: 'authorizeAccess:assertTenantIsolation',
  durationMs: 1,
  action: 'analytics:view',
  route: null,
  cacheStatus: 'none',
  dbQueries: [ 'tenantIsolationLedger.upsert' ]
}
FEATURE_GATE_AWAIT_TRACE {
  event: 'end',
  fileName: 'backend/src/services/security/securityGovernanceOS.service.ts',
  redisOps: 'none',
  functionName: 'assertAuthorizedAccess:authorizeAccess',
  durationMs: 1,
  action: 'analytics:view',
  route: null,
  cacheStatus: 'delegated',
  dbQueries: [ 'see nested FEATURE_GATE_AWAIT_TRACE events' ]
}
FEATURE_GATE_AWAIT_TRACE {
  event: 'start',
  fileName: 'backend/src/services/security/securityGovernanceOS.service.ts',
  redisOps: 'none',
  functionName: 'authorizeAccess:attestInfraIsolation',
  action: 'analytics:view',
  route: null,
  cacheStatus: 'none',
  dbQueries: [ 'isolationAttestationLedger.create' ]
}
FEATURE_GATE_AWAIT_TRACE {
  event: 'start',
  fileName: 'backend/src/services/security/securityGovernanceOS.service.ts',
  redisOps: 'none',
  functionName: 'attestInfraIsolation:isolationAttestationLedger.upsert',
  cacheStatus: 'none',
  dbQueries: [
    'isolationAttestationLedger.upsert(isolation_attest:e82b44cc64a09af06af1a8f2)'
  ],
  attestationKey: 'isolation_attest:e82b44cc64a09af06af1a8f2'
}
FEATURE_GATE_AWAIT_TRACE {
  event: 'start',
  fileName: 'backend/src/services/security/securityGovernanceOS.service.ts',
  redisOps: 'none',
  functionName: 'authorizeAccess:appendAuthEvent:authorized',
  action: 'analytics:view',
  route: null,
  cacheStatus: 'none',
  dbQueries: [ 'authEventLedger.upsert' ]
}
FEATURE_GATE_AWAIT_TRACE {
  event: 'start',
  fileName: 'backend/src/services/security/securityGovernanceOS.service.ts',
  redisOps: 'none',
  functionName: 'appendAuthEvent:authEventLedger.upsert',
  cacheStatus: 'none',
  dbQueries: [ 'authEventLedger.upsert(auth_evt:cc7509ab908698904d5c93d30c)' ],
  eventKey: 'auth_evt:cc7509ab908698904d5c93d30c',
  action: 'analytics:view',
  outcome: 'ALLOWED'
}
prisma:error 
Invalid `prisma.dataAccessAuditLedger.upsert()` invocation:


Raw query failed. Code: `unknown`. Message: `Kind: Transactions are not supported by this deployment, labels: {}, source: None`
prisma:error 
Invalid `prisma.isolationAttestationLedger.upsert()` invocation:


Raw query failed. Code: `unknown`. Message: `Kind: Transactions are not supported by this deployment, labels: {}, source: None`
FEATURE_GATE_AWAIT_TRACE {
  event: 'end',
  fileName: 'backend/src/services/security/securityGovernanceOS.service.ts',
  redisOps: 'none',
  functionName: 'attestInfraIsolation:isolationAttestationLedger.upsert',
  durationMs: 2,
  cacheStatus: 'none',
  dbQueries: [
    'isolationAttestationLedger.upsert(isolation_attest:e82b44cc64a09af06af1a8f2)'
  ],
  attestationKey: 'isolation_attest:e82b44cc64a09af06af1a8f2'
}
FEATURE_GATE_AWAIT_TRACE {
  event: 'end',
  fileName: 'backend/src/services/security/securityGovernanceOS.service.ts',
  redisOps: 'none',
  functionName: 'authorizeAccess:attestInfraIsolation',
  durationMs: 3,
  action: 'analytics:view',
  route: null,
  cacheStatus: 'none',
  dbQueries: [ 'isolationAttestationLedger.create' ]
}
prisma:error 
Invalid `prisma.authEventLedger.upsert()` invocation:


Raw query failed. Code: `unknown`. Message: `Kind: Transactions are not supported by this deployment, labels: {}, source: None`
FEATURE_GATE_AWAIT_TRACE {
  event: 'end',
  fileName: 'backend/src/services/security/securityGovernanceOS.service.ts',
  redisOps: 'none',
  functionName: 'appendAuthEvent:authEventLedger.upsert',
  durationMs: 2,
  cacheStatus: 'none',
  dbQueries: [ 'authEventLedger.upsert(auth_evt:cc7509ab908698904d5c93d30c)' ],
  eventKey: 'auth_evt:cc7509ab908698904d5c93d30c',
  action: 'analytics:view',
  outcome: 'ALLOWED'
}
FEATURE_GATE_AWAIT_TRACE {
  event: 'end',
  fileName: 'backend/src/services/security/securityGovernanceOS.service.ts',
  redisOps: 'none',
  functionName: 'authorizeAccess:appendAuthEvent:authorized',
  durationMs: 3,
  action: 'analytics:view',
  route: null,
  cacheStatus: 'none',
  dbQueries: [ 'authEventLedger.upsert' ]
}
prisma:error 
Invalid `prisma.observabilityEventLedger.findUnique()` invocation:


Raw query failed. Code: `unknown`. Message: `Kind: Server selection timeout: No available servers. Topology: { Type: Unknown, Servers: [ { Address: localhost:27017, Type: Unknown, Error: Kind: I/O error: No connection could be made because the target machine actively refused it. (os error 10061), labels: {}, source: None } ] }, labels: {}, source: None`
prisma:error 
Invalid `prisma.observabilityEventLedger.upsert()` invocation:


Raw query failed. Code: `unknown`. Message: `Kind: Transactions are not supported by this deployment, labels: {}, source: None`
startup_event_loop_lag {
  metric: 'startup_event_loop_lag',
  value: 15,
  businessId: null,
  route: 'startup_isolation',
  metadata: null,
  recordedAt: '2026-07-06T15:42:32.446Z'
}
FEATURE_GATE_AWAIT_TRACE {
  event: 'start',
  fileName: 'backend/src/services/security/securityGovernanceOS.service.ts',
  redisOps: 'none',
  functionName: 'assertAuthorizedAccess:authorizeAccess',
  action: 'analytics:view',
  route: null,
  cacheStatus: 'delegated',
  dbQueries: [ 'see nested FEATURE_GATE_AWAIT_TRACE events' ]
}
FEATURE_GATE_AWAIT_TRACE {
  event: 'start',
  fileName: 'backend/src/services/security/securityGovernanceOS.service.ts',
  redisOps: 'none',
  functionName: 'authorizeAccess:assertTenantIsolation',
  action: 'analytics:view',
  route: null,
  cacheStatus: 'none',
  dbQueries: [ 'tenantIsolationLedger.upsert' ]
}
FEATURE_GATE_AWAIT_TRACE {
  event: 'end',
  fileName: 'backend/src/services/security/securityGovernanceOS.service.ts',
  redisOps: 'none',
  functionName: 'authorizeAccess:assertTenantIsolation',
  durationMs: 0,
  action: 'analytics:view',
  route: null,
  cacheStatus: 'none',
  dbQueries: [ 'tenantIsolationLedger.upsert' ]
}
FEATURE_GATE_AWAIT_TRACE {
  event: 'end',
  fileName: 'backend/src/services/security/securityGovernanceOS.service.ts',
  redisOps: 'none',
  functionName: 'assertAuthorizedAccess:authorizeAccess',
  durationMs: 2,
  action: 'analytics:view',
  route: null,
  cacheStatus: 'delegated',
  dbQueries: [ 'see nested FEATURE_GATE_AWAIT_TRACE events' ]
}
FEATURE_GATE_AWAIT_TRACE {
  event: 'start',
  fileName: 'backend/src/services/security/securityGovernanceOS.service.ts',
  redisOps: 'none',
  functionName: 'authorizeAccess:attestInfraIsolation',
  action: 'analytics:view',
  route: null,
  cacheStatus: 'none',
  dbQueries: [ 'isolationAttestationLedger.create' ]
}
FEATURE_GATE_AWAIT_TRACE {
  event: 'start',
  fileName: 'backend/src/services/security/securityGovernanceOS.service.ts',
  redisOps: 'none',
  functionName: 'attestInfraIsolation:isolationAttestationLedger.upsert',
  cacheStatus: 'none',
  dbQueries: [
    'isolationAttestationLedger.upsert(isolation_attest:5d09125b313ada1ab7dcd473)'
  ],
  attestationKey: 'isolation_attest:5d09125b313ada1ab7dcd473'
}
FEATURE_GATE_AWAIT_TRACE {
  event: 'start',
  fileName: 'backend/src/services/security/securityGovernanceOS.service.ts',
  redisOps: 'none',
  functionName: 'authorizeAccess:appendAuthEvent:authorized',
  action: 'analytics:view',
  route: null,
  cacheStatus: 'none',
  dbQueries: [ 'authEventLedger.upsert' ]
}
FEATURE_GATE_AWAIT_TRACE {
  event: 'start',
  fileName: 'backend/src/services/security/securityGovernanceOS.service.ts',
  redisOps: 'none',
  functionName: 'appendAuthEvent:authEventLedger.upsert',
  cacheStatus: 'none',
  dbQueries: [ 'authEventLedger.upsert(auth_evt:b7ec6bd51638fc375d80c514af)' ],
  eventKey: 'auth_evt:b7ec6bd51638fc375d80c514af',
  action: 'analytics:view',
  outcome: 'ALLOWED'
}
prisma:error 
Invalid `prisma.dataAccessAuditLedger.upsert()` invocation:


Raw query failed. Code: `unknown`. Message: `Kind: Transactions are not supported by this deployment, labels: {}, source: None`
prisma:error 
Invalid `prisma.isolationAttestationLedger.upsert()` invocation:


Raw query failed. Code: `unknown`. Message: `Kind: Transactions are not supported by this deployment, labels: {}, source: None`
FEATURE_GATE_AWAIT_TRACE {
  event: 'end',
  fileName: 'backend/src/services/security/securityGovernanceOS.service.ts',
  redisOps: 'none',
  functionName: 'attestInfraIsolation:isolationAttestationLedger.upsert',
  durationMs: 2,
  cacheStatus: 'none',
  dbQueries: [
    'isolationAttestationLedger.upsert(isolation_attest:5d09125b313ada1ab7dcd473)'
  ],
  attestationKey: 'isolation_attest:5d09125b313ada1ab7dcd473'
}
FEATURE_GATE_AWAIT_TRACE {
  event: 'end',
  fileName: 'backend/src/services/security/securityGovernanceOS.service.ts',
  redisOps: 'none',
  functionName: 'authorizeAccess:attestInfraIsolation',
  durationMs: 3,
  action: 'analytics:view',
  route: null,
  cacheStatus: 'none',
  dbQueries: [ 'isolationAttestationLedger.create' ]
}
prisma:error 
Invalid `prisma.authEventLedger.upsert()` invocation:


Raw query failed. Code: `unknown`. Message: `Kind: Transactions are not supported by this deployment, labels: {}, source: None`
FEATURE_GATE_AWAIT_TRACE {
  event: 'end',
  fileName: 'backend/src/services/security/securityGovernanceOS.service.ts',
  redisOps: 'none',
  functionName: 'appendAuthEvent:authEventLedger.upsert',
  durationMs: 2,
  cacheStatus: 'none',
  dbQueries: [ 'authEventLedger.upsert(auth_evt:b7ec6bd51638fc375d80c514af)' ],
  eventKey: 'auth_evt:b7ec6bd51638fc375d80c514af',
  action: 'analytics:view',
  outcome: 'ALLOWED'
}
FEATURE_GATE_AWAIT_TRACE {
  event: 'end',
  fileName: 'backend/src/services/security/securityGovernanceOS.service.ts',
  redisOps: 'none',
  functionName: 'authorizeAccess:appendAuthEvent:authorized',
  durationMs: 3,
  action: 'analytics:view',
  route: null,
  cacheStatus: 'none',
  dbQueries: [ 'authEventLedger.upsert' ]
}
startup_event_loop_lag {
  metric: 'startup_event_loop_lag',
  value: 1,
  businessId: null,
  route: 'startup_isolation',
  metadata: null,
  recordedAt: '2026-07-06T15:42:33.482Z'
}
FEATURE_GATE_AWAIT_TRACE {
  event: 'start',
  fileName: 'backend/src/services/security/securityGovernanceOS.service.ts',
  redisOps: 'none',
  functionName: 'assertAuthorizedAccess:authorizeAccess',
  action: 'analytics:view',
  route: null,
  cacheStatus: 'delegated',
  dbQueries: [ 'see nested FEATURE_GATE_AWAIT_TRACE events' ]
}
FEATURE_GATE_AWAIT_TRACE {
  event: 'start',
  fileName: 'backend/src/services/security/securityGovernanceOS.service.ts',
  redisOps: 'none',
  functionName: 'authorizeAccess:assertTenantIsolation',
  action: 'analytics:view',
  route: null,
  cacheStatus: 'none',
  dbQueries: [ 'tenantIsolationLedger.upsert' ]
}
FEATURE_GATE_AWAIT_TRACE {
  event: 'end',
  fileName: 'backend/src/services/security/securityGovernanceOS.service.ts',
  redisOps: 'none',
  functionName: 'authorizeAccess:assertTenantIsolation',
  durationMs: 1,
  action: 'analytics:view',
  route: null,
  cacheStatus: 'none',
  dbQueries: [ 'tenantIsolationLedger.upsert' ]
}
FEATURE_GATE_AWAIT_TRACE {
  event: 'end',
  fileName: 'backend/src/services/security/securityGovernanceOS.service.ts',
  redisOps: 'none',
  functionName: 'assertAuthorizedAccess:authorizeAccess',
  durationMs: 1,
  action: 'analytics:view',
  route: null,
  cacheStatus: 'delegated',
  dbQueries: [ 'see nested FEATURE_GATE_AWAIT_TRACE events' ]
}
FEATURE_GATE_AWAIT_TRACE {
  event: 'start',
  fileName: 'backend/src/services/security/securityGovernanceOS.service.ts',
  redisOps: 'none',
  functionName: 'authorizeAccess:attestInfraIsolation',
  action: 'analytics:view',
  route: null,
  cacheStatus: 'none',
  dbQueries: [ 'isolationAttestationLedger.create' ]
}
FEATURE_GATE_AWAIT_TRACE {
  event: 'start',
  fileName: 'backend/src/services/security/securityGovernanceOS.service.ts',
  redisOps: 'none',
  functionName: 'attestInfraIsolation:isolationAttestationLedger.upsert',
  cacheStatus: 'none',
  dbQueries: [
    'isolationAttestationLedger.upsert(isolation_attest:3f89bb95f0aa65bfdad68a52)'
  ],
  attestationKey: 'isolation_attest:3f89bb95f0aa65bfdad68a52'
}
FEATURE_GATE_AWAIT_TRACE {
  event: 'start',
  fileName: 'backend/src/services/security/securityGovernanceOS.service.ts',
  redisOps: 'none',
  functionName: 'authorizeAccess:appendAuthEvent:authorized',
  action: 'analytics:view',
  route: null,
  cacheStatus: 'none',
  dbQueries: [ 'authEventLedger.upsert' ]
}
FEATURE_GATE_AWAIT_TRACE {
  event: 'start',
  fileName: 'backend/src/services/security/securityGovernanceOS.service.ts',
  redisOps: 'none',
  functionName: 'appendAuthEvent:authEventLedger.upsert',
  cacheStatus: 'none',
  dbQueries: [ 'authEventLedger.upsert(auth_evt:b44bd3eac39c42f6c86c309522)' ],
  eventKey: 'auth_evt:b44bd3eac39c42f6c86c309522',
  action: 'analytics:view',
  outcome: 'ALLOWED'
}
prisma:error 
Invalid `prisma.dataAccessAuditLedger.upsert()` invocation:


Raw query failed. Code: `unknown`. Message: `Kind: Transactions are not supported by this deployment, labels: {}, source: None`
prisma:error 
Invalid `prisma.isolationAttestationLedger.upsert()` invocation:


Raw query failed. Code: `unknown`. Message: `Kind: Transactions are not supported by this deployment, labels: {}, source: None`
FEATURE_GATE_AWAIT_TRACE {
  event: 'end',
  fileName: 'backend/src/services/security/securityGovernanceOS.service.ts',
  redisOps: 'none',
  functionName: 'attestInfraIsolation:isolationAttestationLedger.upsert',
  durationMs: 2,
  cacheStatus: 'none',
  dbQueries: [
    'isolationAttestationLedger.upsert(isolation_attest:3f89bb95f0aa65bfdad68a52)'
  ],
  attestationKey: 'isolation_attest:3f89bb95f0aa65bfdad68a52'
}
FEATURE_GATE_AWAIT_TRACE {
  event: 'end',
  fileName: 'backend/src/services/security/securityGovernanceOS.service.ts',
  redisOps: 'none',
  functionName: 'authorizeAccess:attestInfraIsolation',
  durationMs: 3,
  action: 'analytics:view',
  route: null,
  cacheStatus: 'none',
  dbQueries: [ 'isolationAttestationLedger.create' ]
}
prisma:error 
Invalid `prisma.authEventLedger.upsert()` invocation:


Raw query failed. Code: `unknown`. Message: `Kind: Transactions are not supported by this deployment, labels: {}, source: None`
FEATURE_GATE_AWAIT_TRACE {
  event: 'end',
  fileName: 'backend/src/services/security/securityGovernanceOS.service.ts',
  redisOps: 'none',
  functionName: 'appendAuthEvent:authEventLedger.upsert',
  durationMs: 2,
  cacheStatus: 'none',
  dbQueries: [ 'authEventLedger.upsert(auth_evt:b44bd3eac39c42f6c86c309522)' ],
  eventKey: 'auth_evt:b44bd3eac39c42f6c86c309522',
  action: 'analytics:view',
  outcome: 'ALLOWED'
}
FEATURE_GATE_AWAIT_TRACE {
  event: 'end',
  fileName: 'backend/src/services/security/securityGovernanceOS.service.ts',
  redisOps: 'none',
  functionName: 'authorizeAccess:appendAuthEvent:authorized',
  durationMs: 3,
  action: 'analytics:view',
  route: null,
  cacheStatus: 'none',
  dbQueries: [ 'authEventLedger.upsert' ]
}
prisma:error 
Invalid `prisma.observabilityEventLedger.findUnique()` invocation:


Raw query failed. Code: `unknown`. Message: `Kind: Server selection timeout: No available servers. Topology: { Type: Unknown, Servers: [ { Address: localhost:27017, Type: Unknown, Error: Kind: I/O error: No connection could be made because the target machine actively refused it. (os error 10061), labels: {}, source: None } ] }, labels: {}, source: None`
prisma:error 
Invalid `prisma.observabilityEventLedger.upsert()` invocation:


Raw query failed. Code: `unknown`. Message: `Kind: Transactions are not supported by this deployment, labels: {}, source: None`
startup_event_loop_lag {
  metric: 'startup_event_loop_lag',
  value: 0,
  businessId: null,
  route: 'startup_isolation',
  metadata: null,
  recordedAt: '2026-07-06T15:42:34.565Z'
}
FEATURE_GATE_AWAIT_TRACE {
  event: 'start',
  fileName: 'backend/src/services/security/securityGovernanceOS.service.ts',
  redisOps: 'none',
  functionName: 'assertAuthorizedAccess:authorizeAccess',
  action: 'analytics:view',
  route: null,
  cacheStatus: 'delegated',
  dbQueries: [ 'see nested FEATURE_GATE_AWAIT_TRACE events' ]
}
FEATURE_GATE_AWAIT_TRACE {
  event: 'start',
  fileName: 'backend/src/services/security/securityGovernanceOS.service.ts',
  redisOps: 'none',
  functionName: 'authorizeAccess:assertTenantIsolation',
  action: 'analytics:view',
  route: null,
  cacheStatus: 'none',
  dbQueries: [ 'tenantIsolationLedger.upsert' ]
}
FEATURE_GATE_AWAIT_TRACE {
  event: 'end',
  fileName: 'backend/src/services/security/securityGovernanceOS.service.ts',
  redisOps: 'none',
  functionName: 'authorizeAccess:assertTenantIsolation',
  durationMs: 1,
  action: 'analytics:view',
  route: null,
  cacheStatus: 'none',
  dbQueries: [ 'tenantIsolationLedger.upsert' ]
}
FEATURE_GATE_AWAIT_TRACE {
  event: 'end',
  fileName: 'backend/src/services/security/securityGovernanceOS.service.ts',
  redisOps: 'none',
  functionName: 'assertAuthorizedAccess:authorizeAccess',
  durationMs: 1,
  action: 'analytics:view',
  route: null,
  cacheStatus: 'delegated',
  dbQueries: [ 'see nested FEATURE_GATE_AWAIT_TRACE events' ]
}
FEATURE_GATE_AWAIT_TRACE {
  event: 'start',
  fileName: 'backend/src/services/security/securityGovernanceOS.service.ts',
  redisOps: 'none',
  functionName: 'authorizeAccess:attestInfraIsolation',
  action: 'analytics:view',
  route: null,
  cacheStatus: 'none',
  dbQueries: [ 'isolationAttestationLedger.create' ]
}
FEATURE_GATE_AWAIT_TRACE {
  event: 'start',
  fileName: 'backend/src/services/security/securityGovernanceOS.service.ts',
  redisOps: 'none',
  functionName: 'attestInfraIsolation:isolationAttestationLedger.upsert',
  cacheStatus: 'none',
  dbQueries: [
    'isolationAttestationLedger.upsert(isolation_attest:3d786b18836b0cfd2db3d3a1)'
  ],
  attestationKey: 'isolation_attest:3d786b18836b0cfd2db3d3a1'
}
FEATURE_GATE_AWAIT_TRACE {
  event: 'start',
  fileName: 'backend/src/services/security/securityGovernanceOS.service.ts',
  redisOps: 'none',
  functionName: 'authorizeAccess:appendAuthEvent:authorized',
  action: 'analytics:view',
  route: null,
  cacheStatus: 'none',
  dbQueries: [ 'authEventLedger.upsert' ]
}
FEATURE_GATE_AWAIT_TRACE {
  event: 'start',
  fileName: 'backend/src/services/security/securityGovernanceOS.service.ts',
  redisOps: 'none',
  functionName: 'appendAuthEvent:authEventLedger.upsert',
  cacheStatus: 'none',
  dbQueries: [ 'authEventLedger.upsert(auth_evt:dadce8a3cce6fad162d21ff559)' ],
  eventKey: 'auth_evt:dadce8a3cce6fad162d21ff559',
  action: 'analytics:view',
  outcome: 'ALLOWED'
}
prisma:error 
Invalid `prisma.dataAccessAuditLedger.upsert()` invocation:


Raw query failed. Code: `unknown`. Message: `Kind: Transactions are not supported by this deployment, labels: {}, source: None`
prisma:error 
Invalid `prisma.isolationAttestationLedger.upsert()` invocation:


Raw query failed. Code: `unknown`. Message: `Kind: Transactions are not supported by this deployment, labels: {}, source: None`
FEATURE_GATE_AWAIT_TRACE {
  event: 'end',
  fileName: 'backend/src/services/security/securityGovernanceOS.service.ts',
  redisOps: 'none',
  functionName: 'attestInfraIsolation:isolationAttestationLedger.upsert',
  durationMs: 3,
  cacheStatus: 'none',
  dbQueries: [
    'isolationAttestationLedger.upsert(isolation_attest:3d786b18836b0cfd2db3d3a1)'
  ],
  attestationKey: 'isolation_attest:3d786b18836b0cfd2db3d3a1'
}
FEATURE_GATE_AWAIT_TRACE {
  event: 'end',
  fileName: 'backend/src/services/security/securityGovernanceOS.service.ts',
  redisOps: 'none',
  functionName: 'authorizeAccess:attestInfraIsolation',
  durationMs: 4,
  action: 'analytics:view',
  route: null,
  cacheStatus: 'none',
  dbQueries: [ 'isolationAttestationLedger.create' ]
}
prisma:error 
Invalid `prisma.authEventLedger.upsert()` invocation:


Raw query failed. Code: `unknown`. Message: `Kind: Transactions are not supported by this deployment, labels: {}, source: None`
FEATURE_GATE_AWAIT_TRACE {
  event: 'end',
  fileName: 'backend/src/services/security/securityGovernanceOS.service.ts',
  redisOps: 'none',
  functionName: 'appendAuthEvent:authEventLedger.upsert',
  durationMs: 3,
  cacheStatus: 'none',
  dbQueries: [ 'authEventLedger.upsert(auth_evt:dadce8a3cce6fad162d21ff559)' ],
  eventKey: 'auth_evt:dadce8a3cce6fad162d21ff559',
  action: 'analytics:view',
  outcome: 'ALLOWED'
}
FEATURE_GATE_AWAIT_TRACE {
  event: 'end',
  fileName: 'backend/src/services/security/securityGovernanceOS.service.ts',
  redisOps: 'none',
  functionName: 'authorizeAccess:appendAuthEvent:authorized',
  durationMs: 3,
  action: 'analytics:view',
  route: null,
  cacheStatus: 'none',
  dbQueries: [ 'authEventLedger.upsert' ]
}
prisma:error 
Invalid `prisma.observabilityEventLedger.findUnique()` invocation:


Raw query failed. Code: `unknown`. Message: `Kind: Server selection timeout: No available servers. Topology: { Type: Unknown, Servers: [ { Address: localhost:27017, Type: Unknown, Error: Kind: I/O error: No connection could be made because the target machine actively refused it. (os error 10061), labels: {}, source: None } ] }, labels: {}, source: None`
prisma:error 
Invalid `prisma.observabilityEventLedger.upsert()` invocation:


Raw query failed. Code: `unknown`. Message: `Kind: Transactions are not supported by this deployment, labels: {}, source: None`
startup_event_loop_lag {
  metric: 'startup_event_loop_lag',
  value: 13,
  businessId: null,
  route: 'startup_isolation',
  metadata: null,
  recordedAt: '2026-07-06T15:42:35.615Z'
}
FEATURE_GATE_AWAIT_TRACE {
  event: 'start',
  fileName: 'backend/src/services/security/securityGovernanceOS.service.ts',
  redisOps: 'none',
  functionName: 'assertAuthorizedAccess:authorizeAccess',
  action: 'analytics:view',
  route: null,
  cacheStatus: 'delegated',
  dbQueries: [ 'see nested FEATURE_GATE_AWAIT_TRACE events' ]
}
FEATURE_GATE_AWAIT_TRACE {
  event: 'start',
  fileName: 'backend/src/services/security/securityGovernanceOS.service.ts',
  redisOps: 'none',
  functionName: 'authorizeAccess:assertTenantIsolation',
  action: 'analytics:view',
  route: null,
  cacheStatus: 'none',
  dbQueries: [ 'tenantIsolationLedger.upsert' ]
}
FEATURE_GATE_AWAIT_TRACE {
  event: 'end',
  fileName: 'backend/src/services/security/securityGovernanceOS.service.ts',
  redisOps: 'none',
  functionName: 'authorizeAccess:assertTenantIsolation',
  durationMs: 1,
  action: 'analytics:view',
  route: null,
  cacheStatus: 'none',
  dbQueries: [ 'tenantIsolationLedger.upsert' ]
}
FEATURE_GATE_AWAIT_TRACE {
  event: 'end',
  fileName: 'backend/src/services/security/securityGovernanceOS.service.ts',
  redisOps: 'none',
  functionName: 'assertAuthorizedAccess:authorizeAccess',
  durationMs: 3,
  action: 'analytics:view',
  route: null,
  cacheStatus: 'delegated',
  dbQueries: [ 'see nested FEATURE_GATE_AWAIT_TRACE events' ]
}
FEATURE_GATE_AWAIT_TRACE {
  event: 'start',
  fileName: 'backend/src/services/security/securityGovernanceOS.service.ts',
  redisOps: 'none',
  functionName: 'authorizeAccess:attestInfraIsolation',
  action: 'analytics:view',
  route: null,
  cacheStatus: 'none',
  dbQueries: [ 'isolationAttestationLedger.create' ]
}
FEATURE_GATE_AWAIT_TRACE {
  event: 'start',
  fileName: 'backend/src/services/security/securityGovernanceOS.service.ts',
  redisOps: 'none',
  functionName: 'attestInfraIsolation:isolationAttestationLedger.upsert',
  cacheStatus: 'none',
  dbQueries: [
    'isolationAttestationLedger.upsert(isolation_attest:5c4b708fc0d2966f0fc35c81)'
  ],
  attestationKey: 'isolation_attest:5c4b708fc0d2966f0fc35c81'
}
FEATURE_GATE_AWAIT_TRACE {
  event: 'start',
  fileName: 'backend/src/services/security/securityGovernanceOS.service.ts',
  redisOps: 'none',
  functionName: 'authorizeAccess:appendAuthEvent:authorized',
  action: 'analytics:view',
  route: null,
  cacheStatus: 'none',
  dbQueries: [ 'authEventLedger.upsert' ]
}
FEATURE_GATE_AWAIT_TRACE {
  event: 'start',
  fileName: 'backend/src/services/security/securityGovernanceOS.service.ts',
  redisOps: 'none',
  functionName: 'appendAuthEvent:authEventLedger.upsert',
  cacheStatus: 'none',
  dbQueries: [ 'authEventLedger.upsert(auth_evt:df2bea426de862fd865aaa01af)' ],
  eventKey: 'auth_evt:df2bea426de862fd865aaa01af',
  action: 'analytics:view',
  outcome: 'ALLOWED'
}
prisma:error 
Invalid `prisma.dataAccessAuditLedger.upsert()` invocation:


Raw query failed. Code: `unknown`. Message: `Kind: Transactions are not supported by this deployment, labels: {}, source: None`
prisma:error 
Invalid `prisma.isolationAttestationLedger.upsert()` invocation:


Raw query failed. Code: `unknown`. Message: `Kind: Transactions are not supported by this deployment, labels: {}, source: None`
FEATURE_GATE_AWAIT_TRACE {
  event: 'end',
  fileName: 'backend/src/services/security/securityGovernanceOS.service.ts',
  redisOps: 'none',
  functionName: 'attestInfraIsolation:isolationAttestationLedger.upsert',
  durationMs: 4,
  cacheStatus: 'none',
  dbQueries: [
    'isolationAttestationLedger.upsert(isolation_attest:5c4b708fc0d2966f0fc35c81)'
  ],
  attestationKey: 'isolation_attest:5c4b708fc0d2966f0fc35c81'
}
FEATURE_GATE_AWAIT_TRACE {
  event: 'end',
  fileName: 'backend/src/services/security/securityGovernanceOS.service.ts',
  redisOps: 'none',
  functionName: 'authorizeAccess:attestInfraIsolation',
  durationMs: 4,
  action: 'analytics:view',
  route: null,
  cacheStatus: 'none',
  dbQueries: [ 'isolationAttestationLedger.create' ]
}
prisma:error 
Invalid `prisma.authEventLedger.upsert()` invocation:


Raw query failed. Code: `unknown`. Message: `Kind: Transactions are not supported by this deployment, labels: {}, source: None`
FEATURE_GATE_AWAIT_TRACE {
  event: 'end',
  fileName: 'backend/src/services/security/securityGovernanceOS.service.ts',
  redisOps: 'none',
  functionName: 'appendAuthEvent:authEventLedger.upsert',
  durationMs: 2,
  cacheStatus: 'none',
  dbQueries: [ 'authEventLedger.upsert(auth_evt:df2bea426de862fd865aaa01af)' ],
  eventKey: 'auth_evt:df2bea426de862fd865aaa01af',
  action: 'analytics:view',
  outcome: 'ALLOWED'
}
FEATURE_GATE_AWAIT_TRACE {
  event: 'end',
  fileName: 'backend/src/services/security/securityGovernanceOS.service.ts',
  redisOps: 'none',
  functionName: 'authorizeAccess:appendAuthEvent:authorized',
  durationMs: 4,
  action: 'analytics:view',
  route: null,
  cacheStatus: 'none',
  dbQueries: [ 'authEventLedger.upsert' ]
}
prisma:error 
Invalid `prisma.observabilityEventLedger.findUnique()` invocation:


Raw query failed. Code: `unknown`. Message: `Kind: Server selection timeout: No available servers. Topology: { Type: Unknown, Servers: [ { Address: localhost:27017, Type: Unknown, Error: Kind: I/O error: No connection could be made because the target machine actively refused it. (os error 10061), labels: {}, source: None } ] }, labels: {}, source: None`
prisma:error 
Invalid `prisma.observabilityEventLedger.upsert()` invocation:


Raw query failed. Code: `unknown`. Message: `Kind: Transactions are not supported by this deployment, labels: {}, source: None`
startup_event_loop_lag {
  metric: 'startup_event_loop_lag',
  value: 15,
  businessId: null,
  route: 'startup_isolation',
  metadata: null,
  recordedAt: '2026-07-06T15:42:36.684Z'
}
FEATURE_GATE_AWAIT_TRACE {
  event: 'start',
  fileName: 'backend/src/services/security/securityGovernanceOS.service.ts',
  redisOps: 'none',
  functionName: 'assertAuthorizedAccess:authorizeAccess',
  action: 'analytics:view',
  route: null,
  cacheStatus: 'delegated',
  dbQueries: [ 'see nested FEATURE_GATE_AWAIT_TRACE events' ]
}
FEATURE_GATE_AWAIT_TRACE {
  event: 'start',
  fileName: 'backend/src/services/security/securityGovernanceOS.service.ts',
  redisOps: 'none',
  functionName: 'authorizeAccess:assertTenantIsolation',
  action: 'analytics:view',
  route: null,
  cacheStatus: 'none',
  dbQueries: [ 'tenantIsolationLedger.upsert' ]
}
FEATURE_GATE_AWAIT_TRACE {
  event: 'end',
  fileName: 'backend/src/services/security/securityGovernanceOS.service.ts',
  redisOps: 'none',
  functionName: 'authorizeAccess:assertTenantIsolation',
  durationMs: 0,
  action: 'analytics:view',
  route: null,
  cacheStatus: 'none',
  dbQueries: [ 'tenantIsolationLedger.upsert' ]
}
FEATURE_GATE_AWAIT_TRACE {
  event: 'end',
  fileName: 'backend/src/services/security/securityGovernanceOS.service.ts',
  redisOps: 'none',
  functionName: 'assertAuthorizedAccess:authorizeAccess',
  durationMs: 2,
  action: 'analytics:view',
  route: null,
  cacheStatus: 'delegated',
  dbQueries: [ 'see nested FEATURE_GATE_AWAIT_TRACE events' ]
}
FEATURE_GATE_AWAIT_TRACE {
  event: 'start',
  fileName: 'backend/src/services/security/securityGovernanceOS.service.ts',
  redisOps: 'none',
  functionName: 'authorizeAccess:attestInfraIsolation',
  action: 'analytics:view',
  route: null,
  cacheStatus: 'none',
  dbQueries: [ 'isolationAttestationLedger.create' ]
}
FEATURE_GATE_AWAIT_TRACE {
  event: 'start',
  fileName: 'backend/src/services/security/securityGovernanceOS.service.ts',
  redisOps: 'none',
  functionName: 'attestInfraIsolation:isolationAttestationLedger.upsert',
  cacheStatus: 'none',
  dbQueries: [
    'isolationAttestationLedger.upsert(isolation_attest:58d335f9909f1eda872975bb)'
  ],
  attestationKey: 'isolation_attest:58d335f9909f1eda872975bb'
}
FEATURE_GATE_AWAIT_TRACE {
  event: 'start',
  fileName: 'backend/src/services/security/securityGovernanceOS.service.ts',
  redisOps: 'none',
  functionName: 'authorizeAccess:appendAuthEvent:authorized',
  action: 'analytics:view',
  route: null,
  cacheStatus: 'none',
  dbQueries: [ 'authEventLedger.upsert' ]
}
FEATURE_GATE_AWAIT_TRACE {
  event: 'start',
  fileName: 'backend/src/services/security/securityGovernanceOS.service.ts',
  redisOps: 'none',
  functionName: 'appendAuthEvent:authEventLedger.upsert',
  cacheStatus: 'none',
  dbQueries: [ 'authEventLedger.upsert(auth_evt:96303488b2e649e2f787b1307c)' ],
  eventKey: 'auth_evt:96303488b2e649e2f787b1307c',
  action: 'analytics:view',
  outcome: 'ALLOWED'
}
prisma:error 
Invalid `prisma.dataAccessAuditLedger.upsert()` invocation:


Raw query failed. Code: `unknown`. Message: `Kind: Transactions are not supported by this deployment, labels: {}, source: None`
prisma:error 
Invalid `prisma.isolationAttestationLedger.upsert()` invocation:


Raw query failed. Code: `unknown`. Message: `Kind: Transactions are not supported by this deployment, labels: {}, source: None`
FEATURE_GATE_AWAIT_TRACE {
  event: 'end',
  fileName: 'backend/src/services/security/securityGovernanceOS.service.ts',
  redisOps: 'none',
  functionName: 'attestInfraIsolation:isolationAttestationLedger.upsert',
  durationMs: 3,
  cacheStatus: 'none',
  dbQueries: [
    'isolationAttestationLedger.upsert(isolation_attest:58d335f9909f1eda872975bb)'
  ],
  attestationKey: 'isolation_attest:58d335f9909f1eda872975bb'
}
FEATURE_GATE_AWAIT_TRACE {
  event: 'end',
  fileName: 'backend/src/services/security/securityGovernanceOS.service.ts',
  redisOps: 'none',
  functionName: 'authorizeAccess:attestInfraIsolation',
  durationMs: 3,
  action: 'analytics:view',
  route: null,
  cacheStatus: 'none',
  dbQueries: [ 'isolationAttestationLedger.create' ]
}
prisma:error 
Invalid `prisma.authEventLedger.upsert()` invocation:


Raw query failed. Code: `unknown`. Message: `Kind: Transactions are not supported by this deployment, labels: {}, source: None`
FEATURE_GATE_AWAIT_TRACE {
  event: 'end',
  fileName: 'backend/src/services/security/securityGovernanceOS.service.ts',
  redisOps: 'none',
  functionName: 'appendAuthEvent:authEventLedger.upsert',
  durationMs: 3,
  cacheStatus: 'none',
  dbQueries: [ 'authEventLedger.upsert(auth_evt:96303488b2e649e2f787b1307c)' ],
  eventKey: 'auth_evt:96303488b2e649e2f787b1307c',
  action: 'analytics:view',
  outcome: 'ALLOWED'
}
FEATURE_GATE_AWAIT_TRACE {
  event: 'end',
  fileName: 'backend/src/services/security/securityGovernanceOS.service.ts',
  redisOps: 'none',
  functionName: 'authorizeAccess:appendAuthEvent:authorized',
  durationMs: 3,
  action: 'analytics:view',
  route: null,
  cacheStatus: 'none',
  dbQueries: [ 'authEventLedger.upsert' ]
}
prisma:error 
Invalid `prisma.observabilityEventLedger.findUnique()` invocation:


Raw query failed. Code: `unknown`. Message: `Kind: Server selection timeout: No available servers. Topology: { Type: Unknown, Servers: [ { Address: localhost:27017, Type: Unknown, Error: Kind: I/O error: No connection could be made because the target machine actively refused it. (os error 10061), labels: {}, source: None } ] }, labels: {}, source: None`
prisma:error 
Invalid `prisma.observabilityEventLedger.upsert()` invocation:


Raw query failed. Code: `unknown`. Message: `Kind: Transactions are not supported by this deployment, labels: {}, source: None`
startup_event_loop_lag {
  metric: 'startup_event_loop_lag',
  value: 0,
  businessId: null,
  route: 'startup_isolation',
  metadata: null,
  recordedAt: '2026-07-06T15:42:37.736Z'
}
FEATURE_GATE_AWAIT_TRACE {
  event: 'start',
  fileName: 'backend/src/services/security/securityGovernanceOS.service.ts',
  redisOps: 'none',
  functionName: 'assertAuthorizedAccess:authorizeAccess',
  action: 'analytics:view',
  route: null,
  cacheStatus: 'delegated',
  dbQueries: [ 'see nested FEATURE_GATE_AWAIT_TRACE events' ]
}
FEATURE_GATE_AWAIT_TRACE {
  event: 'start',
  fileName: 'backend/src/services/security/securityGovernanceOS.service.ts',
  redisOps: 'none',
  functionName: 'authorizeAccess:assertTenantIsolation',
  action: 'analytics:view',
  route: null,
  cacheStatus: 'none',
  dbQueries: [ 'tenantIsolationLedger.upsert' ]
}
FEATURE_GATE_AWAIT_TRACE {
  event: 'end',
  fileName: 'backend/src/services/security/securityGovernanceOS.service.ts',
  redisOps: 'none',
  functionName: 'authorizeAccess:assertTenantIsolation',
  durationMs: 1,
  action: 'analytics:view',
  route: null,
  cacheStatus: 'none',
  dbQueries: [ 'tenantIsolationLedger.upsert' ]
}
FEATURE_GATE_AWAIT_TRACE {
  event: 'end',
  fileName: 'backend/src/services/security/securityGovernanceOS.service.ts',
  redisOps: 'none',
  functionName: 'assertAuthorizedAccess:authorizeAccess',
  durationMs: 1,
  action: 'analytics:view',
  route: null,
  cacheStatus: 'delegated',
  dbQueries: [ 'see nested FEATURE_GATE_AWAIT_TRACE events' ]
}
FEATURE_GATE_AWAIT_TRACE {
  event: 'start',
  fileName: 'backend/src/services/security/securityGovernanceOS.service.ts',
  redisOps: 'none',
  functionName: 'authorizeAccess:attestInfraIsolation',
  action: 'analytics:view',
  route: null,
  cacheStatus: 'none',
  dbQueries: [ 'isolationAttestationLedger.create' ]
}
FEATURE_GATE_AWAIT_TRACE {
  event: 'start',
  fileName: 'backend/src/services/security/securityGovernanceOS.service.ts',
  redisOps: 'none',
  functionName: 'attestInfraIsolation:isolationAttestationLedger.upsert',
  cacheStatus: 'none',
  dbQueries: [
    'isolationAttestationLedger.upsert(isolation_attest:9ff85442eff0bc7e4f9a3a82)'
  ],
  attestationKey: 'isolation_attest:9ff85442eff0bc7e4f9a3a82'
}
FEATURE_GATE_AWAIT_TRACE {
  event: 'start',
  fileName: 'backend/src/services/security/securityGovernanceOS.service.ts',
  redisOps: 'none',
  functionName: 'authorizeAccess:appendAuthEvent:authorized',
  action: 'analytics:view',
  route: null,
  cacheStatus: 'none',
  dbQueries: [ 'authEventLedger.upsert' ]
}
FEATURE_GATE_AWAIT_TRACE {
  event: 'start',
  fileName: 'backend/src/services/security/securityGovernanceOS.service.ts',
  redisOps: 'none',
  functionName: 'appendAuthEvent:authEventLedger.upsert',
  cacheStatus: 'none',
  dbQueries: [ 'authEventLedger.upsert(auth_evt:c8d90bc0af1ed69b05e096e5b8)' ],
  eventKey: 'auth_evt:c8d90bc0af1ed69b05e096e5b8',
  action: 'analytics:view',
  outcome: 'ALLOWED'
}
prisma:error 
Invalid `prisma.dataAccessAuditLedger.upsert()` invocation:


Raw query failed. Code: `unknown`. Message: `Kind: Transactions are not supported by this deployment, labels: {}, source: None`
prisma:error 
Invalid `prisma.isolationAttestationLedger.upsert()` invocation:


Raw query failed. Code: `unknown`. Message: `Kind: Transactions are not supported by this deployment, labels: {}, source: None`
FEATURE_GATE_AWAIT_TRACE {
  event: 'end',
  fileName: 'backend/src/services/security/securityGovernanceOS.service.ts',
  redisOps: 'none',
  functionName: 'attestInfraIsolation:isolationAttestationLedger.upsert',
  durationMs: 2,
  cacheStatus: 'none',
  dbQueries: [
    'isolationAttestationLedger.upsert(isolation_attest:9ff85442eff0bc7e4f9a3a82)'
  ],
  attestationKey: 'isolation_attest:9ff85442eff0bc7e4f9a3a82'
}
FEATURE_GATE_AWAIT_TRACE {
  event: 'end',
  fileName: 'backend/src/services/security/securityGovernanceOS.service.ts',
  redisOps: 'none',
  functionName: 'authorizeAccess:attestInfraIsolation',
  durationMs: 4,
  action: 'analytics:view',
  route: null,
  cacheStatus: 'none',
  dbQueries: [ 'isolationAttestationLedger.create' ]
}
prisma:error 
Invalid `prisma.authEventLedger.upsert()` invocation:


Raw query failed. Code: `unknown`. Message: `Kind: Transactions are not supported by this deployment, labels: {}, source: None`
FEATURE_GATE_AWAIT_TRACE {
  event: 'end',
  fileName: 'backend/src/services/security/securityGovernanceOS.service.ts',
  redisOps: 'none',
  functionName: 'appendAuthEvent:authEventLedger.upsert',
  durationMs: 2,
  cacheStatus: 'none',
  dbQueries: [ 'authEventLedger.upsert(auth_evt:c8d90bc0af1ed69b05e096e5b8)' ],
  eventKey: 'auth_evt:c8d90bc0af1ed69b05e096e5b8',
  action: 'analytics:view',
  outcome: 'ALLOWED'
}
FEATURE_GATE_AWAIT_TRACE {
  event: 'end',
  fileName: 'backend/src/services/security/securityGovernanceOS.service.ts',
  redisOps: 'none',
  functionName: 'authorizeAccess:appendAuthEvent:authorized',
  durationMs: 3,
  action: 'analytics:view',
  route: null,
  cacheStatus: 'none',
  dbQueries: [ 'authEventLedger.upsert' ]
}
prisma:error 
Invalid `prisma.observabilityEventLedger.findUnique()` invocation:


Raw query failed. Code: `unknown`. Message: `Kind: Server selection timeout: No available servers. Topology: { Type: Unknown, Servers: [ { Address: localhost:27017, Type: Unknown, Error: Kind: I/O error: No connection could be made because the target machine actively refused it. (os error 10061), labels: {}, source: None } ] }, labels: {}, source: None`
prisma:error 
Invalid `prisma.observabilityEventLedger.upsert()` invocation:


Raw query failed. Code: `unknown`. Message: `Kind: Transactions are not supported by this deployment, labels: {}, source: None`
{"level":30,"time":1783352557953,"traceId":null,"correlationId":null,"tenantId":null,"leadId":null,"interactionId":null,"appointmentId":null,"proposalId":null,"contractId":null,"paymentId":null,"queueJobId":null,"workerId":null,"provider":null,"severity":"info","component":"runtime","phase":"operations","version":"phase6a.v1","msg":"Skipping eager embedding model warmup during startup to prevent event-loop blocking"}
startup_event_loop_lag {
  metric: 'startup_event_loop_lag',
  value: 14,
  businessId: null,
  route: 'startup_isolation',
  metadata: null,
  recordedAt: '2026-07-06T15:42:38.783Z'
}
FEATURE_GATE_AWAIT_TRACE {
  event: 'start',
  fileName: 'backend/src/services/security/securityGovernanceOS.service.ts',
  redisOps: 'none',
  functionName: 'assertAuthorizedAccess:authorizeAccess',
  action: 'analytics:view',
  route: null,
  cacheStatus: 'delegated',
  dbQueries: [ 'see nested FEATURE_GATE_AWAIT_TRACE events' ]
}
FEATURE_GATE_AWAIT_TRACE {
  event: 'start',
  fileName: 'backend/src/services/security/securityGovernanceOS.service.ts',
  redisOps: 'none',
  functionName: 'authorizeAccess:assertTenantIsolation',
  action: 'analytics:view',
  route: null,
  cacheStatus: 'none',
  dbQueries: [ 'tenantIsolationLedger.upsert' ]
}
FEATURE_GATE_AWAIT_TRACE {
  event: 'end',
  fileName: 'backend/src/services/security/securityGovernanceOS.service.ts',
  redisOps: 'none',
  functionName: 'authorizeAccess:assertTenantIsolation',
  durationMs: 0,
  action: 'analytics:view',
  route: null,
  cacheStatus: 'none',
  dbQueries: [ 'tenantIsolationLedger.upsert' ]
}
FEATURE_GATE_AWAIT_TRACE {
  event: 'end',
  fileName: 'backend/src/services/security/securityGovernanceOS.service.ts',
  redisOps: 'none',
  functionName: 'assertAuthorizedAccess:authorizeAccess',
  durationMs: 1,
  action: 'analytics:view',
  route: null,
  cacheStatus: 'delegated',
  dbQueries: [ 'see nested FEATURE_GATE_AWAIT_TRACE events' ]
}
FEATURE_GATE_AWAIT_TRACE {
  event: 'start',
  fileName: 'backend/src/services/security/securityGovernanceOS.service.ts',
  redisOps: 'none',
  functionName: 'authorizeAccess:attestInfraIsolation',
  action: 'analytics:view',
  route: null,
  cacheStatus: 'none',
  dbQueries: [ 'isolationAttestationLedger.create' ]
}
FEATURE_GATE_AWAIT_TRACE {
  event: 'start',
  fileName: 'backend/src/services/security/securityGovernanceOS.service.ts',
  redisOps: 'none',
  functionName: 'attestInfraIsolation:isolationAttestationLedger.upsert',
  cacheStatus: 'none',
  dbQueries: [
    'isolationAttestationLedger.upsert(isolation_attest:fc5b292b472ce4ffe788e762)'
  ],
  attestationKey: 'isolation_attest:fc5b292b472ce4ffe788e762'
}
FEATURE_GATE_AWAIT_TRACE {
  event: 'start',
  fileName: 'backend/src/services/security/securityGovernanceOS.service.ts',
  redisOps: 'none',
  functionName: 'authorizeAccess:appendAuthEvent:authorized',
  action: 'analytics:view',
  route: null,
  cacheStatus: 'none',
  dbQueries: [ 'authEventLedger.upsert' ]
}
FEATURE_GATE_AWAIT_TRACE {
  event: 'start',
  fileName: 'backend/src/services/security/securityGovernanceOS.service.ts',
  redisOps: 'none',
  functionName: 'appendAuthEvent:authEventLedger.upsert',
  cacheStatus: 'none',
  dbQueries: [ 'authEventLedger.upsert(auth_evt:7f1b94a84e02957ef874f1e6e0)' ],
  eventKey: 'auth_evt:7f1b94a84e02957ef874f1e6e0',
  action: 'analytics:view',
  outcome: 'ALLOWED'
}
prisma:error 
Invalid `prisma.dataAccessAuditLedger.upsert()` invocation:


Raw query failed. Code: `unknown`. Message: `Kind: Transactions are not supported by this deployment, labels: {}, source: None`
prisma:error 
Invalid `prisma.isolationAttestationLedger.upsert()` invocation:


Raw query failed. Code: `unknown`. Message: `Kind: Transactions are not supported by this deployment, labels: {}, source: None`
FEATURE_GATE_AWAIT_TRACE {
  event: 'end',
  fileName: 'backend/src/services/security/securityGovernanceOS.service.ts',
  redisOps: 'none',
  functionName: 'attestInfraIsolation:isolationAttestationLedger.upsert',
  durationMs: 4,
  cacheStatus: 'none',
  dbQueries: [
    'isolationAttestationLedger.upsert(isolation_attest:fc5b292b472ce4ffe788e762)'
  ],
  attestationKey: 'isolation_attest:fc5b292b472ce4ffe788e762'
}
FEATURE_GATE_AWAIT_TRACE {
  event: 'end',
  fileName: 'backend/src/services/security/securityGovernanceOS.service.ts',
  redisOps: 'none',
  functionName: 'authorizeAccess:attestInfraIsolation',
  durationMs: 4,
  action: 'analytics:view',
  route: null,
  cacheStatus: 'none',
  dbQueries: [ 'isolationAttestationLedger.create' ]
}
prisma:error 
Invalid `prisma.authEventLedger.upsert()` invocation:


Raw query failed. Code: `unknown`. Message: `Kind: Transactions are not supported by this deployment, labels: {}, source: None`
FEATURE_GATE_AWAIT_TRACE {
  event: 'end',
  fileName: 'backend/src/services/security/securityGovernanceOS.service.ts',
  redisOps: 'none',
  functionName: 'appendAuthEvent:authEventLedger.upsert',
  durationMs: 3,
  cacheStatus: 'none',
  dbQueries: [ 'authEventLedger.upsert(auth_evt:7f1b94a84e02957ef874f1e6e0)' ],
  eventKey: 'auth_evt:7f1b94a84e02957ef874f1e6e0',
  action: 'analytics:view',
  outcome: 'ALLOWED'
}
FEATURE_GATE_AWAIT_TRACE {
  event: 'end',
  fileName: 'backend/src/services/security/securityGovernanceOS.service.ts',
  redisOps: 'none',
  functionName: 'authorizeAccess:appendAuthEvent:authorized',
  durationMs: 4,
  action: 'analytics:view',
  route: null,
  cacheStatus: 'none',
  dbQueries: [ 'authEventLedger.upsert' ]
}
prisma:error 
Invalid `prisma.observabilityEventLedger.findUnique()` invocation:


Raw query failed. Code: `unknown`. Message: `Kind: Server selection timeout: No available servers. Topology: { Type: Unknown, Servers: [ { Address: localhost:27017, Type: Unknown, Error: Kind: I/O error: No connection could be made because the target machine actively refused it. (os error 10061), labels: {}, source: None } ] }, labels: {}, source: None`
prisma:error 
Invalid `prisma.observabilityEventLedger.upsert()` invocation:


Raw query failed. Code: `unknown`. Message: `Kind: Transactions are not supported by this deployment, labels: {}, source: None`
startup_event_loop_lag {
  metric: 'startup_event_loop_lag',
  value: 14,
  businessId: null,
  route: 'startup_isolation',
  metadata: null,
  recordedAt: '2026-07-06T15:42:39.821Z'
}
FEATURE_GATE_AWAIT_TRACE {
  event: 'start',
  fileName: 'backend/src/services/security/securityGovernanceOS.service.ts',
  redisOps: 'none',
  functionName: 'assertAuthorizedAccess:authorizeAccess',
  action: 'analytics:view',
  route: null,
  cacheStatus: 'delegated',
  dbQueries: [ 'see nested FEATURE_GATE_AWAIT_TRACE events' ]
}
FEATURE_GATE_AWAIT_TRACE {
  event: 'start',
  fileName: 'backend/src/services/security/securityGovernanceOS.service.ts',
  redisOps: 'none',
  functionName: 'authorizeAccess:assertTenantIsolation',
  action: 'analytics:view',
  route: null,
  cacheStatus: 'none',
  dbQueries: [ 'tenantIsolationLedger.upsert' ]
}
FEATURE_GATE_AWAIT_TRACE {
  event: 'end',
  fileName: 'backend/src/services/security/securityGovernanceOS.service.ts',
  redisOps: 'none',
  functionName: 'authorizeAccess:assertTenantIsolation',
  durationMs: 1,
  action: 'analytics:view',
  route: null,
  cacheStatus: 'none',
  dbQueries: [ 'tenantIsolationLedger.upsert' ]
}
FEATURE_GATE_AWAIT_TRACE {
  event: 'end',
  fileName: 'backend/src/services/security/securityGovernanceOS.service.ts',
  redisOps: 'none',
  functionName: 'assertAuthorizedAccess:authorizeAccess',
  durationMs: 2,
  action: 'analytics:view',
  route: null,
  cacheStatus: 'delegated',
  dbQueries: [ 'see nested FEATURE_GATE_AWAIT_TRACE events' ]
}
FEATURE_GATE_AWAIT_TRACE {
  event: 'start',
  fileName: 'backend/src/services/security/securityGovernanceOS.service.ts',
  redisOps: 'none',
  functionName: 'authorizeAccess:attestInfraIsolation',
  action: 'analytics:view',
  route: null,
  cacheStatus: 'none',
  dbQueries: [ 'isolationAttestationLedger.create' ]
}
FEATURE_GATE_AWAIT_TRACE {
  event: 'start',
  fileName: 'backend/src/services/security/securityGovernanceOS.service.ts',
  redisOps: 'none',
  functionName: 'attestInfraIsolation:isolationAttestationLedger.upsert',
  cacheStatus: 'none',
  dbQueries: [
    'isolationAttestationLedger.upsert(isolation_attest:ff983f29aab8f9d64b157b0a)'
  ],
  attestationKey: 'isolation_attest:ff983f29aab8f9d64b157b0a'
}
FEATURE_GATE_AWAIT_TRACE {
  event: 'start',
  fileName: 'backend/src/services/security/securityGovernanceOS.service.ts',
  redisOps: 'none',
  functionName: 'authorizeAccess:appendAuthEvent:authorized',
  action: 'analytics:view',
  route: null,
  cacheStatus: 'none',
  dbQueries: [ 'authEventLedger.upsert' ]
}
FEATURE_GATE_AWAIT_TRACE {
  event: 'start',
  fileName: 'backend/src/services/security/securityGovernanceOS.service.ts',
  redisOps: 'none',
  functionName: 'appendAuthEvent:authEventLedger.upsert',
  cacheStatus: 'none',
  dbQueries: [ 'authEventLedger.upsert(auth_evt:fff2b7e3198a026028db6c9237)' ],
  eventKey: 'auth_evt:fff2b7e3198a026028db6c9237',
  action: 'analytics:view',
  outcome: 'ALLOWED'
}
prisma:error 
Invalid `prisma.dataAccessAuditLedger.upsert()` invocation:


Raw query failed. Code: `unknown`. Message: `Kind: Transactions are not supported by this deployment, labels: {}, source: None`
prisma:error 
Invalid `prisma.isolationAttestationLedger.upsert()` invocation:


Raw query failed. Code: `unknown`. Message: `Kind: Transactions are not supported by this deployment, labels: {}, source: None`
FEATURE_GATE_AWAIT_TRACE {
  event: 'end',
  fileName: 'backend/src/services/security/securityGovernanceOS.service.ts',
  redisOps: 'none',
  functionName: 'attestInfraIsolation:isolationAttestationLedger.upsert',
  durationMs: 2,
  cacheStatus: 'none',
  dbQueries: [
    'isolationAttestationLedger.upsert(isolation_attest:ff983f29aab8f9d64b157b0a)'
  ],
  attestationKey: 'isolation_attest:ff983f29aab8f9d64b157b0a'
}
FEATURE_GATE_AWAIT_TRACE {
  event: 'end',
  fileName: 'backend/src/services/security/securityGovernanceOS.service.ts',
  redisOps: 'none',
  functionName: 'authorizeAccess:attestInfraIsolation',
  durationMs: 4,
  action: 'analytics:view',
  route: null,
  cacheStatus: 'none',
  dbQueries: [ 'isolationAttestationLedger.create' ]
}
prisma:error 
Invalid `prisma.authEventLedger.upsert()` invocation:


Raw query failed. Code: `unknown`. Message: `Kind: Transactions are not supported by this deployment, labels: {}, source: None`
FEATURE_GATE_AWAIT_TRACE {
  event: 'end',
  fileName: 'backend/src/services/security/securityGovernanceOS.service.ts',
  redisOps: 'none',
  functionName: 'appendAuthEvent:authEventLedger.upsert',
  durationMs: 2,
  cacheStatus: 'none',
  dbQueries: [ 'authEventLedger.upsert(auth_evt:fff2b7e3198a026028db6c9237)' ],
  eventKey: 'auth_evt:fff2b7e3198a026028db6c9237',
  action: 'analytics:view',
  outcome: 'ALLOWED'
}
FEATURE_GATE_AWAIT_TRACE {
  event: 'end',
  fileName: 'backend/src/services/security/securityGovernanceOS.service.ts',
  redisOps: 'none',
  functionName: 'authorizeAccess:appendAuthEvent:authorized',
  durationMs: 3,
  action: 'analytics:view',
  route: null,
  cacheStatus: 'none',
  dbQueries: [ 'authEventLedger.upsert' ]
}
prisma:error 
Invalid `prisma.observabilityEventLedger.findUnique()` invocation:


Raw query failed. Code: `unknown`. Message: `Kind: Server selection timeout: No available servers. Topology: { Type: Unknown, Servers: [ { Address: localhost:27017, Type: Unknown, Error: Kind: I/O error: No connection could be made because the target machine actively refused it. (os error 10061), labels: {}, source: None } ] }, labels: {}, source: None`
prisma:error 
Invalid `prisma.observabilityEventLedger.upsert()` invocation:


Raw query failed. Code: `unknown`. Message: `Kind: Transactions are not supported by this deployment, labels: {}, source: None`
startup_event_loop_lag {
  metric: 'startup_event_loop_lag',
  value: 3,
  businessId: null,
  route: 'startup_isolation',
  metadata: null,
  recordedAt: '2026-07-06T15:42:40.874Z'
}
FEATURE_GATE_AWAIT_TRACE {
  event: 'start',
  fileName: 'backend/src/services/security/securityGovernanceOS.service.ts',
  redisOps: 'none',
  functionName: 'assertAuthorizedAccess:authorizeAccess',
  action: 'analytics:view',
  route: null,
  cacheStatus: 'delegated',
  dbQueries: [ 'see nested FEATURE_GATE_AWAIT_TRACE events' ]
}
FEATURE_GATE_AWAIT_TRACE {
  event: 'start',
  fileName: 'backend/src/services/security/securityGovernanceOS.service.ts',
  redisOps: 'none',
  functionName: 'authorizeAccess:assertTenantIsolation',
  action: 'analytics:view',
  route: null,
  cacheStatus: 'none',
  dbQueries: [ 'tenantIsolationLedger.upsert' ]
}
FEATURE_GATE_AWAIT_TRACE {
  event: 'end',
  fileName: 'backend/src/services/security/securityGovernanceOS.service.ts',
  redisOps: 'none',
  functionName: 'authorizeAccess:assertTenantIsolation',
  durationMs: 0,
  action: 'analytics:view',
  route: null,
  cacheStatus: 'none',
  dbQueries: [ 'tenantIsolationLedger.upsert' ]
}
FEATURE_GATE_AWAIT_TRACE {
  event: 'end',
  fileName: 'backend/src/services/security/securityGovernanceOS.service.ts',
  redisOps: 'none',
  functionName: 'assertAuthorizedAccess:authorizeAccess',
  durationMs: 2,
  action: 'analytics:view',
  route: null,
  cacheStatus: 'delegated',
  dbQueries: [ 'see nested FEATURE_GATE_AWAIT_TRACE events' ]
}
FEATURE_GATE_AWAIT_TRACE {
  event: 'start',
  fileName: 'backend/src/services/security/securityGovernanceOS.service.ts',
  redisOps: 'none',
  functionName: 'authorizeAccess:attestInfraIsolation',
  action: 'analytics:view',
  route: null,
  cacheStatus: 'none',
  dbQueries: [ 'isolationAttestationLedger.create' ]
}
FEATURE_GATE_AWAIT_TRACE {
  event: 'start',
  fileName: 'backend/src/services/security/securityGovernanceOS.service.ts',
  redisOps: 'none',
  functionName: 'attestInfraIsolation:isolationAttestationLedger.upsert',
  cacheStatus: 'none',
  dbQueries: [
    'isolationAttestationLedger.upsert(isolation_attest:60d65e0d56897ad24a195ba7)'
  ],
  attestationKey: 'isolation_attest:60d65e0d56897ad24a195ba7'
}
FEATURE_GATE_AWAIT_TRACE {
  event: 'start',
  fileName: 'backend/src/services/security/securityGovernanceOS.service.ts',
  redisOps: 'none',
  functionName: 'authorizeAccess:appendAuthEvent:authorized',
  action: 'analytics:view',
  route: null,
  cacheStatus: 'none',
  dbQueries: [ 'authEventLedger.upsert' ]
}
FEATURE_GATE_AWAIT_TRACE {
  event: 'start',
  fileName: 'backend/src/services/security/securityGovernanceOS.service.ts',
  redisOps: 'none',
  functionName: 'appendAuthEvent:authEventLedger.upsert',
  cacheStatus: 'none',
  dbQueries: [ 'authEventLedger.upsert(auth_evt:e59d7b8f756fb15519efa2d506)' ],
  eventKey: 'auth_evt:e59d7b8f756fb15519efa2d506',
  action: 'analytics:view',
  outcome: 'ALLOWED'
}
prisma:error 
Invalid `prisma.dataAccessAuditLedger.upsert()` invocation:


Raw query failed. Code: `unknown`. Message: `Kind: Transactions are not supported by this deployment, labels: {}, source: None`
prisma:error 
Invalid `prisma.isolationAttestationLedger.upsert()` invocation:


Raw query failed. Code: `unknown`. Message: `Kind: Transactions are not supported by this deployment, labels: {}, source: None`
FEATURE_GATE_AWAIT_TRACE {
  event: 'end',
  fileName: 'backend/src/services/security/securityGovernanceOS.service.ts',
  redisOps: 'none',
  functionName: 'attestInfraIsolation:isolationAttestationLedger.upsert',
  durationMs: 3,
  cacheStatus: 'none',
  dbQueries: [
    'isolationAttestationLedger.upsert(isolation_attest:60d65e0d56897ad24a195ba7)'
  ],
  attestationKey: 'isolation_attest:60d65e0d56897ad24a195ba7'
}
FEATURE_GATE_AWAIT_TRACE {
  event: 'end',
  fileName: 'backend/src/services/security/securityGovernanceOS.service.ts',
  redisOps: 'none',
  functionName: 'authorizeAccess:attestInfraIsolation',
  durationMs: 3,
  action: 'analytics:view',
  route: null,
  cacheStatus: 'none',
  dbQueries: [ 'isolationAttestationLedger.create' ]
}
prisma:error 
Invalid `prisma.authEventLedger.upsert()` invocation:


Raw query failed. Code: `unknown`. Message: `Kind: Transactions are not supported by this deployment, labels: {}, source: None`
FEATURE_GATE_AWAIT_TRACE {
  event: 'end',
  fileName: 'backend/src/services/security/securityGovernanceOS.service.ts',
  redisOps: 'none',
  functionName: 'appendAuthEvent:authEventLedger.upsert',
  durationMs: 2,
  cacheStatus: 'none',
  dbQueries: [ 'authEventLedger.upsert(auth_evt:e59d7b8f756fb15519efa2d506)' ],
  eventKey: 'auth_evt:e59d7b8f756fb15519efa2d506',
  action: 'analytics:view',
  outcome: 'ALLOWED'
}
FEATURE_GATE_AWAIT_TRACE {
  event: 'end',
  fileName: 'backend/src/services/security/securityGovernanceOS.service.ts',
  redisOps: 'none',
  functionName: 'authorizeAccess:appendAuthEvent:authorized',
  durationMs: 3,
  action: 'analytics:view',
  route: null,
  cacheStatus: 'none',
  dbQueries: [ 'authEventLedger.upsert' ]
}
prisma:error 
Invalid `prisma.observabilityEventLedger.findUnique()` invocation:


Raw query failed. Code: `unknown`. Message: `Kind: Server selection timeout: No available servers. Topology: { Type: Unknown, Servers: [ { Address: localhost:27017, Type: Unknown, Error: Kind: I/O error: No connection could be made because the target machine actively refused it. (os error 10061), labels: {}, source: None } ] }, labels: {}, source: None`
prisma:error 
Invalid `prisma.observabilityEventLedger.upsert()` invocation:


Raw query failed. Code: `unknown`. Message: `Kind: Transactions are not supported by this deployment, labels: {}, source: None`
startup_event_loop_lag {
  metric: 'startup_event_loop_lag',
  value: 14,
  businessId: null,
  route: 'startup_isolation',
  metadata: null,
  recordedAt: '2026-07-06T15:42:41.922Z'
}
FEATURE_GATE_AWAIT_TRACE {
  event: 'start',
  fileName: 'backend/src/services/security/securityGovernanceOS.service.ts',
  redisOps: 'none',
  functionName: 'assertAuthorizedAccess:authorizeAccess',
  action: 'analytics:view',
  route: null,
  cacheStatus: 'delegated',
  dbQueries: [ 'see nested FEATURE_GATE_AWAIT_TRACE events' ]
}
FEATURE_GATE_AWAIT_TRACE {
  event: 'start',
  fileName: 'backend/src/services/security/securityGovernanceOS.service.ts',
  redisOps: 'none',
  functionName: 'authorizeAccess:assertTenantIsolation',
  action: 'analytics:view',
  route: null,
  cacheStatus: 'none',
  dbQueries: [ 'tenantIsolationLedger.upsert' ]
}
FEATURE_GATE_AWAIT_TRACE {
  event: 'end',
  fileName: 'backend/src/services/security/securityGovernanceOS.service.ts',
  redisOps: 'none',
  functionName: 'authorizeAccess:assertTenantIsolation',
  durationMs: 0,
  action: 'analytics:view',
  route: null,
  cacheStatus: 'none',
  dbQueries: [ 'tenantIsolationLedger.upsert' ]
}
FEATURE_GATE_AWAIT_TRACE {
  event: 'end',
  fileName: 'backend/src/services/security/securityGovernanceOS.service.ts',
  redisOps: 'none',
  functionName: 'assertAuthorizedAccess:authorizeAccess',
  durationMs: 2,
  action: 'analytics:view',
  route: null,
  cacheStatus: 'delegated',
  dbQueries: [ 'see nested FEATURE_GATE_AWAIT_TRACE events' ]
}
FEATURE_GATE_AWAIT_TRACE {
  event: 'start',
  fileName: 'backend/src/services/security/securityGovernanceOS.service.ts',
  redisOps: 'none',
  functionName: 'authorizeAccess:attestInfraIsolation',
  action: 'analytics:view',
  route: null,
  cacheStatus: 'none',
  dbQueries: [ 'isolationAttestationLedger.create' ]
}
FEATURE_GATE_AWAIT_TRACE {
  event: 'start',
  fileName: 'backend/src/services/security/securityGovernanceOS.service.ts',
  redisOps: 'none',
  functionName: 'attestInfraIsolation:isolationAttestationLedger.upsert',
  cacheStatus: 'none',
  dbQueries: [
    'isolationAttestationLedger.upsert(isolation_attest:43b3dbb90370a5ae82e0a015)'
  ],
  attestationKey: 'isolation_attest:43b3dbb90370a5ae82e0a015'
}
FEATURE_GATE_AWAIT_TRACE {
  event: 'start',
  fileName: 'backend/src/services/security/securityGovernanceOS.service.ts',
  redisOps: 'none',
  functionName: 'authorizeAccess:appendAuthEvent:authorized',
  action: 'analytics:view',
  route: null,
  cacheStatus: 'none',
  dbQueries: [ 'authEventLedger.upsert' ]
}
FEATURE_GATE_AWAIT_TRACE {
  event: 'start',
  fileName: 'backend/src/services/security/securityGovernanceOS.service.ts',
  redisOps: 'none',
  functionName: 'appendAuthEvent:authEventLedger.upsert',
  cacheStatus: 'none',
  dbQueries: [ 'authEventLedger.upsert(auth_evt:2115ddd212f93d56b2ab7d3c2e)' ],
  eventKey: 'auth_evt:2115ddd212f93d56b2ab7d3c2e',
  action: 'analytics:view',
  outcome: 'ALLOWED'
}
prisma:error 
Invalid `prisma.dataAccessAuditLedger.upsert()` invocation:


Raw query failed. Code: `unknown`. Message: `Kind: Transactions are not supported by this deployment, labels: {}, source: None`
prisma:error 
Invalid `prisma.isolationAttestationLedger.upsert()` invocation:


Raw query failed. Code: `unknown`. Message: `Kind: Transactions are not supported by this deployment, labels: {}, source: None`
FEATURE_GATE_AWAIT_TRACE {
  event: 'end',
  fileName: 'backend/src/services/security/securityGovernanceOS.service.ts',
  redisOps: 'none',
  functionName: 'attestInfraIsolation:isolationAttestationLedger.upsert',
  durationMs: 2,
  cacheStatus: 'none',
  dbQueries: [
    'isolationAttestationLedger.upsert(isolation_attest:43b3dbb90370a5ae82e0a015)'
  ],
  attestationKey: 'isolation_attest:43b3dbb90370a5ae82e0a015'
}
FEATURE_GATE_AWAIT_TRACE {
  event: 'end',
  fileName: 'backend/src/services/security/securityGovernanceOS.service.ts',
  redisOps: 'none',
  functionName: 'authorizeAccess:attestInfraIsolation',
  durationMs: 3,
  action: 'analytics:view',
  route: null,
  cacheStatus: 'none',
  dbQueries: [ 'isolationAttestationLedger.create' ]
}
prisma:error 
Invalid `prisma.authEventLedger.upsert()` invocation:


Raw query failed. Code: `unknown`. Message: `Kind: Transactions are not supported by this deployment, labels: {}, source: None`
FEATURE_GATE_AWAIT_TRACE {
  event: 'end',
  fileName: 'backend/src/services/security/securityGovernanceOS.service.ts',
  redisOps: 'none',
  functionName: 'appendAuthEvent:authEventLedger.upsert',
  durationMs: 3,
  cacheStatus: 'none',
  dbQueries: [ 'authEventLedger.upsert(auth_evt:2115ddd212f93d56b2ab7d3c2e)' ],
  eventKey: 'auth_evt:2115ddd212f93d56b2ab7d3c2e',
  action: 'analytics:view',
  outcome: 'ALLOWED'
}
FEATURE_GATE_AWAIT_TRACE {
  event: 'end',
  fileName: 'backend/src/services/security/securityGovernanceOS.service.ts',
  redisOps: 'none',
  functionName: 'authorizeAccess:appendAuthEvent:authorized',
  durationMs: 4,
  action: 'analytics:view',
  route: null,
  cacheStatus: 'none',
  dbQueries: [ 'authEventLedger.upsert' ]
}
prisma:error 
Invalid `prisma.observabilityEventLedger.findUnique()` invocation:


Raw query failed. Code: `unknown`. Message: `Kind: Server selection timeout: No available servers. Topology: { Type: Unknown, Servers: [ { Address: localhost:27017, Type: Unknown, Error: Kind: I/O error: No connection could be made because the target machine actively refused it. (os error 10061), labels: {}, source: None } ] }, labels: {}, source: None`
prisma:error 
Invalid `prisma.observabilityEventLedger.upsert()` invocation:


Raw query failed. Code: `unknown`. Message: `Kind: Transactions are not supported by this deployment, labels: {}, source: None`
startup_event_loop_lag {
  metric: 'startup_event_loop_lag',
  value: 3,
  businessId: null,
  route: 'startup_isolation',
  metadata: null,
  recordedAt: '2026-07-06T15:42:42.960Z'
}
FEATURE_GATE_AWAIT_TRACE {
  event: 'start',
  fileName: 'backend/src/services/security/securityGovernanceOS.service.ts',
  redisOps: 'none',
  functionName: 'assertAuthorizedAccess:authorizeAccess',
  action: 'analytics:view',
  route: null,
  cacheStatus: 'delegated',
  dbQueries: [ 'see nested FEATURE_GATE_AWAIT_TRACE events' ]
}
FEATURE_GATE_AWAIT_TRACE {
  event: 'start',
  fileName: 'backend/src/services/security/securityGovernanceOS.service.ts',
  redisOps: 'none',
  functionName: 'authorizeAccess:assertTenantIsolation',
  action: 'analytics:view',
  route: null,
  cacheStatus: 'none',
  dbQueries: [ 'tenantIsolationLedger.upsert' ]
}
FEATURE_GATE_AWAIT_TRACE {
  event: 'end',
  fileName: 'backend/src/services/security/securityGovernanceOS.service.ts',
  redisOps: 'none',
  functionName: 'authorizeAccess:assertTenantIsolation',
  durationMs: 1,
  action: 'analytics:view',
  route: null,
  cacheStatus: 'none',
  dbQueries: [ 'tenantIsolationLedger.upsert' ]
}
FEATURE_GATE_AWAIT_TRACE {
  event: 'end',
  fileName: 'backend/src/services/security/securityGovernanceOS.service.ts',
  redisOps: 'none',
  functionName: 'assertAuthorizedAccess:authorizeAccess',
  durationMs: 1,
  action: 'analytics:view',
  route: null,
  cacheStatus: 'delegated',
  dbQueries: [ 'see nested FEATURE_GATE_AWAIT_TRACE events' ]
}
FEATURE_GATE_AWAIT_TRACE {
  event: 'start',
  fileName: 'backend/src/services/security/securityGovernanceOS.service.ts',
  redisOps: 'none',
  functionName: 'authorizeAccess:attestInfraIsolation',
  action: 'analytics:view',
  route: null,
  cacheStatus: 'none',
  dbQueries: [ 'isolationAttestationLedger.create' ]
}
FEATURE_GATE_AWAIT_TRACE {
  event: 'start',
  fileName: 'backend/src/services/security/securityGovernanceOS.service.ts',
  redisOps: 'none',
  functionName: 'attestInfraIsolation:isolationAttestationLedger.upsert',
  cacheStatus: 'none',
  dbQueries: [
    'isolationAttestationLedger.upsert(isolation_attest:5ac3b1bb042fb5824b84557e)'
  ],
  attestationKey: 'isolation_attest:5ac3b1bb042fb5824b84557e'
}
FEATURE_GATE_AWAIT_TRACE {
  event: 'start',
  fileName: 'backend/src/services/security/securityGovernanceOS.service.ts',
  redisOps: 'none',
  functionName: 'authorizeAccess:appendAuthEvent:authorized',
  action: 'analytics:view',
  route: null,
  cacheStatus: 'none',
  dbQueries: [ 'authEventLedger.upsert' ]
}
FEATURE_GATE_AWAIT_TRACE {
  event: 'start',
  fileName: 'backend/src/services/security/securityGovernanceOS.service.ts',
  redisOps: 'none',
  functionName: 'appendAuthEvent:authEventLedger.upsert',
  cacheStatus: 'none',
  dbQueries: [ 'authEventLedger.upsert(auth_evt:c5cbe8004fba49450fb92d37ed)' ],
  eventKey: 'auth_evt:c5cbe8004fba49450fb92d37ed',
  action: 'analytics:view',
  outcome: 'ALLOWED'
}
prisma:error 
Invalid `prisma.dataAccessAuditLedger.upsert()` invocation:


Raw query failed. Code: `unknown`. Message: `Kind: Transactions are not supported by this deployment, labels: {}, source: None`
prisma:error 
Invalid `prisma.isolationAttestationLedger.upsert()` invocation:


Raw query failed. Code: `unknown`. Message: `Kind: Transactions are not supported by this deployment, labels: {}, source: None`
FEATURE_GATE_AWAIT_TRACE {
  event: 'end',
  fileName: 'backend/src/services/security/securityGovernanceOS.service.ts',
  redisOps: 'none',
  functionName: 'attestInfraIsolation:isolationAttestationLedger.upsert',
  durationMs: 4,
  cacheStatus: 'none',
  dbQueries: [
    'isolationAttestationLedger.upsert(isolation_attest:5ac3b1bb042fb5824b84557e)'
  ],
  attestationKey: 'isolation_attest:5ac3b1bb042fb5824b84557e'
}
FEATURE_GATE_AWAIT_TRACE {
  event: 'end',
  fileName: 'backend/src/services/security/securityGovernanceOS.service.ts',
  redisOps: 'none',
  functionName: 'authorizeAccess:attestInfraIsolation',
  durationMs: 4,
  action: 'analytics:view',
  route: null,
  cacheStatus: 'none',
  dbQueries: [ 'isolationAttestationLedger.create' ]
}
prisma:error 
Invalid `prisma.authEventLedger.upsert()` invocation:


Raw query failed. Code: `unknown`. Message: `Kind: Transactions are not supported by this deployment, labels: {}, source: None`
FEATURE_GATE_AWAIT_TRACE {
  event: 'end',
  fileName: 'backend/src/services/security/securityGovernanceOS.service.ts',
  redisOps: 'none',
  functionName: 'appendAuthEvent:authEventLedger.upsert',
  durationMs: 4,
  cacheStatus: 'none',
  dbQueries: [ 'authEventLedger.upsert(auth_evt:c5cbe8004fba49450fb92d37ed)' ],
  eventKey: 'auth_evt:c5cbe8004fba49450fb92d37ed',
  action: 'analytics:view',
  outcome: 'ALLOWED'
}
FEATURE_GATE_AWAIT_TRACE {
  event: 'end',
  fileName: 'backend/src/services/security/securityGovernanceOS.service.ts',
  redisOps: 'none',
  functionName: 'authorizeAccess:appendAuthEvent:authorized',
  durationMs: 4,
  action: 'analytics:view',
  route: null,
  cacheStatus: 'none',
  dbQueries: [ 'authEventLedger.upsert' ]
}
prisma:error 
Invalid `prisma.observabilityEventLedger.findUnique()` invocation:


Raw query failed. Code: `unknown`. Message: `Kind: Server selection timeout: No available servers. Topology: { Type: Unknown, Servers: [ { Address: localhost:27017, Type: Unknown, Error: Kind: I/O error: No connection could be made because the target machine actively refused it. (os error 10061), labels: {}, source: None } ] }, labels: {}, source: None`
prisma:error 
Invalid `prisma.observabilityEventLedger.upsert()` invocation:


Raw query failed. Code: `unknown`. Message: `Kind: Transactions are not supported by this deployment, labels: {}, source: None`
startup_event_loop_lag {
  metric: 'startup_event_loop_lag',
  value: 2,
  businessId: null,
  route: 'startup_isolation',
  metadata: null,
  recordedAt: '2026-07-06T15:42:44.011Z'
}
FEATURE_GATE_AWAIT_TRACE {
  event: 'start',
  fileName: 'backend/src/services/security/securityGovernanceOS.service.ts',
  redisOps: 'none',
  functionName: 'assertAuthorizedAccess:authorizeAccess',
  action: 'analytics:view',
  route: null,
  cacheStatus: 'delegated',
  dbQueries: [ 'see nested FEATURE_GATE_AWAIT_TRACE events' ]
}
FEATURE_GATE_AWAIT_TRACE {
  event: 'start',
  fileName: 'backend/src/services/security/securityGovernanceOS.service.ts',
  redisOps: 'none',
  functionName: 'authorizeAccess:assertTenantIsolation',
  action: 'analytics:view',
  route: null,
  cacheStatus: 'none',
  dbQueries: [ 'tenantIsolationLedger.upsert' ]
}
FEATURE_GATE_AWAIT_TRACE {
  event: 'end',
  fileName: 'backend/src/services/security/securityGovernanceOS.service.ts',
  redisOps: 'none',
  functionName: 'authorizeAccess:assertTenantIsolation',
  durationMs: 0,
  action: 'analytics:view',
  route: null,
  cacheStatus: 'none',
  dbQueries: [ 'tenantIsolationLedger.upsert' ]
}
FEATURE_GATE_AWAIT_TRACE {
  event: 'end',
  fileName: 'backend/src/services/security/securityGovernanceOS.service.ts',
  redisOps: 'none',
  functionName: 'assertAuthorizedAccess:authorizeAccess',
  durationMs: 1,
  action: 'analytics:view',
  route: null,
  cacheStatus: 'delegated',
  dbQueries: [ 'see nested FEATURE_GATE_AWAIT_TRACE events' ]
}
FEATURE_GATE_AWAIT_TRACE {
  event: 'start',
  fileName: 'backend/src/services/security/securityGovernanceOS.service.ts',
  redisOps: 'none',
  functionName: 'authorizeAccess:attestInfraIsolation',
  action: 'analytics:view',
  route: null,
  cacheStatus: 'none',
  dbQueries: [ 'isolationAttestationLedger.create' ]
}
FEATURE_GATE_AWAIT_TRACE {
  event: 'start',
  fileName: 'backend/src/services/security/securityGovernanceOS.service.ts',
  redisOps: 'none',
  functionName: 'attestInfraIsolation:isolationAttestationLedger.upsert',
  cacheStatus: 'none',
  dbQueries: [
    'isolationAttestationLedger.upsert(isolation_attest:6282f56a6f3cf2707676f53e)'
  ],
  attestationKey: 'isolation_attest:6282f56a6f3cf2707676f53e'
}
FEATURE_GATE_AWAIT_TRACE {
  event: 'start',
  fileName: 'backend/src/services/security/securityGovernanceOS.service.ts',
  redisOps: 'none',
  functionName: 'authorizeAccess:appendAuthEvent:authorized',
  action: 'analytics:view',
  route: null,
  cacheStatus: 'none',
  dbQueries: [ 'authEventLedger.upsert' ]
}
FEATURE_GATE_AWAIT_TRACE {
  event: 'start',
  fileName: 'backend/src/services/security/securityGovernanceOS.service.ts',
  redisOps: 'none',
  functionName: 'appendAuthEvent:authEventLedger.upsert',
  cacheStatus: 'none',
  dbQueries: [ 'authEventLedger.upsert(auth_evt:ebead9d5703e74aaa3f43598e5)' ],
  eventKey: 'auth_evt:ebead9d5703e74aaa3f43598e5',
  action: 'analytics:view',
  outcome: 'ALLOWED'
}
prisma:error 
Invalid `prisma.dataAccessAuditLedger.upsert()` invocation:


Raw query failed. Code: `unknown`. Message: `Kind: Transactions are not supported by this deployment, labels: {}, source: None`
prisma:error 
Invalid `prisma.isolationAttestationLedger.upsert()` invocation:


Raw query failed. Code: `unknown`. Message: `Kind: Transactions are not supported by this deployment, labels: {}, source: None`
FEATURE_GATE_AWAIT_TRACE {
  event: 'end',
  fileName: 'backend/src/services/security/securityGovernanceOS.service.ts',
  redisOps: 'none',
  functionName: 'attestInfraIsolation:isolationAttestationLedger.upsert',
  durationMs: 2,
  cacheStatus: 'none',
  dbQueries: [
    'isolationAttestationLedger.upsert(isolation_attest:6282f56a6f3cf2707676f53e)'
  ],
  attestationKey: 'isolation_attest:6282f56a6f3cf2707676f53e'
}
FEATURE_GATE_AWAIT_TRACE {
  event: 'end',
  fileName: 'backend/src/services/security/securityGovernanceOS.service.ts',
  redisOps: 'none',
  functionName: 'authorizeAccess:attestInfraIsolation',
  durationMs: 2,
  action: 'analytics:view',
  route: null,
  cacheStatus: 'none',
  dbQueries: [ 'isolationAttestationLedger.create' ]
}
prisma:error 
Invalid `prisma.authEventLedger.upsert()` invocation:


Raw query failed. Code: `unknown`. Message: `Kind: Transactions are not supported by this deployment, labels: {}, source: None`
FEATURE_GATE_AWAIT_TRACE {
  event: 'end',
  fileName: 'backend/src/services/security/securityGovernanceOS.service.ts',
  redisOps: 'none',
  functionName: 'appendAuthEvent:authEventLedger.upsert',
  durationMs: 2,
  cacheStatus: 'none',
  dbQueries: [ 'authEventLedger.upsert(auth_evt:ebead9d5703e74aaa3f43598e5)' ],
  eventKey: 'auth_evt:ebead9d5703e74aaa3f43598e5',
  action: 'analytics:view',
  outcome: 'ALLOWED'
}
FEATURE_GATE_AWAIT_TRACE {
  event: 'end',
  fileName: 'backend/src/services/security/securityGovernanceOS.service.ts',
  redisOps: 'none',
  functionName: 'authorizeAccess:appendAuthEvent:authorized',
  durationMs: 3,
  action: 'analytics:view',
  route: null,
  cacheStatus: 'none',
  dbQueries: [ 'authEventLedger.upsert' ]
}
prisma:error 
Invalid `prisma.observabilityEventLedger.findUnique()` invocation:


Raw query failed. Code: `unknown`. Message: `Kind: Server selection timeout: No available servers. Topology: { Type: Unknown, Servers: [ { Address: localhost:27017, Type: Unknown, Error: Kind: I/O error: No connection could be made because the target machine actively refused it. (os error 10061), labels: {}, source: None } ] }, labels: {}, source: None`
prisma:error 
Invalid `prisma.observabilityEventLedger.upsert()` invocation:


Raw query failed. Code: `unknown`. Message: `Kind: Transactions are not supported by this deployment, labels: {}, source: None`
startup_event_loop_lag {
  metric: 'startup_event_loop_lag',
  value: 16,
  businessId: null,
  route: 'startup_isolation',
  metadata: null,
  recordedAt: '2026-07-06T15:42:45.092Z'
}
FEATURE_GATE_AWAIT_TRACE {
  event: 'start',
  fileName: 'backend/src/services/security/securityGovernanceOS.service.ts',
  redisOps: 'none',
  functionName: 'assertAuthorizedAccess:authorizeAccess',
  action: 'analytics:view',
  route: null,
  cacheStatus: 'delegated',
  dbQueries: [ 'see nested FEATURE_GATE_AWAIT_TRACE events' ]
}
FEATURE_GATE_AWAIT_TRACE {
  event: 'start',
  fileName: 'backend/src/services/security/securityGovernanceOS.service.ts',
  redisOps: 'none',
  functionName: 'authorizeAccess:assertTenantIsolation',
  action: 'analytics:view',
  route: null,
  cacheStatus: 'none',
  dbQueries: [ 'tenantIsolationLedger.upsert' ]
}
FEATURE_GATE_AWAIT_TRACE {
  event: 'end',
  fileName: 'backend/src/services/security/securityGovernanceOS.service.ts',
  redisOps: 'none',
  functionName: 'authorizeAccess:assertTenantIsolation',
  durationMs: 0,
  action: 'analytics:view',
  route: null,
  cacheStatus: 'none',
  dbQueries: [ 'tenantIsolationLedger.upsert' ]
}
FEATURE_GATE_AWAIT_TRACE {
  event: 'end',
  fileName: 'backend/src/services/security/securityGovernanceOS.service.ts',
  redisOps: 'none',
  functionName: 'assertAuthorizedAccess:authorizeAccess',
  durationMs: 1,
  action: 'analytics:view',
  route: null,
  cacheStatus: 'delegated',
  dbQueries: [ 'see nested FEATURE_GATE_AWAIT_TRACE events' ]
}
FEATURE_GATE_AWAIT_TRACE {
  event: 'start',
  fileName: 'backend/src/services/security/securityGovernanceOS.service.ts',
  redisOps: 'none',
  functionName: 'authorizeAccess:attestInfraIsolation',
  action: 'analytics:view',
  route: null,
  cacheStatus: 'none',
  dbQueries: [ 'isolationAttestationLedger.create' ]
}
FEATURE_GATE_AWAIT_TRACE {
  event: 'start',
  fileName: 'backend/src/services/security/securityGovernanceOS.service.ts',
  redisOps: 'none',
  functionName: 'attestInfraIsolation:isolationAttestationLedger.upsert',
  cacheStatus: 'none',
  dbQueries: [
    'isolationAttestationLedger.upsert(isolation_attest:6e205e7f4fb62d1eea1e86a4)'
  ],
  attestationKey: 'isolation_attest:6e205e7f4fb62d1eea1e86a4'
}
FEATURE_GATE_AWAIT_TRACE {
  event: 'start',
  fileName: 'backend/src/services/security/securityGovernanceOS.service.ts',
  redisOps: 'none',
  functionName: 'authorizeAccess:appendAuthEvent:authorized',
  action: 'analytics:view',
  route: null,
  cacheStatus: 'none',
  dbQueries: [ 'authEventLedger.upsert' ]
}
FEATURE_GATE_AWAIT_TRACE {
  event: 'start',
  fileName: 'backend/src/services/security/securityGovernanceOS.service.ts',
  redisOps: 'none',
  functionName: 'appendAuthEvent:authEventLedger.upsert',
  cacheStatus: 'none',
  dbQueries: [ 'authEventLedger.upsert(auth_evt:b3d6db984728e4b3a4c15013e4)' ],
  eventKey: 'auth_evt:b3d6db984728e4b3a4c15013e4',
  action: 'analytics:view',
  outcome: 'ALLOWED'
}
prisma:error 
Invalid `prisma.dataAccessAuditLedger.upsert()` invocation:


Raw query failed. Code: `unknown`. Message: `Kind: Transactions are not supported by this deployment, labels: {}, source: None`
prisma:error 
Invalid `prisma.isolationAttestationLedger.upsert()` invocation:


Raw query failed. Code: `unknown`. Message: `Kind: Transactions are not supported by this deployment, labels: {}, source: None`
FEATURE_GATE_AWAIT_TRACE {
  event: 'end',
  fileName: 'backend/src/services/security/securityGovernanceOS.service.ts',
  redisOps: 'none',
  functionName: 'attestInfraIsolation:isolationAttestationLedger.upsert',
  durationMs: 2,
  cacheStatus: 'none',
  dbQueries: [
    'isolationAttestationLedger.upsert(isolation_attest:6e205e7f4fb62d1eea1e86a4)'
  ],
  attestationKey: 'isolation_attest:6e205e7f4fb62d1eea1e86a4'
}
FEATURE_GATE_AWAIT_TRACE {
  event: 'end',
  fileName: 'backend/src/services/security/securityGovernanceOS.service.ts',
  redisOps: 'none',
  functionName: 'authorizeAccess:attestInfraIsolation',
  durationMs: 3,
  action: 'analytics:view',
  route: null,
  cacheStatus: 'none',
  dbQueries: [ 'isolationAttestationLedger.create' ]
}
prisma:error 
Invalid `prisma.authEventLedger.upsert()` invocation:


Raw query failed. Code: `unknown`. Message: `Kind: Transactions are not supported by this deployment, labels: {}, source: None`
FEATURE_GATE_AWAIT_TRACE {
  event: 'end',
  fileName: 'backend/src/services/security/securityGovernanceOS.service.ts',
  redisOps: 'none',
  functionName: 'appendAuthEvent:authEventLedger.upsert',
  durationMs: 2,
  cacheStatus: 'none',
  dbQueries: [ 'authEventLedger.upsert(auth_evt:b3d6db984728e4b3a4c15013e4)' ],
  eventKey: 'auth_evt:b3d6db984728e4b3a4c15013e4',
  action: 'analytics:view',
  outcome: 'ALLOWED'
}
FEATURE_GATE_AWAIT_TRACE {
  event: 'end',
  fileName: 'backend/src/services/security/securityGovernanceOS.service.ts',
  redisOps: 'none',
  functionName: 'authorizeAccess:appendAuthEvent:authorized',
  durationMs: 2,
  action: 'analytics:view',
  route: null,
  cacheStatus: 'none',
  dbQueries: [ 'authEventLedger.upsert' ]
}
prisma:error 
Invalid `prisma.observabilityEventLedger.findUnique()` invocation:


Raw query failed. Code: `unknown`. Message: `Kind: Server selection timeout: No available servers. Topology: { Type: Unknown, Servers: [ { Address: localhost:27017, Type: Unknown, Error: Kind: I/O error: No connection could be made because the target machine actively refused it. (os error 10061), labels: {}, source: None } ] }, labels: {}, source: None`
prisma:error 
Invalid `prisma.observabilityEventLedger.upsert()` invocation:


Raw query failed. Code: `unknown`. Message: `Kind: Transactions are not supported by this deployment, labels: {}, source: None`
startup_event_loop_lag {
  metric: 'startup_event_loop_lag',
  value: 15,
  businessId: null,
  route: 'startup_isolation',
  metadata: null,
  recordedAt: '2026-07-06T15:42:46.145Z'
}
FEATURE_GATE_AWAIT_TRACE {
  event: 'start',
  fileName: 'backend/src/services/security/securityGovernanceOS.service.ts',
  redisOps: 'none',
  functionName: 'assertAuthorizedAccess:authorizeAccess',
  action: 'analytics:view',
  route: null,
  cacheStatus: 'delegated',
  dbQueries: [ 'see nested FEATURE_GATE_AWAIT_TRACE events' ]
}
FEATURE_GATE_AWAIT_TRACE {
  event: 'start',
  fileName: 'backend/src/services/security/securityGovernanceOS.service.ts',
  redisOps: 'none',
  functionName: 'authorizeAccess:assertTenantIsolation',
  action: 'analytics:view',
  route: null,
  cacheStatus: 'none',
  dbQueries: [ 'tenantIsolationLedger.upsert' ]
}
FEATURE_GATE_AWAIT_TRACE {
  event: 'end',
  fileName: 'backend/src/services/security/securityGovernanceOS.service.ts',
  redisOps: 'none',
  functionName: 'authorizeAccess:assertTenantIsolation',
  durationMs: 1,
  action: 'analytics:view',
  route: null,
  cacheStatus: 'none',
  dbQueries: [ 'tenantIsolationLedger.upsert' ]
}
FEATURE_GATE_AWAIT_TRACE {
  event: 'end',
  fileName: 'backend/src/services/security/securityGovernanceOS.service.ts',
  redisOps: 'none',
  functionName: 'assertAuthorizedAccess:authorizeAccess',
  durationMs: 1,
  action: 'analytics:view',
  route: null,
  cacheStatus: 'delegated',
  dbQueries: [ 'see nested FEATURE_GATE_AWAIT_TRACE events' ]
}
FEATURE_GATE_AWAIT_TRACE {
  event: 'start',
  fileName: 'backend/src/services/security/securityGovernanceOS.service.ts',
  redisOps: 'none',
  functionName: 'authorizeAccess:attestInfraIsolation',
  action: 'analytics:view',
  route: null,
  cacheStatus: 'none',
  dbQueries: [ 'isolationAttestationLedger.create' ]
}
FEATURE_GATE_AWAIT_TRACE {
  event: 'start',
  fileName: 'backend/src/services/security/securityGovernanceOS.service.ts',
  redisOps: 'none',
  functionName: 'attestInfraIsolation:isolationAttestationLedger.upsert',
  cacheStatus: 'none',
  dbQueries: [
    'isolationAttestationLedger.upsert(isolation_attest:0de0c3105daf3583d3b6968f)'
  ],
  attestationKey: 'isolation_attest:0de0c3105daf3583d3b6968f'
}
FEATURE_GATE_AWAIT_TRACE {
  event: 'start',
  fileName: 'backend/src/services/security/securityGovernanceOS.service.ts',
  redisOps: 'none',
  functionName: 'authorizeAccess:appendAuthEvent:authorized',
  action: 'analytics:view',
  route: null,
  cacheStatus: 'none',
  dbQueries: [ 'authEventLedger.upsert' ]
}
FEATURE_GATE_AWAIT_TRACE {
  event: 'start',
  fileName: 'backend/src/services/security/securityGovernanceOS.service.ts',
  redisOps: 'none',
  functionName: 'appendAuthEvent:authEventLedger.upsert',
  cacheStatus: 'none',
  dbQueries: [ 'authEventLedger.upsert(auth_evt:4fd241e5049476bb94f7ccf396)' ],
  eventKey: 'auth_evt:4fd241e5049476bb94f7ccf396',
  action: 'analytics:view',
  outcome: 'ALLOWED'
}
prisma:error 
Invalid `prisma.dataAccessAuditLedger.upsert()` invocation:


Raw query failed. Code: `unknown`. Message: `Kind: Transactions are not supported by this deployment, labels: {}, source: None`
prisma:error 
Invalid `prisma.isolationAttestationLedger.upsert()` invocation:


Raw query failed. Code: `unknown`. Message: `Kind: Transactions are not supported by this deployment, labels: {}, source: None`
FEATURE_GATE_AWAIT_TRACE {
  event: 'end',
  fileName: 'backend/src/services/security/securityGovernanceOS.service.ts',
  redisOps: 'none',
  functionName: 'attestInfraIsolation:isolationAttestationLedger.upsert',
  durationMs: 3,
  cacheStatus: 'none',
  dbQueries: [
    'isolationAttestationLedger.upsert(isolation_attest:0de0c3105daf3583d3b6968f)'
  ],
  attestationKey: 'isolation_attest:0de0c3105daf3583d3b6968f'
}
FEATURE_GATE_AWAIT_TRACE {
  event: 'end',
  fileName: 'backend/src/services/security/securityGovernanceOS.service.ts',
  redisOps: 'none',
  functionName: 'authorizeAccess:attestInfraIsolation',
  durationMs: 3,
  action: 'analytics:view',
  route: null,
  cacheStatus: 'none',
  dbQueries: [ 'isolationAttestationLedger.create' ]
}
prisma:error 
Invalid `prisma.authEventLedger.upsert()` invocation:


Raw query failed. Code: `unknown`. Message: `Kind: Transactions are not supported by this deployment, labels: {}, source: None`
FEATURE_GATE_AWAIT_TRACE {
  event: 'end',
  fileName: 'backend/src/services/security/securityGovernanceOS.service.ts',
  redisOps: 'none',
  functionName: 'appendAuthEvent:authEventLedger.upsert',
  durationMs: 3,
  cacheStatus: 'none',
  dbQueries: [ 'authEventLedger.upsert(auth_evt:4fd241e5049476bb94f7ccf396)' ],
  eventKey: 'auth_evt:4fd241e5049476bb94f7ccf396',
  action: 'analytics:view',
  outcome: 'ALLOWED'
}
FEATURE_GATE_AWAIT_TRACE {
  event: 'end',
  fileName: 'backend/src/services/security/securityGovernanceOS.service.ts',
  redisOps: 'none',
  functionName: 'authorizeAccess:appendAuthEvent:authorized',
  durationMs: 3,
  action: 'analytics:view',
  route: null,
  cacheStatus: 'none',
  dbQueries: [ 'authEventLedger.upsert' ]
}
prisma:error 
Invalid `prisma.observabilityEventLedger.findUnique()` invocation:


Raw query failed. Code: `unknown`. Message: `Kind: Server selection timeout: No available servers. Topology: { Type: Unknown, Servers: [ { Address: localhost:27017, Type: Unknown, Error: Kind: I/O error: No connection could be made because the target machine actively refused it. (os error 10061), labels: {}, source: None } ] }, labels: {}, source: None`
prisma:error 
Invalid `prisma.observabilityEventLedger.upsert()` invocation:


Raw query failed. Code: `unknown`. Message: `Kind: Transactions are not supported by this deployment, labels: {}, source: None`
startup_event_loop_lag {
  metric: 'startup_event_loop_lag',
  value: 15,
  businessId: null,
  route: 'startup_isolation',
  metadata: null,
  recordedAt: '2026-07-06T15:42:47.195Z'
}
FEATURE_GATE_AWAIT_TRACE {
  event: 'start',
  fileName: 'backend/src/services/security/securityGovernanceOS.service.ts',
  redisOps: 'none',
  functionName: 'assertAuthorizedAccess:authorizeAccess',
  action: 'analytics:view',
  route: null,
  cacheStatus: 'delegated',
  dbQueries: [ 'see nested FEATURE_GATE_AWAIT_TRACE events' ]
}
FEATURE_GATE_AWAIT_TRACE {
  event: 'start',
  fileName: 'backend/src/services/security/securityGovernanceOS.service.ts',
  redisOps: 'none',
  functionName: 'authorizeAccess:assertTenantIsolation',
  action: 'analytics:view',
  route: null,
  cacheStatus: 'none',
  dbQueries: [ 'tenantIsolationLedger.upsert' ]
}
FEATURE_GATE_AWAIT_TRACE {
  event: 'end',
  fileName: 'backend/src/services/security/securityGovernanceOS.service.ts',
  redisOps: 'none',
  functionName: 'authorizeAccess:assertTenantIsolation',
  durationMs: 0,
  action: 'analytics:view',
  route: null,
  cacheStatus: 'none',
  dbQueries: [ 'tenantIsolationLedger.upsert' ]
}
FEATURE_GATE_AWAIT_TRACE {
  event: 'end',
  fileName: 'backend/src/services/security/securityGovernanceOS.service.ts',
  redisOps: 'none',
  functionName: 'assertAuthorizedAccess:authorizeAccess',
  durationMs: 2,
  action: 'analytics:view',
  route: null,
  cacheStatus: 'delegated',
  dbQueries: [ 'see nested FEATURE_GATE_AWAIT_TRACE events' ]
}
FEATURE_GATE_AWAIT_TRACE {
  event: 'start',
  fileName: 'backend/src/services/security/securityGovernanceOS.service.ts',
  redisOps: 'none',
  functionName: 'authorizeAccess:attestInfraIsolation',
  action: 'analytics:view',
  route: null,
  cacheStatus: 'none',
  dbQueries: [ 'isolationAttestationLedger.create' ]
}
FEATURE_GATE_AWAIT_TRACE {
  event: 'start',
  fileName: 'backend/src/services/security/securityGovernanceOS.service.ts',
  redisOps: 'none',
  functionName: 'attestInfraIsolation:isolationAttestationLedger.upsert',
  cacheStatus: 'none',
  dbQueries: [
    'isolationAttestationLedger.upsert(isolation_attest:884244c7492029d73a3f715e)'
  ],
  attestationKey: 'isolation_attest:884244c7492029d73a3f715e'
}
FEATURE_GATE_AWAIT_TRACE {
  event: 'start',
  fileName: 'backend/src/services/security/securityGovernanceOS.service.ts',
  redisOps: 'none',
  functionName: 'authorizeAccess:appendAuthEvent:authorized',
  action: 'analytics:view',
  route: null,
  cacheStatus: 'none',
  dbQueries: [ 'authEventLedger.upsert' ]
}
FEATURE_GATE_AWAIT_TRACE {
  event: 'start',
  fileName: 'backend/src/services/security/securityGovernanceOS.service.ts',
  redisOps: 'none',
  functionName: 'appendAuthEvent:authEventLedger.upsert',
  cacheStatus: 'none',
  dbQueries: [ 'authEventLedger.upsert(auth_evt:b400ecfcae7e231f2c35b4e0c3)' ],
  eventKey: 'auth_evt:b400ecfcae7e231f2c35b4e0c3',
  action: 'analytics:view',
  outcome: 'ALLOWED'
}
prisma:error 
Invalid `prisma.dataAccessAuditLedger.upsert()` invocation:


Raw query failed. Code: `unknown`. Message: `Kind: Transactions are not supported by this deployment, labels: {}, source: None`
prisma:error 
Invalid `prisma.isolationAttestationLedger.upsert()` invocation:


Raw query failed. Code: `unknown`. Message: `Kind: Transactions are not supported by this deployment, labels: {}, source: None`
FEATURE_GATE_AWAIT_TRACE {
  event: 'end',
  fileName: 'backend/src/services/security/securityGovernanceOS.service.ts',
  redisOps: 'none',
  functionName: 'attestInfraIsolation:isolationAttestationLedger.upsert',
  durationMs: 2,
  cacheStatus: 'none',
  dbQueries: [
    'isolationAttestationLedger.upsert(isolation_attest:884244c7492029d73a3f715e)'
  ],
  attestationKey: 'isolation_attest:884244c7492029d73a3f715e'
}
FEATURE_GATE_AWAIT_TRACE {
  event: 'end',
  fileName: 'backend/src/services/security/securityGovernanceOS.service.ts',
  redisOps: 'none',
  functionName: 'authorizeAccess:attestInfraIsolation',
  durationMs: 2,
  action: 'analytics:view',
  route: null,
  cacheStatus: 'none',
  dbQueries: [ 'isolationAttestationLedger.create' ]
}
prisma:error 
Invalid `prisma.authEventLedger.upsert()` invocation:


Raw query failed. Code: `unknown`. Message: `Kind: Transactions are not supported by this deployment, labels: {}, source: None`
FEATURE_GATE_AWAIT_TRACE {
  event: 'end',
  fileName: 'backend/src/services/security/securityGovernanceOS.service.ts',
  redisOps: 'none',
  functionName: 'appendAuthEvent:authEventLedger.upsert',
  durationMs: 2,
  cacheStatus: 'none',
  dbQueries: [ 'authEventLedger.upsert(auth_evt:b400ecfcae7e231f2c35b4e0c3)' ],
  eventKey: 'auth_evt:b400ecfcae7e231f2c35b4e0c3',
  action: 'analytics:view',
  outcome: 'ALLOWED'
}
FEATURE_GATE_AWAIT_TRACE {
  event: 'end',
  fileName: 'backend/src/services/security/securityGovernanceOS.service.ts',
  redisOps: 'none',
  functionName: 'authorizeAccess:appendAuthEvent:authorized',
  durationMs: 2,
  action: 'analytics:view',
  route: null,
  cacheStatus: 'none',
  dbQueries: [ 'authEventLedger.upsert' ]
}
prisma:error 
Invalid `prisma.observabilityEventLedger.findUnique()` invocation:


Raw query failed. Code: `unknown`. Message: `Kind: Server selection timeout: No available servers. Topology: { Type: Unknown, Servers: [ { Address: localhost:27017, Type: Unknown, Error: Kind: I/O error: No connection could be made because the target machine actively refused it. (os error 10061), labels: {}, source: None } ] }, labels: {}, source: None`
prisma:error 
Invalid `prisma.observabilityEventLedger.upsert()` invocation:


Raw query failed. Code: `unknown`. Message: `Kind: Transactions are not supported by this deployment, labels: {}, source: None`
startup_event_loop_lag {
  metric: 'startup_event_loop_lag',
  value: 1,
  businessId: null,
  route: 'startup_isolation',
  metadata: null,
  recordedAt: '2026-07-06T15:42:48.247Z'
}
FEATURE_GATE_AWAIT_TRACE {
  event: 'start',
  fileName: 'backend/src/services/security/securityGovernanceOS.service.ts',
  redisOps: 'none',
  functionName: 'assertAuthorizedAccess:authorizeAccess',
  action: 'analytics:view',
  route: null,
  cacheStatus: 'delegated',
  dbQueries: [ 'see nested FEATURE_GATE_AWAIT_TRACE events' ]
}
FEATURE_GATE_AWAIT_TRACE {
  event: 'start',
  fileName: 'backend/src/services/security/securityGovernanceOS.service.ts',
  redisOps: 'none',
  functionName: 'authorizeAccess:assertTenantIsolation',
  action: 'analytics:view',
  route: null,
  cacheStatus: 'none',
  dbQueries: [ 'tenantIsolationLedger.upsert' ]
}
FEATURE_GATE_AWAIT_TRACE {
  event: 'end',
  fileName: 'backend/src/services/security/securityGovernanceOS.service.ts',
  redisOps: 'none',
  functionName: 'authorizeAccess:assertTenantIsolation',
  durationMs: 1,
  action: 'analytics:view',
  route: null,
  cacheStatus: 'none',
  dbQueries: [ 'tenantIsolationLedger.upsert' ]
}
FEATURE_GATE_AWAIT_TRACE {
  event: 'end',
  fileName: 'backend/src/services/security/securityGovernanceOS.service.ts',
  redisOps: 'none',
  functionName: 'assertAuthorizedAccess:authorizeAccess',
  durationMs: 1,
  action: 'analytics:view',
  route: null,
  cacheStatus: 'delegated',
  dbQueries: [ 'see nested FEATURE_GATE_AWAIT_TRACE events' ]
}
FEATURE_GATE_AWAIT_TRACE {
  event: 'start',
  fileName: 'backend/src/services/security/securityGovernanceOS.service.ts',
  redisOps: 'none',
  functionName: 'authorizeAccess:attestInfraIsolation',
  action: 'analytics:view',
  route: null,
  cacheStatus: 'none',
  dbQueries: [ 'isolationAttestationLedger.create' ]
}
FEATURE_GATE_AWAIT_TRACE {
  event: 'start',
  fileName: 'backend/src/services/security/securityGovernanceOS.service.ts',
  redisOps: 'none',
  functionName: 'attestInfraIsolation:isolationAttestationLedger.upsert',
  cacheStatus: 'none',
  dbQueries: [
    'isolationAttestationLedger.upsert(isolation_attest:eadf904c8f8ca305151b0954)'
  ],
  attestationKey: 'isolation_attest:eadf904c8f8ca305151b0954'
}
FEATURE_GATE_AWAIT_TRACE {
  event: 'start',
  fileName: 'backend/src/services/security/securityGovernanceOS.service.ts',
  redisOps: 'none',
  functionName: 'authorizeAccess:appendAuthEvent:authorized',
  action: 'analytics:view',
  route: null,
  cacheStatus: 'none',
  dbQueries: [ 'authEventLedger.upsert' ]
}
FEATURE_GATE_AWAIT_TRACE {
  event: 'start',
  fileName: 'backend/src/services/security/securityGovernanceOS.service.ts',
  redisOps: 'none',
  functionName: 'appendAuthEvent:authEventLedger.upsert',
  cacheStatus: 'none',
  dbQueries: [ 'authEventLedger.upsert(auth_evt:a9feade86fe961a0120239d3c1)' ],
  eventKey: 'auth_evt:a9feade86fe961a0120239d3c1',
  action: 'analytics:view',
  outcome: 'ALLOWED'
}
prisma:error 
Invalid `prisma.dataAccessAuditLedger.upsert()` invocation:


Raw query failed. Code: `unknown`. Message: `Kind: Transactions are not supported by this deployment, labels: {}, source: None`
prisma:error 
Invalid `prisma.isolationAttestationLedger.upsert()` invocation:


Raw query failed. Code: `unknown`. Message: `Kind: Transactions are not supported by this deployment, labels: {}, source: None`
FEATURE_GATE_AWAIT_TRACE {
  event: 'end',
  fileName: 'backend/src/services/security/securityGovernanceOS.service.ts',
  redisOps: 'none',
  functionName: 'attestInfraIsolation:isolationAttestationLedger.upsert',
  durationMs: 2,
  cacheStatus: 'none',
  dbQueries: [
    'isolationAttestationLedger.upsert(isolation_attest:eadf904c8f8ca305151b0954)'
  ],
  attestationKey: 'isolation_attest:eadf904c8f8ca305151b0954'
}
FEATURE_GATE_AWAIT_TRACE {
  event: 'end',
  fileName: 'backend/src/services/security/securityGovernanceOS.service.ts',
  redisOps: 'none',
  functionName: 'authorizeAccess:attestInfraIsolation',
  durationMs: 3,
  action: 'analytics:view',
  route: null,
  cacheStatus: 'none',
  dbQueries: [ 'isolationAttestationLedger.create' ]
}
prisma:error 
Invalid `prisma.authEventLedger.upsert()` invocation:


Raw query failed. Code: `unknown`. Message: `Kind: Transactions are not supported by this deployment, labels: {}, source: None`
FEATURE_GATE_AWAIT_TRACE {
  event: 'end',
  fileName: 'backend/src/services/security/securityGovernanceOS.service.ts',
  redisOps: 'none',
  functionName: 'appendAuthEvent:authEventLedger.upsert',
  durationMs: 3,
  cacheStatus: 'none',
  dbQueries: [ 'authEventLedger.upsert(auth_evt:a9feade86fe961a0120239d3c1)' ],
  eventKey: 'auth_evt:a9feade86fe961a0120239d3c1',
  action: 'analytics:view',
  outcome: 'ALLOWED'
}
FEATURE_GATE_AWAIT_TRACE {
  event: 'end',
  fileName: 'backend/src/services/security/securityGovernanceOS.service.ts',
  redisOps: 'none',
  functionName: 'authorizeAccess:appendAuthEvent:authorized',
  durationMs: 3,
  action: 'analytics:view',
  route: null,
  cacheStatus: 'none',
  dbQueries: [ 'authEventLedger.upsert' ]
}
prisma:error 
Invalid `prisma.observabilityEventLedger.findUnique()` invocation:


Raw query failed. Code: `unknown`. Message: `Kind: Server selection timeout: No available servers. Topology: { Type: Unknown, Servers: [ { Address: localhost:27017, Type: Unknown, Error: Kind: I/O error: No connection could be made because the target machine actively refused it. (os error 10061), labels: {}, source: None } ] }, labels: {}, source: None`
prisma:error 
Invalid `prisma.observabilityEventLedger.upsert()` invocation:


Raw query failed. Code: `unknown`. Message: `Kind: Transactions are not supported by this deployment, labels: {}, source: None`
startup_event_loop_lag {
  metric: 'startup_event_loop_lag',
  value: 16,
  businessId: null,
  route: 'startup_isolation',
  metadata: null,
  recordedAt: '2026-07-06T15:42:49.299Z'
}
FEATURE_GATE_AWAIT_TRACE {
  event: 'start',
  fileName: 'backend/src/services/security/securityGovernanceOS.service.ts',
  redisOps: 'none',
  functionName: 'assertAuthorizedAccess:authorizeAccess',
  action: 'analytics:view',
  route: null,
  cacheStatus: 'delegated',
  dbQueries: [ 'see nested FEATURE_GATE_AWAIT_TRACE events' ]
}
FEATURE_GATE_AWAIT_TRACE {
  event: 'start',
  fileName: 'backend/src/services/security/securityGovernanceOS.service.ts',
  redisOps: 'none',
  functionName: 'authorizeAccess:assertTenantIsolation',
  action: 'analytics:view',
  route: null,
  cacheStatus: 'none',
  dbQueries: [ 'tenantIsolationLedger.upsert' ]
}
FEATURE_GATE_AWAIT_TRACE {
  event: 'end',
  fileName: 'backend/src/services/security/securityGovernanceOS.service.ts',
  redisOps: 'none',
  functionName: 'authorizeAccess:assertTenantIsolation',
  durationMs: 1,
  action: 'analytics:view',
  route: null,
  cacheStatus: 'none',
  dbQueries: [ 'tenantIsolationLedger.upsert' ]
}
FEATURE_GATE_AWAIT_TRACE {
  event: 'end',
  fileName: 'backend/src/services/security/securityGovernanceOS.service.ts',
  redisOps: 'none',
  functionName: 'assertAuthorizedAccess:authorizeAccess',
  durationMs: 1,
  action: 'analytics:view',
  route: null,
  cacheStatus: 'delegated',
  dbQueries: [ 'see nested FEATURE_GATE_AWAIT_TRACE events' ]
}
FEATURE_GATE_AWAIT_TRACE {
  event: 'start',
  fileName: 'backend/src/services/security/securityGovernanceOS.service.ts',
  redisOps: 'none',
  functionName: 'authorizeAccess:attestInfraIsolation',
  action: 'analytics:view',
  route: null,
  cacheStatus: 'none',
  dbQueries: [ 'isolationAttestationLedger.create' ]
}
FEATURE_GATE_AWAIT_TRACE {
  event: 'start',
  fileName: 'backend/src/services/security/securityGovernanceOS.service.ts',
  redisOps: 'none',
  functionName: 'attestInfraIsolation:isolationAttestationLedger.upsert',
  cacheStatus: 'none',
  dbQueries: [
    'isolationAttestationLedger.upsert(isolation_attest:91142787197d1b381b639462)'
  ],
  attestationKey: 'isolation_attest:91142787197d1b381b639462'
}
FEATURE_GATE_AWAIT_TRACE {
  event: 'start',
  fileName: 'backend/src/services/security/securityGovernanceOS.service.ts',
  redisOps: 'none',
  functionName: 'authorizeAccess:appendAuthEvent:authorized',
  action: 'analytics:view',
  route: null,
  cacheStatus: 'none',
  dbQueries: [ 'authEventLedger.upsert' ]
}
FEATURE_GATE_AWAIT_TRACE {
  event: 'start',
  fileName: 'backend/src/services/security/securityGovernanceOS.service.ts',
  redisOps: 'none',
  functionName: 'appendAuthEvent:authEventLedger.upsert',
  cacheStatus: 'none',
  dbQueries: [ 'authEventLedger.upsert(auth_evt:a87d99ee73abb46313b4808d99)' ],
  eventKey: 'auth_evt:a87d99ee73abb46313b4808d99',
  action: 'analytics:view',
  outcome: 'ALLOWED'
}
prisma:error 
Invalid `prisma.dataAccessAuditLedger.upsert()` invocation:


Raw query failed. Code: `unknown`. Message: `Kind: Transactions are not supported by this deployment, labels: {}, source: None`
prisma:error 
Invalid `prisma.isolationAttestationLedger.upsert()` invocation:


Raw query failed. Code: `unknown`. Message: `Kind: Transactions are not supported by this deployment, labels: {}, source: None`
FEATURE_GATE_AWAIT_TRACE {
  event: 'end',
  fileName: 'backend/src/services/security/securityGovernanceOS.service.ts',
  redisOps: 'none',
  functionName: 'attestInfraIsolation:isolationAttestationLedger.upsert',
  durationMs: 2,
  cacheStatus: 'none',
  dbQueries: [
    'isolationAttestationLedger.upsert(isolation_attest:91142787197d1b381b639462)'
  ],
  attestationKey: 'isolation_attest:91142787197d1b381b639462'
}
FEATURE_GATE_AWAIT_TRACE {
  event: 'end',
  fileName: 'backend/src/services/security/securityGovernanceOS.service.ts',
  redisOps: 'none',
  functionName: 'authorizeAccess:attestInfraIsolation',
  durationMs: 2,
  action: 'analytics:view',
  route: null,
  cacheStatus: 'none',
  dbQueries: [ 'isolationAttestationLedger.create' ]
}
prisma:error 
Invalid `prisma.authEventLedger.upsert()` invocation:


Raw query failed. Code: `unknown`. Message: `Kind: Transactions are not supported by this deployment, labels: {}, source: None`
FEATURE_GATE_AWAIT_TRACE {
  event: 'end',
  fileName: 'backend/src/services/security/securityGovernanceOS.service.ts',
  redisOps: 'none',
  functionName: 'appendAuthEvent:authEventLedger.upsert',
  durationMs: 2,
  cacheStatus: 'none',
  dbQueries: [ 'authEventLedger.upsert(auth_evt:a87d99ee73abb46313b4808d99)' ],
  eventKey: 'auth_evt:a87d99ee73abb46313b4808d99',
  action: 'analytics:view',
  outcome: 'ALLOWED'
}
FEATURE_GATE_AWAIT_TRACE {
  event: 'end',
  fileName: 'backend/src/services/security/securityGovernanceOS.service.ts',
  redisOps: 'none',
  functionName: 'authorizeAccess:appendAuthEvent:authorized',
  durationMs: 2,
  action: 'analytics:view',
  route: null,
  cacheStatus: 'none',
  dbQueries: [ 'authEventLedger.upsert' ]
}
prisma:error 
Invalid `prisma.observabilityEventLedger.findUnique()` invocation:


Raw query failed. Code: `unknown`. Message: `Kind: Server selection timeout: No available servers. Topology: { Type: Unknown, Servers: [ { Address: localhost:27017, Type: Unknown, Error: Kind: I/O error: No connection could be made because the target machine actively refused it. (os error 10061), labels: {}, source: None } ] }, labels: {}, source: None`
prisma:error 
Invalid `prisma.observabilityEventLedger.upsert()` invocation:


Raw query failed. Code: `unknown`. Message: `Kind: Transactions are not supported by this deployment, labels: {}, source: None`
startup_event_loop_lag {
  metric: 'startup_event_loop_lag',
  value: 2,
  businessId: null,
  route: 'startup_isolation',
  metadata: null,
  recordedAt: '2026-07-06T15:42:50.335Z'
}
FEATURE_GATE_AWAIT_TRACE {
  event: 'start',
  fileName: 'backend/src/services/security/securityGovernanceOS.service.ts',
  redisOps: 'none',
  functionName: 'assertAuthorizedAccess:authorizeAccess',
  action: 'analytics:view',
  route: null,
  cacheStatus: 'delegated',
  dbQueries: [ 'see nested FEATURE_GATE_AWAIT_TRACE events' ]
}
FEATURE_GATE_AWAIT_TRACE {
  event: 'start',
  fileName: 'backend/src/services/security/securityGovernanceOS.service.ts',
  redisOps: 'none',
  functionName: 'authorizeAccess:assertTenantIsolation',
  action: 'analytics:view',
  route: null,
  cacheStatus: 'none',
  dbQueries: [ 'tenantIsolationLedger.upsert' ]
}
FEATURE_GATE_AWAIT_TRACE {
  event: 'end',
  fileName: 'backend/src/services/security/securityGovernanceOS.service.ts',
  redisOps: 'none',
  functionName: 'authorizeAccess:assertTenantIsolation',
  durationMs: 1,
  action: 'analytics:view',
  route: null,
  cacheStatus: 'none',
  dbQueries: [ 'tenantIsolationLedger.upsert' ]
}
FEATURE_GATE_AWAIT_TRACE {
  event: 'end',
  fileName: 'backend/src/services/security/securityGovernanceOS.service.ts',
  redisOps: 'none',
  functionName: 'assertAuthorizedAccess:authorizeAccess',
  durationMs: 1,
  action: 'analytics:view',
  route: null,
  cacheStatus: 'delegated',
  dbQueries: [ 'see nested FEATURE_GATE_AWAIT_TRACE events' ]
}
FEATURE_GATE_AWAIT_TRACE {
  event: 'start',
  fileName: 'backend/src/services/security/securityGovernanceOS.service.ts',
  redisOps: 'none',
  functionName: 'authorizeAccess:attestInfraIsolation',
  action: 'analytics:view',
  route: null,
  cacheStatus: 'none',
  dbQueries: [ 'isolationAttestationLedger.create' ]
}
FEATURE_GATE_AWAIT_TRACE {
  event: 'start',
  fileName: 'backend/src/services/security/securityGovernanceOS.service.ts',
  redisOps: 'none',
  functionName: 'attestInfraIsolation:isolationAttestationLedger.upsert',
  cacheStatus: 'none',
  dbQueries: [
    'isolationAttestationLedger.upsert(isolation_attest:c762857c0424d64b20f3ee08)'
  ],
  attestationKey: 'isolation_attest:c762857c0424d64b20f3ee08'
}
FEATURE_GATE_AWAIT_TRACE {
  event: 'start',
  fileName: 'backend/src/services/security/securityGovernanceOS.service.ts',
  redisOps: 'none',
  functionName: 'authorizeAccess:appendAuthEvent:authorized',
  action: 'analytics:view',
  route: null,
  cacheStatus: 'none',
  dbQueries: [ 'authEventLedger.upsert' ]
}
FEATURE_GATE_AWAIT_TRACE {
  event: 'start',
  fileName: 'backend/src/services/security/securityGovernanceOS.service.ts',
  redisOps: 'none',
  functionName: 'appendAuthEvent:authEventLedger.upsert',
  cacheStatus: 'none',
  dbQueries: [ 'authEventLedger.upsert(auth_evt:d6baa6a416a0f3f61553f914c2)' ],
  eventKey: 'auth_evt:d6baa6a416a0f3f61553f914c2',
  action: 'analytics:view',
  outcome: 'ALLOWED'
}
prisma:error 
Invalid `prisma.dataAccessAuditLedger.upsert()` invocation:


Raw query failed. Code: `unknown`. Message: `Kind: Transactions are not supported by this deployment, labels: {}, source: None`
prisma:error 
Invalid `prisma.isolationAttestationLedger.upsert()` invocation:


Raw query failed. Code: `unknown`. Message: `Kind: Transactions are not supported by this deployment, labels: {}, source: None`
FEATURE_GATE_AWAIT_TRACE {
  event: 'end',
  fileName: 'backend/src/services/security/securityGovernanceOS.service.ts',
  redisOps: 'none',
  functionName: 'attestInfraIsolation:isolationAttestationLedger.upsert',
  durationMs: 3,
  cacheStatus: 'none',
  dbQueries: [
    'isolationAttestationLedger.upsert(isolation_attest:c762857c0424d64b20f3ee08)'
  ],
  attestationKey: 'isolation_attest:c762857c0424d64b20f3ee08'
}
FEATURE_GATE_AWAIT_TRACE {
  event: 'end',
  fileName: 'backend/src/services/security/securityGovernanceOS.service.ts',
  redisOps: 'none',
  functionName: 'authorizeAccess:attestInfraIsolation',
  durationMs: 3,
  action: 'analytics:view',
  route: null,
  cacheStatus: 'none',
  dbQueries: [ 'isolationAttestationLedger.create' ]
}
prisma:error 
Invalid `prisma.authEventLedger.upsert()` invocation:


Raw query failed. Code: `unknown`. Message: `Kind: Transactions are not supported by this deployment, labels: {}, source: None`
FEATURE_GATE_AWAIT_TRACE {
  event: 'end',
  fileName: 'backend/src/services/security/securityGovernanceOS.service.ts',
  redisOps: 'none',
  functionName: 'appendAuthEvent:authEventLedger.upsert',
  durationMs: 3,
  cacheStatus: 'none',
  dbQueries: [ 'authEventLedger.upsert(auth_evt:d6baa6a416a0f3f61553f914c2)' ],
  eventKey: 'auth_evt:d6baa6a416a0f3f61553f914c2',
  action: 'analytics:view',
  outcome: 'ALLOWED'
}
FEATURE_GATE_AWAIT_TRACE {
  event: 'end',
  fileName: 'backend/src/services/security/securityGovernanceOS.service.ts',
  redisOps: 'none',
  functionName: 'authorizeAccess:appendAuthEvent:authorized',
  durationMs: 3,
  action: 'analytics:view',
  route: null,
  cacheStatus: 'none',
  dbQueries: [ 'authEventLedger.upsert' ]
}
prisma:error 
Invalid `prisma.observabilityEventLedger.findUnique()` invocation:


Raw query failed. Code: `unknown`. Message: `Kind: Server selection timeout: No available servers. Topology: { Type: Unknown, Servers: [ { Address: localhost:27017, Type: Unknown, Error: Kind: I/O error: No connection could be made because the target machine actively refused it. (os error 10061), labels: {}, source: None } ] }, labels: {}, source: None`
prisma:error 
Invalid `prisma.observabilityEventLedger.upsert()` invocation:


Raw query failed. Code: `unknown`. Message: `Kind: Transactions are not supported by this deployment, labels: {}, source: None`
startup_event_loop_lag {
  metric: 'startup_event_loop_lag',
  value: 0,
  businessId: null,
  route: 'startup_isolation',
  metadata: null,
  recordedAt: '2026-07-06T15:42:51.392Z'
}
FEATURE_GATE_AWAIT_TRACE {
  event: 'start',
  fileName: 'backend/src/services/security/securityGovernanceOS.service.ts',
  redisOps: 'none',
  functionName: 'assertAuthorizedAccess:authorizeAccess',
  action: 'analytics:view',
  route: null,
  cacheStatus: 'delegated',
  dbQueries: [ 'see nested FEATURE_GATE_AWAIT_TRACE events' ]
}
FEATURE_GATE_AWAIT_TRACE {
  event: 'start',
  fileName: 'backend/src/services/security/securityGovernanceOS.service.ts',
  redisOps: 'none',
  functionName: 'authorizeAccess:assertTenantIsolation',
  action: 'analytics:view',
  route: null,
  cacheStatus: 'none',
  dbQueries: [ 'tenantIsolationLedger.upsert' ]
}
FEATURE_GATE_AWAIT_TRACE {
  event: 'end',
  fileName: 'backend/src/services/security/securityGovernanceOS.service.ts',
  redisOps: 'none',
  functionName: 'authorizeAccess:assertTenantIsolation',
  durationMs: 0,
  action: 'analytics:view',
  route: null,
  cacheStatus: 'none',
  dbQueries: [ 'tenantIsolationLedger.upsert' ]
}
FEATURE_GATE_AWAIT_TRACE {
  event: 'end',
  fileName: 'backend/src/services/security/securityGovernanceOS.service.ts',
  redisOps: 'none',
  functionName: 'assertAuthorizedAccess:authorizeAccess',
  durationMs: 1,
  action: 'analytics:view',
  route: null,
  cacheStatus: 'delegated',
  dbQueries: [ 'see nested FEATURE_GATE_AWAIT_TRACE events' ]
}
FEATURE_GATE_AWAIT_TRACE {
  event: 'start',
  fileName: 'backend/src/services/security/securityGovernanceOS.service.ts',
  redisOps: 'none',
  functionName: 'authorizeAccess:attestInfraIsolation',
  action: 'analytics:view',
  route: null,
  cacheStatus: 'none',
  dbQueries: [ 'isolationAttestationLedger.create' ]
}
FEATURE_GATE_AWAIT_TRACE {
  event: 'start',
  fileName: 'backend/src/services/security/securityGovernanceOS.service.ts',
  redisOps: 'none',
  functionName: 'attestInfraIsolation:isolationAttestationLedger.upsert',
  cacheStatus: 'none',
  dbQueries: [
    'isolationAttestationLedger.upsert(isolation_attest:6b7f8532b225f18be45b3b69)'
  ],
  attestationKey: 'isolation_attest:6b7f8532b225f18be45b3b69'
}
FEATURE_GATE_AWAIT_TRACE {
  event: 'start',
  fileName: 'backend/src/services/security/securityGovernanceOS.service.ts',
  redisOps: 'none',
  functionName: 'authorizeAccess:appendAuthEvent:authorized',
  action: 'analytics:view',
  route: null,
  cacheStatus: 'none',
  dbQueries: [ 'authEventLedger.upsert' ]
}
FEATURE_GATE_AWAIT_TRACE {
  event: 'start',
  fileName: 'backend/src/services/security/securityGovernanceOS.service.ts',
  redisOps: 'none',
  functionName: 'appendAuthEvent:authEventLedger.upsert',
  cacheStatus: 'none',
  dbQueries: [ 'authEventLedger.upsert(auth_evt:8efb8b59a38390d5d4b67fae27)' ],
  eventKey: 'auth_evt:8efb8b59a38390d5d4b67fae27',
  action: 'analytics:view',
  outcome: 'ALLOWED'
}
prisma:error 
Invalid `prisma.dataAccessAuditLedger.upsert()` invocation:


Raw query failed. Code: `unknown`. Message: `Kind: Transactions are not supported by this deployment, labels: {}, source: None`
prisma:error 
Invalid `prisma.isolationAttestationLedger.upsert()` invocation:


Raw query failed. Code: `unknown`. Message: `Kind: Transactions are not supported by this deployment, labels: {}, source: None`
FEATURE_GATE_AWAIT_TRACE {
  event: 'end',
  fileName: 'backend/src/services/security/securityGovernanceOS.service.ts',
  redisOps: 'none',
  functionName: 'attestInfraIsolation:isolationAttestationLedger.upsert',
  durationMs: 2,
  cacheStatus: 'none',
  dbQueries: [
    'isolationAttestationLedger.upsert(isolation_attest:6b7f8532b225f18be45b3b69)'
  ],
  attestationKey: 'isolation_attest:6b7f8532b225f18be45b3b69'
}
FEATURE_GATE_AWAIT_TRACE {
  event: 'end',
  fileName: 'backend/src/services/security/securityGovernanceOS.service.ts',
  redisOps: 'none',
  functionName: 'authorizeAccess:attestInfraIsolation',
  durationMs: 3,
  action: 'analytics:view',
  route: null,
  cacheStatus: 'none',
  dbQueries: [ 'isolationAttestationLedger.create' ]
}
prisma:error 
Invalid `prisma.authEventLedger.upsert()` invocation:


Raw query failed. Code: `unknown`. Message: `Kind: Transactions are not supported by this deployment, labels: {}, source: None`
FEATURE_GATE_AWAIT_TRACE {
  event: 'end',
  fileName: 'backend/src/services/security/securityGovernanceOS.service.ts',
  redisOps: 'none',
  functionName: 'appendAuthEvent:authEventLedger.upsert',
  durationMs: 2,
  cacheStatus: 'none',
  dbQueries: [ 'authEventLedger.upsert(auth_evt:8efb8b59a38390d5d4b67fae27)' ],
  eventKey: 'auth_evt:8efb8b59a38390d5d4b67fae27',
  action: 'analytics:view',
  outcome: 'ALLOWED'
}
FEATURE_GATE_AWAIT_TRACE {
  event: 'end',
  fileName: 'backend/src/services/security/securityGovernanceOS.service.ts',
  redisOps: 'none',
  functionName: 'authorizeAccess:appendAuthEvent:authorized',
  durationMs: 2,
  action: 'analytics:view',
  route: null,
  cacheStatus: 'none',
  dbQueries: [ 'authEventLedger.upsert' ]
}
prisma:error 
Invalid `prisma.observabilityEventLedger.findUnique()` invocation:


Raw query failed. Code: `unknown`. Message: `Kind: Server selection timeout: No available servers. Topology: { Type: Unknown, Servers: [ { Address: localhost:27017, Type: Unknown, Error: Kind: I/O error: No connection could be made because the target machine actively refused it. (os error 10061), labels: {}, source: None } ] }, labels: {}, source: None`
prisma:error 
Invalid `prisma.observabilityEventLedger.upsert()` invocation:


Raw query failed. Code: `unknown`. Message: `Kind: Transactions are not supported by this deployment, labels: {}, source: None`
startup_event_loop_lag {
  metric: 'startup_event_loop_lag',
  value: 2,
  businessId: null,
  route: 'startup_isolation',
  metadata: null,
  recordedAt: '2026-07-06T15:42:52.444Z'
}
FEATURE_GATE_AWAIT_TRACE {
  event: 'start',
  fileName: 'backend/src/services/security/securityGovernanceOS.service.ts',
  redisOps: 'none',
  functionName: 'assertAuthorizedAccess:authorizeAccess',
  action: 'analytics:view',
  route: null,
  cacheStatus: 'delegated',
  dbQueries: [ 'see nested FEATURE_GATE_AWAIT_TRACE events' ]
}
FEATURE_GATE_AWAIT_TRACE {
  event: 'start',
  fileName: 'backend/src/services/security/securityGovernanceOS.service.ts',
  redisOps: 'none',
  functionName: 'authorizeAccess:assertTenantIsolation',
  action: 'analytics:view',
  route: null,
  cacheStatus: 'none',
  dbQueries: [ 'tenantIsolationLedger.upsert' ]
}
FEATURE_GATE_AWAIT_TRACE {
  event: 'end',
  fileName: 'backend/src/services/security/securityGovernanceOS.service.ts',
  redisOps: 'none',
  functionName: 'authorizeAccess:assertTenantIsolation',
  durationMs: 1,
  action: 'analytics:view',
  route: null,
  cacheStatus: 'none',
  dbQueries: [ 'tenantIsolationLedger.upsert' ]
}
FEATURE_GATE_AWAIT_TRACE {
  event: 'end',
  fileName: 'backend/src/services/security/securityGovernanceOS.service.ts',
  redisOps: 'none',
  functionName: 'assertAuthorizedAccess:authorizeAccess',
  durationMs: 2,
  action: 'analytics:view',
  route: null,
  cacheStatus: 'delegated',
  dbQueries: [ 'see nested FEATURE_GATE_AWAIT_TRACE events' ]
}
FEATURE_GATE_AWAIT_TRACE {
  event: 'start',
  fileName: 'backend/src/services/security/securityGovernanceOS.service.ts',
  redisOps: 'none',
  functionName: 'authorizeAccess:attestInfraIsolation',
  action: 'analytics:view',
  route: null,
  cacheStatus: 'none',
  dbQueries: [ 'isolationAttestationLedger.create' ]
}
FEATURE_GATE_AWAIT_TRACE {
  event: 'start',
  fileName: 'backend/src/services/security/securityGovernanceOS.service.ts',
  redisOps: 'none',
  functionName: 'attestInfraIsolation:isolationAttestationLedger.upsert',
  cacheStatus: 'none',
  dbQueries: [
    'isolationAttestationLedger.upsert(isolation_attest:52623b040ff59b34592f1e42)'
  ],
  attestationKey: 'isolation_attest:52623b040ff59b34592f1e42'
}
FEATURE_GATE_AWAIT_TRACE {
  event: 'start',
  fileName: 'backend/src/services/security/securityGovernanceOS.service.ts',
  redisOps: 'none',
  functionName: 'authorizeAccess:appendAuthEvent:authorized',
  action: 'analytics:view',
  route: null,
  cacheStatus: 'none',
  dbQueries: [ 'authEventLedger.upsert' ]
}
FEATURE_GATE_AWAIT_TRACE {
  event: 'start',
  fileName: 'backend/src/services/security/securityGovernanceOS.service.ts',
  redisOps: 'none',
  functionName: 'appendAuthEvent:authEventLedger.upsert',
  cacheStatus: 'none',
  dbQueries: [ 'authEventLedger.upsert(auth_evt:ff924086c7a860925e40abaa3d)' ],
  eventKey: 'auth_evt:ff924086c7a860925e40abaa3d',
  action: 'analytics:view',
  outcome: 'ALLOWED'
}
prisma:error 
Invalid `prisma.dataAccessAuditLedger.upsert()` invocation:


Raw query failed. Code: `unknown`. Message: `Kind: Transactions are not supported by this deployment, labels: {}, source: None`
prisma:error 
Invalid `prisma.isolationAttestationLedger.upsert()` invocation:


Raw query failed. Code: `unknown`. Message: `Kind: Transactions are not supported by this deployment, labels: {}, source: None`
FEATURE_GATE_AWAIT_TRACE {
  event: 'end',
  fileName: 'backend/src/services/security/securityGovernanceOS.service.ts',
  redisOps: 'none',
  functionName: 'attestInfraIsolation:isolationAttestationLedger.upsert',
  durationMs: 2,
  cacheStatus: 'none',
  dbQueries: [
    'isolationAttestationLedger.upsert(isolation_attest:52623b040ff59b34592f1e42)'
  ],
  attestationKey: 'isolation_attest:52623b040ff59b34592f1e42'
}
FEATURE_GATE_AWAIT_TRACE {
  event: 'end',
  fileName: 'backend/src/services/security/securityGovernanceOS.service.ts',
  redisOps: 'none',
  functionName: 'authorizeAccess:attestInfraIsolation',
  durationMs: 3,
  action: 'analytics:view',
  route: null,
  cacheStatus: 'none',
  dbQueries: [ 'isolationAttestationLedger.create' ]
}
prisma:error 
Invalid `prisma.authEventLedger.upsert()` invocation:


Raw query failed. Code: `unknown`. Message: `Kind: Transactions are not supported by this deployment, labels: {}, source: None`
FEATURE_GATE_AWAIT_TRACE {
  event: 'end',
  fileName: 'backend/src/services/security/securityGovernanceOS.service.ts',
  redisOps: 'none',
  functionName: 'appendAuthEvent:authEventLedger.upsert',
  durationMs: 2,
  cacheStatus: 'none',
  dbQueries: [ 'authEventLedger.upsert(auth_evt:ff924086c7a860925e40abaa3d)' ],
  eventKey: 'auth_evt:ff924086c7a860925e40abaa3d',
  action: 'analytics:view',
  outcome: 'ALLOWED'
}
FEATURE_GATE_AWAIT_TRACE {
  event: 'end',
  fileName: 'backend/src/services/security/securityGovernanceOS.service.ts',
  redisOps: 'none',
  functionName: 'authorizeAccess:appendAuthEvent:authorized',
  durationMs: 3,
  action: 'analytics:view',
  route: null,
  cacheStatus: 'none',
  dbQueries: [ 'authEventLedger.upsert' ]
}
prisma:error 
Invalid `prisma.observabilityEventLedger.findUnique()` invocation:


Raw query failed. Code: `unknown`. Message: `Kind: Server selection timeout: No available servers. Topology: { Type: Unknown, Servers: [ { Address: localhost:27017, Type: Unknown, Error: Kind: I/O error: No connection could be made because the target machine actively refused it. (os error 10061), labels: {}, source: None } ] }, labels: {}, source: None`
prisma:error 
Invalid `prisma.observabilityEventLedger.upsert()` invocation:


Raw query failed. Code: `unknown`. Message: `Kind: Transactions are not supported by this deployment, labels: {}, source: None`
startup_event_loop_lag {
  metric: 'startup_event_loop_lag',
  value: 14,
  businessId: null,
  route: 'startup_isolation',
  metadata: null,
  recordedAt: '2026-07-06T15:42:53.493Z'
}
FEATURE_GATE_AWAIT_TRACE {
  event: 'start',
  fileName: 'backend/src/services/security/securityGovernanceOS.service.ts',
  redisOps: 'none',
  functionName: 'assertAuthorizedAccess:authorizeAccess',
  action: 'analytics:view',
  route: null,
  cacheStatus: 'delegated',
  dbQueries: [ 'see nested FEATURE_GATE_AWAIT_TRACE events' ]
}
FEATURE_GATE_AWAIT_TRACE {
  event: 'start',
  fileName: 'backend/src/services/security/securityGovernanceOS.service.ts',
  redisOps: 'none',
  functionName: 'authorizeAccess:assertTenantIsolation',
  action: 'analytics:view',
  route: null,
  cacheStatus: 'none',
  dbQueries: [ 'tenantIsolationLedger.upsert' ]
}
FEATURE_GATE_AWAIT_TRACE {
  event: 'end',
  fileName: 'backend/src/services/security/securityGovernanceOS.service.ts',
  redisOps: 'none',
  functionName: 'authorizeAccess:assertTenantIsolation',
  durationMs: 1,
  action: 'analytics:view',
  route: null,
  cacheStatus: 'none',
  dbQueries: [ 'tenantIsolationLedger.upsert' ]
}
FEATURE_GATE_AWAIT_TRACE {
  event: 'end',
  fileName: 'backend/src/services/security/securityGovernanceOS.service.ts',
  redisOps: 'none',
  functionName: 'assertAuthorizedAccess:authorizeAccess',
  durationMs: 2,
  action: 'analytics:view',
  route: null,
  cacheStatus: 'delegated',
  dbQueries: [ 'see nested FEATURE_GATE_AWAIT_TRACE events' ]
}
FEATURE_GATE_AWAIT_TRACE {
  event: 'start',
  fileName: 'backend/src/services/security/securityGovernanceOS.service.ts',
  redisOps: 'none',
  functionName: 'authorizeAccess:attestInfraIsolation',
  action: 'analytics:view',
  route: null,
  cacheStatus: 'none',
  dbQueries: [ 'isolationAttestationLedger.create' ]
}
FEATURE_GATE_AWAIT_TRACE {
  event: 'start',
  fileName: 'backend/src/services/security/securityGovernanceOS.service.ts',
  redisOps: 'none',
  functionName: 'attestInfraIsolation:isolationAttestationLedger.upsert',
  cacheStatus: 'none',
  dbQueries: [
    'isolationAttestationLedger.upsert(isolation_attest:468fe647a1ffe09975fd3cee)'
  ],
  attestationKey: 'isolation_attest:468fe647a1ffe09975fd3cee'
}
FEATURE_GATE_AWAIT_TRACE {
  event: 'start',
  fileName: 'backend/src/services/security/securityGovernanceOS.service.ts',
  redisOps: 'none',
  functionName: 'authorizeAccess:appendAuthEvent:authorized',
  action: 'analytics:view',
  route: null,
  cacheStatus: 'none',
  dbQueries: [ 'authEventLedger.upsert' ]
}
FEATURE_GATE_AWAIT_TRACE {
  event: 'start',
  fileName: 'backend/src/services/security/securityGovernanceOS.service.ts',
  redisOps: 'none',
  functionName: 'appendAuthEvent:authEventLedger.upsert',
  cacheStatus: 'none',
  dbQueries: [ 'authEventLedger.upsert(auth_evt:ce6c7d62de5f02d0d4c442b178)' ],
  eventKey: 'auth_evt:ce6c7d62de5f02d0d4c442b178',
  action: 'analytics:view',
  outcome: 'ALLOWED'
}
prisma:error 
Invalid `prisma.dataAccessAuditLedger.upsert()` invocation:


Raw query failed. Code: `unknown`. Message: `Kind: Transactions are not supported by this deployment, labels: {}, source: None`
prisma:error 
Invalid `prisma.isolationAttestationLedger.upsert()` invocation:


Raw query failed. Code: `unknown`. Message: `Kind: Transactions are not supported by this deployment, labels: {}, source: None`
FEATURE_GATE_AWAIT_TRACE {
  event: 'end',
  fileName: 'backend/src/services/security/securityGovernanceOS.service.ts',
  redisOps: 'none',
  functionName: 'attestInfraIsolation:isolationAttestationLedger.upsert',
  durationMs: 2,
  cacheStatus: 'none',
  dbQueries: [
    'isolationAttestationLedger.upsert(isolation_attest:468fe647a1ffe09975fd3cee)'
  ],
  attestationKey: 'isolation_attest:468fe647a1ffe09975fd3cee'
}
FEATURE_GATE_AWAIT_TRACE {
  event: 'end',
  fileName: 'backend/src/services/security/securityGovernanceOS.service.ts',
  redisOps: 'none',
  functionName: 'authorizeAccess:attestInfraIsolation',
  durationMs: 4,
  action: 'analytics:view',
  route: null,
  cacheStatus: 'none',
  dbQueries: [ 'isolationAttestationLedger.create' ]
}
prisma:error 
Invalid `prisma.authEventLedger.upsert()` invocation:


Raw query failed. Code: `unknown`. Message: `Kind: Transactions are not supported by this deployment, labels: {}, source: None`
FEATURE_GATE_AWAIT_TRACE {
  event: 'end',
  fileName: 'backend/src/services/security/securityGovernanceOS.service.ts',
  redisOps: 'none',
  functionName: 'appendAuthEvent:authEventLedger.upsert',
  durationMs: 2,
  cacheStatus: 'none',
  dbQueries: [ 'authEventLedger.upsert(auth_evt:ce6c7d62de5f02d0d4c442b178)' ],
  eventKey: 'auth_evt:ce6c7d62de5f02d0d4c442b178',
  action: 'analytics:view',
  outcome: 'ALLOWED'
}
FEATURE_GATE_AWAIT_TRACE {
  event: 'end',
  fileName: 'backend/src/services/security/securityGovernanceOS.service.ts',
  redisOps: 'none',
  functionName: 'authorizeAccess:appendAuthEvent:authorized',
  durationMs: 2,
  action: 'analytics:view',
  route: null,
  cacheStatus: 'none',
  dbQueries: [ 'authEventLedger.upsert' ]
}
prisma:error 
Invalid `prisma.observabilityEventLedger.findUnique()` invocation:


Raw query failed. Code: `unknown`. Message: `Kind: Server selection timeout: No available servers. Topology: { Type: Unknown, Servers: [ { Address: localhost:27017, Type: Unknown, Error: Kind: I/O error: No connection could be made because the target machine actively refused it. (os error 10061), labels: {}, source: None } ] }, labels: {}, source: None`
prisma:error 
Invalid `prisma.observabilityEventLedger.upsert()` invocation:


Raw query failed. Code: `unknown`. Message: `Kind: Transactions are not supported by this deployment, labels: {}, source: None`
prisma:error 
Invalid `prisma.observabilityEventLedger.findUnique()` invocation:


Raw query failed. Code: `unknown`. Message: `Kind: Server selection timeout: No available servers. Topology: { Type: Unknown, Servers: [ { Address: localhost:27017, Type: Unknown, Error: Kind: I/O error: No connection could be made because the target machine actively refused it. (os error 10061), labels: {}, source: None } ] }, labels: {}, source: None`
prisma:error 
Invalid `prisma.paymentIntentLedger.findMany()` invocation:


Raw query failed. Code: `unknown`. Message: `Kind: Server selection timeout: No available servers. Topology: { Type: Unknown, Servers: [ { Address: localhost:27017, Type: Unknown, Error: Kind: I/O error: No connection could be made because the target machine actively refused it. (os error 10061), labels: {}, source: None } ] }, labels: {}, source: None`
prisma:error 
Invalid `prisma.observabilityEventLedger.upsert()` invocation:


Raw query failed. Code: `unknown`. Message: `Kind: Transactions are not supported by this deployment, labels: {}, source: None`
prisma:error 
Invalid `prisma.externalCommerceIdempotency.findMany()` invocation:


Raw query failed. Code: `unknown`. Message: `Kind: Server selection timeout: No available servers. Topology: { Type: Unknown, Servers: [ { Address: localhost:27017, Type: Unknown, Error: Kind: I/O error: No connection could be made because the target machine actively refused it. (os error 10061), labels: {}, source: None } ] }, labels: {}, source: None`
prisma:error 
Invalid `prisma.observabilityEventLedger.findUnique()` invocation:


Raw query failed. Code: `unknown`. Message: `Kind: Server selection timeout: No available servers. Topology: { Type: Unknown, Servers: [ { Address: localhost:27017, Type: Unknown, Error: Kind: I/O error: No connection could be made because the target machine actively refused it. (os error 10061), labels: {}, source: None } ] }, labels: {}, source: None`
prisma:error 
Invalid `prisma.observabilityEventLedger.upsert()` invocation:


Raw query failed. Code: `unknown`. Message: `Kind: Transactions are not supported by this deployment, labels: {}, source: None`
{"level":30,"time":1783352576052,"traceId":null,"correlationId":null,"tenantId":null,"leadId":null,"interactionId":null,"appointmentId":null,"proposalId":null,"contractId":null,"paymentId":null,"queueJobId":null,"workerId":null,"provider":null,"severity":"info","component":"runtime","phase":"operations","version":"phase6a.v1","reason":"startup_boot","msg":"Starting critical-only prewarm pipeline..."}
{"level":40,"time":1783352576052,"traceId":null,"correlationId":null,"tenantId":null,"leadId":null,"interactionId":null,"appointmentId":null,"proposalId":null,"contractId":null,"paymentId":null,"queueJobId":null,"workerId":null,"provider":null,"severity":"info","component":"runtime","phase":"operations","version":"phase6a.v1","err":{"type":"Error","message":"REDIS_URL must use rediss:// (or redis:// in integration/test mode)","stack":"Error: REDIS_URL must use rediss:// (or redis:// in integration/test mode)\n    at buildRedisOptions (D:\\sylph-ai\\backend\\dist\\config\\redis.js:61:15)\n    at createRedisClient (D:\\sylph-ai\\backend\\dist\\config\\redis.js:128:63)\n    at ensureSharedRedisClient (D:\\sylph-ai\\backend\\dist\\config\\redis.js:307:39)\n    at getSharedRedisConnection (D:\\sylph-ai\\backend\\dist\\config\\redis.js:471:40)\n    at D:\\sylph-ai\\backend\\dist\\services\\prewarm.service.js:49:69\n    at Object.triggerAsyncPrewarm (D:\\sylph-ai\\backend\\dist\\services\\prewarm.service.js:112:11)\n    at checkAndRunPrewarm (D:\\sylph-ai\\backend\\dist\\server.js:301:46)\n    at scheduleBackgroundStartupTask.priority (D:\\sylph-ai\\backend\\dist\\server.js:310:13)"},"msg":"Error during prewarm pipeline execution"}
prisma:error 
Invalid `prisma.observabilityEventLedger.findUnique()` invocation:


Raw query failed. Code: `unknown`. Message: `Kind: Server selection timeout: No available servers. Topology: { Type: Unknown, Servers: [ { Address: localhost:27017, Type: Unknown, Error: Kind: I/O error: No connection could be made because the target machine actively refused it. (os error 10061), labels: {}, source: None } ] }, labels: {}, source: None`
prisma:error 
Invalid `prisma.observabilityEventLedger.upsert()` invocation:


Raw query failed. Code: `unknown`. Message: `Kind: Transactions are not supported by this deployment, labels: {}, source: None`
prisma:error 
Invalid `prisma.observabilityEventLedger.findUnique()` invocation:


Raw query failed. Code: `unknown`. Message: `Kind: Server selection timeout: No available servers. Topology: { Type: Unknown, Servers: [ { Address: localhost:27017, Type: Unknown, Error: Kind: I/O error: No connection could be made because the target machine actively refused it. (os error 10061), labels: {}, source: None } ] }, labels: {}, source: None`
prisma:error 
Invalid `prisma.observabilityEventLedger.upsert()` invocation:


Raw query failed. Code: `unknown`. Message: `Kind: Transactions are not supported by this deployment, labels: {}, source: None`
prisma:error 
Invalid `prisma.observabilityEventLedger.findUnique()` invocation:


Raw query failed. Code: `unknown`. Message: `Kind: Server selection timeout: No available servers. Topology: { Type: Unknown, Servers: [ { Address: localhost:27017, Type: Unknown, Error: Kind: I/O error: No connection could be made because the target machine actively refused it. (os error 10061), labels: {}, source: None } ] }, labels: {}, source: None`
prisma:error 
Invalid `prisma.observabilityEventLedger.upsert()` invocation:


Raw query failed. Code: `unknown`. Message: `Kind: Transactions are not supported by this deployment, labels: {}, source: None`
prisma:error 
Invalid `prisma.observabilityEventLedger.findUnique()` invocation:


Raw query failed. Code: `unknown`. Message: `Kind: Server selection timeout: No available servers. Topology: { Type: Unknown, Servers: [ { Address: localhost:27017, Type: Unknown, Error: Kind: I/O error: No connection could be made because the target machine actively refused it. (os error 10061), labels: {}, source: None } ] }, labels: {}, source: None`
prisma:error 
Invalid `prisma.observabilityEventLedger.upsert()` invocation:


Raw query failed. Code: `unknown`. Message: `Kind: Transactions are not supported by this deployment, labels: {}, source: None`
prisma:error 
Invalid `prisma.observabilityEventLedger.findUnique()` invocation:


Raw query failed. Code: `unknown`. Message: `Kind: Server selection timeout: No available servers. Topology: { Type: Unknown, Servers: [ { Address: localhost:27017, Type: Unknown, Error: Kind: I/O error: No connection could be made because the target machine actively refused it. (os error 10061), labels: {}, source: None } ] }, labels: {}, source: None`
prisma:error 
Invalid `prisma.observabilityEventLedger.upsert()` invocation:


Raw query failed. Code: `unknown`. Message: `Kind: Transactions are not supported by this deployment, labels: {}, source: None`
prisma:error 
Invalid `prisma.observabilityEventLedger.findUnique()` invocation:


Raw query failed. Code: `unknown`. Message: `Kind: Server selection timeout: No available servers. Topology: { Type: Unknown, Servers: [ { Address: localhost:27017, Type: Unknown, Error: Kind: I/O error: No connection could be made because the target machine actively refused it. (os error 10061), labels: {}, source: None } ] }, labels: {}, source: None`
prisma:error 
Invalid `prisma.observabilityEventLedger.upsert()` invocation:


Raw query failed. Code: `unknown`. Message: `Kind: Transactions are not supported by this deployment, labels: {}, source: None`
prisma:error 
Invalid `prisma.observabilityEventLedger.findUnique()` invocation:


Raw query failed. Code: `unknown`. Message: `Kind: Server selection timeout: No available servers. Topology: { Type: Unknown, Servers: [ { Address: localhost:27017, Type: Unknown, Error: Kind: I/O error: No connection could be made because the target machine actively refused it. (os error 10061), labels: {}, source: None } ] }, labels: {}, source: None`
prisma:error 
Invalid `prisma.observabilityEventLedger.upsert()` invocation:


Raw query failed. Code: `unknown`. Message: `Kind: Transactions are not supported by this deployment, labels: {}, source: None`
prisma:error 
Invalid `prisma.observabilityEventLedger.findUnique()` invocation:


Raw query failed. Code: `unknown`. Message: `Kind: Server selection timeout: No available servers. Topology: { Type: Unknown, Servers: [ { Address: localhost:27017, Type: Unknown, Error: Kind: I/O error: No connection could be made because the target machine actively refused it. (os error 10061), labels: {}, source: None } ] }, labels: {}, source: None`
prisma:error 
Invalid `prisma.observabilityEventLedger.upsert()` invocation:


Raw query failed. Code: `unknown`. Message: `Kind: Transactions are not supported by this deployment, labels: {}, source: None`
prisma:error 
Invalid `prisma.observabilityEventLedger.findUnique()` invocation:


Raw query failed. Code: `unknown`. Message: `Kind: Server selection timeout: No available servers. Topology: { Type: Unknown, Servers: [ { Address: localhost:27017, Type: Unknown, Error: Kind: I/O error: No connection could be made because the target machine actively refused it. (os error 10061), labels: {}, source: None } ] }, labels: {}, source: None`
prisma:error 
Invalid `prisma.observabilityEventLedger.upsert()` invocation:


Raw query failed. Code: `unknown`. Message: `Kind: Transactions are not supported by this deployment, labels: {}, source: None`
prisma:error 
Invalid `prisma.observabilityEventLedger.findUnique()` invocation:


Raw query failed. Code: `unknown`. Message: `Kind: Server selection timeout: No available servers. Topology: { Type: Unknown, Servers: [ { Address: localhost:27017, Type: Unknown, Error: Kind: I/O error: No connection could be made because the target machine actively refused it. (os error 10061), labels: {}, source: None } ] }, labels: {}, source: None`
prisma:error 
Invalid `prisma.observabilityEventLedger.upsert()` invocation:


Raw query failed. Code: `unknown`. Message: `Kind: Transactions are not supported by this deployment, labels: {}, source: None`
prisma:error 
Invalid `prisma.observabilityEventLedger.findUnique()` invocation:


Raw query failed. Code: `unknown`. Message: `Kind: Server selection timeout: No available servers. Topology: { Type: Unknown, Servers: [ { Address: localhost:27017, Type: Unknown, Error: Kind: I/O error: No connection could be made because the target machine actively refused it. (os error 10061), labels: {}, source: None } ] }, labels: {}, source: None`
prisma:error 
Invalid `prisma.observabilityEventLedger.upsert()` invocation:


Raw query failed. Code: `unknown`. Message: `Kind: Transactions are not supported by this deployment, labels: {}, source: None`
prisma:error 
Invalid `prisma.observabilityEventLedger.findUnique()` invocation:


Raw query failed. Code: `unknown`. Message: `Kind: Server selection timeout: No available servers. Topology: { Type: Unknown, Servers: [ { Address: localhost:27017, Type: Unknown, Error: Kind: I/O error: No connection could be made because the target machine actively refused it. (os error 10061), labels: {}, source: None } ] }, labels: {}, source: None`
prisma:error 
Invalid `prisma.observabilityEventLedger.upsert()` invocation:


Raw query failed. Code: `unknown`. Message: `Kind: Transactions are not supported by this deployment, labels: {}, source: None`
prisma:error 
Invalid `prisma.observabilityEventLedger.findUnique()` invocation:


Raw query failed. Code: `unknown`. Message: `Kind: Server selection timeout: No available servers. Topology: { Type: Unknown, Servers: [ { Address: localhost:27017, Type: Unknown, Error: Kind: I/O error: No connection could be made because the target machine actively refused it. (os error 10061), labels: {}, source: None } ] }, labels: {}, source: None`
prisma:error 
Invalid `prisma.observabilityEventLedger.upsert()` invocation:


Raw query failed. Code: `unknown`. Message: `Kind: Transactions are not supported by this deployment, labels: {}, source: None`
prisma:error 
Invalid `prisma.observabilityEventLedger.findUnique()` invocation:


Raw query failed. Code: `unknown`. Message: `Kind: Server selection timeout: No available servers. Topology: { Type: Unknown, Servers: [ { Address: localhost:27017, Type: Unknown, Error: Kind: I/O error: No connection could be made because the target machine actively refused it. (os error 10061), labels: {}, source: None } ] }, labels: {}, source: None`
prisma:error 
Invalid `prisma.observabilityEventLedger.upsert()` invocation:


Raw query failed. Code: `unknown`. Message: `Kind: Transactions are not supported by this deployment, labels: {}, source: None`
prisma:error 
Invalid `prisma.observabilityEventLedger.findUnique()` invocation:


Raw query failed. Code: `unknown`. Message: `Kind: Server selection timeout: No available servers. Topology: { Type: Unknown, Servers: [ { Address: localhost:27017, Type: Unknown, Error: Kind: I/O error: No connection could be made because the target machine actively refused it. (os error 10061), labels: {}, source: None } ] }, labels: {}, source: None`
prisma:error 
Invalid `prisma.observabilityEventLedger.upsert()` invocation:


Raw query failed. Code: `unknown`. Message: `Kind: Transactions are not supported by this deployment, labels: {}, source: None`
prisma:error 
Invalid `prisma.observabilityEventLedger.findUnique()` invocation:


Raw query failed. Code: `unknown`. Message: `Kind: Server selection timeout: No available servers. Topology: { Type: Unknown, Servers: [ { Address: localhost:27017, Type: Unknown, Error: Kind: I/O error: No connection could be made because the target machine actively refused it. (os error 10061), labels: {}, source: None } ] }, labels: {}, source: None`
prisma:error 
Invalid `prisma.observabilityEventLedger.upsert()` invocation:


Raw query failed. Code: `unknown`. Message: `Kind: Transactions are not supported by this deployment, labels: {}, source: None`
prisma:error 
Invalid `prisma.observabilityEventLedger.findUnique()` invocation:


Raw query failed. Code: `unknown`. Message: `Kind: Server selection timeout: No available servers. Topology: { Type: Unknown, Servers: [ { Address: localhost:27017, Type: Unknown, Error: Kind: I/O error: No connection could be made because the target machine actively refused it. (os error 10061), labels: {}, source: None } ] }, labels: {}, source: None`
prisma:error 
Invalid `prisma.observabilityEventLedger.upsert()` invocation:


Raw query failed. Code: `unknown`. Message: `Kind: Transactions are not supported by this deployment, labels: {}, source: None`
prisma:error 
Invalid `prisma.observabilityEventLedger.findUnique()` invocation:


Raw query failed. Code: `unknown`. Message: `Kind: Server selection timeout: No available servers. Topology: { Type: Unknown, Servers: [ { Address: localhost:27017, Type: Unknown, Error: Kind: I/O error: No connection could be made because the target machine actively refused it. (os error 10061), labels: {}, source: None } ] }, labels: {}, source: None`
prisma:error 
Invalid `prisma.observabilityEventLedger.upsert()` invocation:


Raw query failed. Code: `unknown`. Message: `Kind: Transactions are not supported by this deployment, labels: {}, source: None`
prisma:error 
Invalid `prisma.observabilityEventLedger.findUnique()` invocation:


Raw query failed. Code: `unknown`. Message: `Kind: Server selection timeout: No available servers. Topology: { Type: Unknown, Servers: [ { Address: localhost:27017, Type: Unknown, Error: Kind: I/O error: No connection could be made because the target machine actively refused it. (os error 10061), labels: {}, source: None } ] }, labels: {}, source: None`
prisma:error 
Invalid `prisma.observabilityEventLedger.upsert()` invocation:


Raw query failed. Code: `unknown`. Message: `Kind: Transactions are not supported by this deployment, labels: {}, source: None`
prisma:error 
Invalid `prisma.observabilityEventLedger.findUnique()` invocation:


Raw query failed. Code: `unknown`. Message: `Kind: Server selection timeout: No available servers. Topology: { Type: Unknown, Servers: [ { Address: localhost:27017, Type: Unknown, Error: Kind: I/O error: No connection could be made because the target machine actively refused it. (os error 10061), labels: {}, source: None } ] }, labels: {}, source: None`
prisma:error 
Invalid `prisma.observabilityEventLedger.upsert()` invocation:


Raw query failed. Code: `unknown`. Message: `Kind: Transactions are not supported by this deployment, labels: {}, source: None`
prisma:error 
Invalid `prisma.observabilityEventLedger.findUnique()` invocation:


Raw query failed. Code: `unknown`. Message: `Kind: Server selection timeout: No available servers. Topology: { Type: Unknown, Servers: [ { Address: localhost:27017, Type: Unknown, Error: Kind: I/O error: No connection could be made because the target machine actively refused it. (os error 10061), labels: {}, source: None } ] }, labels: {}, source: None`
prisma:error 
Invalid `prisma.observabilityEventLedger.upsert()` invocation:


Raw query failed. Code: `unknown`. Message: `Kind: Transactions are not supported by this deployment, labels: {}, source: None`
prisma:error 
Invalid `prisma.observabilityEventLedger.findUnique()` invocation:


Raw query failed. Code: `unknown`. Message: `Kind: Server selection timeout: No available servers. Topology: { Type: Unknown, Servers: [ { Address: localhost:27017, Type: Unknown, Error: Kind: I/O error: No connection could be made because the target machine actively refused it. (os error 10061), labels: {}, source: None } ] }, labels: {}, source: None`
prisma:error 
Invalid `prisma.observabilityEventLedger.upsert()` invocation:


Raw query failed. Code: `unknown`. Message: `Kind: Transactions are not supported by this deployment, labels: {}, source: None`
prisma:error 
Invalid `prisma.observabilityEventLedger.findUnique()` invocation:


Raw query failed. Code: `unknown`. Message: `Kind: Server selection timeout: No available servers. Topology: { Type: Unknown, Servers: [ { Address: localhost:27017, Type: Unknown, Error: Kind: I/O error: No connection could be made because the target machine actively refused it. (os error 10061), labels: {}, source: None } ] }, labels: {}, source: None`
prisma:error 
Invalid `prisma.observabilityEventLedger.upsert()` invocation:


Raw query failed. Code: `unknown`. Message: `Kind: Transactions are not supported by this deployment, labels: {}, source: None`
prisma:error 
Invalid `prisma.observabilityEventLedger.findUnique()` invocation:


Raw query failed. Code: `unknown`. Message: `Kind: Server selection timeout: No available servers. Topology: { Type: Unknown, Servers: [ { Address: localhost:27017, Type: Unknown, Error: Kind: I/O error: No connection could be made because the target machine actively refused it. (os error 10061), labels: {}, source: None } ] }, labels: {}, source: None`
prisma:error 
Invalid `prisma.observabilityEventLedger.upsert()` invocation:


Raw query failed. Code: `unknown`. Message: `Kind: Transactions are not supported by this deployment, labels: {}, source: None`
prisma:error 
Invalid `prisma.observabilityEventLedger.findUnique()` invocation:


Raw query failed. Code: `unknown`. Message: `Kind: Server selection timeout: No available servers. Topology: { Type: Unknown, Servers: [ { Address: localhost:27017, Type: Unknown, Error: Kind: I/O error: No connection could be made because the target machine actively refused it. (os error 10061), labels: {}, source: None } ] }, labels: {}, source: None`
prisma:error 
Invalid `prisma.observabilityEventLedger.upsert()` invocation:


Raw query failed. Code: `unknown`. Message: `Kind: Transactions are not supported by this deployment, labels: {}, source: None`
prisma:error 
Invalid `prisma.observabilityEventLedger.findUnique()` invocation:


Raw query failed. Code: `unknown`. Message: `Kind: Server selection timeout: No available servers. Topology: { Type: Unknown, Servers: [ { Address: localhost:27017, Type: Unknown, Error: Kind: I/O error: No connection could be made because the target machine actively refused it. (os error 10061), labels: {}, source: None } ] }, labels: {}, source: None`
prisma:error 
Invalid `prisma.observabilityEventLedger.upsert()` invocation:


Raw query failed. Code: `unknown`. Message: `Kind: Transactions are not supported by this deployment, labels: {}, source: None`
prisma:error 
Invalid `prisma.observabilityEventLedger.findUnique()` invocation:


Raw query failed. Code: `unknown`. Message: `Kind: Server selection timeout: No available servers. Topology: { Type: Unknown, Servers: [ { Address: localhost:27017, Type: Unknown, Error: Kind: I/O error: No connection could be made because the target machine actively refused it. (os error 10061), labels: {}, source: None } ] }, labels: {}, source: None`
prisma:error 
Invalid `prisma.observabilityEventLedger.upsert()` invocation:


Raw query failed. Code: `unknown`. Message: `Kind: Transactions are not supported by this deployment, labels: {}, source: None`
prisma:error 
Invalid `prisma.observabilityEventLedger.findUnique()` invocation:


Raw query failed. Code: `unknown`. Message: `Kind: Server selection timeout: No available servers. Topology: { Type: Unknown, Servers: [ { Address: localhost:27017, Type: Unknown, Error: Kind: I/O error: No connection could be made because the target machine actively refused it. (os error 10061), labels: {}, source: None } ] }, labels: {}, source: None`
prisma:error 
Invalid `prisma.observabilityEventLedger.upsert()` invocation:


Raw query failed. Code: `unknown`. Message: `Kind: Transactions are not supported by this deployment, labels: {}, source: None`
prisma:error 
Invalid `prisma.infrastructureRecoveryLedger.count()` invocation:


Raw query failed. Code: `unknown`. Message: `Kind: Server selection timeout: No available servers. Topology: { Type: Unknown, Servers: [ { Address: localhost:27017, Type: Unknown, Error: Kind: I/O error: No connection could be made because the target machine actively refused it. (os error 10061), labels: {}, source: None } ] }, labels: {}, source: None`
replay_suppressed_count {
  metric: 'replay_suppressed_count',
  value: 0,
  businessId: null,
  route: 'integrations_onboarding_recovery',
  metadata: {
    suppression: 'queue_not_writable',
    suspendMs: 60000,
    queueDepth: 0,
    redisCircuitOpen: false
  },
  recordedAt: '2026-07-06T15:43:30.053Z'
}
FEATURE_GATE_AWAIT_TRACE {
  event: 'start',
  fileName: 'backend/src/services/security/securityGovernanceOS.service.ts',
  redisOps: 'none',
  functionName: 'assertAuthorizedAccess:authorizeAccess',
  action: 'analytics:view',
  route: null,
  cacheStatus: 'delegated',
  dbQueries: [ 'see nested FEATURE_GATE_AWAIT_TRACE events' ]
}
FEATURE_GATE_AWAIT_TRACE {
  event: 'start',
  fileName: 'backend/src/services/security/securityGovernanceOS.service.ts',
  redisOps: 'none',
  functionName: 'authorizeAccess:assertTenantIsolation',
  action: 'analytics:view',
  route: null,
  cacheStatus: 'none',
  dbQueries: [ 'tenantIsolationLedger.upsert' ]
}
FEATURE_GATE_AWAIT_TRACE {
  event: 'end',
  fileName: 'backend/src/services/security/securityGovernanceOS.service.ts',
  redisOps: 'none',
  functionName: 'authorizeAccess:assertTenantIsolation',
  durationMs: 0,
  action: 'analytics:view',
  route: null,
  cacheStatus: 'none',
  dbQueries: [ 'tenantIsolationLedger.upsert' ]
}
FEATURE_GATE_AWAIT_TRACE {
  event: 'end',
  fileName: 'backend/src/services/security/securityGovernanceOS.service.ts',
  redisOps: 'none',
  functionName: 'assertAuthorizedAccess:authorizeAccess',
  durationMs: 2,
  action: 'analytics:view',
  route: null,
  cacheStatus: 'delegated',
  dbQueries: [ 'see nested FEATURE_GATE_AWAIT_TRACE events' ]
}
FEATURE_GATE_AWAIT_TRACE {
  event: 'start',
  fileName: 'backend/src/services/security/securityGovernanceOS.service.ts',
  redisOps: 'none',
  functionName: 'authorizeAccess:attestInfraIsolation',
  action: 'analytics:view',
  route: null,
  cacheStatus: 'none',
  dbQueries: [ 'isolationAttestationLedger.create' ]
}
FEATURE_GATE_AWAIT_TRACE {
  event: 'start',
  fileName: 'backend/src/services/security/securityGovernanceOS.service.ts',
  redisOps: 'none',
  functionName: 'attestInfraIsolation:isolationAttestationLedger.upsert',
  cacheStatus: 'none',
  dbQueries: [
    'isolationAttestationLedger.upsert(isolation_attest:2f8e6535cb7007a276b572cb)'
  ],
  attestationKey: 'isolation_attest:2f8e6535cb7007a276b572cb'
}
FEATURE_GATE_AWAIT_TRACE {
  event: 'start',
  fileName: 'backend/src/services/security/securityGovernanceOS.service.ts',
  redisOps: 'none',
  functionName: 'authorizeAccess:appendAuthEvent:authorized',
  action: 'analytics:view',
  route: null,
  cacheStatus: 'none',
  dbQueries: [ 'authEventLedger.upsert' ]
}
FEATURE_GATE_AWAIT_TRACE {
  event: 'start',
  fileName: 'backend/src/services/security/securityGovernanceOS.service.ts',
  redisOps: 'none',
  functionName: 'appendAuthEvent:authEventLedger.upsert',
  cacheStatus: 'none',
  dbQueries: [ 'authEventLedger.upsert(auth_evt:08187ff4e323d37889c37b1f92)' ],
  eventKey: 'auth_evt:08187ff4e323d37889c37b1f92',
  action: 'analytics:view',
  outcome: 'ALLOWED'
}
prisma:error 
Invalid `prisma.dataAccessAuditLedger.upsert()` invocation:


Raw query failed. Code: `unknown`. Message: `Kind: Transactions are not supported by this deployment, labels: {}, source: None`
prisma:error 
Invalid `prisma.isolationAttestationLedger.upsert()` invocation:


Raw query failed. Code: `unknown`. Message: `Kind: Transactions are not supported by this deployment, labels: {}, source: None`
FEATURE_GATE_AWAIT_TRACE {
  event: 'end',
  fileName: 'backend/src/services/security/securityGovernanceOS.service.ts',
  redisOps: 'none',
  functionName: 'attestInfraIsolation:isolationAttestationLedger.upsert',
  durationMs: 2,
  cacheStatus: 'none',
  dbQueries: [
    'isolationAttestationLedger.upsert(isolation_attest:2f8e6535cb7007a276b572cb)'
  ],
  attestationKey: 'isolation_attest:2f8e6535cb7007a276b572cb'
}
FEATURE_GATE_AWAIT_TRACE {
  event: 'end',
  fileName: 'backend/src/services/security/securityGovernanceOS.service.ts',
  redisOps: 'none',
  functionName: 'authorizeAccess:attestInfraIsolation',
  durationMs: 2,
  action: 'analytics:view',
  route: null,
  cacheStatus: 'none',
  dbQueries: [ 'isolationAttestationLedger.create' ]
}
prisma:error 
Invalid `prisma.authEventLedger.upsert()` invocation:


Raw query failed. Code: `unknown`. Message: `Kind: Transactions are not supported by this deployment, labels: {}, source: None`
FEATURE_GATE_AWAIT_TRACE {
  event: 'end',
  fileName: 'backend/src/services/security/securityGovernanceOS.service.ts',
  redisOps: 'none',
  functionName: 'appendAuthEvent:authEventLedger.upsert',
  durationMs: 2,
  cacheStatus: 'none',
  dbQueries: [ 'authEventLedger.upsert(auth_evt:08187ff4e323d37889c37b1f92)' ],
  eventKey: 'auth_evt:08187ff4e323d37889c37b1f92',
  action: 'analytics:view',
  outcome: 'ALLOWED'
}
FEATURE_GATE_AWAIT_TRACE {
  event: 'end',
  fileName: 'backend/src/services/security/securityGovernanceOS.service.ts',
  redisOps: 'none',
  functionName: 'authorizeAccess:appendAuthEvent:authorized',
  durationMs: 3,
  action: 'analytics:view',
  route: null,
  cacheStatus: 'none',
  dbQueries: [ 'authEventLedger.upsert' ]
}
prisma:error 
Invalid `prisma.observabilityEventLedger.findUnique()` invocation:


Raw query failed. Code: `unknown`. Message: `Kind: Server selection timeout: No available servers. Topology: { Type: Unknown, Servers: [ { Address: localhost:27017, Type: Unknown, Error: Kind: I/O error: No connection could be made because the target machine actively refused it. (os error 10061), labels: {}, source: None } ] }, labels: {}, source: None`
prisma:error 
Invalid `prisma.observabilityEventLedger.upsert()` invocation:


Raw query failed. Code: `unknown`. Message: `Kind: Transactions are not supported by this deployment, labels: {}, source: None`
prisma:error 
Invalid `prisma.infrastructureRecoveryLedger.count()` invocation:


Raw query failed. Code: `unknown`. Message: `Kind: Server selection timeout: No available servers. Topology: { Type: Unknown, Servers: [ { Address: localhost:27017, Type: Unknown, Error: Kind: I/O error: No connection could be made because the target machine actively refused it. (os error 10061), labels: {}, source: None } ] }, labels: {}, source: None`
replay_suppressed_count {
  metric: 'replay_suppressed_count',
  value: 0,
  businessId: null,
  route: 'integrations_onboarding_recovery',
  metadata: {
    suppression: 'queue_not_writable',
    suspendMs: 60000,
    queueDepth: 0,
    redisCircuitOpen: false
  },
  recordedAt: '2026-07-06T15:44:30.038Z'
}
FEATURE_GATE_AWAIT_TRACE {
  event: 'start',
  fileName: 'backend/src/services/security/securityGovernanceOS.service.ts',
  redisOps: 'none',
  functionName: 'assertAuthorizedAccess:authorizeAccess',
  action: 'analytics:view',
  route: null,
  cacheStatus: 'delegated',
  dbQueries: [ 'see nested FEATURE_GATE_AWAIT_TRACE events' ]
}
FEATURE_GATE_AWAIT_TRACE {
  event: 'start',
  fileName: 'backend/src/services/security/securityGovernanceOS.service.ts',
  redisOps: 'none',
  functionName: 'authorizeAccess:assertTenantIsolation',
  action: 'analytics:view',
  route: null,
  cacheStatus: 'none',
  dbQueries: [ 'tenantIsolationLedger.upsert' ]
}
FEATURE_GATE_AWAIT_TRACE {
  event: 'end',
  fileName: 'backend/src/services/security/securityGovernanceOS.service.ts',
  redisOps: 'none',
  functionName: 'authorizeAccess:assertTenantIsolation',
  durationMs: 1,
  action: 'analytics:view',
  route: null,
  cacheStatus: 'none',
  dbQueries: [ 'tenantIsolationLedger.upsert' ]
}
FEATURE_GATE_AWAIT_TRACE {
  event: 'end',
  fileName: 'backend/src/services/security/securityGovernanceOS.service.ts',
  redisOps: 'none',
  functionName: 'assertAuthorizedAccess:authorizeAccess',
  durationMs: 3,
  action: 'analytics:view',
  route: null,
  cacheStatus: 'delegated',
  dbQueries: [ 'see nested FEATURE_GATE_AWAIT_TRACE events' ]
}
FEATURE_GATE_AWAIT_TRACE {
  event: 'start',
  fileName: 'backend/src/services/security/securityGovernanceOS.service.ts',
  redisOps: 'none',
  functionName: 'authorizeAccess:attestInfraIsolation',
  action: 'analytics:view',
  route: null,
  cacheStatus: 'none',
  dbQueries: [ 'isolationAttestationLedger.create' ]
}
FEATURE_GATE_AWAIT_TRACE {
  event: 'start',
  fileName: 'backend/src/services/security/securityGovernanceOS.service.ts',
  redisOps: 'none',
  functionName: 'attestInfraIsolation:isolationAttestationLedger.upsert',
  cacheStatus: 'none',
  dbQueries: [
    'isolationAttestationLedger.upsert(isolation_attest:cc34e2f0f595fcfe37f38ec5)'
  ],
  attestationKey: 'isolation_attest:cc34e2f0f595fcfe37f38ec5'
}
FEATURE_GATE_AWAIT_TRACE {
  event: 'start',
  fileName: 'backend/src/services/security/securityGovernanceOS.service.ts',
  redisOps: 'none',
  functionName: 'authorizeAccess:appendAuthEvent:authorized',
  action: 'analytics:view',
  route: null,
  cacheStatus: 'none',
  dbQueries: [ 'authEventLedger.upsert' ]
}
FEATURE_GATE_AWAIT_TRACE {
  event: 'start',
  fileName: 'backend/src/services/security/securityGovernanceOS.service.ts',
  redisOps: 'none',
  functionName: 'appendAuthEvent:authEventLedger.upsert',
  cacheStatus: 'none',
  dbQueries: [ 'authEventLedger.upsert(auth_evt:f45d1222ab855a27a1f8b1748a)' ],
  eventKey: 'auth_evt:f45d1222ab855a27a1f8b1748a',
  action: 'analytics:view',
  outcome: 'ALLOWED'
}
prisma:error 
Invalid `prisma.dataAccessAuditLedger.upsert()` invocation:


Raw query failed. Code: `unknown`. Message: `Kind: Transactions are not supported by this deployment, labels: {}, source: None`
prisma:error 
Invalid `prisma.isolationAttestationLedger.upsert()` invocation:


Raw query failed. Code: `unknown`. Message: `Kind: Transactions are not supported by this deployment, labels: {}, source: None`
FEATURE_GATE_AWAIT_TRACE {
  event: 'end',
  fileName: 'backend/src/services/security/securityGovernanceOS.service.ts',
  redisOps: 'none',
  functionName: 'attestInfraIsolation:isolationAttestationLedger.upsert',
  durationMs: 3,
  cacheStatus: 'none',
  dbQueries: [
    'isolationAttestationLedger.upsert(isolation_attest:cc34e2f0f595fcfe37f38ec5)'
  ],
  attestationKey: 'isolation_attest:cc34e2f0f595fcfe37f38ec5'
}
FEATURE_GATE_AWAIT_TRACE {
  event: 'end',
  fileName: 'backend/src/services/security/securityGovernanceOS.service.ts',
  redisOps: 'none',
  functionName: 'authorizeAccess:attestInfraIsolation',
  durationMs: 4,
  action: 'analytics:view',
  route: null,
  cacheStatus: 'none',
  dbQueries: [ 'isolationAttestationLedger.create' ]
}
prisma:error 
Invalid `prisma.authEventLedger.upsert()` invocation:


Raw query failed. Code: `unknown`. Message: `Kind: Transactions are not supported by this deployment, labels: {}, source: None`
FEATURE_GATE_AWAIT_TRACE {
  event: 'end',
  fileName: 'backend/src/services/security/securityGovernanceOS.service.ts',
  redisOps: 'none',
  functionName: 'appendAuthEvent:authEventLedger.upsert',
  durationMs: 3,
  cacheStatus: 'none',
  dbQueries: [ 'authEventLedger.upsert(auth_evt:f45d1222ab855a27a1f8b1748a)' ],
  eventKey: 'auth_evt:f45d1222ab855a27a1f8b1748a',
  action: 'analytics:view',
  outcome: 'ALLOWED'
}
FEATURE_GATE_AWAIT_TRACE {
  event: 'end',
  fileName: 'backend/src/services/security/securityGovernanceOS.service.ts',
  redisOps: 'none',
  functionName: 'authorizeAccess:appendAuthEvent:authorized',
  durationMs: 4,
  action: 'analytics:view',
  route: null,
  cacheStatus: 'none',
  dbQueries: [ 'authEventLedger.upsert' ]
}
prisma:error 
Invalid `prisma.observabilityEventLedger.findUnique()` invocation:


Raw query failed. Code: `unknown`. Message: `Kind: Server selection timeout: No available servers. Topology: { Type: Unknown, Servers: [ { Address: localhost:27017, Type: Unknown, Error: Kind: I/O error: No connection could be made because the target machine actively refused it. (os error 10061), labels: {}, source: None } ] }, labels: {}, source: None`
prisma:error 
Invalid `prisma.observabilityEventLedger.upsert()` invocation:


Raw query failed. Code: `unknown`. Message: `Kind: Transactions are not supported by this deployment, labels: {}, source: None`
prisma:error 
Invalid `prisma.infrastructureRecoveryLedger.count()` invocation:


Raw query failed. Code: `unknown`. Message: `Kind: Server selection timeout: No available servers. Topology: { Type: Unknown, Servers: [ { Address: localhost:27017, Type: Unknown, Error: Kind: I/O error: No connection could be made because the target machine actively refused it. (os error 10061), labels: {}, source: None } ] }, labels: {}, source: None`
replay_suppressed_count {
  metric: 'replay_suppressed_count',
  value: 0,
  businessId: null,
  route: 'integrations_onboarding_recovery',
  metadata: {
    suppression: 'queue_not_writable',
    suspendMs: 60000,
    queueDepth: 0,
    redisCircuitOpen: false
  },
  recordedAt: '2026-07-06T15:45:30.039Z'
}
FEATURE_GATE_AWAIT_TRACE {
  event: 'start',
  fileName: 'backend/src/services/security/securityGovernanceOS.service.ts',
  redisOps: 'none',
  functionName: 'assertAuthorizedAccess:authorizeAccess',
  action: 'analytics:view',
  route: null,
  cacheStatus: 'delegated',
  dbQueries: [ 'see nested FEATURE_GATE_AWAIT_TRACE events' ]
}
FEATURE_GATE_AWAIT_TRACE {
  event: 'start',
  fileName: 'backend/src/services/security/securityGovernanceOS.service.ts',
  redisOps: 'none',
  functionName: 'authorizeAccess:assertTenantIsolation',
  action: 'analytics:view',
  route: null,
  cacheStatus: 'none',
  dbQueries: [ 'tenantIsolationLedger.upsert' ]
}
FEATURE_GATE_AWAIT_TRACE {
  event: 'end',
  fileName: 'backend/src/services/security/securityGovernanceOS.service.ts',
  redisOps: 'none',
  functionName: 'authorizeAccess:assertTenantIsolation',
  durationMs: 0,
  action: 'analytics:view',
  route: null,
  cacheStatus: 'none',
  dbQueries: [ 'tenantIsolationLedger.upsert' ]
}
FEATURE_GATE_AWAIT_TRACE {
  event: 'end',
  fileName: 'backend/src/services/security/securityGovernanceOS.service.ts',
  redisOps: 'none',
  functionName: 'assertAuthorizedAccess:authorizeAccess',
  durationMs: 2,
  action: 'analytics:view',
  route: null,
  cacheStatus: 'delegated',
  dbQueries: [ 'see nested FEATURE_GATE_AWAIT_TRACE events' ]
}
FEATURE_GATE_AWAIT_TRACE {
  event: 'start',
  fileName: 'backend/src/services/security/securityGovernanceOS.service.ts',
  redisOps: 'none',
  functionName: 'authorizeAccess:attestInfraIsolation',
  action: 'analytics:view',
  route: null,
  cacheStatus: 'none',
  dbQueries: [ 'isolationAttestationLedger.create' ]
}
FEATURE_GATE_AWAIT_TRACE {
  event: 'start',
  fileName: 'backend/src/services/security/securityGovernanceOS.service.ts',
  redisOps: 'none',
  functionName: 'attestInfraIsolation:isolationAttestationLedger.upsert',
  cacheStatus: 'none',
  dbQueries: [
    'isolationAttestationLedger.upsert(isolation_attest:28b63e062fb5bdedf3e30988)'
  ],
  attestationKey: 'isolation_attest:28b63e062fb5bdedf3e30988'
}
FEATURE_GATE_AWAIT_TRACE {
  event: 'start',
  fileName: 'backend/src/services/security/securityGovernanceOS.service.ts',
  redisOps: 'none',
  functionName: 'authorizeAccess:appendAuthEvent:authorized',
  action: 'analytics:view',
  route: null,
  cacheStatus: 'none',
  dbQueries: [ 'authEventLedger.upsert' ]
}
FEATURE_GATE_AWAIT_TRACE {
  event: 'start',
  fileName: 'backend/src/services/security/securityGovernanceOS.service.ts',
  redisOps: 'none',
  functionName: 'appendAuthEvent:authEventLedger.upsert',
  cacheStatus: 'none',
  dbQueries: [ 'authEventLedger.upsert(auth_evt:e308c37fe37d2bace782870ae1)' ],
  eventKey: 'auth_evt:e308c37fe37d2bace782870ae1',
  action: 'analytics:view',
  outcome: 'ALLOWED'
}
prisma:error 
Invalid `prisma.dataAccessAuditLedger.upsert()` invocation:


Raw query failed. Code: `unknown`. Message: `Kind: Transactions are not supported by this deployment, labels: {}, source: None`
prisma:error 
Invalid `prisma.isolationAttestationLedger.upsert()` invocation:


Raw query failed. Code: `unknown`. Message: `Kind: Transactions are not supported by this deployment, labels: {}, source: None`
FEATURE_GATE_AWAIT_TRACE {
  event: 'end',
  fileName: 'backend/src/services/security/securityGovernanceOS.service.ts',
  redisOps: 'none',
  functionName: 'attestInfraIsolation:isolationAttestationLedger.upsert',
  durationMs: 3,
  cacheStatus: 'none',
  dbQueries: [
    'isolationAttestationLedger.upsert(isolation_attest:28b63e062fb5bdedf3e30988)'
  ],
  attestationKey: 'isolation_attest:28b63e062fb5bdedf3e30988'
}
FEATURE_GATE_AWAIT_TRACE {
  event: 'end',
  fileName: 'backend/src/services/security/securityGovernanceOS.service.ts',
  redisOps: 'none',
  functionName: 'authorizeAccess:attestInfraIsolation',
  durationMs: 4,
  action: 'analytics:view',
  route: null,
  cacheStatus: 'none',
  dbQueries: [ 'isolationAttestationLedger.create' ]
}
prisma:error 
Invalid `prisma.authEventLedger.upsert()` invocation:


Raw query failed. Code: `unknown`. Message: `Kind: Transactions are not supported by this deployment, labels: {}, source: None`
FEATURE_GATE_AWAIT_TRACE {
  event: 'end',
  fileName: 'backend/src/services/security/securityGovernanceOS.service.ts',
  redisOps: 'none',
  functionName: 'appendAuthEvent:authEventLedger.upsert',
  durationMs: 3,
  cacheStatus: 'none',
  dbQueries: [ 'authEventLedger.upsert(auth_evt:e308c37fe37d2bace782870ae1)' ],
  eventKey: 'auth_evt:e308c37fe37d2bace782870ae1',
  action: 'analytics:view',
  outcome: 'ALLOWED'
}
FEATURE_GATE_AWAIT_TRACE {
  event: 'end',
  fileName: 'backend/src/services/security/securityGovernanceOS.service.ts',
  redisOps: 'none',
  functionName: 'authorizeAccess:appendAuthEvent:authorized',
  durationMs: 4,
  action: 'analytics:view',
  route: null,
  cacheStatus: 'none',
  dbQueries: [ 'authEventLedger.upsert' ]
}
prisma:error 
Invalid `prisma.observabilityEventLedger.findUnique()` invocation:


Raw query failed. Code: `unknown`. Message: `Kind: Server selection timeout: No available servers. Topology: { Type: Unknown, Servers: [ { Address: localhost:27017, Type: Unknown, Error: Kind: I/O error: No connection could be made because the target machine actively refused it. (os error 10061), labels: {}, source: None } ] }, labels: {}, source: None`
prisma:error 
Invalid `prisma.observabilityEventLedger.upsert()` invocation:


Raw query failed. Code: `unknown`. Message: `Kind: Transactions are not supported by this deployment, labels: {}, source: None`
prisma:error 
Invalid `prisma.infrastructureRecoveryLedger.count()` invocation:


Raw query failed. Code: `unknown`. Message: `Kind: Server selection timeout: No available servers. Topology: { Type: Unknown, Servers: [ { Address: localhost:27017, Type: Unknown, Error: Kind: I/O error: No connection could be made because the target machine actively refused it. (os error 10061), labels: {}, source: None } ] }, labels: {}, source: None`
replay_suppressed_count {
  metric: 'replay_suppressed_count',
  value: 0,
  businessId: null,
  route: 'integrations_onboarding_recovery',
  metadata: {
    suppression: 'queue_not_writable',
    suspendMs: 60000,
    queueDepth: 0,
    redisCircuitOpen: false
  },
  recordedAt: '2026-07-06T15:46:30.040Z'
}
FEATURE_GATE_AWAIT_TRACE {
  event: 'start',
  fileName: 'backend/src/services/security/securityGovernanceOS.service.ts',
  redisOps: 'none',
  functionName: 'assertAuthorizedAccess:authorizeAccess',
  action: 'analytics:view',
  route: null,
  cacheStatus: 'delegated',
  dbQueries: [ 'see nested FEATURE_GATE_AWAIT_TRACE events' ]
}
FEATURE_GATE_AWAIT_TRACE {
  event: 'start',
  fileName: 'backend/src/services/security/securityGovernanceOS.service.ts',
  redisOps: 'none',
  functionName: 'authorizeAccess:assertTenantIsolation',
  action: 'analytics:view',
  route: null,
  cacheStatus: 'none',
  dbQueries: [ 'tenantIsolationLedger.upsert' ]
}
FEATURE_GATE_AWAIT_TRACE {
  event: 'end',
  fileName: 'backend/src/services/security/securityGovernanceOS.service.ts',
  redisOps: 'none',
  functionName: 'authorizeAccess:assertTenantIsolation',
  durationMs: 1,
  action: 'analytics:view',
  route: null,
  cacheStatus: 'none',
  dbQueries: [ 'tenantIsolationLedger.upsert' ]
}
FEATURE_GATE_AWAIT_TRACE {
  event: 'end',
  fileName: 'backend/src/services/security/securityGovernanceOS.service.ts',
  redisOps: 'none',
  functionName: 'assertAuthorizedAccess:authorizeAccess',
  durationMs: 2,
  action: 'analytics:view',
  route: null,
  cacheStatus: 'delegated',
  dbQueries: [ 'see nested FEATURE_GATE_AWAIT_TRACE events' ]
}
FEATURE_GATE_AWAIT_TRACE {
  event: 'start',
  fileName: 'backend/src/services/security/securityGovernanceOS.service.ts',
  redisOps: 'none',
  functionName: 'authorizeAccess:attestInfraIsolation',
  action: 'analytics:view',
  route: null,
  cacheStatus: 'none',
  dbQueries: [ 'isolationAttestationLedger.create' ]
}
FEATURE_GATE_AWAIT_TRACE {
  event: 'start',
  fileName: 'backend/src/services/security/securityGovernanceOS.service.ts',
  redisOps: 'none',
  functionName: 'attestInfraIsolation:isolationAttestationLedger.upsert',
  cacheStatus: 'none',
  dbQueries: [
    'isolationAttestationLedger.upsert(isolation_attest:22780fc8b1b3a4a6e14e732e)'
  ],
  attestationKey: 'isolation_attest:22780fc8b1b3a4a6e14e732e'
}
FEATURE_GATE_AWAIT_TRACE {
  event: 'start',
  fileName: 'backend/src/services/security/securityGovernanceOS.service.ts',
  redisOps: 'none',
  functionName: 'authorizeAccess:appendAuthEvent:authorized',
  action: 'analytics:view',
  route: null,
  cacheStatus: 'none',
  dbQueries: [ 'authEventLedger.upsert' ]
}
FEATURE_GATE_AWAIT_TRACE {
  event: 'start',
  fileName: 'backend/src/services/security/securityGovernanceOS.service.ts',
  redisOps: 'none',
  functionName: 'appendAuthEvent:authEventLedger.upsert',
  cacheStatus: 'none',
  dbQueries: [ 'authEventLedger.upsert(auth_evt:b7c588e6d197b5acadecc7ace7)' ],
  eventKey: 'auth_evt:b7c588e6d197b5acadecc7ace7',
  action: 'analytics:view',
  outcome: 'ALLOWED'
}
prisma:error 
Invalid `prisma.dataAccessAuditLedger.upsert()` invocation:


Raw query failed. Code: `unknown`. Message: `Kind: Transactions are not supported by this deployment, labels: {}, source: None`
prisma:error 
Invalid `prisma.isolationAttestationLedger.upsert()` invocation:


Raw query failed. Code: `unknown`. Message: `Kind: Transactions are not supported by this deployment, labels: {}, source: None`
FEATURE_GATE_AWAIT_TRACE {
  event: 'end',
  fileName: 'backend/src/services/security/securityGovernanceOS.service.ts',
  redisOps: 'none',
  functionName: 'attestInfraIsolation:isolationAttestationLedger.upsert',
  durationMs: 3,
  cacheStatus: 'none',
  dbQueries: [
    'isolationAttestationLedger.upsert(isolation_attest:22780fc8b1b3a4a6e14e732e)'
  ],
  attestationKey: 'isolation_attest:22780fc8b1b3a4a6e14e732e'
}
FEATURE_GATE_AWAIT_TRACE {
  event: 'end',
  fileName: 'backend/src/services/security/securityGovernanceOS.service.ts',
  redisOps: 'none',
  functionName: 'authorizeAccess:attestInfraIsolation',
  durationMs: 3,
  action: 'analytics:view',
  route: null,
  cacheStatus: 'none',
  dbQueries: [ 'isolationAttestationLedger.create' ]
}
prisma:error 
Invalid `prisma.authEventLedger.upsert()` invocation:


Raw query failed. Code: `unknown`. Message: `Kind: Transactions are not supported by this deployment, labels: {}, source: None`
FEATURE_GATE_AWAIT_TRACE {
  event: 'end',
  fileName: 'backend/src/services/security/securityGovernanceOS.service.ts',
  redisOps: 'none',
  functionName: 'appendAuthEvent:authEventLedger.upsert',
  durationMs: 3,
  cacheStatus: 'none',
  dbQueries: [ 'authEventLedger.upsert(auth_evt:b7c588e6d197b5acadecc7ace7)' ],
  eventKey: 'auth_evt:b7c588e6d197b5acadecc7ace7',
  action: 'analytics:view',
  outcome: 'ALLOWED'
}
FEATURE_GATE_AWAIT_TRACE {
  event: 'end',
  fileName: 'backend/src/services/security/securityGovernanceOS.service.ts',
  redisOps: 'none',
  functionName: 'authorizeAccess:appendAuthEvent:authorized',
  durationMs: 3,
  action: 'analytics:view',
  route: null,
  cacheStatus: 'none',
  dbQueries: [ 'authEventLedger.upsert' ]
}
prisma:error 
Invalid `prisma.observabilityEventLedger.findUnique()` invocation:


Raw query failed. Code: `unknown`. Message: `Kind: Server selection timeout: No available servers. Topology: { Type: Unknown, Servers: [ { Address: localhost:27017, Type: Unknown, Error: Kind: I/O error: No connection could be made because the target machine actively refused it. (os error 10061), labels: {}, source: None } ] }, labels: {}, source: None`
prisma:error 
Invalid `prisma.observabilityEventLedger.upsert()` invocation:


Raw query failed. Code: `unknown`. Message: `Kind: Transactions are not supported by this deployment, labels: {}, source: None`
prisma:error 
Invalid `prisma.infrastructureRecoveryLedger.count()` invocation:


Raw query failed. Code: `unknown`. Message: `Kind: Server selection timeout: No available servers. Topology: { Type: Unknown, Servers: [ { Address: localhost:27017, Type: Unknown, Error: Kind: I/O error: No connection could be made because the target machine actively refused it. (os error 10061), labels: {}, source: None } ] }, labels: {}, source: None`
replay_suppressed_count {
  metric: 'replay_suppressed_count',
  value: 0,
  businessId: null,
  route: 'integrations_onboarding_recovery',
  metadata: {
    suppression: 'queue_not_writable',
    suspendMs: 60000,
    queueDepth: 0,
    redisCircuitOpen: false
  },
  recordedAt: '2026-07-06T15:47:30.037Z'
}
FEATURE_GATE_AWAIT_TRACE {
  event: 'start',
  fileName: 'backend/src/services/security/securityGovernanceOS.service.ts',
  redisOps: 'none',
  functionName: 'assertAuthorizedAccess:authorizeAccess',
  action: 'analytics:view',
  route: null,
  cacheStatus: 'delegated',
  dbQueries: [ 'see nested FEATURE_GATE_AWAIT_TRACE events' ]
}
FEATURE_GATE_AWAIT_TRACE {
  event: 'start',
  fileName: 'backend/src/services/security/securityGovernanceOS.service.ts',
  redisOps: 'none',
  functionName: 'authorizeAccess:assertTenantIsolation',
  action: 'analytics:view',
  route: null,
  cacheStatus: 'none',
  dbQueries: [ 'tenantIsolationLedger.upsert' ]
}
FEATURE_GATE_AWAIT_TRACE {
  event: 'end',
  fileName: 'backend/src/services/security/securityGovernanceOS.service.ts',
  redisOps: 'none',
  functionName: 'authorizeAccess:assertTenantIsolation',
  durationMs: 0,
  action: 'analytics:view',
  route: null,
  cacheStatus: 'none',
  dbQueries: [ 'tenantIsolationLedger.upsert' ]
}
FEATURE_GATE_AWAIT_TRACE {
  event: 'end',
  fileName: 'backend/src/services/security/securityGovernanceOS.service.ts',
  redisOps: 'none',
  functionName: 'assertAuthorizedAccess:authorizeAccess',
  durationMs: 2,
  action: 'analytics:view',
  route: null,
  cacheStatus: 'delegated',
  dbQueries: [ 'see nested FEATURE_GATE_AWAIT_TRACE events' ]
}
FEATURE_GATE_AWAIT_TRACE {
  event: 'start',
  fileName: 'backend/src/services/security/securityGovernanceOS.service.ts',
  redisOps: 'none',
  functionName: 'authorizeAccess:attestInfraIsolation',
  action: 'analytics:view',
  route: null,
  cacheStatus: 'none',
  dbQueries: [ 'isolationAttestationLedger.create' ]
}
FEATURE_GATE_AWAIT_TRACE {
  event: 'start',
  fileName: 'backend/src/services/security/securityGovernanceOS.service.ts',
  redisOps: 'none',
  functionName: 'attestInfraIsolation:isolationAttestationLedger.upsert',
  cacheStatus: 'none',
  dbQueries: [
    'isolationAttestationLedger.upsert(isolation_attest:b7c3ef59a61b6f1f0eabe059)'
  ],
  attestationKey: 'isolation_attest:b7c3ef59a61b6f1f0eabe059'
}
FEATURE_GATE_AWAIT_TRACE {
  event: 'start',
  fileName: 'backend/src/services/security/securityGovernanceOS.service.ts',
  redisOps: 'none',
  functionName: 'authorizeAccess:appendAuthEvent:authorized',
  action: 'analytics:view',
  route: null,
  cacheStatus: 'none',
  dbQueries: [ 'authEventLedger.upsert' ]
}
FEATURE_GATE_AWAIT_TRACE {
  event: 'start',
  fileName: 'backend/src/services/security/securityGovernanceOS.service.ts',
  redisOps: 'none',
  functionName: 'appendAuthEvent:authEventLedger.upsert',
  cacheStatus: 'none',
  dbQueries: [ 'authEventLedger.upsert(auth_evt:4a4729142fa5d2d14829bf763c)' ],
  eventKey: 'auth_evt:4a4729142fa5d2d14829bf763c',
  action: 'analytics:view',
  outcome: 'ALLOWED'
}
prisma:error 
Invalid `prisma.dataAccessAuditLedger.upsert()` invocation:


Raw query failed. Code: `unknown`. Message: `Kind: Transactions are not supported by this deployment, labels: {}, source: None`
prisma:error 
Invalid `prisma.isolationAttestationLedger.upsert()` invocation:


Raw query failed. Code: `unknown`. Message: `Kind: Transactions are not supported by this deployment, labels: {}, source: None`
FEATURE_GATE_AWAIT_TRACE {
  event: 'end',
  fileName: 'backend/src/services/security/securityGovernanceOS.service.ts',
  redisOps: 'none',
  functionName: 'attestInfraIsolation:isolationAttestationLedger.upsert',
  durationMs: 4,
  cacheStatus: 'none',
  dbQueries: [
    'isolationAttestationLedger.upsert(isolation_attest:b7c3ef59a61b6f1f0eabe059)'
  ],
  attestationKey: 'isolation_attest:b7c3ef59a61b6f1f0eabe059'
}
FEATURE_GATE_AWAIT_TRACE {
  event: 'end',
  fileName: 'backend/src/services/security/securityGovernanceOS.service.ts',
  redisOps: 'none',
  functionName: 'authorizeAccess:attestInfraIsolation',
  durationMs: 5,
  action: 'analytics:view',
  route: null,
  cacheStatus: 'none',
  dbQueries: [ 'isolationAttestationLedger.create' ]
}
prisma:error 
Invalid `prisma.authEventLedger.upsert()` invocation:


Raw query failed. Code: `unknown`. Message: `Kind: Transactions are not supported by this deployment, labels: {}, source: None`
FEATURE_GATE_AWAIT_TRACE {
  event: 'end',
  fileName: 'backend/src/services/security/securityGovernanceOS.service.ts',
  redisOps: 'none',
  functionName: 'appendAuthEvent:authEventLedger.upsert',
  durationMs: 4,
  cacheStatus: 'none',
  dbQueries: [ 'authEventLedger.upsert(auth_evt:4a4729142fa5d2d14829bf763c)' ],
  eventKey: 'auth_evt:4a4729142fa5d2d14829bf763c',
  action: 'analytics:view',
  outcome: 'ALLOWED'
}
FEATURE_GATE_AWAIT_TRACE {
  event: 'end',
  fileName: 'backend/src/services/security/securityGovernanceOS.service.ts',
  redisOps: 'none',
  functionName: 'authorizeAccess:appendAuthEvent:authorized',
  durationMs: 5,
  action: 'analytics:view',
  route: null,
  cacheStatus: 'none',
  dbQueries: [ 'authEventLedger.upsert' ]
}
prisma:error 
Invalid `prisma.observabilityEventLedger.findUnique()` invocation:


Raw query failed. Code: `unknown`. Message: `Kind: Server selection timeout: No available servers. Topology: { Type: Unknown, Servers: [ { Address: localhost:27017, Type: Unknown, Error: Kind: I/O error: No connection could be made because the target machine actively refused it. (os error 10061), labels: {}, source: None } ] }, labels: {}, source: None`
prisma:error 
Invalid `prisma.observabilityEventLedger.upsert()` invocation:


Raw query failed. Code: `unknown`. Message: `Kind: Transactions are not supported by this deployment, labels: {}, source: None`
prisma:error 
Invalid `prisma.infrastructureRecoveryLedger.count()` invocation:


Raw query failed. Code: `unknown`. Message: `Kind: Server selection timeout: No available servers. Topology: { Type: Unknown, Servers: [ { Address: localhost:27017, Type: Unknown, Error: Kind: I/O error: No connection could be made because the target machine actively refused it. (os error 10061), labels: {}, source: None } ] }, labels: {}, source: None`
replay_suppressed_count {
  metric: 'replay_suppressed_count',
  value: 0,
  businessId: null,
  route: 'integrations_onboarding_recovery',
  metadata: {
    suppression: 'queue_not_writable',
    suspendMs: 60000,
    queueDepth: 0,
    redisCircuitOpen: false
  },
  recordedAt: '2026-07-06T15:48:30.036Z'
}
FEATURE_GATE_AWAIT_TRACE {
  event: 'start',
  fileName: 'backend/src/services/security/securityGovernanceOS.service.ts',
  redisOps: 'none',
  functionName: 'assertAuthorizedAccess:authorizeAccess',
  action: 'analytics:view',
  route: null,
  cacheStatus: 'delegated',
  dbQueries: [ 'see nested FEATURE_GATE_AWAIT_TRACE events' ]
}
FEATURE_GATE_AWAIT_TRACE {
  event: 'start',
  fileName: 'backend/src/services/security/securityGovernanceOS.service.ts',
  redisOps: 'none',
  functionName: 'authorizeAccess:assertTenantIsolation',
  action: 'analytics:view',
  route: null,
  cacheStatus: 'none',
  dbQueries: [ 'tenantIsolationLedger.upsert' ]
}
FEATURE_GATE_AWAIT_TRACE {
  event: 'end',
  fileName: 'backend/src/services/security/securityGovernanceOS.service.ts',
  redisOps: 'none',
  functionName: 'authorizeAccess:assertTenantIsolation',
  durationMs: 0,
  action: 'analytics:view',
  route: null,
  cacheStatus: 'none',
  dbQueries: [ 'tenantIsolationLedger.upsert' ]
}
FEATURE_GATE_AWAIT_TRACE {
  event: 'end',
  fileName: 'backend/src/services/security/securityGovernanceOS.service.ts',
  redisOps: 'none',
  functionName: 'assertAuthorizedAccess:authorizeAccess',
  durationMs: 2,
  action: 'analytics:view',
  route: null,
  cacheStatus: 'delegated',
  dbQueries: [ 'see nested FEATURE_GATE_AWAIT_TRACE events' ]
}
FEATURE_GATE_AWAIT_TRACE {
  event: 'start',
  fileName: 'backend/src/services/security/securityGovernanceOS.service.ts',
  redisOps: 'none',
  functionName: 'authorizeAccess:attestInfraIsolation',
  action: 'analytics:view',
  route: null,
  cacheStatus: 'none',
  dbQueries: [ 'isolationAttestationLedger.create' ]
}
FEATURE_GATE_AWAIT_TRACE {
  event: 'start',
  fileName: 'backend/src/services/security/securityGovernanceOS.service.ts',
  redisOps: 'none',
  functionName: 'attestInfraIsolation:isolationAttestationLedger.upsert',
  cacheStatus: 'none',
  dbQueries: [
    'isolationAttestationLedger.upsert(isolation_attest:c62bacf6f2721a169fa7e06f)'
  ],
  attestationKey: 'isolation_attest:c62bacf6f2721a169fa7e06f'
}
FEATURE_GATE_AWAIT_TRACE {
  event: 'start',
  fileName: 'backend/src/services/security/securityGovernanceOS.service.ts',
  redisOps: 'none',
  functionName: 'authorizeAccess:appendAuthEvent:authorized',
  action: 'analytics:view',
  route: null,
  cacheStatus: 'none',
  dbQueries: [ 'authEventLedger.upsert' ]
}
FEATURE_GATE_AWAIT_TRACE {
  event: 'start',
  fileName: 'backend/src/services/security/securityGovernanceOS.service.ts',
  redisOps: 'none',
  functionName: 'appendAuthEvent:authEventLedger.upsert',
  cacheStatus: 'none',
  dbQueries: [ 'authEventLedger.upsert(auth_evt:c322c151cf797985afaf845427)' ],
  eventKey: 'auth_evt:c322c151cf797985afaf845427',
  action: 'analytics:view',
  outcome: 'ALLOWED'
}
prisma:error 
Invalid `prisma.dataAccessAuditLedger.upsert()` invocation:


Raw query failed. Code: `unknown`. Message: `Kind: Transactions are not supported by this deployment, labels: {}, source: None`
prisma:error 
Invalid `prisma.isolationAttestationLedger.upsert()` invocation:


Raw query failed. Code: `unknown`. Message: `Kind: Transactions are not supported by this deployment, labels: {}, source: None`
FEATURE_GATE_AWAIT_TRACE {
  event: 'end',
  fileName: 'backend/src/services/security/securityGovernanceOS.service.ts',
  redisOps: 'none',
  functionName: 'attestInfraIsolation:isolationAttestationLedger.upsert',
  durationMs: 3,
  cacheStatus: 'none',
  dbQueries: [
    'isolationAttestationLedger.upsert(isolation_attest:c62bacf6f2721a169fa7e06f)'
  ],
  attestationKey: 'isolation_attest:c62bacf6f2721a169fa7e06f'
}
FEATURE_GATE_AWAIT_TRACE {
  event: 'end',
  fileName: 'backend/src/services/security/securityGovernanceOS.service.ts',
  redisOps: 'none',
  functionName: 'authorizeAccess:attestInfraIsolation',
  durationMs: 3,
  action: 'analytics:view',
  route: null,
  cacheStatus: 'none',
  dbQueries: [ 'isolationAttestationLedger.create' ]
}
prisma:error 
Invalid `prisma.authEventLedger.upsert()` invocation:


Raw query failed. Code: `unknown`. Message: `Kind: Transactions are not supported by this deployment, labels: {}, source: None`
FEATURE_GATE_AWAIT_TRACE {
  event: 'end',
  fileName: 'backend/src/services/security/securityGovernanceOS.service.ts',
  redisOps: 'none',
  functionName: 'appendAuthEvent:authEventLedger.upsert',
  durationMs: 3,
  cacheStatus: 'none',
  dbQueries: [ 'authEventLedger.upsert(auth_evt:c322c151cf797985afaf845427)' ],
  eventKey: 'auth_evt:c322c151cf797985afaf845427',
  action: 'analytics:view',
  outcome: 'ALLOWED'
}
FEATURE_GATE_AWAIT_TRACE {
  event: 'end',
  fileName: 'backend/src/services/security/securityGovernanceOS.service.ts',
  redisOps: 'none',
  functionName: 'authorizeAccess:appendAuthEvent:authorized',
  durationMs: 3,
  action: 'analytics:view',
  route: null,
  cacheStatus: 'none',
  dbQueries: [ 'authEventLedger.upsert' ]
}
prisma:error 
Invalid `prisma.observabilityEventLedger.findUnique()` invocation:


Raw query failed. Code: `unknown`. Message: `Kind: Server selection timeout: No available servers. Topology: { Type: Unknown, Servers: [ { Address: localhost:27017, Type: Unknown, Error: Kind: I/O error: No connection could be made because the target machine actively refused it. (os error 10061), labels: {}, source: None } ] }, labels: {}, source: None`
prisma:error 
Invalid `prisma.observabilityEventLedger.upsert()` invocation:


Raw query failed. Code: `unknown`. Message: `Kind: Transactions are not supported by this deployment, labels: {}, source: None`
prisma:error 
Invalid `prisma.infrastructureRecoveryLedger.count()` invocation:


Raw query failed. Code: `unknown`. Message: `Kind: Server selection timeout: No available servers. Topology: { Type: Unknown, Servers: [ { Address: localhost:27017, Type: Unknown, Error: Kind: I/O error: No connection could be made because the target machine actively refused it. (os error 10061), labels: {}, source: None } ] }, labels: {}, source: None`
replay_suppressed_count {
  metric: 'replay_suppressed_count',
  value: 0,
  businessId: null,
  route: 'integrations_onboarding_recovery',
  metadata: {
    suppression: 'queue_not_writable',
    suspendMs: 60000,
    queueDepth: 0,
    redisCircuitOpen: false
  },
  recordedAt: '2026-07-06T15:49:30.036Z'
}
FEATURE_GATE_AWAIT_TRACE {
  event: 'start',
  fileName: 'backend/src/services/security/securityGovernanceOS.service.ts',
  redisOps: 'none',
  functionName: 'assertAuthorizedAccess:authorizeAccess',
  action: 'analytics:view',
  route: null,
  cacheStatus: 'delegated',
  dbQueries: [ 'see nested FEATURE_GATE_AWAIT_TRACE events' ]
}
FEATURE_GATE_AWAIT_TRACE {
  event: 'start',
  fileName: 'backend/src/services/security/securityGovernanceOS.service.ts',
  redisOps: 'none',
  functionName: 'authorizeAccess:assertTenantIsolation',
  action: 'analytics:view',
  route: null,
  cacheStatus: 'none',
  dbQueries: [ 'tenantIsolationLedger.upsert' ]
}
FEATURE_GATE_AWAIT_TRACE {
  event: 'end',
  fileName: 'backend/src/services/security/securityGovernanceOS.service.ts',
  redisOps: 'none',
  functionName: 'authorizeAccess:assertTenantIsolation',
  durationMs: 1,
  action: 'analytics:view',
  route: null,
  cacheStatus: 'none',
  dbQueries: [ 'tenantIsolationLedger.upsert' ]
}
FEATURE_GATE_AWAIT_TRACE {
  event: 'end',
  fileName: 'backend/src/services/security/securityGovernanceOS.service.ts',
  redisOps: 'none',
  functionName: 'assertAuthorizedAccess:authorizeAccess',
  durationMs: 2,
  action: 'analytics:view',
  route: null,
  cacheStatus: 'delegated',
  dbQueries: [ 'see nested FEATURE_GATE_AWAIT_TRACE events' ]
}
FEATURE_GATE_AWAIT_TRACE {
  event: 'start',
  fileName: 'backend/src/services/security/securityGovernanceOS.service.ts',
  redisOps: 'none',
  functionName: 'authorizeAccess:attestInfraIsolation',
  action: 'analytics:view',
  route: null,
  cacheStatus: 'none',
  dbQueries: [ 'isolationAttestationLedger.create' ]
}
FEATURE_GATE_AWAIT_TRACE {
  event: 'start',
  fileName: 'backend/src/services/security/securityGovernanceOS.service.ts',
  redisOps: 'none',
  functionName: 'attestInfraIsolation:isolationAttestationLedger.upsert',
  cacheStatus: 'none',
  dbQueries: [
    'isolationAttestationLedger.upsert(isolation_attest:f3846d0ce305e0191250a685)'
  ],
  attestationKey: 'isolation_attest:f3846d0ce305e0191250a685'
}
FEATURE_GATE_AWAIT_TRACE {
  event: 'start',
  fileName: 'backend/src/services/security/securityGovernanceOS.service.ts',
  redisOps: 'none',
  functionName: 'authorizeAccess:appendAuthEvent:authorized',
  action: 'analytics:view',
  route: null,
  cacheStatus: 'none',
  dbQueries: [ 'authEventLedger.upsert' ]
}
FEATURE_GATE_AWAIT_TRACE {
  event: 'start',
  fileName: 'backend/src/services/security/securityGovernanceOS.service.ts',
  redisOps: 'none',
  functionName: 'appendAuthEvent:authEventLedger.upsert',
  cacheStatus: 'none',
  dbQueries: [ 'authEventLedger.upsert(auth_evt:094d5c15ec3efa89c847553fbf)' ],
  eventKey: 'auth_evt:094d5c15ec3efa89c847553fbf',
  action: 'analytics:view',
  outcome: 'ALLOWED'
}
prisma:error 
Invalid `prisma.dataAccessAuditLedger.upsert()` invocation:


Raw query failed. Code: `unknown`. Message: `Kind: Transactions are not supported by this deployment, labels: {}, source: None`
prisma:error 
Invalid `prisma.isolationAttestationLedger.upsert()` invocation:


Raw query failed. Code: `unknown`. Message: `Kind: Transactions are not supported by this deployment, labels: {}, source: None`
FEATURE_GATE_AWAIT_TRACE {
  event: 'end',
  fileName: 'backend/src/services/security/securityGovernanceOS.service.ts',
  redisOps: 'none',
  functionName: 'attestInfraIsolation:isolationAttestationLedger.upsert',
  durationMs: 3,
  cacheStatus: 'none',
  dbQueries: [
    'isolationAttestationLedger.upsert(isolation_attest:f3846d0ce305e0191250a685)'
  ],
  attestationKey: 'isolation_attest:f3846d0ce305e0191250a685'
}
FEATURE_GATE_AWAIT_TRACE {
  event: 'end',
  fileName: 'backend/src/services/security/securityGovernanceOS.service.ts',
  redisOps: 'none',
  functionName: 'authorizeAccess:attestInfraIsolation',
  durationMs: 4,
  action: 'analytics:view',
  route: null,
  cacheStatus: 'none',
  dbQueries: [ 'isolationAttestationLedger.create' ]
}
prisma:error 
Invalid `prisma.authEventLedger.upsert()` invocation:


Raw query failed. Code: `unknown`. Message: `Kind: Transactions are not supported by this deployment, labels: {}, source: None`
FEATURE_GATE_AWAIT_TRACE {
  event: 'end',
  fileName: 'backend/src/services/security/securityGovernanceOS.service.ts',
  redisOps: 'none',
  functionName: 'appendAuthEvent:authEventLedger.upsert',
  durationMs: 3,
  cacheStatus: 'none',
  dbQueries: [ 'authEventLedger.upsert(auth_evt:094d5c15ec3efa89c847553fbf)' ],
  eventKey: 'auth_evt:094d5c15ec3efa89c847553fbf',
  action: 'analytics:view',
  outcome: 'ALLOWED'
}
FEATURE_GATE_AWAIT_TRACE {
  event: 'end',
  fileName: 'backend/src/services/security/securityGovernanceOS.service.ts',
  redisOps: 'none',
  functionName: 'authorizeAccess:appendAuthEvent:authorized',
  durationMs: 4,
  action: 'analytics:view',
  route: null,
  cacheStatus: 'none',
  dbQueries: [ 'authEventLedger.upsert' ]
}
prisma:error 
Invalid `prisma.observabilityEventLedger.findUnique()` invocation:


Raw query failed. Code: `unknown`. Message: `Kind: Server selection timeout: No available servers. Topology: { Type: Unknown, Servers: [ { Address: localhost:27017, Type: Unknown, Error: Kind: I/O error: No connection could be made because the target machine actively refused it. (os error 10061), labels: {}, source: None } ] }, labels: {}, source: None`
prisma:error 
Invalid `prisma.observabilityEventLedger.upsert()` invocation:


Raw query failed. Code: `unknown`. Message: `Kind: Transactions are not supported by this deployment, labels: {}, source: None`
prisma:error 
Invalid `prisma.infrastructureRecoveryLedger.count()` invocation:


Raw query failed. Code: `unknown`. Message: `Kind: Server selection timeout: No available servers. Topology: { Type: Unknown, Servers: [ { Address: localhost:27017, Type: Unknown, Error: Kind: I/O error: No connection could be made because the target machine actively refused it. (os error 10061), labels: {}, source: None } ] }, labels: {}, source: None`
replay_suppressed_count {
  metric: 'replay_suppressed_count',
  value: 0,
  businessId: null,
  route: 'integrations_onboarding_recovery',
  metadata: {
    suppression: 'queue_not_writable',
    suspendMs: 60000,
    queueDepth: 0,
    redisCircuitOpen: false
  },
  recordedAt: '2026-07-06T15:50:30.029Z'
}
FEATURE_GATE_AWAIT_TRACE {
  event: 'start',
  fileName: 'backend/src/services/security/securityGovernanceOS.service.ts',
  redisOps: 'none',
  functionName: 'assertAuthorizedAccess:authorizeAccess',
  action: 'analytics:view',
  route: null,
  cacheStatus: 'delegated',
  dbQueries: [ 'see nested FEATURE_GATE_AWAIT_TRACE events' ]
}
FEATURE_GATE_AWAIT_TRACE {
  event: 'start',
  fileName: 'backend/src/services/security/securityGovernanceOS.service.ts',
  redisOps: 'none',
  functionName: 'authorizeAccess:assertTenantIsolation',
  action: 'analytics:view',
  route: null,
  cacheStatus: 'none',
  dbQueries: [ 'tenantIsolationLedger.upsert' ]
}
FEATURE_GATE_AWAIT_TRACE {
  event: 'end',
  fileName: 'backend/src/services/security/securityGovernanceOS.service.ts',
  redisOps: 'none',
  functionName: 'authorizeAccess:assertTenantIsolation',
  durationMs: 0,
  action: 'analytics:view',
  route: null,
  cacheStatus: 'none',
  dbQueries: [ 'tenantIsolationLedger.upsert' ]
}
FEATURE_GATE_AWAIT_TRACE {
  event: 'end',
  fileName: 'backend/src/services/security/securityGovernanceOS.service.ts',
  redisOps: 'none',
  functionName: 'assertAuthorizedAccess:authorizeAccess',
  durationMs: 3,
  action: 'analytics:view',
  route: null,
  cacheStatus: 'delegated',
  dbQueries: [ 'see nested FEATURE_GATE_AWAIT_TRACE events' ]
}
FEATURE_GATE_AWAIT_TRACE {
  event: 'start',
  fileName: 'backend/src/services/security/securityGovernanceOS.service.ts',
  redisOps: 'none',
  functionName: 'authorizeAccess:attestInfraIsolation',
  action: 'analytics:view',
  route: null,
  cacheStatus: 'none',
  dbQueries: [ 'isolationAttestationLedger.create' ]
}
FEATURE_GATE_AWAIT_TRACE {
  event: 'start',
  fileName: 'backend/src/services/security/securityGovernanceOS.service.ts',
  redisOps: 'none',
  functionName: 'attestInfraIsolation:isolationAttestationLedger.upsert',
  cacheStatus: 'none',
  dbQueries: [
    'isolationAttestationLedger.upsert(isolation_attest:d5c457843defccac2a70fed2)'
  ],
  attestationKey: 'isolation_attest:d5c457843defccac2a70fed2'
}
FEATURE_GATE_AWAIT_TRACE {
  event: 'start',
  fileName: 'backend/src/services/security/securityGovernanceOS.service.ts',
  redisOps: 'none',
  functionName: 'authorizeAccess:appendAuthEvent:authorized',
  action: 'analytics:view',
  route: null,
  cacheStatus: 'none',
  dbQueries: [ 'authEventLedger.upsert' ]
}
FEATURE_GATE_AWAIT_TRACE {
  event: 'start',
  fileName: 'backend/src/services/security/securityGovernanceOS.service.ts',
  redisOps: 'none',
  functionName: 'appendAuthEvent:authEventLedger.upsert',
  cacheStatus: 'none',
  dbQueries: [ 'authEventLedger.upsert(auth_evt:363adf25195723f5345d3e05ca)' ],
  eventKey: 'auth_evt:363adf25195723f5345d3e05ca',
  action: 'analytics:view',
  outcome: 'ALLOWED'
}
prisma:error 
Invalid `prisma.dataAccessAuditLedger.upsert()` invocation:


Raw query failed. Code: `unknown`. Message: `Kind: Transactions are not supported by this deployment, labels: {}, source: None`
prisma:error 
Invalid `prisma.isolationAttestationLedger.upsert()` invocation:


Raw query failed. Code: `unknown`. Message: `Kind: Transactions are not supported by this deployment, labels: {}, source: None`
FEATURE_GATE_AWAIT_TRACE {
  event: 'end',
  fileName: 'backend/src/services/security/securityGovernanceOS.service.ts',
  redisOps: 'none',
  functionName: 'attestInfraIsolation:isolationAttestationLedger.upsert',
  durationMs: 4,
  cacheStatus: 'none',
  dbQueries: [
    'isolationAttestationLedger.upsert(isolation_attest:d5c457843defccac2a70fed2)'
  ],
  attestationKey: 'isolation_attest:d5c457843defccac2a70fed2'
}
FEATURE_GATE_AWAIT_TRACE {
  event: 'end',
  fileName: 'backend/src/services/security/securityGovernanceOS.service.ts',
  redisOps: 'none',
  functionName: 'authorizeAccess:attestInfraIsolation',
  durationMs: 5,
  action: 'analytics:view',
  route: null,
  cacheStatus: 'none',
  dbQueries: [ 'isolationAttestationLedger.create' ]
}
prisma:error 
Invalid `prisma.authEventLedger.upsert()` invocation:


Raw query failed. Code: `unknown`. Message: `Kind: Transactions are not supported by this deployment, labels: {}, source: None`
FEATURE_GATE_AWAIT_TRACE {
  event: 'end',
  fileName: 'backend/src/services/security/securityGovernanceOS.service.ts',
  redisOps: 'none',
  functionName: 'appendAuthEvent:authEventLedger.upsert',
  durationMs: 3,
  cacheStatus: 'none',
  dbQueries: [ 'authEventLedger.upsert(auth_evt:363adf25195723f5345d3e05ca)' ],
  eventKey: 'auth_evt:363adf25195723f5345d3e05ca',
  action: 'analytics:view',
  outcome: 'ALLOWED'
}
FEATURE_GATE_AWAIT_TRACE {
  event: 'end',
  fileName: 'backend/src/services/security/securityGovernanceOS.service.ts',
  redisOps: 'none',
  functionName: 'authorizeAccess:appendAuthEvent:authorized',
  durationMs: 5,
  action: 'analytics:view',
  route: null,
  cacheStatus: 'none',
  dbQueries: [ 'authEventLedger.upsert' ]
}
prisma:error 
Invalid `prisma.observabilityEventLedger.findUnique()` invocation:


Raw query failed. Code: `unknown`. Message: `Kind: Server selection timeout: No available servers. Topology: { Type: Unknown, Servers: [ { Address: localhost:27017, Type: Unknown, Error: Kind: I/O error: No connection could be made because the target machine actively refused it. (os error 10061), labels: {}, source: None } ] }, labels: {}, source: None`
prisma:error 
Invalid `prisma.observabilityEventLedger.upsert()` invocation:


Raw query failed. Code: `unknown`. Message: `Kind: Transactions are not supported by this deployment, labels: {}, source: None`
prisma:error 
Invalid `prisma.infrastructureRecoveryLedger.count()` invocation:


Raw query failed. Code: `unknown`. Message: `Kind: Server selection timeout: No available servers. Topology: { Type: Unknown, Servers: [ { Address: localhost:27017, Type: Unknown, Error: Kind: I/O error: No connection could be made because the target machine actively refused it. (os error 10061), labels: {}, source: None } ] }, labels: {}, source: None`
replay_suppressed_count {
  metric: 'replay_suppressed_count',
  value: 0,
  businessId: null,
  route: 'integrations_onboarding_recovery',
  metadata: {
    suppression: 'queue_not_writable',
    suspendMs: 60000,
    queueDepth: 0,
    redisCircuitOpen: false
  },
  recordedAt: '2026-07-06T15:51:30.041Z'
}
FEATURE_GATE_AWAIT_TRACE {
  event: 'start',
  fileName: 'backend/src/services/security/securityGovernanceOS.service.ts',
  redisOps: 'none',
  functionName: 'assertAuthorizedAccess:authorizeAccess',
  action: 'analytics:view',
  route: null,
  cacheStatus: 'delegated',
  dbQueries: [ 'see nested FEATURE_GATE_AWAIT_TRACE events' ]
}
FEATURE_GATE_AWAIT_TRACE {
  event: 'start',
  fileName: 'backend/src/services/security/securityGovernanceOS.service.ts',
  redisOps: 'none',
  functionName: 'authorizeAccess:assertTenantIsolation',
  action: 'analytics:view',
  route: null,
  cacheStatus: 'none',
  dbQueries: [ 'tenantIsolationLedger.upsert' ]
}
FEATURE_GATE_AWAIT_TRACE {
  event: 'end',
  fileName: 'backend/src/services/security/securityGovernanceOS.service.ts',
  redisOps: 'none',
  functionName: 'authorizeAccess:assertTenantIsolation',
  durationMs: 1,
  action: 'analytics:view',
  route: null,
  cacheStatus: 'none',
  dbQueries: [ 'tenantIsolationLedger.upsert' ]
}
FEATURE_GATE_AWAIT_TRACE {
  event: 'end',
  fileName: 'backend/src/services/security/securityGovernanceOS.service.ts',
  redisOps: 'none',
  functionName: 'assertAuthorizedAccess:authorizeAccess',
  durationMs: 2,
  action: 'analytics:view',
  route: null,
  cacheStatus: 'delegated',
  dbQueries: [ 'see nested FEATURE_GATE_AWAIT_TRACE events' ]
}
FEATURE_GATE_AWAIT_TRACE {
  event: 'start',
  fileName: 'backend/src/services/security/securityGovernanceOS.service.ts',
  redisOps: 'none',
  functionName: 'authorizeAccess:attestInfraIsolation',
  action: 'analytics:view',
  route: null,
  cacheStatus: 'none',
  dbQueries: [ 'isolationAttestationLedger.create' ]
}
FEATURE_GATE_AWAIT_TRACE {
  event: 'start',
  fileName: 'backend/src/services/security/securityGovernanceOS.service.ts',
  redisOps: 'none',
  functionName: 'attestInfraIsolation:isolationAttestationLedger.upsert',
  cacheStatus: 'none',
  dbQueries: [
    'isolationAttestationLedger.upsert(isolation_attest:561698194f3b1aed43e3a177)'
  ],
  attestationKey: 'isolation_attest:561698194f3b1aed43e3a177'
}
FEATURE_GATE_AWAIT_TRACE {
  event: 'start',
  fileName: 'backend/src/services/security/securityGovernanceOS.service.ts',
  redisOps: 'none',
  functionName: 'authorizeAccess:appendAuthEvent:authorized',
  action: 'analytics:view',
  route: null,
  cacheStatus: 'none',
  dbQueries: [ 'authEventLedger.upsert' ]
}
FEATURE_GATE_AWAIT_TRACE {
  event: 'start',
  fileName: 'backend/src/services/security/securityGovernanceOS.service.ts',
  redisOps: 'none',
  functionName: 'appendAuthEvent:authEventLedger.upsert',
  cacheStatus: 'none',
  dbQueries: [ 'authEventLedger.upsert(auth_evt:955f92e0edb97aa7db24ddb509)' ],
  eventKey: 'auth_evt:955f92e0edb97aa7db24ddb509',
  action: 'analytics:view',
  outcome: 'ALLOWED'
}
prisma:error 
Invalid `prisma.dataAccessAuditLedger.upsert()` invocation:


Raw query failed. Code: `unknown`. Message: `Kind: Transactions are not supported by this deployment, labels: {}, source: None`
prisma:error 
Invalid `prisma.isolationAttestationLedger.upsert()` invocation:


Raw query failed. Code: `unknown`. Message: `Kind: Transactions are not supported by this deployment, labels: {}, source: None`
FEATURE_GATE_AWAIT_TRACE {
  event: 'end',
  fileName: 'backend/src/services/security/securityGovernanceOS.service.ts',
  redisOps: 'none',
  functionName: 'attestInfraIsolation:isolationAttestationLedger.upsert',
  durationMs: 5,
  cacheStatus: 'none',
  dbQueries: [
    'isolationAttestationLedger.upsert(isolation_attest:561698194f3b1aed43e3a177)'
  ],
  attestationKey: 'isolation_attest:561698194f3b1aed43e3a177'
}
FEATURE_GATE_AWAIT_TRACE {
  event: 'end',
  fileName: 'backend/src/services/security/securityGovernanceOS.service.ts',
  redisOps: 'none',
  functionName: 'authorizeAccess:attestInfraIsolation',
  durationMs: 6,
  action: 'analytics:view',
  route: null,
  cacheStatus: 'none',
  dbQueries: [ 'isolationAttestationLedger.create' ]
}
prisma:error 
Invalid `prisma.authEventLedger.upsert()` invocation:


Raw query failed. Code: `unknown`. Message: `Kind: Transactions are not supported by this deployment, labels: {}, source: None`
FEATURE_GATE_AWAIT_TRACE {
  event: 'end',
  fileName: 'backend/src/services/security/securityGovernanceOS.service.ts',
  redisOps: 'none',
  functionName: 'appendAuthEvent:authEventLedger.upsert',
  durationMs: 3,
  cacheStatus: 'none',
  dbQueries: [ 'authEventLedger.upsert(auth_evt:955f92e0edb97aa7db24ddb509)' ],
  eventKey: 'auth_evt:955f92e0edb97aa7db24ddb509',
  action: 'analytics:view',
  outcome: 'ALLOWED'
}
FEATURE_GATE_AWAIT_TRACE {
  event: 'end',
  fileName: 'backend/src/services/security/securityGovernanceOS.service.ts',
  redisOps: 'none',
  functionName: 'authorizeAccess:appendAuthEvent:authorized',
  durationMs: 4,
  action: 'analytics:view',
  route: null,
  cacheStatus: 'none',
  dbQueries: [ 'authEventLedger.upsert' ]
}
prisma:error 
Invalid `prisma.observabilityEventLedger.findUnique()` invocation:


Raw query failed. Code: `unknown`. Message: `Kind: Server selection timeout: No available servers. Topology: { Type: Unknown, Servers: [ { Address: localhost:27017, Type: Unknown, Error: Kind: I/O error: No connection could be made because the target machine actively refused it. (os error 10061), labels: {}, source: None } ] }, labels: {}, source: None`
prisma:error 
Invalid `prisma.observabilityEventLedger.upsert()` invocation:


Raw query failed. Code: `unknown`. Message: `Kind: Transactions are not supported by this deployment, labels: {}, source: None`
prisma:error 
Invalid `prisma.infrastructureRecoveryLedger.count()` invocation:


Raw query failed. Code: `unknown`. Message: `Kind: Server selection timeout: No available servers. Topology: { Type: Unknown, Servers: [ { Address: localhost:27017, Type: Unknown, Error: Kind: I/O error: No connection could be made because the target machine actively refused it. (os error 10061), labels: {}, source: None } ] }, labels: {}, source: None`
replay_suppressed_count {
  metric: 'replay_suppressed_count',
  value: 0,
  businessId: null,
  route: 'integrations_onboarding_recovery',
  metadata: {
    suppression: 'queue_not_writable',
    suspendMs: 60000,
    queueDepth: 0,
    redisCircuitOpen: false
  },
  recordedAt: '2026-07-06T15:52:30.040Z'
}
FEATURE_GATE_AWAIT_TRACE {
  event: 'start',
  fileName: 'backend/src/services/security/securityGovernanceOS.service.ts',
  redisOps: 'none',
  functionName: 'assertAuthorizedAccess:authorizeAccess',
  action: 'analytics:view',
  route: null,
  cacheStatus: 'delegated',
  dbQueries: [ 'see nested FEATURE_GATE_AWAIT_TRACE events' ]
}
FEATURE_GATE_AWAIT_TRACE {
  event: 'start',
  fileName: 'backend/src/services/security/securityGovernanceOS.service.ts',
  redisOps: 'none',
  functionName: 'authorizeAccess:assertTenantIsolation',
  action: 'analytics:view',
  route: null,
  cacheStatus: 'none',
  dbQueries: [ 'tenantIsolationLedger.upsert' ]
}
FEATURE_GATE_AWAIT_TRACE {
  event: 'end',
  fileName: 'backend/src/services/security/securityGovernanceOS.service.ts',
  redisOps: 'none',
  functionName: 'authorizeAccess:assertTenantIsolation',
  durationMs: 0,
  action: 'analytics:view',
  route: null,
  cacheStatus: 'none',
  dbQueries: [ 'tenantIsolationLedger.upsert' ]
}
FEATURE_GATE_AWAIT_TRACE {
  event: 'end',
  fileName: 'backend/src/services/security/securityGovernanceOS.service.ts',
  redisOps: 'none',
  functionName: 'assertAuthorizedAccess:authorizeAccess',
  durationMs: 1,
  action: 'analytics:view',
  route: null,
  cacheStatus: 'delegated',
  dbQueries: [ 'see nested FEATURE_GATE_AWAIT_TRACE events' ]
}
FEATURE_GATE_AWAIT_TRACE {
  event: 'start',
  fileName: 'backend/src/services/security/securityGovernanceOS.service.ts',
  redisOps: 'none',
  functionName: 'authorizeAccess:attestInfraIsolation',
  action: 'analytics:view',
  route: null,
  cacheStatus: 'none',
  dbQueries: [ 'isolationAttestationLedger.create' ]
}
FEATURE_GATE_AWAIT_TRACE {
  event: 'start',
  fileName: 'backend/src/services/security/securityGovernanceOS.service.ts',
  redisOps: 'none',
  functionName: 'attestInfraIsolation:isolationAttestationLedger.upsert',
  cacheStatus: 'none',
  dbQueries: [
    'isolationAttestationLedger.upsert(isolation_attest:deb379c5fcbd684cf599b0cf)'
  ],
  attestationKey: 'isolation_attest:deb379c5fcbd684cf599b0cf'
}
FEATURE_GATE_AWAIT_TRACE {
  event: 'start',
  fileName: 'backend/src/services/security/securityGovernanceOS.service.ts',
  redisOps: 'none',
  functionName: 'authorizeAccess:appendAuthEvent:authorized',
  action: 'analytics:view',
  route: null,
  cacheStatus: 'none',
  dbQueries: [ 'authEventLedger.upsert' ]
}
FEATURE_GATE_AWAIT_TRACE {
  event: 'start',
  fileName: 'backend/src/services/security/securityGovernanceOS.service.ts',
  redisOps: 'none',
  functionName: 'appendAuthEvent:authEventLedger.upsert',
  cacheStatus: 'none',
  dbQueries: [ 'authEventLedger.upsert(auth_evt:0c191606878502f7059701978b)' ],
  eventKey: 'auth_evt:0c191606878502f7059701978b',
  action: 'analytics:view',
  outcome: 'ALLOWED'
}
prisma:error 
Invalid `prisma.dataAccessAuditLedger.upsert()` invocation:


Raw query failed. Code: `unknown`. Message: `Kind: Transactions are not supported by this deployment, labels: {}, source: None`
prisma:error 
Invalid `prisma.isolationAttestationLedger.upsert()` invocation:


Raw query failed. Code: `unknown`. Message: `Kind: Transactions are not supported by this deployment, labels: {}, source: None`
FEATURE_GATE_AWAIT_TRACE {
  event: 'end',
  fileName: 'backend/src/services/security/securityGovernanceOS.service.ts',
  redisOps: 'none',
  functionName: 'attestInfraIsolation:isolationAttestationLedger.upsert',
  durationMs: 3,
  cacheStatus: 'none',
  dbQueries: [
    'isolationAttestationLedger.upsert(isolation_attest:deb379c5fcbd684cf599b0cf)'
  ],
  attestationKey: 'isolation_attest:deb379c5fcbd684cf599b0cf'
}
FEATURE_GATE_AWAIT_TRACE {
  event: 'end',
  fileName: 'backend/src/services/security/securityGovernanceOS.service.ts',
  redisOps: 'none',
  functionName: 'authorizeAccess:attestInfraIsolation',
  durationMs: 5,
  action: 'analytics:view',
  route: null,
  cacheStatus: 'none',
  dbQueries: [ 'isolationAttestationLedger.create' ]
}
prisma:error 
Invalid `prisma.authEventLedger.upsert()` invocation:


Raw query failed. Code: `unknown`. Message: `Kind: Transactions are not supported by this deployment, labels: {}, source: None`
FEATURE_GATE_AWAIT_TRACE {
  event: 'end',
  fileName: 'backend/src/services/security/securityGovernanceOS.service.ts',
  redisOps: 'none',
  functionName: 'appendAuthEvent:authEventLedger.upsert',
  durationMs: 3,
  cacheStatus: 'none',
  dbQueries: [ 'authEventLedger.upsert(auth_evt:0c191606878502f7059701978b)' ],
  eventKey: 'auth_evt:0c191606878502f7059701978b',
  action: 'analytics:view',
  outcome: 'ALLOWED'
}
FEATURE_GATE_AWAIT_TRACE {
  event: 'end',
  fileName: 'backend/src/services/security/securityGovernanceOS.service.ts',
  redisOps: 'none',
  functionName: 'authorizeAccess:appendAuthEvent:authorized',
  durationMs: 4,
  action: 'analytics:view',
  route: null,
  cacheStatus: 'none',
  dbQueries: [ 'authEventLedger.upsert' ]
}
prisma:error 
Invalid `prisma.observabilityEventLedger.findUnique()` invocation:


Raw query failed. Code: `unknown`. Message: `Kind: Server selection timeout: No available servers. Topology: { Type: Unknown, Servers: [ { Address: localhost:27017, Type: Unknown, Error: Kind: I/O error: No connection could be made because the target machine actively refused it. (os error 10061), labels: {}, source: None } ] }, labels: {}, source: None`
prisma:error 
Invalid `prisma.observabilityEventLedger.upsert()` invocation:


Raw query failed. Code: `unknown`. Message: `Kind: Transactions are not supported by this deployment, labels: {}, source: None`
prisma:error 
Invalid `prisma.infrastructureRecoveryLedger.count()` invocation:


Raw query failed. Code: `unknown`. Message: `Kind: Server selection timeout: No available servers. Topology: { Type: Unknown, Servers: [ { Address: localhost:27017, Type: Unknown, Error: Kind: I/O error: No connection could be made because the target machine actively refused it. (os error 10061), labels: {}, source: None } ] }, labels: {}, source: None`
replay_suppressed_count {
  metric: 'replay_suppressed_count',
  value: 0,
  businessId: null,
  route: 'integrations_onboarding_recovery',
  metadata: {
    suppression: 'queue_not_writable',
    suspendMs: 60000,
    queueDepth: 0,
    redisCircuitOpen: false
  },
  recordedAt: '2026-07-06T15:53:30.040Z'
}
FEATURE_GATE_AWAIT_TRACE {
  event: 'start',
  fileName: 'backend/src/services/security/securityGovernanceOS.service.ts',
  redisOps: 'none',
  functionName: 'assertAuthorizedAccess:authorizeAccess',
  action: 'analytics:view',
  route: null,
  cacheStatus: 'delegated',
  dbQueries: [ 'see nested FEATURE_GATE_AWAIT_TRACE events' ]
}
FEATURE_GATE_AWAIT_TRACE {
  event: 'start',
  fileName: 'backend/src/services/security/securityGovernanceOS.service.ts',
  redisOps: 'none',
  functionName: 'authorizeAccess:assertTenantIsolation',
  action: 'analytics:view',
  route: null,
  cacheStatus: 'none',
  dbQueries: [ 'tenantIsolationLedger.upsert' ]
}
FEATURE_GATE_AWAIT_TRACE {
  event: 'end',
  fileName: 'backend/src/services/security/securityGovernanceOS.service.ts',
  redisOps: 'none',
  functionName: 'authorizeAccess:assertTenantIsolation',
  durationMs: 0,
  action: 'analytics:view',
  route: null,
  cacheStatus: 'none',
  dbQueries: [ 'tenantIsolationLedger.upsert' ]
}
FEATURE_GATE_AWAIT_TRACE {
  event: 'end',
  fileName: 'backend/src/services/security/securityGovernanceOS.service.ts',
  redisOps: 'none',
  functionName: 'assertAuthorizedAccess:authorizeAccess',
  durationMs: 2,
  action: 'analytics:view',
  route: null,
  cacheStatus: 'delegated',
  dbQueries: [ 'see nested FEATURE_GATE_AWAIT_TRACE events' ]
}
FEATURE_GATE_AWAIT_TRACE {
  event: 'start',
  fileName: 'backend/src/services/security/securityGovernanceOS.service.ts',
  redisOps: 'none',
  functionName: 'authorizeAccess:attestInfraIsolation',
  action: 'analytics:view',
  route: null,
  cacheStatus: 'none',
  dbQueries: [ 'isolationAttestationLedger.create' ]
}
FEATURE_GATE_AWAIT_TRACE {
  event: 'start',
  fileName: 'backend/src/services/security/securityGovernanceOS.service.ts',
  redisOps: 'none',
  functionName: 'attestInfraIsolation:isolationAttestationLedger.upsert',
  cacheStatus: 'none',
  dbQueries: [
    'isolationAttestationLedger.upsert(isolation_attest:88d9132a9a95d2d0dce61735)'
  ],
  attestationKey: 'isolation_attest:88d9132a9a95d2d0dce61735'
}
FEATURE_GATE_AWAIT_TRACE {
  event: 'start',
  fileName: 'backend/src/services/security/securityGovernanceOS.service.ts',
  redisOps: 'none',
  functionName: 'authorizeAccess:appendAuthEvent:authorized',
  action: 'analytics:view',
  route: null,
  cacheStatus: 'none',
  dbQueries: [ 'authEventLedger.upsert' ]
}
FEATURE_GATE_AWAIT_TRACE {
  event: 'start',
  fileName: 'backend/src/services/security/securityGovernanceOS.service.ts',
  redisOps: 'none',
  functionName: 'appendAuthEvent:authEventLedger.upsert',
  cacheStatus: 'none',
  dbQueries: [ 'authEventLedger.upsert(auth_evt:97c374771f22d759195101de2f)' ],
  eventKey: 'auth_evt:97c374771f22d759195101de2f',
  action: 'analytics:view',
  outcome: 'ALLOWED'
}
prisma:error 
Invalid `prisma.dataAccessAuditLedger.upsert()` invocation:


Raw query failed. Code: `unknown`. Message: `Kind: Transactions are not supported by this deployment, labels: {}, source: None`
prisma:error 
Invalid `prisma.isolationAttestationLedger.upsert()` invocation:


Raw query failed. Code: `unknown`. Message: `Kind: Transactions are not supported by this deployment, labels: {}, source: None`
FEATURE_GATE_AWAIT_TRACE {
  event: 'end',
  fileName: 'backend/src/services/security/securityGovernanceOS.service.ts',
  redisOps: 'none',
  functionName: 'attestInfraIsolation:isolationAttestationLedger.upsert',
  durationMs: 5,
  cacheStatus: 'none',
  dbQueries: [
    'isolationAttestationLedger.upsert(isolation_attest:88d9132a9a95d2d0dce61735)'
  ],
  attestationKey: 'isolation_attest:88d9132a9a95d2d0dce61735'
}
FEATURE_GATE_AWAIT_TRACE {
  event: 'end',
  fileName: 'backend/src/services/security/securityGovernanceOS.service.ts',
  redisOps: 'none',
  functionName: 'authorizeAccess:attestInfraIsolation',
  durationMs: 7,
  action: 'analytics:view',
  route: null,
  cacheStatus: 'none',
  dbQueries: [ 'isolationAttestationLedger.create' ]
}
prisma:error 
Invalid `prisma.authEventLedger.upsert()` invocation:


Raw query failed. Code: `unknown`. Message: `Kind: Transactions are not supported by this deployment, labels: {}, source: None`
FEATURE_GATE_AWAIT_TRACE {
  event: 'end',
  fileName: 'backend/src/services/security/securityGovernanceOS.service.ts',
  redisOps: 'none',
  functionName: 'appendAuthEvent:authEventLedger.upsert',
  durationMs: 5,
  cacheStatus: 'none',
  dbQueries: [ 'authEventLedger.upsert(auth_evt:97c374771f22d759195101de2f)' ],
  eventKey: 'auth_evt:97c374771f22d759195101de2f',
  action: 'analytics:view',
  outcome: 'ALLOWED'
}
FEATURE_GATE_AWAIT_TRACE {
  event: 'end',
  fileName: 'backend/src/services/security/securityGovernanceOS.service.ts',
  redisOps: 'none',
  functionName: 'authorizeAccess:appendAuthEvent:authorized',
  durationMs: 6,
  action: 'analytics:view',
  route: null,
  cacheStatus: 'none',
  dbQueries: [ 'authEventLedger.upsert' ]
}
prisma:error 
Invalid `prisma.observabilityEventLedger.findUnique()` invocation:


Raw query failed. Code: `unknown`. Message: `Kind: Server selection timeout: No available servers. Topology: { Type: Unknown, Servers: [ { Address: localhost:27017, Type: Unknown, Error: Kind: I/O error: No connection could be made because the target machine actively refused it. (os error 10061), labels: {}, source: None } ] }, labels: {}, source: None`
prisma:error 
Invalid `prisma.observabilityEventLedger.upsert()` invocation:


Raw query failed. Code: `unknown`. Message: `Kind: Transactions are not supported by this deployment, labels: {}, source: None`
prisma:error 
Invalid `prisma.infrastructureRecoveryLedger.count()` invocation:


Raw query failed. Code: `unknown`. Message: `Kind: Server selection timeout: No available servers. Topology: { Type: Unknown, Servers: [ { Address: localhost:27017, Type: Unknown, Error: Kind: I/O error: No connection could be made because the target machine actively refused it. (os error 10061), labels: {}, source: None } ] }, labels: {}, source: None`
replay_suppressed_count {
  metric: 'replay_suppressed_count',
  value: 0,
  businessId: null,
  route: 'integrations_onboarding_recovery',
  metadata: {
    suppression: 'queue_not_writable',
    suspendMs: 60000,
    queueDepth: 0,
    redisCircuitOpen: false
  },
  recordedAt: '2026-07-06T15:54:30.030Z'
}
FEATURE_GATE_AWAIT_TRACE {
  event: 'start',
  fileName: 'backend/src/services/security/securityGovernanceOS.service.ts',
  redisOps: 'none',
  functionName: 'assertAuthorizedAccess:authorizeAccess',
  action: 'analytics:view',
  route: null,
  cacheStatus: 'delegated',
  dbQueries: [ 'see nested FEATURE_GATE_AWAIT_TRACE events' ]
}
FEATURE_GATE_AWAIT_TRACE {
  event: 'start',
  fileName: 'backend/src/services/security/securityGovernanceOS.service.ts',
  redisOps: 'none',
  functionName: 'authorizeAccess:assertTenantIsolation',
  action: 'analytics:view',
  route: null,
  cacheStatus: 'none',
  dbQueries: [ 'tenantIsolationLedger.upsert' ]
}
FEATURE_GATE_AWAIT_TRACE {
  event: 'end',
  fileName: 'backend/src/services/security/securityGovernanceOS.service.ts',
  redisOps: 'none',
  functionName: 'authorizeAccess:assertTenantIsolation',
  durationMs: 1,
  action: 'analytics:view',
  route: null,
  cacheStatus: 'none',
  dbQueries: [ 'tenantIsolationLedger.upsert' ]
}
FEATURE_GATE_AWAIT_TRACE {
  event: 'end',
  fileName: 'backend/src/services/security/securityGovernanceOS.service.ts',
  redisOps: 'none',
  functionName: 'assertAuthorizedAccess:authorizeAccess',
  durationMs: 2,
  action: 'analytics:view',
  route: null,
  cacheStatus: 'delegated',
  dbQueries: [ 'see nested FEATURE_GATE_AWAIT_TRACE events' ]
}
FEATURE_GATE_AWAIT_TRACE {
  event: 'start',
  fileName: 'backend/src/services/security/securityGovernanceOS.service.ts',
  redisOps: 'none',
  functionName: 'authorizeAccess:attestInfraIsolation',
  action: 'analytics:view',
  route: null,
  cacheStatus: 'none',
  dbQueries: [ 'isolationAttestationLedger.create' ]
}
FEATURE_GATE_AWAIT_TRACE {
  event: 'start',
  fileName: 'backend/src/services/security/securityGovernanceOS.service.ts',
  redisOps: 'none',
  functionName: 'attestInfraIsolation:isolationAttestationLedger.upsert',
  cacheStatus: 'none',
  dbQueries: [
    'isolationAttestationLedger.upsert(isolation_attest:821779d40e1962105169bb63)'
  ],
  attestationKey: 'isolation_attest:821779d40e1962105169bb63'
}
FEATURE_GATE_AWAIT_TRACE {
  event: 'start',
  fileName: 'backend/src/services/security/securityGovernanceOS.service.ts',
  redisOps: 'none',
  functionName: 'authorizeAccess:appendAuthEvent:authorized',
  action: 'analytics:view',
  route: null,
  cacheStatus: 'none',
  dbQueries: [ 'authEventLedger.upsert' ]
}
FEATURE_GATE_AWAIT_TRACE {
  event: 'start',
  fileName: 'backend/src/services/security/securityGovernanceOS.service.ts',
  redisOps: 'none',
  functionName: 'appendAuthEvent:authEventLedger.upsert',
  cacheStatus: 'none',
  dbQueries: [ 'authEventLedger.upsert(auth_evt:c219443ebb43676d1ab4f4e7df)' ],
  eventKey: 'auth_evt:c219443ebb43676d1ab4f4e7df',
  action: 'analytics:view',
  outcome: 'ALLOWED'
}
prisma:error 
Invalid `prisma.dataAccessAuditLedger.upsert()` invocation:


Raw query failed. Code: `unknown`. Message: `Kind: Transactions are not supported by this deployment, labels: {}, source: None`
prisma:error 
Invalid `prisma.isolationAttestationLedger.upsert()` invocation:


Raw query failed. Code: `unknown`. Message: `Kind: Transactions are not supported by this deployment, labels: {}, source: None`
FEATURE_GATE_AWAIT_TRACE {
  event: 'end',
  fileName: 'backend/src/services/security/securityGovernanceOS.service.ts',
  redisOps: 'none',
  functionName: 'attestInfraIsolation:isolationAttestationLedger.upsert',
  durationMs: 3,
  cacheStatus: 'none',
  dbQueries: [
    'isolationAttestationLedger.upsert(isolation_attest:821779d40e1962105169bb63)'
  ],
  attestationKey: 'isolation_attest:821779d40e1962105169bb63'
}
FEATURE_GATE_AWAIT_TRACE {
  event: 'end',
  fileName: 'backend/src/services/security/securityGovernanceOS.service.ts',
  redisOps: 'none',
  functionName: 'authorizeAccess:attestInfraIsolation',
  durationMs: 4,
  action: 'analytics:view',
  route: null,
  cacheStatus: 'none',
  dbQueries: [ 'isolationAttestationLedger.create' ]
}
prisma:error 
Invalid `prisma.authEventLedger.upsert()` invocation:


Raw query failed. Code: `unknown`. Message: `Kind: Transactions are not supported by this deployment, labels: {}, source: None`
FEATURE_GATE_AWAIT_TRACE {
  event: 'end',
  fileName: 'backend/src/services/security/securityGovernanceOS.service.ts',
  redisOps: 'none',
  functionName: 'appendAuthEvent:authEventLedger.upsert',
  durationMs: 3,
  cacheStatus: 'none',
  dbQueries: [ 'authEventLedger.upsert(auth_evt:c219443ebb43676d1ab4f4e7df)' ],
  eventKey: 'auth_evt:c219443ebb43676d1ab4f4e7df',
  action: 'analytics:view',
  outcome: 'ALLOWED'
}
FEATURE_GATE_AWAIT_TRACE {
  event: 'end',
  fileName: 'backend/src/services/security/securityGovernanceOS.service.ts',
  redisOps: 'none',
  functionName: 'authorizeAccess:appendAuthEvent:authorized',
  durationMs: 4,
  action: 'analytics:view',
  route: null,
  cacheStatus: 'none',
  dbQueries: [ 'authEventLedger.upsert' ]
}
prisma:error 
Invalid `prisma.observabilityEventLedger.findUnique()` invocation:


Raw query failed. Code: `unknown`. Message: `Kind: Server selection timeout: No available servers. Topology: { Type: Unknown, Servers: [ { Address: localhost:27017, Type: Unknown, Error: Kind: I/O error: No connection could be made because the target machine actively refused it. (os error 10061), labels: {}, source: None } ] }, labels: {}, source: None`
prisma:error 
Invalid `prisma.observabilityEventLedger.upsert()` invocation:


Raw query failed. Code: `unknown`. Message: `Kind: Transactions are not supported by this deployment, labels: {}, source: None`
prisma:error 
Invalid `prisma.infrastructureRecoveryLedger.count()` invocation:


Raw query failed. Code: `unknown`. Message: `Kind: Server selection timeout: No available servers. Topology: { Type: Unknown, Servers: [ { Address: localhost:27017, Type: Unknown, Error: Kind: I/O error: No connection could be made because the target machine actively refused it. (os error 10061), labels: {}, source: None } ] }, labels: {}, source: None`
replay_suppressed_count {
  metric: 'replay_suppressed_count',
  value: 0,
  businessId: null,
  route: 'integrations_onboarding_recovery',
  metadata: {
    suppression: 'queue_not_writable',
    suspendMs: 60000,
    queueDepth: 0,
    redisCircuitOpen: false
  },
  recordedAt: '2026-07-06T15:55:30.026Z'
}
FEATURE_GATE_AWAIT_TRACE {
  event: 'start',
  fileName: 'backend/src/services/security/securityGovernanceOS.service.ts',
  redisOps: 'none',
  functionName: 'assertAuthorizedAccess:authorizeAccess',
  action: 'analytics:view',
  route: null,
  cacheStatus: 'delegated',
  dbQueries: [ 'see nested FEATURE_GATE_AWAIT_TRACE events' ]
}
FEATURE_GATE_AWAIT_TRACE {
  event: 'start',
  fileName: 'backend/src/services/security/securityGovernanceOS.service.ts',
  redisOps: 'none',
  functionName: 'authorizeAccess:assertTenantIsolation',
  action: 'analytics:view',
  route: null,
  cacheStatus: 'none',
  dbQueries: [ 'tenantIsolationLedger.upsert' ]
}
FEATURE_GATE_AWAIT_TRACE {
  event: 'end',
  fileName: 'backend/src/services/security/securityGovernanceOS.service.ts',
  redisOps: 'none',
  functionName: 'authorizeAccess:assertTenantIsolation',
  durationMs: 0,
  action: 'analytics:view',
  route: null,
  cacheStatus: 'none',
  dbQueries: [ 'tenantIsolationLedger.upsert' ]
}
FEATURE_GATE_AWAIT_TRACE {
  event: 'end',
  fileName: 'backend/src/services/security/securityGovernanceOS.service.ts',
  redisOps: 'none',
  functionName: 'assertAuthorizedAccess:authorizeAccess',
  durationMs: 3,
  action: 'analytics:view',
  route: null,
  cacheStatus: 'delegated',
  dbQueries: [ 'see nested FEATURE_GATE_AWAIT_TRACE events' ]
}
FEATURE_GATE_AWAIT_TRACE {
  event: 'start',
  fileName: 'backend/src/services/security/securityGovernanceOS.service.ts',
  redisOps: 'none',
  functionName: 'authorizeAccess:attestInfraIsolation',
  action: 'analytics:view',
  route: null,
  cacheStatus: 'none',
  dbQueries: [ 'isolationAttestationLedger.create' ]
}
FEATURE_GATE_AWAIT_TRACE {
  event: 'start',
  fileName: 'backend/src/services/security/securityGovernanceOS.service.ts',
  redisOps: 'none',
  functionName: 'attestInfraIsolation:isolationAttestationLedger.upsert',
  cacheStatus: 'none',
  dbQueries: [
    'isolationAttestationLedger.upsert(isolation_attest:de93a81d71fbbd63afab9c5c)'
  ],
  attestationKey: 'isolation_attest:de93a81d71fbbd63afab9c5c'
}
FEATURE_GATE_AWAIT_TRACE {
  event: 'start',
  fileName: 'backend/src/services/security/securityGovernanceOS.service.ts',
  redisOps: 'none',
  functionName: 'authorizeAccess:appendAuthEvent:authorized',
  action: 'analytics:view',
  route: null,
  cacheStatus: 'none',
  dbQueries: [ 'authEventLedger.upsert' ]
}
FEATURE_GATE_AWAIT_TRACE {
  event: 'start',
  fileName: 'backend/src/services/security/securityGovernanceOS.service.ts',
  redisOps: 'none',
  functionName: 'appendAuthEvent:authEventLedger.upsert',
  cacheStatus: 'none',
  dbQueries: [ 'authEventLedger.upsert(auth_evt:690758e43142ca971c61c7bfff)' ],
  eventKey: 'auth_evt:690758e43142ca971c61c7bfff',
  action: 'analytics:view',
  outcome: 'ALLOWED'
}
prisma:error 
Invalid `prisma.dataAccessAuditLedger.upsert()` invocation:


Raw query failed. Code: `unknown`. Message: `Kind: Transactions are not supported by this deployment, labels: {}, source: None`
prisma:error 
Invalid `prisma.isolationAttestationLedger.upsert()` invocation:


Raw query failed. Code: `unknown`. Message: `Kind: Transactions are not supported by this deployment, labels: {}, source: None`
FEATURE_GATE_AWAIT_TRACE {
  event: 'end',
  fileName: 'backend/src/services/security/securityGovernanceOS.service.ts',
  redisOps: 'none',
  functionName: 'attestInfraIsolation:isolationAttestationLedger.upsert',
  durationMs: 3,
  cacheStatus: 'none',
  dbQueries: [
    'isolationAttestationLedger.upsert(isolation_attest:de93a81d71fbbd63afab9c5c)'
  ],
  attestationKey: 'isolation_attest:de93a81d71fbbd63afab9c5c'
}
FEATURE_GATE_AWAIT_TRACE {
  event: 'end',
  fileName: 'backend/src/services/security/securityGovernanceOS.service.ts',
  redisOps: 'none',
  functionName: 'authorizeAccess:attestInfraIsolation',
  durationMs: 4,
  action: 'analytics:view',
  route: null,
  cacheStatus: 'none',
  dbQueries: [ 'isolationAttestationLedger.create' ]
}
prisma:error 
Invalid `prisma.authEventLedger.upsert()` invocation:


Raw query failed. Code: `unknown`. Message: `Kind: Transactions are not supported by this deployment, labels: {}, source: None`
FEATURE_GATE_AWAIT_TRACE {
  event: 'end',
  fileName: 'backend/src/services/security/securityGovernanceOS.service.ts',
  redisOps: 'none',
  functionName: 'appendAuthEvent:authEventLedger.upsert',
  durationMs: 3,
  cacheStatus: 'none',
  dbQueries: [ 'authEventLedger.upsert(auth_evt:690758e43142ca971c61c7bfff)' ],
  eventKey: 'auth_evt:690758e43142ca971c61c7bfff',
  action: 'analytics:view',
  outcome: 'ALLOWED'
}
FEATURE_GATE_AWAIT_TRACE {
  event: 'end',
  fileName: 'backend/src/services/security/securityGovernanceOS.service.ts',
  redisOps: 'none',
  functionName: 'authorizeAccess:appendAuthEvent:authorized',
  durationMs: 4,
  action: 'analytics:view',
  route: null,
  cacheStatus: 'none',
  dbQueries: [ 'authEventLedger.upsert' ]
}
prisma:error 
Invalid `prisma.observabilityEventLedger.findUnique()` invocation:


Raw query failed. Code: `unknown`. Message: `Kind: Server selection timeout: No available servers. Topology: { Type: Unknown, Servers: [ { Address: localhost:27017, Type: Unknown, Error: Kind: I/O error: No connection could be made because the target machine actively refused it. (os error 10061), labels: {}, source: None } ] }, labels: {}, source: None`
prisma:error 
Invalid `prisma.observabilityEventLedger.upsert()` invocation:


Raw query failed. Code: `unknown`. Message: `Kind: Transactions are not supported by this deployment, labels: {}, source: None`
prisma:error 
Invalid `prisma.infrastructureRecoveryLedger.count()` invocation:


Raw query failed. Code: `unknown`. Message: `Kind: Server selection timeout: No available servers. Topology: { Type: Unknown, Servers: [ { Address: localhost:27017, Type: Unknown, Error: Kind: I/O error: No connection could be made because the target machine actively refused it. (os error 10061), labels: {}, source: None } ] }, labels: {}, source: None`
replay_suppressed_count {
  metric: 'replay_suppressed_count',
  value: 0,
  businessId: null,
  route: 'integrations_onboarding_recovery',
  metadata: {
    suppression: 'queue_not_writable',
    suspendMs: 60000,
    queueDepth: 0,
    redisCircuitOpen: false
  },
  recordedAt: '2026-07-06T15:56:30.040Z'
}
FEATURE_GATE_AWAIT_TRACE {
  event: 'start',
  fileName: 'backend/src/services/security/securityGovernanceOS.service.ts',
  redisOps: 'none',
  functionName: 'assertAuthorizedAccess:authorizeAccess',
  action: 'analytics:view',
  route: null,
  cacheStatus: 'delegated',
  dbQueries: [ 'see nested FEATURE_GATE_AWAIT_TRACE events' ]
}
FEATURE_GATE_AWAIT_TRACE {
  event: 'start',
  fileName: 'backend/src/services/security/securityGovernanceOS.service.ts',
  redisOps: 'none',
  functionName: 'authorizeAccess:assertTenantIsolation',
  action: 'analytics:view',
  route: null,
  cacheStatus: 'none',
  dbQueries: [ 'tenantIsolationLedger.upsert' ]
}
FEATURE_GATE_AWAIT_TRACE {
  event: 'end',
  fileName: 'backend/src/services/security/securityGovernanceOS.service.ts',
  redisOps: 'none',
  functionName: 'authorizeAccess:assertTenantIsolation',
  durationMs: 1,
  action: 'analytics:view',
  route: null,
  cacheStatus: 'none',
  dbQueries: [ 'tenantIsolationLedger.upsert' ]
}
FEATURE_GATE_AWAIT_TRACE {
  event: 'end',
  fileName: 'backend/src/services/security/securityGovernanceOS.service.ts',
  redisOps: 'none',
  functionName: 'assertAuthorizedAccess:authorizeAccess',
  durationMs: 2,
  action: 'analytics:view',
  route: null,
  cacheStatus: 'delegated',
  dbQueries: [ 'see nested FEATURE_GATE_AWAIT_TRACE events' ]
}
FEATURE_GATE_AWAIT_TRACE {
  event: 'start',
  fileName: 'backend/src/services/security/securityGovernanceOS.service.ts',
  redisOps: 'none',
  functionName: 'authorizeAccess:attestInfraIsolation',
  action: 'analytics:view',
  route: null,
  cacheStatus: 'none',
  dbQueries: [ 'isolationAttestationLedger.create' ]
}
FEATURE_GATE_AWAIT_TRACE {
  event: 'start',
  fileName: 'backend/src/services/security/securityGovernanceOS.service.ts',
  redisOps: 'none',
  functionName: 'attestInfraIsolation:isolationAttestationLedger.upsert',
  cacheStatus: 'none',
  dbQueries: [
    'isolationAttestationLedger.upsert(isolation_attest:457f7fce9b94ee525de3d685)'
  ],
  attestationKey: 'isolation_attest:457f7fce9b94ee525de3d685'
}
FEATURE_GATE_AWAIT_TRACE {
  event: 'start',
  fileName: 'backend/src/services/security/securityGovernanceOS.service.ts',
  redisOps: 'none',
  functionName: 'authorizeAccess:appendAuthEvent:authorized',
  action: 'analytics:view',
  route: null,
  cacheStatus: 'none',
  dbQueries: [ 'authEventLedger.upsert' ]
}
FEATURE_GATE_AWAIT_TRACE {
  event: 'start',
  fileName: 'backend/src/services/security/securityGovernanceOS.service.ts',
  redisOps: 'none',
  functionName: 'appendAuthEvent:authEventLedger.upsert',
  cacheStatus: 'none',
  dbQueries: [ 'authEventLedger.upsert(auth_evt:d65c9d44244df9c1a4759b80ab)' ],
  eventKey: 'auth_evt:d65c9d44244df9c1a4759b80ab',
  action: 'analytics:view',
  outcome: 'ALLOWED'
}
prisma:error 
Invalid `prisma.dataAccessAuditLedger.upsert()` invocation:


Raw query failed. Code: `unknown`. Message: `Kind: Transactions are not supported by this deployment, labels: {}, source: None`
prisma:error 
Invalid `prisma.isolationAttestationLedger.upsert()` invocation:


Raw query failed. Code: `unknown`. Message: `Kind: Transactions are not supported by this deployment, labels: {}, source: None`
FEATURE_GATE_AWAIT_TRACE {
  event: 'end',
  fileName: 'backend/src/services/security/securityGovernanceOS.service.ts',
  redisOps: 'none',
  functionName: 'attestInfraIsolation:isolationAttestationLedger.upsert',
  durationMs: 4,
  cacheStatus: 'none',
  dbQueries: [
    'isolationAttestationLedger.upsert(isolation_attest:457f7fce9b94ee525de3d685)'
  ],
  attestationKey: 'isolation_attest:457f7fce9b94ee525de3d685'
}
FEATURE_GATE_AWAIT_TRACE {
  event: 'end',
  fileName: 'backend/src/services/security/securityGovernanceOS.service.ts',
  redisOps: 'none',
  functionName: 'authorizeAccess:attestInfraIsolation',
  durationMs: 4,
  action: 'analytics:view',
  route: null,
  cacheStatus: 'none',
  dbQueries: [ 'isolationAttestationLedger.create' ]
}
prisma:error 
Invalid `prisma.authEventLedger.upsert()` invocation:


Raw query failed. Code: `unknown`. Message: `Kind: Transactions are not supported by this deployment, labels: {}, source: None`
FEATURE_GATE_AWAIT_TRACE {
  event: 'end',
  fileName: 'backend/src/services/security/securityGovernanceOS.service.ts',
  redisOps: 'none',
  functionName: 'appendAuthEvent:authEventLedger.upsert',
  durationMs: 3,
  cacheStatus: 'none',
  dbQueries: [ 'authEventLedger.upsert(auth_evt:d65c9d44244df9c1a4759b80ab)' ],
  eventKey: 'auth_evt:d65c9d44244df9c1a4759b80ab',
  action: 'analytics:view',
  outcome: 'ALLOWED'
}
FEATURE_GATE_AWAIT_TRACE {
  event: 'end',
  fileName: 'backend/src/services/security/securityGovernanceOS.service.ts',
  redisOps: 'none',
  functionName: 'authorizeAccess:appendAuthEvent:authorized',
  durationMs: 4,
  action: 'analytics:view',
  route: null,
  cacheStatus: 'none',
  dbQueries: [ 'authEventLedger.upsert' ]
}
prisma:error 
Invalid `prisma.observabilityEventLedger.findUnique()` invocation:


Raw query failed. Code: `unknown`. Message: `Kind: Server selection timeout: No available servers. Topology: { Type: Unknown, Servers: [ { Address: localhost:27017, Type: Unknown, Error: Kind: I/O error: No connection could be made because the target machine actively refused it. (os error 10061), labels: {}, source: None } ] }, labels: {}, source: None`
prisma:error 
Invalid `prisma.observabilityEventLedger.upsert()` invocation:


Raw query failed. Code: `unknown`. Message: `Kind: Transactions are not supported by this deployment, labels: {}, source: None`
prisma:error 
Invalid `prisma.infrastructureRecoveryLedger.count()` invocation:


Raw query failed. Code: `unknown`. Message: `Kind: Server selection timeout: No available servers. Topology: { Type: Unknown, Servers: [ { Address: localhost:27017, Type: Unknown, Error: Kind: I/O error: No connection could be made because the target machine actively refused it. (os error 10061), labels: {}, source: None } ] }, labels: {}, source: None`
replay_suppressed_count {
  metric: 'replay_suppressed_count',
  value: 0,
  businessId: null,
  route: 'integrations_onboarding_recovery',
  metadata: {
    suppression: 'queue_not_writable',
    suspendMs: 60000,
    queueDepth: 0,
    redisCircuitOpen: false
  },
  recordedAt: '2026-07-06T15:57:30.041Z'
}
FEATURE_GATE_AWAIT_TRACE {
  event: 'start',
  fileName: 'backend/src/services/security/securityGovernanceOS.service.ts',
  redisOps: 'none',
  functionName: 'assertAuthorizedAccess:authorizeAccess',
  action: 'analytics:view',
  route: null,
  cacheStatus: 'delegated',
  dbQueries: [ 'see nested FEATURE_GATE_AWAIT_TRACE events' ]
}
FEATURE_GATE_AWAIT_TRACE {
  event: 'start',
  fileName: 'backend/src/services/security/securityGovernanceOS.service.ts',
  redisOps: 'none',
  functionName: 'authorizeAccess:assertTenantIsolation',
  action: 'analytics:view',
  route: null,
  cacheStatus: 'none',
  dbQueries: [ 'tenantIsolationLedger.upsert' ]
}
FEATURE_GATE_AWAIT_TRACE {
  event: 'end',
  fileName: 'backend/src/services/security/securityGovernanceOS.service.ts',
  redisOps: 'none',
  functionName: 'authorizeAccess:assertTenantIsolation',
  durationMs: 1,
  action: 'analytics:view',
  route: null,
  cacheStatus: 'none',
  dbQueries: [ 'tenantIsolationLedger.upsert' ]
}
FEATURE_GATE_AWAIT_TRACE {
  event: 'end',
  fileName: 'backend/src/services/security/securityGovernanceOS.service.ts',
  redisOps: 'none',
  functionName: 'assertAuthorizedAccess:authorizeAccess',
  durationMs: 2,
  action: 'analytics:view',
  route: null,
  cacheStatus: 'delegated',
  dbQueries: [ 'see nested FEATURE_GATE_AWAIT_TRACE events' ]
}
FEATURE_GATE_AWAIT_TRACE {
  event: 'start',
  fileName: 'backend/src/services/security/securityGovernanceOS.service.ts',
  redisOps: 'none',
  functionName: 'authorizeAccess:attestInfraIsolation',
  action: 'analytics:view',
  route: null,
  cacheStatus: 'none',
  dbQueries: [ 'isolationAttestationLedger.create' ]
}
FEATURE_GATE_AWAIT_TRACE {
  event: 'start',
  fileName: 'backend/src/services/security/securityGovernanceOS.service.ts',
  redisOps: 'none',
  functionName: 'attestInfraIsolation:isolationAttestationLedger.upsert',
  cacheStatus: 'none',
  dbQueries: [
    'isolationAttestationLedger.upsert(isolation_attest:c8d79a8757f7f93c26cd785f)'
  ],
  attestationKey: 'isolation_attest:c8d79a8757f7f93c26cd785f'
}
FEATURE_GATE_AWAIT_TRACE {
  event: 'start',
  fileName: 'backend/src/services/security/securityGovernanceOS.service.ts',
  redisOps: 'none',
  functionName: 'authorizeAccess:appendAuthEvent:authorized',
  action: 'analytics:view',
  route: null,
  cacheStatus: 'none',
  dbQueries: [ 'authEventLedger.upsert' ]
}
FEATURE_GATE_AWAIT_TRACE {
  event: 'start',
  fileName: 'backend/src/services/security/securityGovernanceOS.service.ts',
  redisOps: 'none',
  functionName: 'appendAuthEvent:authEventLedger.upsert',
  cacheStatus: 'none',
  dbQueries: [ 'authEventLedger.upsert(auth_evt:3372b99827573224740bdc6434)' ],
  eventKey: 'auth_evt:3372b99827573224740bdc6434',
  action: 'analytics:view',
  outcome: 'ALLOWED'
}
prisma:error 
Invalid `prisma.dataAccessAuditLedger.upsert()` invocation:


Raw query failed. Code: `unknown`. Message: `Kind: Transactions are not supported by this deployment, labels: {}, source: None`
prisma:error 
Invalid `prisma.isolationAttestationLedger.upsert()` invocation:


Raw query failed. Code: `unknown`. Message: `Kind: Transactions are not supported by this deployment, labels: {}, source: None`
FEATURE_GATE_AWAIT_TRACE {
  event: 'end',
  fileName: 'backend/src/services/security/securityGovernanceOS.service.ts',
  redisOps: 'none',
  functionName: 'attestInfraIsolation:isolationAttestationLedger.upsert',
  durationMs: 4,
  cacheStatus: 'none',
  dbQueries: [
    'isolationAttestationLedger.upsert(isolation_attest:c8d79a8757f7f93c26cd785f)'
  ],
  attestationKey: 'isolation_attest:c8d79a8757f7f93c26cd785f'
}
FEATURE_GATE_AWAIT_TRACE {
  event: 'end',
  fileName: 'backend/src/services/security/securityGovernanceOS.service.ts',
  redisOps: 'none',
  functionName: 'authorizeAccess:attestInfraIsolation',
  durationMs: 4,
  action: 'analytics:view',
  route: null,
  cacheStatus: 'none',
  dbQueries: [ 'isolationAttestationLedger.create' ]
}
prisma:error 
Invalid `prisma.authEventLedger.upsert()` invocation:


Raw query failed. Code: `unknown`. Message: `Kind: Transactions are not supported by this deployment, labels: {}, source: None`
FEATURE_GATE_AWAIT_TRACE {
  event: 'end',
  fileName: 'backend/src/services/security/securityGovernanceOS.service.ts',
  redisOps: 'none',
  functionName: 'appendAuthEvent:authEventLedger.upsert',
  durationMs: 3,
  cacheStatus: 'none',
  dbQueries: [ 'authEventLedger.upsert(auth_evt:3372b99827573224740bdc6434)' ],
  eventKey: 'auth_evt:3372b99827573224740bdc6434',
  action: 'analytics:view',
  outcome: 'ALLOWED'
}
FEATURE_GATE_AWAIT_TRACE {
  event: 'end',
  fileName: 'backend/src/services/security/securityGovernanceOS.service.ts',
  redisOps: 'none',
  functionName: 'authorizeAccess:appendAuthEvent:authorized',
  durationMs: 4,
  action: 'analytics:view',
  route: null,
  cacheStatus: 'none',
  dbQueries: [ 'authEventLedger.upsert' ]
}
prisma:error 
Invalid `prisma.observabilityEventLedger.findUnique()` invocation:


Raw query failed. Code: `unknown`. Message: `Kind: Server selection timeout: No available servers. Topology: { Type: Unknown, Servers: [ { Address: localhost:27017, Type: Unknown, Error: Kind: I/O error: No connection could be made because the target machine actively refused it. (os error 10061), labels: {}, source: None } ] }, labels: {}, source: None`
prisma:error 
Invalid `prisma.observabilityEventLedger.upsert()` invocation:


Raw query failed. Code: `unknown`. Message: `Kind: Transactions are not supported by this deployment, labels: {}, source: None`
prisma:error 
Invalid `prisma.infrastructureRecoveryLedger.count()` invocation:


Raw query failed. Code: `unknown`. Message: `Kind: Server selection timeout: No available servers. Topology: { Type: Unknown, Servers: [ { Address: localhost:27017, Type: Unknown, Error: Kind: I/O error: No connection could be made because the target machine actively refused it. (os error 10061), labels: {}, source: None } ] }, labels: {}, source: None`
replay_suppressed_count {
  metric: 'replay_suppressed_count',
  value: 0,
  businessId: null,
  route: 'integrations_onboarding_recovery',
  metadata: {
    suppression: 'queue_not_writable',
    suspendMs: 60000,
    queueDepth: 0,
    redisCircuitOpen: false
  },
  recordedAt: '2026-07-06T15:58:30.040Z'
}
FEATURE_GATE_AWAIT_TRACE {
  event: 'start',
  fileName: 'backend/src/services/security/securityGovernanceOS.service.ts',
  redisOps: 'none',
  functionName: 'assertAuthorizedAccess:authorizeAccess',
  action: 'analytics:view',
  route: null,
  cacheStatus: 'delegated',
  dbQueries: [ 'see nested FEATURE_GATE_AWAIT_TRACE events' ]
}
FEATURE_GATE_AWAIT_TRACE {
  event: 'start',
  fileName: 'backend/src/services/security/securityGovernanceOS.service.ts',
  redisOps: 'none',
  functionName: 'authorizeAccess:assertTenantIsolation',
  action: 'analytics:view',
  route: null,
  cacheStatus: 'none',
  dbQueries: [ 'tenantIsolationLedger.upsert' ]
}
FEATURE_GATE_AWAIT_TRACE {
  event: 'end',
  fileName: 'backend/src/services/security/securityGovernanceOS.service.ts',
  redisOps: 'none',
  functionName: 'authorizeAccess:assertTenantIsolation',
  durationMs: 0,
  action: 'analytics:view',
  route: null,
  cacheStatus: 'none',
  dbQueries: [ 'tenantIsolationLedger.upsert' ]
}
FEATURE_GATE_AWAIT_TRACE {
  event: 'end',
  fileName: 'backend/src/services/security/securityGovernanceOS.service.ts',
  redisOps: 'none',
  functionName: 'assertAuthorizedAccess:authorizeAccess',
  durationMs: 1,
  action: 'analytics:view',
  route: null,
  cacheStatus: 'delegated',
  dbQueries: [ 'see nested FEATURE_GATE_AWAIT_TRACE events' ]
}
FEATURE_GATE_AWAIT_TRACE {
  event: 'start',
  fileName: 'backend/src/services/security/securityGovernanceOS.service.ts',
  redisOps: 'none',
  functionName: 'authorizeAccess:attestInfraIsolation',
  action: 'analytics:view',
  route: null,
  cacheStatus: 'none',
  dbQueries: [ 'isolationAttestationLedger.create' ]
}
FEATURE_GATE_AWAIT_TRACE {
  event: 'start',
  fileName: 'backend/src/services/security/securityGovernanceOS.service.ts',
  redisOps: 'none',
  functionName: 'attestInfraIsolation:isolationAttestationLedger.upsert',
  cacheStatus: 'none',
  dbQueries: [
    'isolationAttestationLedger.upsert(isolation_attest:feef2f2cd9d2636041786e76)'
  ],
  attestationKey: 'isolation_attest:feef2f2cd9d2636041786e76'
}
FEATURE_GATE_AWAIT_TRACE {
  event: 'start',
  fileName: 'backend/src/services/security/securityGovernanceOS.service.ts',
  redisOps: 'none',
  functionName: 'authorizeAccess:appendAuthEvent:authorized',
  action: 'analytics:view',
  route: null,
  cacheStatus: 'none',
  dbQueries: [ 'authEventLedger.upsert' ]
}
FEATURE_GATE_AWAIT_TRACE {
  event: 'start',
  fileName: 'backend/src/services/security/securityGovernanceOS.service.ts',
  redisOps: 'none',
  functionName: 'appendAuthEvent:authEventLedger.upsert',
  cacheStatus: 'none',
  dbQueries: [ 'authEventLedger.upsert(auth_evt:41e0b810455515bdab106af266)' ],
  eventKey: 'auth_evt:41e0b810455515bdab106af266',
  action: 'analytics:view',
  outcome: 'ALLOWED'
}
prisma:error 
Invalid `prisma.dataAccessAuditLedger.upsert()` invocation:


Raw query failed. Code: `unknown`. Message: `Kind: Transactions are not supported by this deployment, labels: {}, source: None`
prisma:error 
Invalid `prisma.isolationAttestationLedger.upsert()` invocation:


Raw query failed. Code: `unknown`. Message: `Kind: Transactions are not supported by this deployment, labels: {}, source: None`
FEATURE_GATE_AWAIT_TRACE {
  event: 'end',
  fileName: 'backend/src/services/security/securityGovernanceOS.service.ts',
  redisOps: 'none',
  functionName: 'attestInfraIsolation:isolationAttestationLedger.upsert',
  durationMs: 4,
  cacheStatus: 'none',
  dbQueries: [
    'isolationAttestationLedger.upsert(isolation_attest:feef2f2cd9d2636041786e76)'
  ],
  attestationKey: 'isolation_attest:feef2f2cd9d2636041786e76'
}
FEATURE_GATE_AWAIT_TRACE {
  event: 'end',
  fileName: 'backend/src/services/security/securityGovernanceOS.service.ts',
  redisOps: 'none',
  functionName: 'authorizeAccess:attestInfraIsolation',
  durationMs: 6,
  action: 'analytics:view',
  route: null,
  cacheStatus: 'none',
  dbQueries: [ 'isolationAttestationLedger.create' ]
}
prisma:error 
Invalid `prisma.authEventLedger.upsert()` invocation:


Raw query failed. Code: `unknown`. Message: `Kind: Transactions are not supported by this deployment, labels: {}, source: None`
FEATURE_GATE_AWAIT_TRACE {
  event: 'end',
  fileName: 'backend/src/services/security/securityGovernanceOS.service.ts',
  redisOps: 'none',
  functionName: 'appendAuthEvent:authEventLedger.upsert',
  durationMs: 4,
  cacheStatus: 'none',
  dbQueries: [ 'authEventLedger.upsert(auth_evt:41e0b810455515bdab106af266)' ],
  eventKey: 'auth_evt:41e0b810455515bdab106af266',
  action: 'analytics:view',
  outcome: 'ALLOWED'
}
FEATURE_GATE_AWAIT_TRACE {
  event: 'end',
  fileName: 'backend/src/services/security/securityGovernanceOS.service.ts',
  redisOps: 'none',
  functionName: 'authorizeAccess:appendAuthEvent:authorized',
  durationMs: 5,
  action: 'analytics:view',
  route: null,
  cacheStatus: 'none',
  dbQueries: [ 'authEventLedger.upsert' ]
}
prisma:error 
Invalid `prisma.observabilityEventLedger.findUnique()` invocation:


Raw query failed. Code: `unknown`. Message: `Kind: Server selection timeout: No available servers. Topology: { Type: Unknown, Servers: [ { Address: localhost:27017, Type: Unknown, Error: Kind: I/O error: No connection could be made because the target machine actively refused it. (os error 10061), labels: {}, source: None } ] }, labels: {}, source: None`
prisma:error 
Invalid `prisma.observabilityEventLedger.upsert()` invocation:


Raw query failed. Code: `unknown`. Message: `Kind: Transactions are not supported by this deployment, labels: {}, source: None`
prisma:error 
Invalid `prisma.infrastructureRecoveryLedger.count()` invocation:


Raw query failed. Code: `unknown`. Message: `Kind: Server selection timeout: No available servers. Topology: { Type: Unknown, Servers: [ { Address: localhost:27017, Type: Unknown, Error: Kind: I/O error: No connection could be made because the target machine actively refused it. (os error 10061), labels: {}, source: None } ] }, labels: {}, source: None`
replay_suppressed_count {
  metric: 'replay_suppressed_count',
  value: 0,
  businessId: null,
  route: 'integrations_onboarding_recovery',
  metadata: {
    suppression: 'queue_not_writable',
    suspendMs: 60000,
    queueDepth: 0,
    redisCircuitOpen: false
  },
  recordedAt: '2026-07-06T15:59:30.043Z'
}
FEATURE_GATE_AWAIT_TRACE {
  event: 'start',
  fileName: 'backend/src/services/security/securityGovernanceOS.service.ts',
  redisOps: 'none',
  functionName: 'assertAuthorizedAccess:authorizeAccess',
  action: 'analytics:view',
  route: null,
  cacheStatus: 'delegated',
  dbQueries: [ 'see nested FEATURE_GATE_AWAIT_TRACE events' ]
}
FEATURE_GATE_AWAIT_TRACE {
  event: 'start',
  fileName: 'backend/src/services/security/securityGovernanceOS.service.ts',
  redisOps: 'none',
  functionName: 'authorizeAccess:assertTenantIsolation',
  action: 'analytics:view',
  route: null,
  cacheStatus: 'none',
  dbQueries: [ 'tenantIsolationLedger.upsert' ]
}
FEATURE_GATE_AWAIT_TRACE {
  event: 'end',
  fileName: 'backend/src/services/security/securityGovernanceOS.service.ts',
  redisOps: 'none',
  functionName: 'authorizeAccess:assertTenantIsolation',
  durationMs: 0,
  action: 'analytics:view',
  route: null,
  cacheStatus: 'none',
  dbQueries: [ 'tenantIsolationLedger.upsert' ]
}
FEATURE_GATE_AWAIT_TRACE {
  event: 'end',
  fileName: 'backend/src/services/security/securityGovernanceOS.service.ts',
  redisOps: 'none',
  functionName: 'assertAuthorizedAccess:authorizeAccess',
  durationMs: 1,
  action: 'analytics:view',
  route: null,
  cacheStatus: 'delegated',
  dbQueries: [ 'see nested FEATURE_GATE_AWAIT_TRACE events' ]
}
FEATURE_GATE_AWAIT_TRACE {
  event: 'start',
  fileName: 'backend/src/services/security/securityGovernanceOS.service.ts',
  redisOps: 'none',
  functionName: 'authorizeAccess:attestInfraIsolation',
  action: 'analytics:view',
  route: null,
  cacheStatus: 'none',
  dbQueries: [ 'isolationAttestationLedger.create' ]
}
FEATURE_GATE_AWAIT_TRACE {
  event: 'start',
  fileName: 'backend/src/services/security/securityGovernanceOS.service.ts',
  redisOps: 'none',
  functionName: 'attestInfraIsolation:isolationAttestationLedger.upsert',
  cacheStatus: 'none',
  dbQueries: [
    'isolationAttestationLedger.upsert(isolation_attest:047d349d41a78a5bd2cd4f47)'
  ],
  attestationKey: 'isolation_attest:047d349d41a78a5bd2cd4f47'
}
FEATURE_GATE_AWAIT_TRACE {
  event: 'start',
  fileName: 'backend/src/services/security/securityGovernanceOS.service.ts',
  redisOps: 'none',
  functionName: 'authorizeAccess:appendAuthEvent:authorized',
  action: 'analytics:view',
  route: null,
  cacheStatus: 'none',
  dbQueries: [ 'authEventLedger.upsert' ]
}
FEATURE_GATE_AWAIT_TRACE {
  event: 'start',
  fileName: 'backend/src/services/security/securityGovernanceOS.service.ts',
  redisOps: 'none',
  functionName: 'appendAuthEvent:authEventLedger.upsert',
  cacheStatus: 'none',
  dbQueries: [ 'authEventLedger.upsert(auth_evt:c75ce3e38e84abf9db1f3a57e0)' ],
  eventKey: 'auth_evt:c75ce3e38e84abf9db1f3a57e0',
  action: 'analytics:view',
  outcome: 'ALLOWED'
}
prisma:error 
Invalid `prisma.dataAccessAuditLedger.upsert()` invocation:


Raw query failed. Code: `unknown`. Message: `Kind: Transactions are not supported by this deployment, labels: {}, source: None`
prisma:error 
Invalid `prisma.isolationAttestationLedger.upsert()` invocation:


Raw query failed. Code: `unknown`. Message: `Kind: Transactions are not supported by this deployment, labels: {}, source: None`
FEATURE_GATE_AWAIT_TRACE {
  event: 'end',
  fileName: 'backend/src/services/security/securityGovernanceOS.service.ts',
  redisOps: 'none',
  functionName: 'attestInfraIsolation:isolationAttestationLedger.upsert',
  durationMs: 3,
  cacheStatus: 'none',
  dbQueries: [
    'isolationAttestationLedger.upsert(isolation_attest:047d349d41a78a5bd2cd4f47)'
  ],
  attestationKey: 'isolation_attest:047d349d41a78a5bd2cd4f47'
}
FEATURE_GATE_AWAIT_TRACE {
  event: 'end',
  fileName: 'backend/src/services/security/securityGovernanceOS.service.ts',
  redisOps: 'none',
  functionName: 'authorizeAccess:attestInfraIsolation',
  durationMs: 4,
  action: 'analytics:view',
  route: null,
  cacheStatus: 'none',
  dbQueries: [ 'isolationAttestationLedger.create' ]
}
prisma:error 
Invalid `prisma.authEventLedger.upsert()` invocation:


Raw query failed. Code: `unknown`. Message: `Kind: Transactions are not supported by this deployment, labels: {}, source: None`
FEATURE_GATE_AWAIT_TRACE {
  event: 'end',
  fileName: 'backend/src/services/security/securityGovernanceOS.service.ts',
  redisOps: 'none',
  functionName: 'appendAuthEvent:authEventLedger.upsert',
  durationMs: 3,
  cacheStatus: 'none',
  dbQueries: [ 'authEventLedger.upsert(auth_evt:c75ce3e38e84abf9db1f3a57e0)' ],
  eventKey: 'auth_evt:c75ce3e38e84abf9db1f3a57e0',
  action: 'analytics:view',
  outcome: 'ALLOWED'
}
FEATURE_GATE_AWAIT_TRACE {
  event: 'end',
  fileName: 'backend/src/services/security/securityGovernanceOS.service.ts',
  redisOps: 'none',
  functionName: 'authorizeAccess:appendAuthEvent:authorized',
  durationMs: 4,
  action: 'analytics:view',
  route: null,
  cacheStatus: 'none',
  dbQueries: [ 'authEventLedger.upsert' ]
}
prisma:error 
Invalid `prisma.observabilityEventLedger.findUnique()` invocation:


Raw query failed. Code: `unknown`. Message: `Kind: Server selection timeout: No available servers. Topology: { Type: Unknown, Servers: [ { Address: localhost:27017, Type: Unknown, Error: Kind: I/O error: No connection could be made because the target machine actively refused it. (os error 10061), labels: {}, source: None } ] }, labels: {}, source: None`
prisma:error 
Invalid `prisma.observabilityEventLedger.upsert()` invocation:


Raw query failed. Code: `unknown`. Message: `Kind: Transactions are not supported by this deployment, labels: {}, source: None`
prisma:error 
Invalid `prisma.infrastructureRecoveryLedger.count()` invocation:


Raw query failed. Code: `unknown`. Message: `Kind: Server selection timeout: No available servers. Topology: { Type: Unknown, Servers: [ { Address: localhost:27017, Type: Unknown, Error: Kind: I/O error: No connection could be made because the target machine actively refused it. (os error 10061), labels: {}, source: None } ] }, labels: {}, source: None`
replay_suppressed_count {
  metric: 'replay_suppressed_count',
  value: 0,
  businessId: null,
  route: 'integrations_onboarding_recovery',
  metadata: {
    suppression: 'queue_not_writable',
    suspendMs: 60000,
    queueDepth: 0,
    redisCircuitOpen: false
  },
  recordedAt: '2026-07-06T16:00:30.039Z'
}
FEATURE_GATE_AWAIT_TRACE {
  event: 'start',
  fileName: 'backend/src/services/security/securityGovernanceOS.service.ts',
  redisOps: 'none',
  functionName: 'assertAuthorizedAccess:authorizeAccess',
  action: 'analytics:view',
  route: null,
  cacheStatus: 'delegated',
  dbQueries: [ 'see nested FEATURE_GATE_AWAIT_TRACE events' ]
}
FEATURE_GATE_AWAIT_TRACE {
  event: 'start',
  fileName: 'backend/src/services/security/securityGovernanceOS.service.ts',
  redisOps: 'none',
  functionName: 'authorizeAccess:assertTenantIsolation',
  action: 'analytics:view',
  route: null,
  cacheStatus: 'none',
  dbQueries: [ 'tenantIsolationLedger.upsert' ]
}
FEATURE_GATE_AWAIT_TRACE {
  event: 'end',
  fileName: 'backend/src/services/security/securityGovernanceOS.service.ts',
  redisOps: 'none',
  functionName: 'authorizeAccess:assertTenantIsolation',
  durationMs: 1,
  action: 'analytics:view',
  route: null,
  cacheStatus: 'none',
  dbQueries: [ 'tenantIsolationLedger.upsert' ]
}
FEATURE_GATE_AWAIT_TRACE {
  event: 'end',
  fileName: 'backend/src/services/security/securityGovernanceOS.service.ts',
  redisOps: 'none',
  functionName: 'assertAuthorizedAccess:authorizeAccess',
  durationMs: 2,
  action: 'analytics:view',
  route: null,
  cacheStatus: 'delegated',
  dbQueries: [ 'see nested FEATURE_GATE_AWAIT_TRACE events' ]
}
FEATURE_GATE_AWAIT_TRACE {
  event: 'start',
  fileName: 'backend/src/services/security/securityGovernanceOS.service.ts',
  redisOps: 'none',
  functionName: 'authorizeAccess:attestInfraIsolation',
  action: 'analytics:view',
  route: null,
  cacheStatus: 'none',
  dbQueries: [ 'isolationAttestationLedger.create' ]
}
FEATURE_GATE_AWAIT_TRACE {
  event: 'start',
  fileName: 'backend/src/services/security/securityGovernanceOS.service.ts',
  redisOps: 'none',
  functionName: 'attestInfraIsolation:isolationAttestationLedger.upsert',
  cacheStatus: 'none',
  dbQueries: [
    'isolationAttestationLedger.upsert(isolation_attest:5c18d3ebe570c67b2b2df541)'
  ],
  attestationKey: 'isolation_attest:5c18d3ebe570c67b2b2df541'
}
FEATURE_GATE_AWAIT_TRACE {
  event: 'start',
  fileName: 'backend/src/services/security/securityGovernanceOS.service.ts',
  redisOps: 'none',
  functionName: 'authorizeAccess:appendAuthEvent:authorized',
  action: 'analytics:view',
  route: null,
  cacheStatus: 'none',
  dbQueries: [ 'authEventLedger.upsert' ]
}
FEATURE_GATE_AWAIT_TRACE {
  event: 'start',
  fileName: 'backend/src/services/security/securityGovernanceOS.service.ts',
  redisOps: 'none',
  functionName: 'appendAuthEvent:authEventLedger.upsert',
  cacheStatus: 'none',
  dbQueries: [ 'authEventLedger.upsert(auth_evt:0a435e265515ec36ba6211bded)' ],
  eventKey: 'auth_evt:0a435e265515ec36ba6211bded',
  action: 'analytics:view',
  outcome: 'ALLOWED'
}
prisma:error 
Invalid `prisma.dataAccessAuditLedger.upsert()` invocation:


Raw query failed. Code: `unknown`. Message: `Kind: Transactions are not supported by this deployment, labels: {}, source: None`
prisma:error 
Invalid `prisma.isolationAttestationLedger.upsert()` invocation:


Raw query failed. Code: `unknown`. Message: `Kind: Transactions are not supported by this deployment, labels: {}, source: None`
FEATURE_GATE_AWAIT_TRACE {
  event: 'end',
  fileName: 'backend/src/services/security/securityGovernanceOS.service.ts',
  redisOps: 'none',
  functionName: 'attestInfraIsolation:isolationAttestationLedger.upsert',
  durationMs: 5,
  cacheStatus: 'none',
  dbQueries: [
    'isolationAttestationLedger.upsert(isolation_attest:5c18d3ebe570c67b2b2df541)'
  ],
  attestationKey: 'isolation_attest:5c18d3ebe570c67b2b2df541'
}
FEATURE_GATE_AWAIT_TRACE {
  event: 'end',
  fileName: 'backend/src/services/security/securityGovernanceOS.service.ts',
  redisOps: 'none',
  functionName: 'authorizeAccess:attestInfraIsolation',
  durationMs: 5,
  action: 'analytics:view',
  route: null,
  cacheStatus: 'none',
  dbQueries: [ 'isolationAttestationLedger.create' ]
}
prisma:error 
Invalid `prisma.authEventLedger.upsert()` invocation:


Raw query failed. Code: `unknown`. Message: `Kind: Transactions are not supported by this deployment, labels: {}, source: None`
FEATURE_GATE_AWAIT_TRACE {
  event: 'end',
  fileName: 'backend/src/services/security/securityGovernanceOS.service.ts',
  redisOps: 'none',
  functionName: 'appendAuthEvent:authEventLedger.upsert',
  durationMs: 4,
  cacheStatus: 'none',
  dbQueries: [ 'authEventLedger.upsert(auth_evt:0a435e265515ec36ba6211bded)' ],
  eventKey: 'auth_evt:0a435e265515ec36ba6211bded',
  action: 'analytics:view',
  outcome: 'ALLOWED'
}
FEATURE_GATE_AWAIT_TRACE {
  event: 'end',
  fileName: 'backend/src/services/security/securityGovernanceOS.service.ts',
  redisOps: 'none',
  functionName: 'authorizeAccess:appendAuthEvent:authorized',
  durationMs: 4,
  action: 'analytics:view',
  route: null,
  cacheStatus: 'none',
  dbQueries: [ 'authEventLedger.upsert' ]
}
prisma:error 
Invalid `prisma.observabilityEventLedger.findUnique()` invocation:


Raw query failed. Code: `unknown`. Message: `Kind: Server selection timeout: No available servers. Topology: { Type: Unknown, Servers: [ { Address: localhost:27017, Type: Unknown, Error: Kind: I/O error: No connection could be made because the target machine actively refused it. (os error 10061), labels: {}, source: None } ] }, labels: {}, source: None`
prisma:error 
Invalid `prisma.observabilityEventLedger.upsert()` invocation:


Raw query failed. Code: `unknown`. Message: `Kind: Transactions are not supported by this deployment, labels: {}, source: None`
prisma:error 
Invalid `prisma.infrastructureRecoveryLedger.count()` invocation:


Raw query failed. Code: `unknown`. Message: `Kind: Server selection timeout: No available servers. Topology: { Type: Unknown, Servers: [ { Address: localhost:27017, Type: Unknown, Error: Kind: I/O error: No connection could be made because the target machine actively refused it. (os error 10061), labels: {}, source: None } ] }, labels: {}, source: None`
replay_suppressed_count {
  metric: 'replay_suppressed_count',
  value: 0,
  businessId: null,
  route: 'integrations_onboarding_recovery',
  metadata: {
    suppression: 'queue_not_writable',
    suspendMs: 60000,
    queueDepth: 0,
    redisCircuitOpen: false
  },
  recordedAt: '2026-07-06T16:01:30.042Z'
}
FEATURE_GATE_AWAIT_TRACE {
  event: 'start',
  fileName: 'backend/src/services/security/securityGovernanceOS.service.ts',
  redisOps: 'none',
  functionName: 'assertAuthorizedAccess:authorizeAccess',
  action: 'analytics:view',
  route: null,
  cacheStatus: 'delegated',
  dbQueries: [ 'see nested FEATURE_GATE_AWAIT_TRACE events' ]
}
FEATURE_GATE_AWAIT_TRACE {
  event: 'start',
  fileName: 'backend/src/services/security/securityGovernanceOS.service.ts',
  redisOps: 'none',
  functionName: 'authorizeAccess:assertTenantIsolation',
  action: 'analytics:view',
  route: null,
  cacheStatus: 'none',
  dbQueries: [ 'tenantIsolationLedger.upsert' ]
}
FEATURE_GATE_AWAIT_TRACE {
  event: 'end',
  fileName: 'backend/src/services/security/securityGovernanceOS.service.ts',
  redisOps: 'none',
  functionName: 'authorizeAccess:assertTenantIsolation',
  durationMs: 1,
  action: 'analytics:view',
  route: null,
  cacheStatus: 'none',
  dbQueries: [ 'tenantIsolationLedger.upsert' ]
}
FEATURE_GATE_AWAIT_TRACE {
  event: 'end',
  fileName: 'backend/src/services/security/securityGovernanceOS.service.ts',
  redisOps: 'none',
  functionName: 'assertAuthorizedAccess:authorizeAccess',
  durationMs: 2,
  action: 'analytics:view',
  route: null,
  cacheStatus: 'delegated',
  dbQueries: [ 'see nested FEATURE_GATE_AWAIT_TRACE events' ]
}
FEATURE_GATE_AWAIT_TRACE {
  event: 'start',
  fileName: 'backend/src/services/security/securityGovernanceOS.service.ts',
  redisOps: 'none',
  functionName: 'authorizeAccess:attestInfraIsolation',
  action: 'analytics:view',
  route: null,
  cacheStatus: 'none',
  dbQueries: [ 'isolationAttestationLedger.create' ]
}
FEATURE_GATE_AWAIT_TRACE {
  event: 'start',
  fileName: 'backend/src/services/security/securityGovernanceOS.service.ts',
  redisOps: 'none',
  functionName: 'attestInfraIsolation:isolationAttestationLedger.upsert',
  cacheStatus: 'none',
  dbQueries: [
    'isolationAttestationLedger.upsert(isolation_attest:7ddfb7fe32849141d494a552)'
  ],
  attestationKey: 'isolation_attest:7ddfb7fe32849141d494a552'
}
FEATURE_GATE_AWAIT_TRACE {
  event: 'start',
  fileName: 'backend/src/services/security/securityGovernanceOS.service.ts',
  redisOps: 'none',
  functionName: 'authorizeAccess:appendAuthEvent:authorized',
  action: 'analytics:view',
  route: null,
  cacheStatus: 'none',
  dbQueries: [ 'authEventLedger.upsert' ]
}
FEATURE_GATE_AWAIT_TRACE {
  event: 'start',
  fileName: 'backend/src/services/security/securityGovernanceOS.service.ts',
  redisOps: 'none',
  functionName: 'appendAuthEvent:authEventLedger.upsert',
  cacheStatus: 'none',
  dbQueries: [ 'authEventLedger.upsert(auth_evt:ba8e8025d51ab66d06a42c8abc)' ],
  eventKey: 'auth_evt:ba8e8025d51ab66d06a42c8abc',
  action: 'analytics:view',
  outcome: 'ALLOWED'
}
prisma:error 
Invalid `prisma.dataAccessAuditLedger.upsert()` invocation:


Raw query failed. Code: `unknown`. Message: `Kind: Transactions are not supported by this deployment, labels: {}, source: None`
prisma:error 
Invalid `prisma.isolationAttestationLedger.upsert()` invocation:


Raw query failed. Code: `unknown`. Message: `Kind: Transactions are not supported by this deployment, labels: {}, source: None`
FEATURE_GATE_AWAIT_TRACE {
  event: 'end',
  fileName: 'backend/src/services/security/securityGovernanceOS.service.ts',
  redisOps: 'none',
  functionName: 'attestInfraIsolation:isolationAttestationLedger.upsert',
  durationMs: 2,
  cacheStatus: 'none',
  dbQueries: [
    'isolationAttestationLedger.upsert(isolation_attest:7ddfb7fe32849141d494a552)'
  ],
  attestationKey: 'isolation_attest:7ddfb7fe32849141d494a552'
}
FEATURE_GATE_AWAIT_TRACE {
  event: 'end',
  fileName: 'backend/src/services/security/securityGovernanceOS.service.ts',
  redisOps: 'none',
  functionName: 'authorizeAccess:attestInfraIsolation',
  durationMs: 4,
  action: 'analytics:view',
  route: null,
  cacheStatus: 'none',
  dbQueries: [ 'isolationAttestationLedger.create' ]
}
prisma:error 
Invalid `prisma.authEventLedger.upsert()` invocation:


Raw query failed. Code: `unknown`. Message: `Kind: Transactions are not supported by this deployment, labels: {}, source: None`
FEATURE_GATE_AWAIT_TRACE {
  event: 'end',
  fileName: 'backend/src/services/security/securityGovernanceOS.service.ts',
  redisOps: 'none',
  functionName: 'appendAuthEvent:authEventLedger.upsert',
  durationMs: 2,
  cacheStatus: 'none',
  dbQueries: [ 'authEventLedger.upsert(auth_evt:ba8e8025d51ab66d06a42c8abc)' ],
  eventKey: 'auth_evt:ba8e8025d51ab66d06a42c8abc',
  action: 'analytics:view',
  outcome: 'ALLOWED'
}
FEATURE_GATE_AWAIT_TRACE {
  event: 'end',
  fileName: 'backend/src/services/security/securityGovernanceOS.service.ts',
  redisOps: 'none',
  functionName: 'authorizeAccess:appendAuthEvent:authorized',
  durationMs: 4,
  action: 'analytics:view',
  route: null,
  cacheStatus: 'none',
  dbQueries: [ 'authEventLedger.upsert' ]
}
prisma:error 
Invalid `prisma.observabilityEventLedger.findUnique()` invocation:


Raw query failed. Code: `unknown`. Message: `Kind: Server selection timeout: No available servers. Topology: { Type: Unknown, Servers: [ { Address: localhost:27017, Type: Unknown, Error: Kind: I/O error: No connection could be made because the target machine actively refused it. (os error 10061), labels: {}, source: None } ] }, labels: {}, source: None`
prisma:error 
Invalid `prisma.observabilityEventLedger.upsert()` invocation:


Raw query failed. Code: `unknown`. Message: `Kind: Transactions are not supported by this deployment, labels: {}, source: None`
prisma:error 
Invalid `prisma.infrastructureRecoveryLedger.count()` invocation:


Raw query failed. Code: `unknown`. Message: `Kind: Server selection timeout: No available servers. Topology: { Type: Unknown, Servers: [ { Address: localhost:27017, Type: Unknown, Error: Kind: I/O error: No connection could be made because the target machine actively refused it. (os error 10061), labels: {}, source: None } ] }, labels: {}, source: None`
replay_suppressed_count {
  metric: 'replay_suppressed_count',
  value: 0,
  businessId: null,
  route: 'integrations_onboarding_recovery',
  metadata: {
    suppression: 'queue_not_writable',
    suspendMs: 60000,
    queueDepth: 0,
    redisCircuitOpen: false
  },
  recordedAt: '2026-07-06T16:02:30.044Z'
}
FEATURE_GATE_AWAIT_TRACE {
  event: 'start',
  fileName: 'backend/src/services/security/securityGovernanceOS.service.ts',
  redisOps: 'none',
  functionName: 'assertAuthorizedAccess:authorizeAccess',
  action: 'analytics:view',
  route: null,
  cacheStatus: 'delegated',
  dbQueries: [ 'see nested FEATURE_GATE_AWAIT_TRACE events' ]
}
FEATURE_GATE_AWAIT_TRACE {
  event: 'start',
  fileName: 'backend/src/services/security/securityGovernanceOS.service.ts',
  redisOps: 'none',
  functionName: 'authorizeAccess:assertTenantIsolation',
  action: 'analytics:view',
  route: null,
  cacheStatus: 'none',
  dbQueries: [ 'tenantIsolationLedger.upsert' ]
}
FEATURE_GATE_AWAIT_TRACE {
  event: 'end',
  fileName: 'backend/src/services/security/securityGovernanceOS.service.ts',
  redisOps: 'none',
  functionName: 'authorizeAccess:assertTenantIsolation',
  durationMs: 0,
  action: 'analytics:view',
  route: null,
  cacheStatus: 'none',
  dbQueries: [ 'tenantIsolationLedger.upsert' ]
}
FEATURE_GATE_AWAIT_TRACE {
  event: 'end',
  fileName: 'backend/src/services/security/securityGovernanceOS.service.ts',
  redisOps: 'none',
  functionName: 'assertAuthorizedAccess:authorizeAccess',
  durationMs: 2,
  action: 'analytics:view',
  route: null,
  cacheStatus: 'delegated',
  dbQueries: [ 'see nested FEATURE_GATE_AWAIT_TRACE events' ]
}
FEATURE_GATE_AWAIT_TRACE {
  event: 'start',
  fileName: 'backend/src/services/security/securityGovernanceOS.service.ts',
  redisOps: 'none',
  functionName: 'authorizeAccess:attestInfraIsolation',
  action: 'analytics:view',
  route: null,
  cacheStatus: 'none',
  dbQueries: [ 'isolationAttestationLedger.create' ]
}
FEATURE_GATE_AWAIT_TRACE {
  event: 'start',
  fileName: 'backend/src/services/security/securityGovernanceOS.service.ts',
  redisOps: 'none',
  functionName: 'attestInfraIsolation:isolationAttestationLedger.upsert',
  cacheStatus: 'none',
  dbQueries: [
    'isolationAttestationLedger.upsert(isolation_attest:2857ce30a9a575492ced706e)'
  ],
  attestationKey: 'isolation_attest:2857ce30a9a575492ced706e'
}
FEATURE_GATE_AWAIT_TRACE {
  event: 'start',
  fileName: 'backend/src/services/security/securityGovernanceOS.service.ts',
  redisOps: 'none',
  functionName: 'authorizeAccess:appendAuthEvent:authorized',
  action: 'analytics:view',
  route: null,
  cacheStatus: 'none',
  dbQueries: [ 'authEventLedger.upsert' ]
}
FEATURE_GATE_AWAIT_TRACE {
  event: 'start',
  fileName: 'backend/src/services/security/securityGovernanceOS.service.ts',
  redisOps: 'none',
  functionName: 'appendAuthEvent:authEventLedger.upsert',
  cacheStatus: 'none',
  dbQueries: [ 'authEventLedger.upsert(auth_evt:b536e793bc0c71e6e2b6bc2f84)' ],
  eventKey: 'auth_evt:b536e793bc0c71e6e2b6bc2f84',
  action: 'analytics:view',
  outcome: 'ALLOWED'
}
prisma:error 
Invalid `prisma.dataAccessAuditLedger.upsert()` invocation:


Raw query failed. Code: `unknown`. Message: `Kind: Transactions are not supported by this deployment, labels: {}, source: None`
prisma:error 
Invalid `prisma.isolationAttestationLedger.upsert()` invocation:


Raw query failed. Code: `unknown`. Message: `Kind: Transactions are not supported by this deployment, labels: {}, source: None`
FEATURE_GATE_AWAIT_TRACE {
  event: 'end',
  fileName: 'backend/src/services/security/securityGovernanceOS.service.ts',
  redisOps: 'none',
  functionName: 'attestInfraIsolation:isolationAttestationLedger.upsert',
  durationMs: 3,
  cacheStatus: 'none',
  dbQueries: [
    'isolationAttestationLedger.upsert(isolation_attest:2857ce30a9a575492ced706e)'
  ],
  attestationKey: 'isolation_attest:2857ce30a9a575492ced706e'
}
FEATURE_GATE_AWAIT_TRACE {
  event: 'end',
  fileName: 'backend/src/services/security/securityGovernanceOS.service.ts',
  redisOps: 'none',
  functionName: 'authorizeAccess:attestInfraIsolation',
  durationMs: 3,
  action: 'analytics:view',
  route: null,
  cacheStatus: 'none',
  dbQueries: [ 'isolationAttestationLedger.create' ]
}
prisma:error 
Invalid `prisma.authEventLedger.upsert()` invocation:


Raw query failed. Code: `unknown`. Message: `Kind: Transactions are not supported by this deployment, labels: {}, source: None`
FEATURE_GATE_AWAIT_TRACE {
  event: 'end',
  fileName: 'backend/src/services/security/securityGovernanceOS.service.ts',
  redisOps: 'none',
  functionName: 'appendAuthEvent:authEventLedger.upsert',
  durationMs: 3,
  cacheStatus: 'none',
  dbQueries: [ 'authEventLedger.upsert(auth_evt:b536e793bc0c71e6e2b6bc2f84)' ],
  eventKey: 'auth_evt:b536e793bc0c71e6e2b6bc2f84',
  action: 'analytics:view',
  outcome: 'ALLOWED'
}
FEATURE_GATE_AWAIT_TRACE {
  event: 'end',
  fileName: 'backend/src/services/security/securityGovernanceOS.service.ts',
  redisOps: 'none',
  functionName: 'authorizeAccess:appendAuthEvent:authorized',
  durationMs: 4,
  action: 'analytics:view',
  route: null,
  cacheStatus: 'none',
  dbQueries: [ 'authEventLedger.upsert' ]
}
prisma:error 
Invalid `prisma.observabilityEventLedger.findUnique()` invocation:


Raw query failed. Code: `unknown`. Message: `Kind: Server selection timeout: No available servers. Topology: { Type: Unknown, Servers: [ { Address: localhost:27017, Type: Unknown, Error: Kind: I/O error: No connection could be made because the target machine actively refused it. (os error 10061), labels: {}, source: None } ] }, labels: {}, source: None`
prisma:error 
Invalid `prisma.observabilityEventLedger.upsert()` invocation:


Raw query failed. Code: `unknown`. Message: `Kind: Transactions are not supported by this deployment, labels: {}, source: None`
prisma:error 
Invalid `prisma.infrastructureRecoveryLedger.count()` invocation:


Raw query failed. Code: `unknown`. Message: `Kind: Server selection timeout: No available servers. Topology: { Type: Unknown, Servers: [ { Address: localhost:27017, Type: Unknown, Error: Kind: I/O error: No connection could be made because the target machine actively refused it. (os error 10061), labels: {}, source: None } ] }, labels: {}, source: None`
replay_suppressed_count {
  metric: 'replay_suppressed_count',
  value: 0,
  businessId: null,
  route: 'integrations_onboarding_recovery',
  metadata: {
    suppression: 'queue_not_writable',
    suspendMs: 60000,
    queueDepth: 0,
    redisCircuitOpen: false
  },
  recordedAt: '2026-07-06T16:03:30.042Z'
}
FEATURE_GATE_AWAIT_TRACE {
  event: 'start',
  fileName: 'backend/src/services/security/securityGovernanceOS.service.ts',
  redisOps: 'none',
  functionName: 'assertAuthorizedAccess:authorizeAccess',
  action: 'analytics:view',
  route: null,
  cacheStatus: 'delegated',
  dbQueries: [ 'see nested FEATURE_GATE_AWAIT_TRACE events' ]
}
FEATURE_GATE_AWAIT_TRACE {
  event: 'start',
  fileName: 'backend/src/services/security/securityGovernanceOS.service.ts',
  redisOps: 'none',
  functionName: 'authorizeAccess:assertTenantIsolation',
  action: 'analytics:view',
  route: null,
  cacheStatus: 'none',
  dbQueries: [ 'tenantIsolationLedger.upsert' ]
}
FEATURE_GATE_AWAIT_TRACE {
  event: 'end',
  fileName: 'backend/src/services/security/securityGovernanceOS.service.ts',
  redisOps: 'none',
  functionName: 'authorizeAccess:assertTenantIsolation',
  durationMs: 1,
  action: 'analytics:view',
  route: null,
  cacheStatus: 'none',
  dbQueries: [ 'tenantIsolationLedger.upsert' ]
}
FEATURE_GATE_AWAIT_TRACE {
  event: 'end',
  fileName: 'backend/src/services/security/securityGovernanceOS.service.ts',
  redisOps: 'none',
  functionName: 'assertAuthorizedAccess:authorizeAccess',
  durationMs: 3,
  action: 'analytics:view',
  route: null,
  cacheStatus: 'delegated',
  dbQueries: [ 'see nested FEATURE_GATE_AWAIT_TRACE events' ]
}
FEATURE_GATE_AWAIT_TRACE {
  event: 'start',
  fileName: 'backend/src/services/security/securityGovernanceOS.service.ts',
  redisOps: 'none',
  functionName: 'authorizeAccess:attestInfraIsolation',
  action: 'analytics:view',
  route: null,
  cacheStatus: 'none',
  dbQueries: [ 'isolationAttestationLedger.create' ]
}
FEATURE_GATE_AWAIT_TRACE {
  event: 'start',
  fileName: 'backend/src/services/security/securityGovernanceOS.service.ts',
  redisOps: 'none',
  functionName: 'attestInfraIsolation:isolationAttestationLedger.upsert',
  cacheStatus: 'none',
  dbQueries: [
    'isolationAttestationLedger.upsert(isolation_attest:92ba7894d5d0a05846382e75)'
  ],
  attestationKey: 'isolation_attest:92ba7894d5d0a05846382e75'
}
FEATURE_GATE_AWAIT_TRACE {
  event: 'start',
  fileName: 'backend/src/services/security/securityGovernanceOS.service.ts',
  redisOps: 'none',
  functionName: 'authorizeAccess:appendAuthEvent:authorized',
  action: 'analytics:view',
  route: null,
  cacheStatus: 'none',
  dbQueries: [ 'authEventLedger.upsert' ]
}
FEATURE_GATE_AWAIT_TRACE {
  event: 'start',
  fileName: 'backend/src/services/security/securityGovernanceOS.service.ts',
  redisOps: 'none',
  functionName: 'appendAuthEvent:authEventLedger.upsert',
  cacheStatus: 'none',
  dbQueries: [ 'authEventLedger.upsert(auth_evt:28cb32a6ba3d23f057e6b3e7ef)' ],
  eventKey: 'auth_evt:28cb32a6ba3d23f057e6b3e7ef',
  action: 'analytics:view',
  outcome: 'ALLOWED'
}
prisma:error 
Invalid `prisma.dataAccessAuditLedger.upsert()` invocation:


Raw query failed. Code: `unknown`. Message: `Kind: Transactions are not supported by this deployment, labels: {}, source: None`
prisma:error 
Invalid `prisma.isolationAttestationLedger.upsert()` invocation:


Raw query failed. Code: `unknown`. Message: `Kind: Transactions are not supported by this deployment, labels: {}, source: None`
FEATURE_GATE_AWAIT_TRACE {
  event: 'end',
  fileName: 'backend/src/services/security/securityGovernanceOS.service.ts',
  redisOps: 'none',
  functionName: 'attestInfraIsolation:isolationAttestationLedger.upsert',
  durationMs: 4,
  cacheStatus: 'none',
  dbQueries: [
    'isolationAttestationLedger.upsert(isolation_attest:92ba7894d5d0a05846382e75)'
  ],
  attestationKey: 'isolation_attest:92ba7894d5d0a05846382e75'
}
FEATURE_GATE_AWAIT_TRACE {
  event: 'end',
  fileName: 'backend/src/services/security/securityGovernanceOS.service.ts',
  redisOps: 'none',
  functionName: 'authorizeAccess:attestInfraIsolation',
  durationMs: 4,
  action: 'analytics:view',
  route: null,
  cacheStatus: 'none',
  dbQueries: [ 'isolationAttestationLedger.create' ]
}
prisma:error 
Invalid `prisma.authEventLedger.upsert()` invocation:


Raw query failed. Code: `unknown`. Message: `Kind: Transactions are not supported by this deployment, labels: {}, source: None`
FEATURE_GATE_AWAIT_TRACE {
  event: 'end',
  fileName: 'backend/src/services/security/securityGovernanceOS.service.ts',
  redisOps: 'none',
  functionName: 'appendAuthEvent:authEventLedger.upsert',
  durationMs: 3,
  cacheStatus: 'none',
  dbQueries: [ 'authEventLedger.upsert(auth_evt:28cb32a6ba3d23f057e6b3e7ef)' ],
  eventKey: 'auth_evt:28cb32a6ba3d23f057e6b3e7ef',
  action: 'analytics:view',
  outcome: 'ALLOWED'
}
FEATURE_GATE_AWAIT_TRACE {
  event: 'end',
  fileName: 'backend/src/services/security/securityGovernanceOS.service.ts',
  redisOps: 'none',
  functionName: 'authorizeAccess:appendAuthEvent:authorized',
  durationMs: 5,
  action: 'analytics:view',
  route: null,
  cacheStatus: 'none',
  dbQueries: [ 'authEventLedger.upsert' ]
}
prisma:error 
Invalid `prisma.observabilityEventLedger.findUnique()` invocation:


Raw query failed. Code: `unknown`. Message: `Kind: Server selection timeout: No available servers. Topology: { Type: Unknown, Servers: [ { Address: localhost:27017, Type: Unknown, Error: Kind: I/O error: No connection could be made because the target machine actively refused it. (os error 10061), labels: {}, source: None } ] }, labels: {}, source: None`
prisma:error 
Invalid `prisma.observabilityEventLedger.upsert()` invocation:


Raw query failed. Code: `unknown`. Message: `Kind: Transactions are not supported by this deployment, labels: {}, source: None`
prisma:error 
Invalid `prisma.infrastructureRecoveryLedger.count()` invocation:


Raw query failed. Code: `unknown`. Message: `Kind: Server selection timeout: No available servers. Topology: { Type: Unknown, Servers: [ { Address: localhost:27017, Type: Unknown, Error: Kind: I/O error: No connection could be made because the target machine actively refused it. (os error 10061), labels: {}, source: None } ] }, labels: {}, source: None`
replay_suppressed_count {
  metric: 'replay_suppressed_count',
  value: 0,
  businessId: null,
  route: 'integrations_onboarding_recovery',
  metadata: {
    suppression: 'queue_not_writable',
    suspendMs: 60000,
    queueDepth: 0,
    redisCircuitOpen: false
  },
  recordedAt: '2026-07-06T16:04:30.026Z'
}
FEATURE_GATE_AWAIT_TRACE {
  event: 'start',
  fileName: 'backend/src/services/security/securityGovernanceOS.service.ts',
  redisOps: 'none',
  functionName: 'assertAuthorizedAccess:authorizeAccess',
  action: 'analytics:view',
  route: null,
  cacheStatus: 'delegated',
  dbQueries: [ 'see nested FEATURE_GATE_AWAIT_TRACE events' ]
}
FEATURE_GATE_AWAIT_TRACE {
  event: 'start',
  fileName: 'backend/src/services/security/securityGovernanceOS.service.ts',
  redisOps: 'none',
  functionName: 'authorizeAccess:assertTenantIsolation',
  action: 'analytics:view',
  route: null,
  cacheStatus: 'none',
  dbQueries: [ 'tenantIsolationLedger.upsert' ]
}
FEATURE_GATE_AWAIT_TRACE {
  event: 'end',
  fileName: 'backend/src/services/security/securityGovernanceOS.service.ts',
  redisOps: 'none',
  functionName: 'authorizeAccess:assertTenantIsolation',
  durationMs: 1,
  action: 'analytics:view',
  route: null,
  cacheStatus: 'none',
  dbQueries: [ 'tenantIsolationLedger.upsert' ]
}
FEATURE_GATE_AWAIT_TRACE {
  event: 'end',
  fileName: 'backend/src/services/security/securityGovernanceOS.service.ts',
  redisOps: 'none',
  functionName: 'assertAuthorizedAccess:authorizeAccess',
  durationMs: 1,
  action: 'analytics:view',
  route: null,
  cacheStatus: 'delegated',
  dbQueries: [ 'see nested FEATURE_GATE_AWAIT_TRACE events' ]
}
FEATURE_GATE_AWAIT_TRACE {
  event: 'start',
  fileName: 'backend/src/services/security/securityGovernanceOS.service.ts',
  redisOps: 'none',
  functionName: 'authorizeAccess:attestInfraIsolation',
  action: 'analytics:view',
  route: null,
  cacheStatus: 'none',
  dbQueries: [ 'isolationAttestationLedger.create' ]
}
FEATURE_GATE_AWAIT_TRACE {
  event: 'start',
  fileName: 'backend/src/services/security/securityGovernanceOS.service.ts',
  redisOps: 'none',
  functionName: 'attestInfraIsolation:isolationAttestationLedger.upsert',
  cacheStatus: 'none',
  dbQueries: [
    'isolationAttestationLedger.upsert(isolation_attest:de33b5180915ba42988926cf)'
  ],
  attestationKey: 'isolation_attest:de33b5180915ba42988926cf'
}
FEATURE_GATE_AWAIT_TRACE {
  event: 'start',
  fileName: 'backend/src/services/security/securityGovernanceOS.service.ts',
  redisOps: 'none',
  functionName: 'authorizeAccess:appendAuthEvent:authorized',
  action: 'analytics:view',
  route: null,
  cacheStatus: 'none',
  dbQueries: [ 'authEventLedger.upsert' ]
}
FEATURE_GATE_AWAIT_TRACE {
  event: 'start',
  fileName: 'backend/src/services/security/securityGovernanceOS.service.ts',
  redisOps: 'none',
  functionName: 'appendAuthEvent:authEventLedger.upsert',
  cacheStatus: 'none',
  dbQueries: [ 'authEventLedger.upsert(auth_evt:b5cedc600d919783903b690cc1)' ],
  eventKey: 'auth_evt:b5cedc600d919783903b690cc1',
  action: 'analytics:view',
  outcome: 'ALLOWED'
}
prisma:error 
Invalid `prisma.dataAccessAuditLedger.upsert()` invocation:


Raw query failed. Code: `unknown`. Message: `Kind: Transactions are not supported by this deployment, labels: {}, source: None`
prisma:error 
Invalid `prisma.isolationAttestationLedger.upsert()` invocation:


Raw query failed. Code: `unknown`. Message: `Kind: Transactions are not supported by this deployment, labels: {}, source: None`
FEATURE_GATE_AWAIT_TRACE {
  event: 'end',
  fileName: 'backend/src/services/security/securityGovernanceOS.service.ts',
  redisOps: 'none',
  functionName: 'attestInfraIsolation:isolationAttestationLedger.upsert',
  durationMs: 2,
  cacheStatus: 'none',
  dbQueries: [
    'isolationAttestationLedger.upsert(isolation_attest:de33b5180915ba42988926cf)'
  ],
  attestationKey: 'isolation_attest:de33b5180915ba42988926cf'
}
FEATURE_GATE_AWAIT_TRACE {
  event: 'end',
  fileName: 'backend/src/services/security/securityGovernanceOS.service.ts',
  redisOps: 'none',
  functionName: 'authorizeAccess:attestInfraIsolation',
  durationMs: 3,
  action: 'analytics:view',
  route: null,
  cacheStatus: 'none',
  dbQueries: [ 'isolationAttestationLedger.create' ]
}
prisma:error 
Invalid `prisma.authEventLedger.upsert()` invocation:


Raw query failed. Code: `unknown`. Message: `Kind: Transactions are not supported by this deployment, labels: {}, source: None`
FEATURE_GATE_AWAIT_TRACE {
  event: 'end',
  fileName: 'backend/src/services/security/securityGovernanceOS.service.ts',
  redisOps: 'none',
  functionName: 'appendAuthEvent:authEventLedger.upsert',
  durationMs: 2,
  cacheStatus: 'none',
  dbQueries: [ 'authEventLedger.upsert(auth_evt:b5cedc600d919783903b690cc1)' ],
  eventKey: 'auth_evt:b5cedc600d919783903b690cc1',
  action: 'analytics:view',
  outcome: 'ALLOWED'
}
FEATURE_GATE_AWAIT_TRACE {
  event: 'end',
  fileName: 'backend/src/services/security/securityGovernanceOS.service.ts',
  redisOps: 'none',
  functionName: 'authorizeAccess:appendAuthEvent:authorized',
  durationMs: 3,
  action: 'analytics:view',
  route: null,
  cacheStatus: 'none',
  dbQueries: [ 'authEventLedger.upsert' ]
}
prisma:error 
Invalid `prisma.observabilityEventLedger.findUnique()` invocation:


Raw query failed. Code: `unknown`. Message: `Kind: Server selection timeout: No available servers. Topology: { Type: Unknown, Servers: [ { Address: localhost:27017, Type: Unknown, Error: Kind: I/O error: No connection could be made because the target machine actively refused it. (os error 10061), labels: {}, source: None } ] }, labels: {}, source: None`
prisma:error 
Invalid `prisma.observabilityEventLedger.upsert()` invocation:


Raw query failed. Code: `unknown`. Message: `Kind: Transactions are not supported by this deployment, labels: {}, source: None`
prisma:error 
Invalid `prisma.infrastructureRecoveryLedger.count()` invocation:


Raw query failed. Code: `unknown`. Message: `Kind: Server selection timeout: No available servers. Topology: { Type: Unknown, Servers: [ { Address: localhost:27017, Type: Unknown, Error: Kind: I/O error: No connection could be made because the target machine actively refused it. (os error 10061), labels: {}, source: None } ] }, labels: {}, source: None`
replay_suppressed_count {
  metric: 'replay_suppressed_count',
  value: 0,
  businessId: null,
  route: 'integrations_onboarding_recovery',
  metadata: {
    suppression: 'queue_not_writable',
    suspendMs: 60000,
    queueDepth: 0,
    redisCircuitOpen: false
  },
  recordedAt: '2026-07-06T16:05:30.037Z'
}
FEATURE_GATE_AWAIT_TRACE {
  event: 'start',
  fileName: 'backend/src/services/security/securityGovernanceOS.service.ts',
  redisOps: 'none',
  functionName: 'assertAuthorizedAccess:authorizeAccess',
  action: 'analytics:view',
  route: null,
  cacheStatus: 'delegated',
  dbQueries: [ 'see nested FEATURE_GATE_AWAIT_TRACE events' ]
}
FEATURE_GATE_AWAIT_TRACE {
  event: 'start',
  fileName: 'backend/src/services/security/securityGovernanceOS.service.ts',
  redisOps: 'none',
  functionName: 'authorizeAccess:assertTenantIsolation',
  action: 'analytics:view',
  route: null,
  cacheStatus: 'none',
  dbQueries: [ 'tenantIsolationLedger.upsert' ]
}
FEATURE_GATE_AWAIT_TRACE {
  event: 'end',
  fileName: 'backend/src/services/security/securityGovernanceOS.service.ts',
  redisOps: 'none',
  functionName: 'authorizeAccess:assertTenantIsolation',
  durationMs: 0,
  action: 'analytics:view',
  route: null,
  cacheStatus: 'none',
  dbQueries: [ 'tenantIsolationLedger.upsert' ]
}
FEATURE_GATE_AWAIT_TRACE {
  event: 'end',
  fileName: 'backend/src/services/security/securityGovernanceOS.service.ts',
  redisOps: 'none',
  functionName: 'assertAuthorizedAccess:authorizeAccess',
  durationMs: 3,
  action: 'analytics:view',
  route: null,
  cacheStatus: 'delegated',
  dbQueries: [ 'see nested FEATURE_GATE_AWAIT_TRACE events' ]
}
FEATURE_GATE_AWAIT_TRACE {
  event: 'start',
  fileName: 'backend/src/services/security/securityGovernanceOS.service.ts',
  redisOps: 'none',
  functionName: 'authorizeAccess:attestInfraIsolation',
  action: 'analytics:view',
  route: null,
  cacheStatus: 'none',
  dbQueries: [ 'isolationAttestationLedger.create' ]
}
FEATURE_GATE_AWAIT_TRACE {
  event: 'start',
  fileName: 'backend/src/services/security/securityGovernanceOS.service.ts',
  redisOps: 'none',
  functionName: 'attestInfraIsolation:isolationAttestationLedger.upsert',
  cacheStatus: 'none',
  dbQueries: [
    'isolationAttestationLedger.upsert(isolation_attest:b3f855e4921db73a8aa630b0)'
  ],
  attestationKey: 'isolation_attest:b3f855e4921db73a8aa630b0'
}
FEATURE_GATE_AWAIT_TRACE {
  event: 'start',
  fileName: 'backend/src/services/security/securityGovernanceOS.service.ts',
  redisOps: 'none',
  functionName: 'authorizeAccess:appendAuthEvent:authorized',
  action: 'analytics:view',
  route: null,
  cacheStatus: 'none',
  dbQueries: [ 'authEventLedger.upsert' ]
}
FEATURE_GATE_AWAIT_TRACE {
  event: 'start',
  fileName: 'backend/src/services/security/securityGovernanceOS.service.ts',
  redisOps: 'none',
  functionName: 'appendAuthEvent:authEventLedger.upsert',
  cacheStatus: 'none',
  dbQueries: [ 'authEventLedger.upsert(auth_evt:8e6ca6b588a87c24a5f5b1dd13)' ],
  eventKey: 'auth_evt:8e6ca6b588a87c24a5f5b1dd13',
  action: 'analytics:view',
  outcome: 'ALLOWED'
}
prisma:error 
Invalid `prisma.dataAccessAuditLedger.upsert()` invocation:


Raw query failed. Code: `unknown`. Message: `Kind: Transactions are not supported by this deployment, labels: {}, source: None`
prisma:error 
Invalid `prisma.isolationAttestationLedger.upsert()` invocation:


Raw query failed. Code: `unknown`. Message: `Kind: Transactions are not supported by this deployment, labels: {}, source: None`
FEATURE_GATE_AWAIT_TRACE {
  event: 'end',
  fileName: 'backend/src/services/security/securityGovernanceOS.service.ts',
  redisOps: 'none',
  functionName: 'attestInfraIsolation:isolationAttestationLedger.upsert',
  durationMs: 3,
  cacheStatus: 'none',
  dbQueries: [
    'isolationAttestationLedger.upsert(isolation_attest:b3f855e4921db73a8aa630b0)'
  ],
  attestationKey: 'isolation_attest:b3f855e4921db73a8aa630b0'
}
FEATURE_GATE_AWAIT_TRACE {
  event: 'end',
  fileName: 'backend/src/services/security/securityGovernanceOS.service.ts',
  redisOps: 'none',
  functionName: 'authorizeAccess:attestInfraIsolation',
  durationMs: 4,
  action: 'analytics:view',
  route: null,
  cacheStatus: 'none',
  dbQueries: [ 'isolationAttestationLedger.create' ]
}
prisma:error 
Invalid `prisma.authEventLedger.upsert()` invocation:


Raw query failed. Code: `unknown`. Message: `Kind: Transactions are not supported by this deployment, labels: {}, source: None`
FEATURE_GATE_AWAIT_TRACE {
  event: 'end',
  fileName: 'backend/src/services/security/securityGovernanceOS.service.ts',
  redisOps: 'none',
  functionName: 'appendAuthEvent:authEventLedger.upsert',
  durationMs: 3,
  cacheStatus: 'none',
  dbQueries: [ 'authEventLedger.upsert(auth_evt:8e6ca6b588a87c24a5f5b1dd13)' ],
  eventKey: 'auth_evt:8e6ca6b588a87c24a5f5b1dd13',
  action: 'analytics:view',
  outcome: 'ALLOWED'
}
FEATURE_GATE_AWAIT_TRACE {
  event: 'end',
  fileName: 'backend/src/services/security/securityGovernanceOS.service.ts',
  redisOps: 'none',
  functionName: 'authorizeAccess:appendAuthEvent:authorized',
  durationMs: 3,
  action: 'analytics:view',
  route: null,
  cacheStatus: 'none',
  dbQueries: [ 'authEventLedger.upsert' ]
}
prisma:error 
Invalid `prisma.observabilityEventLedger.findUnique()` invocation:


Raw query failed. Code: `unknown`. Message: `Kind: Server selection timeout: No available servers. Topology: { Type: Unknown, Servers: [ { Address: localhost:27017, Type: Unknown, Error: Kind: I/O error: No connection could be made because the target machine actively refused it. (os error 10061), labels: {}, source: None } ] }, labels: {}, source: None`
prisma:error 
Invalid `prisma.observabilityEventLedger.upsert()` invocation:


Raw query failed. Code: `unknown`. Message: `Kind: Transactions are not supported by this deployment, labels: {}, source: None`
prisma:error 
Invalid `prisma.infrastructureRecoveryLedger.count()` invocation:


Raw query failed. Code: `unknown`. Message: `Kind: Server selection timeout: No available servers. Topology: { Type: Unknown, Servers: [ { Address: localhost:27017, Type: Unknown, Error: Kind: I/O error: No connection could be made because the target machine actively refused it. (os error 10061), labels: {}, source: None } ] }, labels: {}, source: None`
replay_suppressed_count {
  metric: 'replay_suppressed_count',
  value: 0,
  businessId: null,
  route: 'integrations_onboarding_recovery',
  metadata: {
    suppression: 'queue_not_writable',
    suspendMs: 60000,
    queueDepth: 0,
    redisCircuitOpen: false
  },
  recordedAt: '2026-07-06T16:06:30.043Z'
}
FEATURE_GATE_AWAIT_TRACE {
  event: 'start',
  fileName: 'backend/src/services/security/securityGovernanceOS.service.ts',
  redisOps: 'none',
  functionName: 'assertAuthorizedAccess:authorizeAccess',
  action: 'analytics:view',
  route: null,
  cacheStatus: 'delegated',
  dbQueries: [ 'see nested FEATURE_GATE_AWAIT_TRACE events' ]
}
FEATURE_GATE_AWAIT_TRACE {
  event: 'start',
  fileName: 'backend/src/services/security/securityGovernanceOS.service.ts',
  redisOps: 'none',
  functionName: 'authorizeAccess:assertTenantIsolation',
  action: 'analytics:view',
  route: null,
  cacheStatus: 'none',
  dbQueries: [ 'tenantIsolationLedger.upsert' ]
}
FEATURE_GATE_AWAIT_TRACE {
  event: 'end',
  fileName: 'backend/src/services/security/securityGovernanceOS.service.ts',
  redisOps: 'none',
  functionName: 'authorizeAccess:assertTenantIsolation',
  durationMs: 0,
  action: 'analytics:view',
  route: null,
  cacheStatus: 'none',
  dbQueries: [ 'tenantIsolationLedger.upsert' ]
}
FEATURE_GATE_AWAIT_TRACE {
  event: 'end',
  fileName: 'backend/src/services/security/securityGovernanceOS.service.ts',
  redisOps: 'none',
  functionName: 'assertAuthorizedAccess:authorizeAccess',
  durationMs: 2,
  action: 'analytics:view',
  route: null,
  cacheStatus: 'delegated',
  dbQueries: [ 'see nested FEATURE_GATE_AWAIT_TRACE events' ]
}
FEATURE_GATE_AWAIT_TRACE {
  event: 'start',
  fileName: 'backend/src/services/security/securityGovernanceOS.service.ts',
  redisOps: 'none',
  functionName: 'authorizeAccess:attestInfraIsolation',
  action: 'analytics:view',
  route: null,
  cacheStatus: 'none',
  dbQueries: [ 'isolationAttestationLedger.create' ]
}
FEATURE_GATE_AWAIT_TRACE {
  event: 'start',
  fileName: 'backend/src/services/security/securityGovernanceOS.service.ts',
  redisOps: 'none',
  functionName: 'attestInfraIsolation:isolationAttestationLedger.upsert',
  cacheStatus: 'none',
  dbQueries: [
    'isolationAttestationLedger.upsert(isolation_attest:80bc3c1472957f105199f649)'
  ],
  attestationKey: 'isolation_attest:80bc3c1472957f105199f649'
}
FEATURE_GATE_AWAIT_TRACE {
  event: 'start',
  fileName: 'backend/src/services/security/securityGovernanceOS.service.ts',
  redisOps: 'none',
  functionName: 'authorizeAccess:appendAuthEvent:authorized',
  action: 'analytics:view',
  route: null,
  cacheStatus: 'none',
  dbQueries: [ 'authEventLedger.upsert' ]
}
FEATURE_GATE_AWAIT_TRACE {
  event: 'start',
  fileName: 'backend/src/services/security/securityGovernanceOS.service.ts',
  redisOps: 'none',
  functionName: 'appendAuthEvent:authEventLedger.upsert',
  cacheStatus: 'none',
  dbQueries: [ 'authEventLedger.upsert(auth_evt:e5a249adc5706262dd17f9d20b)' ],
  eventKey: 'auth_evt:e5a249adc5706262dd17f9d20b',
  action: 'analytics:view',
  outcome: 'ALLOWED'
}
prisma:error 
Invalid `prisma.dataAccessAuditLedger.upsert()` invocation:


Raw query failed. Code: `unknown`. Message: `Kind: Transactions are not supported by this deployment, labels: {}, source: None`
prisma:error 
Invalid `prisma.isolationAttestationLedger.upsert()` invocation:


Raw query failed. Code: `unknown`. Message: `Kind: Transactions are not supported by this deployment, labels: {}, source: None`
FEATURE_GATE_AWAIT_TRACE {
  event: 'end',
  fileName: 'backend/src/services/security/securityGovernanceOS.service.ts',
  redisOps: 'none',
  functionName: 'attestInfraIsolation:isolationAttestationLedger.upsert',
  durationMs: 3,
  cacheStatus: 'none',
  dbQueries: [
    'isolationAttestationLedger.upsert(isolation_attest:80bc3c1472957f105199f649)'
  ],
  attestationKey: 'isolation_attest:80bc3c1472957f105199f649'
}
FEATURE_GATE_AWAIT_TRACE {
  event: 'end',
  fileName: 'backend/src/services/security/securityGovernanceOS.service.ts',
  redisOps: 'none',
  functionName: 'authorizeAccess:attestInfraIsolation',
  durationMs: 4,
  action: 'analytics:view',
  route: null,
  cacheStatus: 'none',
  dbQueries: [ 'isolationAttestationLedger.create' ]
}
prisma:error 
Invalid `prisma.authEventLedger.upsert()` invocation:


Raw query failed. Code: `unknown`. Message: `Kind: Transactions are not supported by this deployment, labels: {}, source: None`
FEATURE_GATE_AWAIT_TRACE {
  event: 'end',
  fileName: 'backend/src/services/security/securityGovernanceOS.service.ts',
  redisOps: 'none',
  functionName: 'appendAuthEvent:authEventLedger.upsert',
  durationMs: 3,
  cacheStatus: 'none',
  dbQueries: [ 'authEventLedger.upsert(auth_evt:e5a249adc5706262dd17f9d20b)' ],
  eventKey: 'auth_evt:e5a249adc5706262dd17f9d20b',
  action: 'analytics:view',
  outcome: 'ALLOWED'
}
FEATURE_GATE_AWAIT_TRACE {
  event: 'end',
  fileName: 'backend/src/services/security/securityGovernanceOS.service.ts',
  redisOps: 'none',
  functionName: 'authorizeAccess:appendAuthEvent:authorized',
  durationMs: 4,
  action: 'analytics:view',
  route: null,
  cacheStatus: 'none',
  dbQueries: [ 'authEventLedger.upsert' ]
}
prisma:error 
Invalid `prisma.observabilityEventLedger.findUnique()` invocation:


Raw query failed. Code: `unknown`. Message: `Kind: Server selection timeout: No available servers. Topology: { Type: Unknown, Servers: [ { Address: localhost:27017, Type: Unknown, Error: Kind: I/O error: No connection could be made because the target machine actively refused it. (os error 10061), labels: {}, source: None } ] }, labels: {}, source: None`
prisma:error 
Invalid `prisma.observabilityEventLedger.upsert()` invocation:


Raw query failed. Code: `unknown`. Message: `Kind: Transactions are not supported by this deployment, labels: {}, source: None`
prisma:error 
Invalid `prisma.infrastructureRecoveryLedger.count()` invocation:


Raw query failed. Code: `unknown`. Message: `Kind: Server selection timeout: No available servers. Topology: { Type: Unknown, Servers: [ { Address: localhost:27017, Type: Unknown, Error: Kind: I/O error: No connection could be made because the target machine actively refused it. (os error 10061), labels: {}, source: None } ] }, labels: {}, source: None`
replay_suppressed_count {
  metric: 'replay_suppressed_count',
  value: 0,
  businessId: null,
  route: 'integrations_onboarding_recovery',
  metadata: {
    suppression: 'queue_not_writable',
    suspendMs: 60000,
    queueDepth: 0,
    redisCircuitOpen: false
  },
  recordedAt: '2026-07-06T16:07:30.044Z'
}
FEATURE_GATE_AWAIT_TRACE {
  event: 'start',
  fileName: 'backend/src/services/security/securityGovernanceOS.service.ts',
  redisOps: 'none',
  functionName: 'assertAuthorizedAccess:authorizeAccess',
  action: 'analytics:view',
  route: null,
  cacheStatus: 'delegated',
  dbQueries: [ 'see nested FEATURE_GATE_AWAIT_TRACE events' ]
}
FEATURE_GATE_AWAIT_TRACE {
  event: 'start',
  fileName: 'backend/src/services/security/securityGovernanceOS.service.ts',
  redisOps: 'none',
  functionName: 'authorizeAccess:assertTenantIsolation',
  action: 'analytics:view',
  route: null,
  cacheStatus: 'none',
  dbQueries: [ 'tenantIsolationLedger.upsert' ]
}
FEATURE_GATE_AWAIT_TRACE {
  event: 'end',
  fileName: 'backend/src/services/security/securityGovernanceOS.service.ts',
  redisOps: 'none',
  functionName: 'authorizeAccess:assertTenantIsolation',
  durationMs: 1,
  action: 'analytics:view',
  route: null,
  cacheStatus: 'none',
  dbQueries: [ 'tenantIsolationLedger.upsert' ]
}
FEATURE_GATE_AWAIT_TRACE {
  event: 'end',
  fileName: 'backend/src/services/security/securityGovernanceOS.service.ts',
  redisOps: 'none',
  functionName: 'assertAuthorizedAccess:authorizeAccess',
  durationMs: 3,
  action: 'analytics:view',
  route: null,
  cacheStatus: 'delegated',
  dbQueries: [ 'see nested FEATURE_GATE_AWAIT_TRACE events' ]
}
FEATURE_GATE_AWAIT_TRACE {
  event: 'start',
  fileName: 'backend/src/services/security/securityGovernanceOS.service.ts',
  redisOps: 'none',
  functionName: 'authorizeAccess:attestInfraIsolation',
  action: 'analytics:view',
  route: null,
  cacheStatus: 'none',
  dbQueries: [ 'isolationAttestationLedger.create' ]
}
FEATURE_GATE_AWAIT_TRACE {
  event: 'start',
  fileName: 'backend/src/services/security/securityGovernanceOS.service.ts',
  redisOps: 'none',
  functionName: 'attestInfraIsolation:isolationAttestationLedger.upsert',
  cacheStatus: 'none',
  dbQueries: [
    'isolationAttestationLedger.upsert(isolation_attest:5028a70a12acc5248b2964cf)'
  ],
  attestationKey: 'isolation_attest:5028a70a12acc5248b2964cf'
}
FEATURE_GATE_AWAIT_TRACE {
  event: 'start',
  fileName: 'backend/src/services/security/securityGovernanceOS.service.ts',
  redisOps: 'none',
  functionName: 'authorizeAccess:appendAuthEvent:authorized',
  action: 'analytics:view',
  route: null,
  cacheStatus: 'none',
  dbQueries: [ 'authEventLedger.upsert' ]
}
FEATURE_GATE_AWAIT_TRACE {
  event: 'start',
  fileName: 'backend/src/services/security/securityGovernanceOS.service.ts',
  redisOps: 'none',
  functionName: 'appendAuthEvent:authEventLedger.upsert',
  cacheStatus: 'none',
  dbQueries: [ 'authEventLedger.upsert(auth_evt:cd95b0cbeb994289a5d7d63020)' ],
  eventKey: 'auth_evt:cd95b0cbeb994289a5d7d63020',
  action: 'analytics:view',
  outcome: 'ALLOWED'
}
prisma:error 
Invalid `prisma.dataAccessAuditLedger.upsert()` invocation:


Raw query failed. Code: `unknown`. Message: `Kind: Transactions are not supported by this deployment, labels: {}, source: None`
prisma:error 
Invalid `prisma.isolationAttestationLedger.upsert()` invocation:


Raw query failed. Code: `unknown`. Message: `Kind: Transactions are not supported by this deployment, labels: {}, source: None`
FEATURE_GATE_AWAIT_TRACE {
  event: 'end',
  fileName: 'backend/src/services/security/securityGovernanceOS.service.ts',
  redisOps: 'none',
  functionName: 'attestInfraIsolation:isolationAttestationLedger.upsert',
  durationMs: 4,
  cacheStatus: 'none',
  dbQueries: [
    'isolationAttestationLedger.upsert(isolation_attest:5028a70a12acc5248b2964cf)'
  ],
  attestationKey: 'isolation_attest:5028a70a12acc5248b2964cf'
}
FEATURE_GATE_AWAIT_TRACE {
  event: 'end',
  fileName: 'backend/src/services/security/securityGovernanceOS.service.ts',
  redisOps: 'none',
  functionName: 'authorizeAccess:attestInfraIsolation',
  durationMs: 5,
  action: 'analytics:view',
  route: null,
  cacheStatus: 'none',
  dbQueries: [ 'isolationAttestationLedger.create' ]
}
prisma:error 
Invalid `prisma.authEventLedger.upsert()` invocation:


Raw query failed. Code: `unknown`. Message: `Kind: Transactions are not supported by this deployment, labels: {}, source: None`
FEATURE_GATE_AWAIT_TRACE {
  event: 'end',
  fileName: 'backend/src/services/security/securityGovernanceOS.service.ts',
  redisOps: 'none',
  functionName: 'appendAuthEvent:authEventLedger.upsert',
  durationMs: 4,
  cacheStatus: 'none',
  dbQueries: [ 'authEventLedger.upsert(auth_evt:cd95b0cbeb994289a5d7d63020)' ],
  eventKey: 'auth_evt:cd95b0cbeb994289a5d7d63020',
  action: 'analytics:view',
  outcome: 'ALLOWED'
}
FEATURE_GATE_AWAIT_TRACE {
  event: 'end',
  fileName: 'backend/src/services/security/securityGovernanceOS.service.ts',
  redisOps: 'none',
  functionName: 'authorizeAccess:appendAuthEvent:authorized',
  durationMs: 5,
  action: 'analytics:view',
  route: null,
  cacheStatus: 'none',
  dbQueries: [ 'authEventLedger.upsert' ]
}
prisma:error 
Invalid `prisma.observabilityEventLedger.findUnique()` invocation:


Raw query failed. Code: `unknown`. Message: `Kind: Server selection timeout: No available servers. Topology: { Type: Unknown, Servers: [ { Address: localhost:27017, Type: Unknown, Error: Kind: I/O error: No connection could be made because the target machine actively refused it. (os error 10061), labels: {}, source: None } ] }, labels: {}, source: None`
prisma:error 
Invalid `prisma.observabilityEventLedger.upsert()` invocation:


Raw query failed. Code: `unknown`. Message: `Kind: Transactions are not supported by this deployment, labels: {}, source: None`
prisma:error 
Invalid `prisma.infrastructureRecoveryLedger.count()` invocation:


Raw query failed. Code: `unknown`. Message: `Kind: Server selection timeout: No available servers. Topology: { Type: Unknown, Servers: [ { Address: localhost:27017, Type: Unknown, Error: Kind: I/O error: No connection could be made because the target machine actively refused it. (os error 10061), labels: {}, source: None } ] }, labels: {}, source: None`
replay_suppressed_count {
  metric: 'replay_suppressed_count',
  value: 0,
  businessId: null,
  route: 'integrations_onboarding_recovery',
  metadata: {
    suppression: 'queue_not_writable',
    suspendMs: 60000,
    queueDepth: 0,
    redisCircuitOpen: false
  },
  recordedAt: '2026-07-06T16:08:30.041Z'
}
FEATURE_GATE_AWAIT_TRACE {
  event: 'start',
  fileName: 'backend/src/services/security/securityGovernanceOS.service.ts',
  redisOps: 'none',
  functionName: 'assertAuthorizedAccess:authorizeAccess',
  action: 'analytics:view',
  route: null,
  cacheStatus: 'delegated',
  dbQueries: [ 'see nested FEATURE_GATE_AWAIT_TRACE events' ]
}
FEATURE_GATE_AWAIT_TRACE {
  event: 'start',
  fileName: 'backend/src/services/security/securityGovernanceOS.service.ts',
  redisOps: 'none',
  functionName: 'authorizeAccess:assertTenantIsolation',
  action: 'analytics:view',
  route: null,
  cacheStatus: 'none',
  dbQueries: [ 'tenantIsolationLedger.upsert' ]
}
FEATURE_GATE_AWAIT_TRACE {
  event: 'end',
  fileName: 'backend/src/services/security/securityGovernanceOS.service.ts',
  redisOps: 'none',
  functionName: 'authorizeAccess:assertTenantIsolation',
  durationMs: 0,
  action: 'analytics:view',
  route: null,
  cacheStatus: 'none',
  dbQueries: [ 'tenantIsolationLedger.upsert' ]
}
FEATURE_GATE_AWAIT_TRACE {
  event: 'end',
  fileName: 'backend/src/services/security/securityGovernanceOS.service.ts',
  redisOps: 'none',
  functionName: 'assertAuthorizedAccess:authorizeAccess',
  durationMs: 2,
  action: 'analytics:view',
  route: null,
  cacheStatus: 'delegated',
  dbQueries: [ 'see nested FEATURE_GATE_AWAIT_TRACE events' ]
}
FEATURE_GATE_AWAIT_TRACE {
  event: 'start',
  fileName: 'backend/src/services/security/securityGovernanceOS.service.ts',
  redisOps: 'none',
  functionName: 'authorizeAccess:attestInfraIsolation',
  action: 'analytics:view',
  route: null,
  cacheStatus: 'none',
  dbQueries: [ 'isolationAttestationLedger.create' ]
}
FEATURE_GATE_AWAIT_TRACE {
  event: 'start',
  fileName: 'backend/src/services/security/securityGovernanceOS.service.ts',
  redisOps: 'none',
  functionName: 'attestInfraIsolation:isolationAttestationLedger.upsert',
  cacheStatus: 'none',
  dbQueries: [
    'isolationAttestationLedger.upsert(isolation_attest:122232ac8efe489fe28b3f57)'
  ],
  attestationKey: 'isolation_attest:122232ac8efe489fe28b3f57'
}
FEATURE_GATE_AWAIT_TRACE {
  event: 'start',
  fileName: 'backend/src/services/security/securityGovernanceOS.service.ts',
  redisOps: 'none',
  functionName: 'authorizeAccess:appendAuthEvent:authorized',
  action: 'analytics:view',
  route: null,
  cacheStatus: 'none',
  dbQueries: [ 'authEventLedger.upsert' ]
}
FEATURE_GATE_AWAIT_TRACE {
  event: 'start',
  fileName: 'backend/src/services/security/securityGovernanceOS.service.ts',
  redisOps: 'none',
  functionName: 'appendAuthEvent:authEventLedger.upsert',
  cacheStatus: 'none',
  dbQueries: [ 'authEventLedger.upsert(auth_evt:4227175771c229b8608d17eb9f)' ],
  eventKey: 'auth_evt:4227175771c229b8608d17eb9f',
  action: 'analytics:view',
  outcome: 'ALLOWED'
}
prisma:error 
Invalid `prisma.dataAccessAuditLedger.upsert()` invocation:


Raw query failed. Code: `unknown`. Message: `Kind: Transactions are not supported by this deployment, labels: {}, source: None`
prisma:error 
Invalid `prisma.isolationAttestationLedger.upsert()` invocation:


Raw query failed. Code: `unknown`. Message: `Kind: Transactions are not supported by this deployment, labels: {}, source: None`
FEATURE_GATE_AWAIT_TRACE {
  event: 'end',
  fileName: 'backend/src/services/security/securityGovernanceOS.service.ts',
  redisOps: 'none',
  functionName: 'attestInfraIsolation:isolationAttestationLedger.upsert',
  durationMs: 3,
  cacheStatus: 'none',
  dbQueries: [
    'isolationAttestationLedger.upsert(isolation_attest:122232ac8efe489fe28b3f57)'
  ],
  attestationKey: 'isolation_attest:122232ac8efe489fe28b3f57'
}
FEATURE_GATE_AWAIT_TRACE {
  event: 'end',
  fileName: 'backend/src/services/security/securityGovernanceOS.service.ts',
  redisOps: 'none',
  functionName: 'authorizeAccess:attestInfraIsolation',
  durationMs: 3,
  action: 'analytics:view',
  route: null,
  cacheStatus: 'none',
  dbQueries: [ 'isolationAttestationLedger.create' ]
}
prisma:error 
Invalid `prisma.authEventLedger.upsert()` invocation:


Raw query failed. Code: `unknown`. Message: `Kind: Transactions are not supported by this deployment, labels: {}, source: None`
FEATURE_GATE_AWAIT_TRACE {
  event: 'end',
  fileName: 'backend/src/services/security/securityGovernanceOS.service.ts',
  redisOps: 'none',
  functionName: 'appendAuthEvent:authEventLedger.upsert',
  durationMs: 3,
  cacheStatus: 'none',
  dbQueries: [ 'authEventLedger.upsert(auth_evt:4227175771c229b8608d17eb9f)' ],
  eventKey: 'auth_evt:4227175771c229b8608d17eb9f',
  action: 'analytics:view',
  outcome: 'ALLOWED'
}
FEATURE_GATE_AWAIT_TRACE {
  event: 'end',
  fileName: 'backend/src/services/security/securityGovernanceOS.service.ts',
  redisOps: 'none',
  functionName: 'authorizeAccess:appendAuthEvent:authorized',
  durationMs: 3,
  action: 'analytics:view',
  route: null,
  cacheStatus: 'none',
  dbQueries: [ 'authEventLedger.upsert' ]
}
prisma:error 
Invalid `prisma.observabilityEventLedger.findUnique()` invocation:


Raw query failed. Code: `unknown`. Message: `Kind: Server selection timeout: No available servers. Topology: { Type: Unknown, Servers: [ { Address: localhost:27017, Type: Unknown, Error: Kind: I/O error: No connection could be made because the target machine actively refused it. (os error 10061), labels: {}, source: None } ] }, labels: {}, source: None`
prisma:error 
Invalid `prisma.observabilityEventLedger.upsert()` invocation:


Raw query failed. Code: `unknown`. Message: `Kind: Transactions are not supported by this deployment, labels: {}, source: None`
prisma:error 
Invalid `prisma.infrastructureRecoveryLedger.count()` invocation:


Raw query failed. Code: `unknown`. Message: `Kind: Server selection timeout: No available servers. Topology: { Type: Unknown, Servers: [ { Address: localhost:27017, Type: Unknown, Error: Kind: I/O error: No connection could be made because the target machine actively refused it. (os error 10061), labels: {}, source: None } ] }, labels: {}, source: None`
replay_suppressed_count {
  metric: 'replay_suppressed_count',
  value: 0,
  businessId: null,
  route: 'integrations_onboarding_recovery',
  metadata: {
    suppression: 'queue_not_writable',
    suspendMs: 60000,
    queueDepth: 0,
    redisCircuitOpen: false
  },
  recordedAt: '2026-07-06T16:09:30.025Z'
}
FEATURE_GATE_AWAIT_TRACE {
  event: 'start',
  fileName: 'backend/src/services/security/securityGovernanceOS.service.ts',
  redisOps: 'none',
  functionName: 'assertAuthorizedAccess:authorizeAccess',
  action: 'analytics:view',
  route: null,
  cacheStatus: 'delegated',
  dbQueries: [ 'see nested FEATURE_GATE_AWAIT_TRACE events' ]
}
FEATURE_GATE_AWAIT_TRACE {
  event: 'start',
  fileName: 'backend/src/services/security/securityGovernanceOS.service.ts',
  redisOps: 'none',
  functionName: 'authorizeAccess:assertTenantIsolation',
  action: 'analytics:view',
  route: null,
  cacheStatus: 'none',
  dbQueries: [ 'tenantIsolationLedger.upsert' ]
}
FEATURE_GATE_AWAIT_TRACE {
  event: 'end',
  fileName: 'backend/src/services/security/securityGovernanceOS.service.ts',
  redisOps: 'none',
  functionName: 'authorizeAccess:assertTenantIsolation',
  durationMs: 1,
  action: 'analytics:view',
  route: null,
  cacheStatus: 'none',
  dbQueries: [ 'tenantIsolationLedger.upsert' ]
}
FEATURE_GATE_AWAIT_TRACE {
  event: 'end',
  fileName: 'backend/src/services/security/securityGovernanceOS.service.ts',
  redisOps: 'none',
  functionName: 'assertAuthorizedAccess:authorizeAccess',
  durationMs: 3,
  action: 'analytics:view',
  route: null,
  cacheStatus: 'delegated',
  dbQueries: [ 'see nested FEATURE_GATE_AWAIT_TRACE events' ]
}
FEATURE_GATE_AWAIT_TRACE {
  event: 'start',
  fileName: 'backend/src/services/security/securityGovernanceOS.service.ts',
  redisOps: 'none',
  functionName: 'authorizeAccess:attestInfraIsolation',
  action: 'analytics:view',
  route: null,
  cacheStatus: 'none',
  dbQueries: [ 'isolationAttestationLedger.create' ]
}
FEATURE_GATE_AWAIT_TRACE {
  event: 'start',
  fileName: 'backend/src/services/security/securityGovernanceOS.service.ts',
  redisOps: 'none',
  functionName: 'attestInfraIsolation:isolationAttestationLedger.upsert',
  cacheStatus: 'none',
  dbQueries: [
    'isolationAttestationLedger.upsert(isolation_attest:bb2b33dc8f3260501c1baa1f)'
  ],
  attestationKey: 'isolation_attest:bb2b33dc8f3260501c1baa1f'
}
FEATURE_GATE_AWAIT_TRACE {
  event: 'start',
  fileName: 'backend/src/services/security/securityGovernanceOS.service.ts',
  redisOps: 'none',
  functionName: 'authorizeAccess:appendAuthEvent:authorized',
  action: 'analytics:view',
  route: null,
  cacheStatus: 'none',
  dbQueries: [ 'authEventLedger.upsert' ]
}
FEATURE_GATE_AWAIT_TRACE {
  event: 'start',
  fileName: 'backend/src/services/security/securityGovernanceOS.service.ts',
  redisOps: 'none',
  functionName: 'appendAuthEvent:authEventLedger.upsert',
  cacheStatus: 'none',
  dbQueries: [ 'authEventLedger.upsert(auth_evt:a2698bdc87198ec62bd55c156c)' ],
  eventKey: 'auth_evt:a2698bdc87198ec62bd55c156c',
  action: 'analytics:view',
  outcome: 'ALLOWED'
}
prisma:error 
Invalid `prisma.dataAccessAuditLedger.upsert()` invocation:


Raw query failed. Code: `unknown`. Message: `Kind: Transactions are not supported by this deployment, labels: {}, source: None`
prisma:error 
Invalid `prisma.isolationAttestationLedger.upsert()` invocation:


Raw query failed. Code: `unknown`. Message: `Kind: Transactions are not supported by this deployment, labels: {}, source: None`
FEATURE_GATE_AWAIT_TRACE {
  event: 'end',
  fileName: 'backend/src/services/security/securityGovernanceOS.service.ts',
  redisOps: 'none',
  functionName: 'attestInfraIsolation:isolationAttestationLedger.upsert',
  durationMs: 2,
  cacheStatus: 'none',
  dbQueries: [
    'isolationAttestationLedger.upsert(isolation_attest:bb2b33dc8f3260501c1baa1f)'
  ],
  attestationKey: 'isolation_attest:bb2b33dc8f3260501c1baa1f'
}
FEATURE_GATE_AWAIT_TRACE {
  event: 'end',
  fileName: 'backend/src/services/security/securityGovernanceOS.service.ts',
  redisOps: 'none',
  functionName: 'authorizeAccess:attestInfraIsolation',
  durationMs: 3,
  action: 'analytics:view',
  route: null,
  cacheStatus: 'none',
  dbQueries: [ 'isolationAttestationLedger.create' ]
}
prisma:error 
Invalid `prisma.authEventLedger.upsert()` invocation:


Raw query failed. Code: `unknown`. Message: `Kind: Transactions are not supported by this deployment, labels: {}, source: None`
FEATURE_GATE_AWAIT_TRACE {
  event: 'end',
  fileName: 'backend/src/services/security/securityGovernanceOS.service.ts',
  redisOps: 'none',
  functionName: 'appendAuthEvent:authEventLedger.upsert',
  durationMs: 2,
  cacheStatus: 'none',
  dbQueries: [ 'authEventLedger.upsert(auth_evt:a2698bdc87198ec62bd55c156c)' ],
  eventKey: 'auth_evt:a2698bdc87198ec62bd55c156c',
  action: 'analytics:view',
  outcome: 'ALLOWED'
}
FEATURE_GATE_AWAIT_TRACE {
  event: 'end',
  fileName: 'backend/src/services/security/securityGovernanceOS.service.ts',
  redisOps: 'none',
  functionName: 'authorizeAccess:appendAuthEvent:authorized',
  durationMs: 2,
  action: 'analytics:view',
  route: null,
  cacheStatus: 'none',
  dbQueries: [ 'authEventLedger.upsert' ]
}
prisma:error 
Invalid `prisma.observabilityEventLedger.findUnique()` invocation:


Raw query failed. Code: `unknown`. Message: `Kind: Server selection timeout: No available servers. Topology: { Type: Unknown, Servers: [ { Address: localhost:27017, Type: Unknown, Error: Kind: I/O error: No connection could be made because the target machine actively refused it. (os error 10061), labels: {}, source: None } ] }, labels: {}, source: None`
prisma:error 
Invalid `prisma.observabilityEventLedger.upsert()` invocation:


Raw query failed. Code: `unknown`. Message: `Kind: Transactions are not supported by this deployment, labels: {}, source: None`
prisma:error 
Invalid `prisma.infrastructureRecoveryLedger.count()` invocation:


Raw query failed. Code: `unknown`. Message: `Kind: Server selection timeout: No available servers. Topology: { Type: Unknown, Servers: [ { Address: localhost:27017, Type: Unknown, Error: Kind: I/O error: No connection could be made because the target machine actively refused it. (os error 10061), labels: {}, source: None } ] }, labels: {}, source: None`
replay_suppressed_count {
  metric: 'replay_suppressed_count',
  value: 0,
  businessId: null,
  route: 'integrations_onboarding_recovery',
  metadata: {
    suppression: 'queue_not_writable',
    suspendMs: 60000,
    queueDepth: 0,
    redisCircuitOpen: false
  },
  recordedAt: '2026-07-06T16:10:30.040Z'
}
FEATURE_GATE_AWAIT_TRACE {
  event: 'start',
  fileName: 'backend/src/services/security/securityGovernanceOS.service.ts',
  redisOps: 'none',
  functionName: 'assertAuthorizedAccess:authorizeAccess',
  action: 'analytics:view',
  route: null,
  cacheStatus: 'delegated',
  dbQueries: [ 'see nested FEATURE_GATE_AWAIT_TRACE events' ]
}
FEATURE_GATE_AWAIT_TRACE {
  event: 'start',
  fileName: 'backend/src/services/security/securityGovernanceOS.service.ts',
  redisOps: 'none',
  functionName: 'authorizeAccess:assertTenantIsolation',
  action: 'analytics:view',
  route: null,
  cacheStatus: 'none',
  dbQueries: [ 'tenantIsolationLedger.upsert' ]
}
FEATURE_GATE_AWAIT_TRACE {
  event: 'end',
  fileName: 'backend/src/services/security/securityGovernanceOS.service.ts',
  redisOps: 'none',
  functionName: 'authorizeAccess:assertTenantIsolation',
  durationMs: 1,
  action: 'analytics:view',
  route: null,
  cacheStatus: 'none',
  dbQueries: [ 'tenantIsolationLedger.upsert' ]
}
FEATURE_GATE_AWAIT_TRACE {
  event: 'end',
  fileName: 'backend/src/services/security/securityGovernanceOS.service.ts',
  redisOps: 'none',
  functionName: 'assertAuthorizedAccess:authorizeAccess',
  durationMs: 3,
  action: 'analytics:view',
  route: null,
  cacheStatus: 'delegated',
  dbQueries: [ 'see nested FEATURE_GATE_AWAIT_TRACE events' ]
}
FEATURE_GATE_AWAIT_TRACE {
  event: 'start',
  fileName: 'backend/src/services/security/securityGovernanceOS.service.ts',
  redisOps: 'none',
  functionName: 'authorizeAccess:attestInfraIsolation',
  action: 'analytics:view',
  route: null,
  cacheStatus: 'none',
  dbQueries: [ 'isolationAttestationLedger.create' ]
}
FEATURE_GATE_AWAIT_TRACE {
  event: 'start',
  fileName: 'backend/src/services/security/securityGovernanceOS.service.ts',
  redisOps: 'none',
  functionName: 'attestInfraIsolation:isolationAttestationLedger.upsert',
  cacheStatus: 'none',
  dbQueries: [
    'isolationAttestationLedger.upsert(isolation_attest:71f8b7f3773baf182fe6606f)'
  ],
  attestationKey: 'isolation_attest:71f8b7f3773baf182fe6606f'
}
FEATURE_GATE_AWAIT_TRACE {
  event: 'start',
  fileName: 'backend/src/services/security/securityGovernanceOS.service.ts',
  redisOps: 'none',
  functionName: 'authorizeAccess:appendAuthEvent:authorized',
  action: 'analytics:view',
  route: null,
  cacheStatus: 'none',
  dbQueries: [ 'authEventLedger.upsert' ]
}
FEATURE_GATE_AWAIT_TRACE {
  event: 'start',
  fileName: 'backend/src/services/security/securityGovernanceOS.service.ts',
  redisOps: 'none',
  functionName: 'appendAuthEvent:authEventLedger.upsert',
  cacheStatus: 'none',
  dbQueries: [ 'authEventLedger.upsert(auth_evt:e0af3aca5a878db886bcefda28)' ],
  eventKey: 'auth_evt:e0af3aca5a878db886bcefda28',
  action: 'analytics:view',
  outcome: 'ALLOWED'
}
prisma:error 
Invalid `prisma.dataAccessAuditLedger.upsert()` invocation:


Raw query failed. Code: `unknown`. Message: `Kind: Transactions are not supported by this deployment, labels: {}, source: None`
prisma:error 
Invalid `prisma.isolationAttestationLedger.upsert()` invocation:


Raw query failed. Code: `unknown`. Message: `Kind: Transactions are not supported by this deployment, labels: {}, source: None`
FEATURE_GATE_AWAIT_TRACE {
  event: 'end',
  fileName: 'backend/src/services/security/securityGovernanceOS.service.ts',
  redisOps: 'none',
  functionName: 'attestInfraIsolation:isolationAttestationLedger.upsert',
  durationMs: 3,
  cacheStatus: 'none',
  dbQueries: [
    'isolationAttestationLedger.upsert(isolation_attest:71f8b7f3773baf182fe6606f)'
  ],
  attestationKey: 'isolation_attest:71f8b7f3773baf182fe6606f'
}
FEATURE_GATE_AWAIT_TRACE {
  event: 'end',
  fileName: 'backend/src/services/security/securityGovernanceOS.service.ts',
  redisOps: 'none',
  functionName: 'authorizeAccess:attestInfraIsolation',
  durationMs: 4,
  action: 'analytics:view',
  route: null,
  cacheStatus: 'none',
  dbQueries: [ 'isolationAttestationLedger.create' ]
}
prisma:error 
Invalid `prisma.authEventLedger.upsert()` invocation:


Raw query failed. Code: `unknown`. Message: `Kind: Transactions are not supported by this deployment, labels: {}, source: None`
FEATURE_GATE_AWAIT_TRACE {
  event: 'end',
  fileName: 'backend/src/services/security/securityGovernanceOS.service.ts',
  redisOps: 'none',
  functionName: 'appendAuthEvent:authEventLedger.upsert',
  durationMs: 3,
  cacheStatus: 'none',
  dbQueries: [ 'authEventLedger.upsert(auth_evt:e0af3aca5a878db886bcefda28)' ],
  eventKey: 'auth_evt:e0af3aca5a878db886bcefda28',
  action: 'analytics:view',
  outcome: 'ALLOWED'
}
FEATURE_GATE_AWAIT_TRACE {
  event: 'end',
  fileName: 'backend/src/services/security/securityGovernanceOS.service.ts',
  redisOps: 'none',
  functionName: 'authorizeAccess:appendAuthEvent:authorized',
  durationMs: 4,
  action: 'analytics:view',
  route: null,
  cacheStatus: 'none',
  dbQueries: [ 'authEventLedger.upsert' ]
}
prisma:error 
Invalid `prisma.observabilityEventLedger.findUnique()` invocation:


Raw query failed. Code: `unknown`. Message: `Kind: Server selection timeout: No available servers. Topology: { Type: Unknown, Servers: [ { Address: localhost:27017, Type: Unknown, Error: Kind: I/O error: No connection could be made because the target machine actively refused it. (os error 10061), labels: {}, source: None } ] }, labels: {}, source: None`
prisma:error 
Invalid `prisma.observabilityEventLedger.upsert()` invocation:


Raw query failed. Code: `unknown`. Message: `Kind: Transactions are not supported by this deployment, labels: {}, source: None`
prisma:error 
Invalid `prisma.infrastructureRecoveryLedger.count()` invocation:


Raw query failed. Code: `unknown`. Message: `Kind: Server selection timeout: No available servers. Topology: { Type: Unknown, Servers: [ { Address: localhost:27017, Type: Unknown, Error: Kind: I/O error: No connection could be made because the target machine actively refused it. (os error 10061), labels: {}, source: None } ] }, labels: {}, source: None`
replay_suppressed_count {
  metric: 'replay_suppressed_count',
  value: 0,
  businessId: null,
  route: 'integrations_onboarding_recovery',
  metadata: {
    suppression: 'queue_not_writable',
    suspendMs: 60000,
    queueDepth: 0,
    redisCircuitOpen: false
  },
  recordedAt: '2026-07-06T16:11:30.039Z'
}
FEATURE_GATE_AWAIT_TRACE {
  event: 'start',
  fileName: 'backend/src/services/security/securityGovernanceOS.service.ts',
  redisOps: 'none',
  functionName: 'assertAuthorizedAccess:authorizeAccess',
  action: 'analytics:view',
  route: null,
  cacheStatus: 'delegated',
  dbQueries: [ 'see nested FEATURE_GATE_AWAIT_TRACE events' ]
}
FEATURE_GATE_AWAIT_TRACE {
  event: 'start',
  fileName: 'backend/src/services/security/securityGovernanceOS.service.ts',
  redisOps: 'none',
  functionName: 'authorizeAccess:assertTenantIsolation',
  action: 'analytics:view',
  route: null,
  cacheStatus: 'none',
  dbQueries: [ 'tenantIsolationLedger.upsert' ]
}
FEATURE_GATE_AWAIT_TRACE {
  event: 'end',
  fileName: 'backend/src/services/security/securityGovernanceOS.service.ts',
  redisOps: 'none',
  functionName: 'authorizeAccess:assertTenantIsolation',
  durationMs: 1,
  action: 'analytics:view',
  route: null,
  cacheStatus: 'none',
  dbQueries: [ 'tenantIsolationLedger.upsert' ]
}
FEATURE_GATE_AWAIT_TRACE {
  event: 'end',
  fileName: 'backend/src/services/security/securityGovernanceOS.service.ts',
  redisOps: 'none',
  functionName: 'assertAuthorizedAccess:authorizeAccess',
  durationMs: 2,
  action: 'analytics:view',
  route: null,
  cacheStatus: 'delegated',
  dbQueries: [ 'see nested FEATURE_GATE_AWAIT_TRACE events' ]
}
FEATURE_GATE_AWAIT_TRACE {
  event: 'start',
  fileName: 'backend/src/services/security/securityGovernanceOS.service.ts',
  redisOps: 'none',
  functionName: 'authorizeAccess:attestInfraIsolation',
  action: 'analytics:view',
  route: null,
  cacheStatus: 'none',
  dbQueries: [ 'isolationAttestationLedger.create' ]
}
FEATURE_GATE_AWAIT_TRACE {
  event: 'start',
  fileName: 'backend/src/services/security/securityGovernanceOS.service.ts',
  redisOps: 'none',
  functionName: 'attestInfraIsolation:isolationAttestationLedger.upsert',
  cacheStatus: 'none',
  dbQueries: [
    'isolationAttestationLedger.upsert(isolation_attest:28c82328185fe99d4337f2c9)'
  ],
  attestationKey: 'isolation_attest:28c82328185fe99d4337f2c9'
}
FEATURE_GATE_AWAIT_TRACE {
  event: 'start',
  fileName: 'backend/src/services/security/securityGovernanceOS.service.ts',
  redisOps: 'none',
  functionName: 'authorizeAccess:appendAuthEvent:authorized',
  action: 'analytics:view',
  route: null,
  cacheStatus: 'none',
  dbQueries: [ 'authEventLedger.upsert' ]
}
FEATURE_GATE_AWAIT_TRACE {
  event: 'start',
  fileName: 'backend/src/services/security/securityGovernanceOS.service.ts',
  redisOps: 'none',
  functionName: 'appendAuthEvent:authEventLedger.upsert',
  cacheStatus: 'none',
  dbQueries: [ 'authEventLedger.upsert(auth_evt:7a6029e81e33ec52c0f19ef7d3)' ],
  eventKey: 'auth_evt:7a6029e81e33ec52c0f19ef7d3',
  action: 'analytics:view',
  outcome: 'ALLOWED'
}
prisma:error 
Invalid `prisma.dataAccessAuditLedger.upsert()` invocation:


Raw query failed. Code: `unknown`. Message: `Kind: Transactions are not supported by this deployment, labels: {}, source: None`
prisma:error 
Invalid `prisma.isolationAttestationLedger.upsert()` invocation:


Raw query failed. Code: `unknown`. Message: `Kind: Transactions are not supported by this deployment, labels: {}, source: None`
FEATURE_GATE_AWAIT_TRACE {
  event: 'end',
  fileName: 'backend/src/services/security/securityGovernanceOS.service.ts',
  redisOps: 'none',
  functionName: 'attestInfraIsolation:isolationAttestationLedger.upsert',
  durationMs: 3,
  cacheStatus: 'none',
  dbQueries: [
    'isolationAttestationLedger.upsert(isolation_attest:28c82328185fe99d4337f2c9)'
  ],
  attestationKey: 'isolation_attest:28c82328185fe99d4337f2c9'
}
FEATURE_GATE_AWAIT_TRACE {
  event: 'end',
  fileName: 'backend/src/services/security/securityGovernanceOS.service.ts',
  redisOps: 'none',
  functionName: 'authorizeAccess:attestInfraIsolation',
  durationMs: 3,
  action: 'analytics:view',
  route: null,
  cacheStatus: 'none',
  dbQueries: [ 'isolationAttestationLedger.create' ]
}
prisma:error 
Invalid `prisma.authEventLedger.upsert()` invocation:


Raw query failed. Code: `unknown`. Message: `Kind: Transactions are not supported by this deployment, labels: {}, source: None`
FEATURE_GATE_AWAIT_TRACE {
  event: 'end',
  fileName: 'backend/src/services/security/securityGovernanceOS.service.ts',
  redisOps: 'none',
  functionName: 'appendAuthEvent:authEventLedger.upsert',
  durationMs: 3,
  cacheStatus: 'none',
  dbQueries: [ 'authEventLedger.upsert(auth_evt:7a6029e81e33ec52c0f19ef7d3)' ],
  eventKey: 'auth_evt:7a6029e81e33ec52c0f19ef7d3',
  action: 'analytics:view',
  outcome: 'ALLOWED'
}
FEATURE_GATE_AWAIT_TRACE {
  event: 'end',
  fileName: 'backend/src/services/security/securityGovernanceOS.service.ts',
  redisOps: 'none',
  functionName: 'authorizeAccess:appendAuthEvent:authorized',
  durationMs: 3,
  action: 'analytics:view',
  route: null,
  cacheStatus: 'none',
  dbQueries: [ 'authEventLedger.upsert' ]
}
prisma:error 
Invalid `prisma.observabilityEventLedger.findUnique()` invocation:


Raw query failed. Code: `unknown`. Message: `Kind: Server selection timeout: No available servers. Topology: { Type: Unknown, Servers: [ { Address: localhost:27017, Type: Unknown, Error: Kind: I/O error: No connection could be made because the target machine actively refused it. (os error 10061), labels: {}, source: None } ] }, labels: {}, source: None`
prisma:error 
Invalid `prisma.observabilityEventLedger.upsert()` invocation:


Raw query failed. Code: `unknown`. Message: `Kind: Transactions are not supported by this deployment, labels: {}, source: None`
prisma:error 
Invalid `prisma.infrastructureRecoveryLedger.count()` invocation:


Raw query failed. Code: `unknown`. Message: `Kind: Server selection timeout: No available servers. Topology: { Type: Unknown, Servers: [ { Address: localhost:27017, Type: Unknown, Error: Kind: I/O error: No connection could be made because the target machine actively refused it. (os error 10061), labels: {}, source: None } ] }, labels: {}, source: None`
replay_suppressed_count {
  metric: 'replay_suppressed_count',
  value: 0,
  businessId: null,
  route: 'integrations_onboarding_recovery',
  metadata: {
    suppression: 'queue_not_writable',
    suspendMs: 60000,
    queueDepth: 0,
    redisCircuitOpen: false
  },
  recordedAt: '2026-07-06T16:12:30.026Z'
}
FEATURE_GATE_AWAIT_TRACE {
  event: 'start',
  fileName: 'backend/src/services/security/securityGovernanceOS.service.ts',
  redisOps: 'none',
  functionName: 'assertAuthorizedAccess:authorizeAccess',
  action: 'analytics:view',
  route: null,
  cacheStatus: 'delegated',
  dbQueries: [ 'see nested FEATURE_GATE_AWAIT_TRACE events' ]
}
FEATURE_GATE_AWAIT_TRACE {
  event: 'start',
  fileName: 'backend/src/services/security/securityGovernanceOS.service.ts',
  redisOps: 'none',
  functionName: 'authorizeAccess:assertTenantIsolation',
  action: 'analytics:view',
  route: null,
  cacheStatus: 'none',
  dbQueries: [ 'tenantIsolationLedger.upsert' ]
}
FEATURE_GATE_AWAIT_TRACE {
  event: 'end',
  fileName: 'backend/src/services/security/securityGovernanceOS.service.ts',
  redisOps: 'none',
  functionName: 'authorizeAccess:assertTenantIsolation',
  durationMs: 6,
  action: 'analytics:view',
  route: null,
  cacheStatus: 'none',
  dbQueries: [ 'tenantIsolationLedger.upsert' ]
}
FEATURE_GATE_AWAIT_TRACE {
  event: 'end',
  fileName: 'backend/src/services/security/securityGovernanceOS.service.ts',
  redisOps: 'none',
  functionName: 'assertAuthorizedAccess:authorizeAccess',
  durationMs: 9,
  action: 'analytics:view',
  route: null,
  cacheStatus: 'delegated',
  dbQueries: [ 'see nested FEATURE_GATE_AWAIT_TRACE events' ]
}
FEATURE_GATE_AWAIT_TRACE {
  event: 'start',
  fileName: 'backend/src/services/security/securityGovernanceOS.service.ts',
  redisOps: 'none',
  functionName: 'authorizeAccess:attestInfraIsolation',
  action: 'analytics:view',
  route: null,
  cacheStatus: 'none',
  dbQueries: [ 'isolationAttestationLedger.create' ]
}
FEATURE_GATE_AWAIT_TRACE {
  event: 'start',
  fileName: 'backend/src/services/security/securityGovernanceOS.service.ts',
  redisOps: 'none',
  functionName: 'attestInfraIsolation:isolationAttestationLedger.upsert',
  cacheStatus: 'none',
  dbQueries: [
    'isolationAttestationLedger.upsert(isolation_attest:6d1c94338c16c0e8085bc985)'
  ],
  attestationKey: 'isolation_attest:6d1c94338c16c0e8085bc985'
}
FEATURE_GATE_AWAIT_TRACE {
  event: 'start',
  fileName: 'backend/src/services/security/securityGovernanceOS.service.ts',
  redisOps: 'none',
  functionName: 'authorizeAccess:appendAuthEvent:authorized',
  action: 'analytics:view',
  route: null,
  cacheStatus: 'none',
  dbQueries: [ 'authEventLedger.upsert' ]
}
FEATURE_GATE_AWAIT_TRACE {
  event: 'start',
  fileName: 'backend/src/services/security/securityGovernanceOS.service.ts',
  redisOps: 'none',
  functionName: 'appendAuthEvent:authEventLedger.upsert',
  cacheStatus: 'none',
  dbQueries: [ 'authEventLedger.upsert(auth_evt:420f621ca0383b949fbb71cedc)' ],
  eventKey: 'auth_evt:420f621ca0383b949fbb71cedc',
  action: 'analytics:view',
  outcome: 'ALLOWED'
}
prisma:error 
Invalid `prisma.dataAccessAuditLedger.upsert()` invocation:


Raw query failed. Code: `unknown`. Message: `Kind: Transactions are not supported by this deployment, labels: {}, source: None`
prisma:error 
Invalid `prisma.isolationAttestationLedger.upsert()` invocation:


Raw query failed. Code: `unknown`. Message: `Kind: Transactions are not supported by this deployment, labels: {}, source: None`
FEATURE_GATE_AWAIT_TRACE {
  event: 'end',
  fileName: 'backend/src/services/security/securityGovernanceOS.service.ts',
  redisOps: 'none',
  functionName: 'attestInfraIsolation:isolationAttestationLedger.upsert',
  durationMs: 5,
  cacheStatus: 'none',
  dbQueries: [
    'isolationAttestationLedger.upsert(isolation_attest:6d1c94338c16c0e8085bc985)'
  ],
  attestationKey: 'isolation_attest:6d1c94338c16c0e8085bc985'
}
FEATURE_GATE_AWAIT_TRACE {
  event: 'end',
  fileName: 'backend/src/services/security/securityGovernanceOS.service.ts',
  redisOps: 'none',
  functionName: 'authorizeAccess:attestInfraIsolation',
  durationMs: 6,
  action: 'analytics:view',
  route: null,
  cacheStatus: 'none',
  dbQueries: [ 'isolationAttestationLedger.create' ]
}
prisma:error 
Invalid `prisma.authEventLedger.upsert()` invocation:


Raw query failed. Code: `unknown`. Message: `Kind: Transactions are not supported by this deployment, labels: {}, source: None`
FEATURE_GATE_AWAIT_TRACE {
  event: 'end',
  fileName: 'backend/src/services/security/securityGovernanceOS.service.ts',
  redisOps: 'none',
  functionName: 'appendAuthEvent:authEventLedger.upsert',
  durationMs: 5,
  cacheStatus: 'none',
  dbQueries: [ 'authEventLedger.upsert(auth_evt:420f621ca0383b949fbb71cedc)' ],
  eventKey: 'auth_evt:420f621ca0383b949fbb71cedc',
  action: 'analytics:view',
  outcome: 'ALLOWED'
}
FEATURE_GATE_AWAIT_TRACE {
  event: 'end',
  fileName: 'backend/src/services/security/securityGovernanceOS.service.ts',
  redisOps: 'none',
  functionName: 'authorizeAccess:appendAuthEvent:authorized',
  durationMs: 5,
  action: 'analytics:view',
  route: null,
  cacheStatus: 'none',
  dbQueries: [ 'authEventLedger.upsert' ]
}
prisma:error 
Invalid `prisma.observabilityEventLedger.findUnique()` invocation:


Raw query failed. Code: `unknown`. Message: `Kind: Server selection timeout: No available servers. Topology: { Type: Unknown, Servers: [ { Address: localhost:27017, Type: Unknown, Error: Kind: I/O error: No connection could be made because the target machine actively refused it. (os error 10061), labels: {}, source: None } ] }, labels: {}, source: None`
prisma:error 
Invalid `prisma.observabilityEventLedger.upsert()` invocation:


Raw query failed. Code: `unknown`. Message: `Kind: Transactions are not supported by this deployment, labels: {}, source: None`
prisma:error 
Invalid `prisma.infrastructureRecoveryLedger.count()` invocation:


Raw query failed. Code: `unknown`. Message: `Kind: Server selection timeout: No available servers. Topology: { Type: Unknown, Servers: [ { Address: localhost:27017, Type: Unknown, Error: Kind: I/O error: No connection could be made because the target machine actively refused it. (os error 10061), labels: {}, source: None } ] }, labels: {}, source: None`
replay_suppressed_count {
  metric: 'replay_suppressed_count',
  value: 0,
  businessId: null,
  route: 'integrations_onboarding_recovery',
  metadata: {
    suppression: 'queue_not_writable',
    suspendMs: 60000,
    queueDepth: 0,
    redisCircuitOpen: false
  },
  recordedAt: '2026-07-06T16:13:30.050Z'
}
FEATURE_GATE_AWAIT_TRACE {
  event: 'start',
  fileName: 'backend/src/services/security/securityGovernanceOS.service.ts',
  redisOps: 'none',
  functionName: 'assertAuthorizedAccess:authorizeAccess',
  action: 'analytics:view',
  route: null,
  cacheStatus: 'delegated',
  dbQueries: [ 'see nested FEATURE_GATE_AWAIT_TRACE events' ]
}
FEATURE_GATE_AWAIT_TRACE {
  event: 'start',
  fileName: 'backend/src/services/security/securityGovernanceOS.service.ts',
  redisOps: 'none',
  functionName: 'authorizeAccess:assertTenantIsolation',
  action: 'analytics:view',
  route: null,
  cacheStatus: 'none',
  dbQueries: [ 'tenantIsolationLedger.upsert' ]
}
FEATURE_GATE_AWAIT_TRACE {
  event: 'end',
  fileName: 'backend/src/services/security/securityGovernanceOS.service.ts',
  redisOps: 'none',
  functionName: 'authorizeAccess:assertTenantIsolation',
  durationMs: 0,
  action: 'analytics:view',
  route: null,
  cacheStatus: 'none',
  dbQueries: [ 'tenantIsolationLedger.upsert' ]
}
FEATURE_GATE_AWAIT_TRACE {
  event: 'end',
  fileName: 'backend/src/services/security/securityGovernanceOS.service.ts',
  redisOps: 'none',
  functionName: 'assertAuthorizedAccess:authorizeAccess',
  durationMs: 1,
  action: 'analytics:view',
  route: null,
  cacheStatus: 'delegated',
  dbQueries: [ 'see nested FEATURE_GATE_AWAIT_TRACE events' ]
}
FEATURE_GATE_AWAIT_TRACE {
  event: 'start',
  fileName: 'backend/src/services/security/securityGovernanceOS.service.ts',
  redisOps: 'none',
  functionName: 'authorizeAccess:attestInfraIsolation',
  action: 'analytics:view',
  route: null,
  cacheStatus: 'none',
  dbQueries: [ 'isolationAttestationLedger.create' ]
}
FEATURE_GATE_AWAIT_TRACE {
  event: 'start',
  fileName: 'backend/src/services/security/securityGovernanceOS.service.ts',
  redisOps: 'none',
  functionName: 'attestInfraIsolation:isolationAttestationLedger.upsert',
  cacheStatus: 'none',
  dbQueries: [
    'isolationAttestationLedger.upsert(isolation_attest:3369e136d9b20caa0a273081)'
  ],
  attestationKey: 'isolation_attest:3369e136d9b20caa0a273081'
}
FEATURE_GATE_AWAIT_TRACE {
  event: 'start',
  fileName: 'backend/src/services/security/securityGovernanceOS.service.ts',
  redisOps: 'none',
  functionName: 'authorizeAccess:appendAuthEvent:authorized',
  action: 'analytics:view',
  route: null,
  cacheStatus: 'none',
  dbQueries: [ 'authEventLedger.upsert' ]
}
FEATURE_GATE_AWAIT_TRACE {
  event: 'start',
  fileName: 'backend/src/services/security/securityGovernanceOS.service.ts',
  redisOps: 'none',
  functionName: 'appendAuthEvent:authEventLedger.upsert',
  cacheStatus: 'none',
  dbQueries: [ 'authEventLedger.upsert(auth_evt:16a1b7fc3fcbd750817dc4bdd9)' ],
  eventKey: 'auth_evt:16a1b7fc3fcbd750817dc4bdd9',
  action: 'analytics:view',
  outcome: 'ALLOWED'
}
prisma:error 
Invalid `prisma.dataAccessAuditLedger.upsert()` invocation:


Raw query failed. Code: `unknown`. Message: `Kind: Transactions are not supported by this deployment, labels: {}, source: None`
prisma:error 
Invalid `prisma.isolationAttestationLedger.upsert()` invocation:


Raw query failed. Code: `unknown`. Message: `Kind: Transactions are not supported by this deployment, labels: {}, source: None`
FEATURE_GATE_AWAIT_TRACE {
  event: 'end',
  fileName: 'backend/src/services/security/securityGovernanceOS.service.ts',
  redisOps: 'none',
  functionName: 'attestInfraIsolation:isolationAttestationLedger.upsert',
  durationMs: 3,
  cacheStatus: 'none',
  dbQueries: [
    'isolationAttestationLedger.upsert(isolation_attest:3369e136d9b20caa0a273081)'
  ],
  attestationKey: 'isolation_attest:3369e136d9b20caa0a273081'
}
FEATURE_GATE_AWAIT_TRACE {
  event: 'end',
  fileName: 'backend/src/services/security/securityGovernanceOS.service.ts',
  redisOps: 'none',
  functionName: 'authorizeAccess:attestInfraIsolation',
  durationMs: 4,
  action: 'analytics:view',
  route: null,
  cacheStatus: 'none',
  dbQueries: [ 'isolationAttestationLedger.create' ]
}
prisma:error 
Invalid `prisma.authEventLedger.upsert()` invocation:


Raw query failed. Code: `unknown`. Message: `Kind: Transactions are not supported by this deployment, labels: {}, source: None`
FEATURE_GATE_AWAIT_TRACE {
  event: 'end',
  fileName: 'backend/src/services/security/securityGovernanceOS.service.ts',
  redisOps: 'none',
  functionName: 'appendAuthEvent:authEventLedger.upsert',
  durationMs: 3,
  cacheStatus: 'none',
  dbQueries: [ 'authEventLedger.upsert(auth_evt:16a1b7fc3fcbd750817dc4bdd9)' ],
  eventKey: 'auth_evt:16a1b7fc3fcbd750817dc4bdd9',
  action: 'analytics:view',
  outcome: 'ALLOWED'
}
FEATURE_GATE_AWAIT_TRACE {
  event: 'end',
  fileName: 'backend/src/services/security/securityGovernanceOS.service.ts',
  redisOps: 'none',
  functionName: 'authorizeAccess:appendAuthEvent:authorized',
  durationMs: 4,
  action: 'analytics:view',
  route: null,
  cacheStatus: 'none',
  dbQueries: [ 'authEventLedger.upsert' ]
}
prisma:error 
Invalid `prisma.observabilityEventLedger.findUnique()` invocation:


Raw query failed. Code: `unknown`. Message: `Kind: Server selection timeout: No available servers. Topology: { Type: Unknown, Servers: [ { Address: localhost:27017, Type: Unknown, Error: Kind: I/O error: No connection could be made because the target machine actively refused it. (os error 10061), labels: {}, source: None } ] }, labels: {}, source: None`
prisma:error 
Invalid `prisma.observabilityEventLedger.upsert()` invocation:


Raw query failed. Code: `unknown`. Message: `Kind: Transactions are not supported by this deployment, labels: {}, source: None`
prisma:error 
Invalid `prisma.infrastructureRecoveryLedger.count()` invocation:


Raw query failed. Code: `unknown`. Message: `Kind: Server selection timeout: No available servers. Topology: { Type: Unknown, Servers: [ { Address: localhost:27017, Type: Unknown, Error: Kind: I/O error: No connection could be made because the target machine actively refused it. (os error 10061), labels: {}, source: None } ] }, labels: {}, source: None`
replay_suppressed_count {
  metric: 'replay_suppressed_count',
  value: 0,
  businessId: null,
  route: 'integrations_onboarding_recovery',
  metadata: {
    suppression: 'queue_not_writable',
    suspendMs: 60000,
    queueDepth: 0,
    redisCircuitOpen: false
  },
  recordedAt: '2026-07-06T16:14:30.033Z'
}
FEATURE_GATE_AWAIT_TRACE {
  event: 'start',
  fileName: 'backend/src/services/security/securityGovernanceOS.service.ts',
  redisOps: 'none',
  functionName: 'assertAuthorizedAccess:authorizeAccess',
  action: 'analytics:view',
  route: null,
  cacheStatus: 'delegated',
  dbQueries: [ 'see nested FEATURE_GATE_AWAIT_TRACE events' ]
}
FEATURE_GATE_AWAIT_TRACE {
  event: 'start',
  fileName: 'backend/src/services/security/securityGovernanceOS.service.ts',
  redisOps: 'none',
  functionName: 'authorizeAccess:assertTenantIsolation',
  action: 'analytics:view',
  route: null,
  cacheStatus: 'none',
  dbQueries: [ 'tenantIsolationLedger.upsert' ]
}
FEATURE_GATE_AWAIT_TRACE {
  event: 'end',
  fileName: 'backend/src/services/security/securityGovernanceOS.service.ts',
  redisOps: 'none',
  functionName: 'authorizeAccess:assertTenantIsolation',
  durationMs: 1,
  action: 'analytics:view',
  route: null,
  cacheStatus: 'none',
  dbQueries: [ 'tenantIsolationLedger.upsert' ]
}
FEATURE_GATE_AWAIT_TRACE {
  event: 'end',
  fileName: 'backend/src/services/security/securityGovernanceOS.service.ts',
  redisOps: 'none',
  functionName: 'assertAuthorizedAccess:authorizeAccess',
  durationMs: 2,
  action: 'analytics:view',
  route: null,
  cacheStatus: 'delegated',
  dbQueries: [ 'see nested FEATURE_GATE_AWAIT_TRACE events' ]
}
FEATURE_GATE_AWAIT_TRACE {
  event: 'start',
  fileName: 'backend/src/services/security/securityGovernanceOS.service.ts',
  redisOps: 'none',
  functionName: 'authorizeAccess:attestInfraIsolation',
  action: 'analytics:view',
  route: null,
  cacheStatus: 'none',
  dbQueries: [ 'isolationAttestationLedger.create' ]
}
FEATURE_GATE_AWAIT_TRACE {
  event: 'start',
  fileName: 'backend/src/services/security/securityGovernanceOS.service.ts',
  redisOps: 'none',
  functionName: 'attestInfraIsolation:isolationAttestationLedger.upsert',
  cacheStatus: 'none',
  dbQueries: [
    'isolationAttestationLedger.upsert(isolation_attest:17539bf9e975c8f64dccf990)'
  ],
  attestationKey: 'isolation_attest:17539bf9e975c8f64dccf990'
}
FEATURE_GATE_AWAIT_TRACE {
  event: 'start',
  fileName: 'backend/src/services/security/securityGovernanceOS.service.ts',
  redisOps: 'none',
  functionName: 'authorizeAccess:appendAuthEvent:authorized',
  action: 'analytics:view',
  route: null,
  cacheStatus: 'none',
  dbQueries: [ 'authEventLedger.upsert' ]
}
FEATURE_GATE_AWAIT_TRACE {
  event: 'start',
  fileName: 'backend/src/services/security/securityGovernanceOS.service.ts',
  redisOps: 'none',
  functionName: 'appendAuthEvent:authEventLedger.upsert',
  cacheStatus: 'none',
  dbQueries: [ 'authEventLedger.upsert(auth_evt:a535d77297f2407fd1945d2135)' ],
  eventKey: 'auth_evt:a535d77297f2407fd1945d2135',
  action: 'analytics:view',
  outcome: 'ALLOWED'
}
prisma:error 
Invalid `prisma.dataAccessAuditLedger.upsert()` invocation:


Raw query failed. Code: `unknown`. Message: `Kind: Transactions are not supported by this deployment, labels: {}, source: None`
prisma:error 
Invalid `prisma.isolationAttestationLedger.upsert()` invocation:


Raw query failed. Code: `unknown`. Message: `Kind: Transactions are not supported by this deployment, labels: {}, source: None`
FEATURE_GATE_AWAIT_TRACE {
  event: 'end',
  fileName: 'backend/src/services/security/securityGovernanceOS.service.ts',
  redisOps: 'none',
  functionName: 'attestInfraIsolation:isolationAttestationLedger.upsert',
  durationMs: 3,
  cacheStatus: 'none',
  dbQueries: [
    'isolationAttestationLedger.upsert(isolation_attest:17539bf9e975c8f64dccf990)'
  ],
  attestationKey: 'isolation_attest:17539bf9e975c8f64dccf990'
}
FEATURE_GATE_AWAIT_TRACE {
  event: 'end',
  fileName: 'backend/src/services/security/securityGovernanceOS.service.ts',
  redisOps: 'none',
  functionName: 'authorizeAccess:attestInfraIsolation',
  durationMs: 4,
  action: 'analytics:view',
  route: null,
  cacheStatus: 'none',
  dbQueries: [ 'isolationAttestationLedger.create' ]
}
prisma:error 
Invalid `prisma.authEventLedger.upsert()` invocation:


Raw query failed. Code: `unknown`. Message: `Kind: Transactions are not supported by this deployment, labels: {}, source: None`
FEATURE_GATE_AWAIT_TRACE {
  event: 'end',
  fileName: 'backend/src/services/security/securityGovernanceOS.service.ts',
  redisOps: 'none',
  functionName: 'appendAuthEvent:authEventLedger.upsert',
  durationMs: 4,
  cacheStatus: 'none',
  dbQueries: [ 'authEventLedger.upsert(auth_evt:a535d77297f2407fd1945d2135)' ],
  eventKey: 'auth_evt:a535d77297f2407fd1945d2135',
  action: 'analytics:view',
  outcome: 'ALLOWED'
}
FEATURE_GATE_AWAIT_TRACE {
  event: 'end',
  fileName: 'backend/src/services/security/securityGovernanceOS.service.ts',
  redisOps: 'none',
  functionName: 'authorizeAccess:appendAuthEvent:authorized',
  durationMs: 4,
  action: 'analytics:view',
  route: null,
  cacheStatus: 'none',
  dbQueries: [ 'authEventLedger.upsert' ]
}
prisma:error 
Invalid `prisma.observabilityEventLedger.findUnique()` invocation:


Raw query failed. Code: `unknown`. Message: `Kind: Server selection timeout: No available servers. Topology: { Type: Unknown, Servers: [ { Address: localhost:27017, Type: Unknown, Error: Kind: I/O error: No connection could be made because the target machine actively refused it. (os error 10061), labels: {}, source: None } ] }, labels: {}, source: None`
prisma:error 
Invalid `prisma.observabilityEventLedger.upsert()` invocation:


Raw query failed. Code: `unknown`. Message: `Kind: Transactions are not supported by this deployment, labels: {}, source: None`
prisma:error 
Invalid `prisma.infrastructureRecoveryLedger.count()` invocation:


Raw query failed. Code: `unknown`. Message: `Kind: Server selection timeout: No available servers. Topology: { Type: Unknown, Servers: [ { Address: localhost:27017, Type: Unknown, Error: Kind: I/O error: No connection could be made because the target machine actively refused it. (os error 10061), labels: {}, source: None } ] }, labels: {}, source: None`
replay_suppressed_count {
  metric: 'replay_suppressed_count',
  value: 0,
  businessId: null,
  route: 'integrations_onboarding_recovery',
  metadata: {
    suppression: 'queue_not_writable',
    suspendMs: 60000,
    queueDepth: 0,
    redisCircuitOpen: false
  },
  recordedAt: '2026-07-06T16:15:30.030Z'
}
FEATURE_GATE_AWAIT_TRACE {
  event: 'start',
  fileName: 'backend/src/services/security/securityGovernanceOS.service.ts',
  redisOps: 'none',
  functionName: 'assertAuthorizedAccess:authorizeAccess',
  action: 'analytics:view',
  route: null,
  cacheStatus: 'delegated',
  dbQueries: [ 'see nested FEATURE_GATE_AWAIT_TRACE events' ]
}
FEATURE_GATE_AWAIT_TRACE {
  event: 'start',
  fileName: 'backend/src/services/security/securityGovernanceOS.service.ts',
  redisOps: 'none',
  functionName: 'authorizeAccess:assertTenantIsolation',
  action: 'analytics:view',
  route: null,
  cacheStatus: 'none',
  dbQueries: [ 'tenantIsolationLedger.upsert' ]
}
FEATURE_GATE_AWAIT_TRACE {
  event: 'end',
  fileName: 'backend/src/services/security/securityGovernanceOS.service.ts',
  redisOps: 'none',
  functionName: 'authorizeAccess:assertTenantIsolation',
  durationMs: 0,
  action: 'analytics:view',
  route: null,
  cacheStatus: 'none',
  dbQueries: [ 'tenantIsolationLedger.upsert' ]
}
FEATURE_GATE_AWAIT_TRACE {
  event: 'end',
  fileName: 'backend/src/services/security/securityGovernanceOS.service.ts',
  redisOps: 'none',
  functionName: 'assertAuthorizedAccess:authorizeAccess',
  durationMs: 2,
  action: 'analytics:view',
  route: null,
  cacheStatus: 'delegated',
  dbQueries: [ 'see nested FEATURE_GATE_AWAIT_TRACE events' ]
}
FEATURE_GATE_AWAIT_TRACE {
  event: 'start',
  fileName: 'backend/src/services/security/securityGovernanceOS.service.ts',
  redisOps: 'none',
  functionName: 'authorizeAccess:attestInfraIsolation',
  action: 'analytics:view',
  route: null,
  cacheStatus: 'none',
  dbQueries: [ 'isolationAttestationLedger.create' ]
}
FEATURE_GATE_AWAIT_TRACE {
  event: 'start',
  fileName: 'backend/src/services/security/securityGovernanceOS.service.ts',
  redisOps: 'none',
  functionName: 'attestInfraIsolation:isolationAttestationLedger.upsert',
  cacheStatus: 'none',
  dbQueries: [
    'isolationAttestationLedger.upsert(isolation_attest:e7fb79bd23741fabcdd9d065)'
  ],
  attestationKey: 'isolation_attest:e7fb79bd23741fabcdd9d065'
}
FEATURE_GATE_AWAIT_TRACE {
  event: 'start',
  fileName: 'backend/src/services/security/securityGovernanceOS.service.ts',
  redisOps: 'none',
  functionName: 'authorizeAccess:appendAuthEvent:authorized',
  action: 'analytics:view',
  route: null,
  cacheStatus: 'none',
  dbQueries: [ 'authEventLedger.upsert' ]
}
FEATURE_GATE_AWAIT_TRACE {
  event: 'start',
  fileName: 'backend/src/services/security/securityGovernanceOS.service.ts',
  redisOps: 'none',
  functionName: 'appendAuthEvent:authEventLedger.upsert',
  cacheStatus: 'none',
  dbQueries: [ 'authEventLedger.upsert(auth_evt:ad3cceadbb31d248496302b883)' ],
  eventKey: 'auth_evt:ad3cceadbb31d248496302b883',
  action: 'analytics:view',
  outcome: 'ALLOWED'
}
prisma:error 
Invalid `prisma.isolationAttestationLedger.upsert()` invocation:


Raw query failed. Code: `unknown`. Message: `Kind: Transactions are not supported by this deployment, labels: {}, source: None`
FEATURE_GATE_AWAIT_TRACE {
  event: 'end',
  fileName: 'backend/src/services/security/securityGovernanceOS.service.ts',
  redisOps: 'none',
  functionName: 'attestInfraIsolation:isolationAttestationLedger.upsert',
  durationMs: 2,
  cacheStatus: 'none',
  dbQueries: [
    'isolationAttestationLedger.upsert(isolation_attest:e7fb79bd23741fabcdd9d065)'
  ],
  attestationKey: 'isolation_attest:e7fb79bd23741fabcdd9d065'
}
FEATURE_GATE_AWAIT_TRACE {
  event: 'end',
  fileName: 'backend/src/services/security/securityGovernanceOS.service.ts',
  redisOps: 'none',
  functionName: 'authorizeAccess:attestInfraIsolation',
  durationMs: 4,
  action: 'analytics:view',
  route: null,
  cacheStatus: 'none',
  dbQueries: [ 'isolationAttestationLedger.create' ]
}
prisma:error 
Invalid `prisma.dataAccessAuditLedger.upsert()` invocation:


Raw query failed. Code: `unknown`. Message: `Kind: Transactions are not supported by this deployment, labels: {}, source: None`
prisma:error 
Invalid `prisma.authEventLedger.upsert()` invocation:


Raw query failed. Code: `unknown`. Message: `Kind: Transactions are not supported by this deployment, labels: {}, source: None`
FEATURE_GATE_AWAIT_TRACE {
  event: 'end',
  fileName: 'backend/src/services/security/securityGovernanceOS.service.ts',
  redisOps: 'none',
  functionName: 'appendAuthEvent:authEventLedger.upsert',
  durationMs: 4,
  cacheStatus: 'none',
  dbQueries: [ 'authEventLedger.upsert(auth_evt:ad3cceadbb31d248496302b883)' ],
  eventKey: 'auth_evt:ad3cceadbb31d248496302b883',
  action: 'analytics:view',
  outcome: 'ALLOWED'
}
FEATURE_GATE_AWAIT_TRACE {
  event: 'end',
  fileName: 'backend/src/services/security/securityGovernanceOS.service.ts',
  redisOps: 'none',
  functionName: 'authorizeAccess:appendAuthEvent:authorized',
  durationMs: 5,
  action: 'analytics:view',
  route: null,
  cacheStatus: 'none',
  dbQueries: [ 'authEventLedger.upsert' ]
}
prisma:error 
Invalid `prisma.observabilityEventLedger.findUnique()` invocation:


Raw query failed. Code: `unknown`. Message: `Kind: Server selection timeout: No available servers. Topology: { Type: Unknown, Servers: [ { Address: localhost:27017, Type: Unknown, Error: Kind: I/O error: No connection could be made because the target machine actively refused it. (os error 10061), labels: {}, source: None } ] }, labels: {}, source: None`
prisma:error 
Invalid `prisma.observabilityEventLedger.upsert()` invocation:


Raw query failed. Code: `unknown`. Message: `Kind: Transactions are not supported by this deployment, labels: {}, source: None`
prisma:error 
Invalid `prisma.infrastructureRecoveryLedger.count()` invocation:


Raw query failed. Code: `unknown`. Message: `Kind: Server selection timeout: No available servers. Topology: { Type: Unknown, Servers: [ { Address: localhost:27017, Type: Unknown, Error: Kind: I/O error: No connection could be made because the target machine actively refused it. (os error 10061), labels: {}, source: None } ] }, labels: {}, source: None`
replay_suppressed_count {
  metric: 'replay_suppressed_count',
  value: 0,
  businessId: null,
  route: 'integrations_onboarding_recovery',
  metadata: {
    suppression: 'queue_not_writable',
    suspendMs: 60000,
    queueDepth: 0,
    redisCircuitOpen: false
  },
  recordedAt: '2026-07-06T16:16:30.047Z'
}
FEATURE_GATE_AWAIT_TRACE {
  event: 'start',
  fileName: 'backend/src/services/security/securityGovernanceOS.service.ts',
  redisOps: 'none',
  functionName: 'assertAuthorizedAccess:authorizeAccess',
  action: 'analytics:view',
  route: null,
  cacheStatus: 'delegated',
  dbQueries: [ 'see nested FEATURE_GATE_AWAIT_TRACE events' ]
}
FEATURE_GATE_AWAIT_TRACE {
  event: 'start',
  fileName: 'backend/src/services/security/securityGovernanceOS.service.ts',
  redisOps: 'none',
  functionName: 'authorizeAccess:assertTenantIsolation',
  action: 'analytics:view',
  route: null,
  cacheStatus: 'none',
  dbQueries: [ 'tenantIsolationLedger.upsert' ]
}
FEATURE_GATE_AWAIT_TRACE {
  event: 'end',
  fileName: 'backend/src/services/security/securityGovernanceOS.service.ts',
  redisOps: 'none',
  functionName: 'authorizeAccess:assertTenantIsolation',
  durationMs: 0,
  action: 'analytics:view',
  route: null,
  cacheStatus: 'none',
  dbQueries: [ 'tenantIsolationLedger.upsert' ]
}
FEATURE_GATE_AWAIT_TRACE {
  event: 'end',
  fileName: 'backend/src/services/security/securityGovernanceOS.service.ts',
  redisOps: 'none',
  functionName: 'assertAuthorizedAccess:authorizeAccess',
  durationMs: 1,
  action: 'analytics:view',
  route: null,
  cacheStatus: 'delegated',
  dbQueries: [ 'see nested FEATURE_GATE_AWAIT_TRACE events' ]
}
FEATURE_GATE_AWAIT_TRACE {
  event: 'start',
  fileName: 'backend/src/services/security/securityGovernanceOS.service.ts',
  redisOps: 'none',
  functionName: 'authorizeAccess:attestInfraIsolation',
  action: 'analytics:view',
  route: null,
  cacheStatus: 'none',
  dbQueries: [ 'isolationAttestationLedger.create' ]
}
FEATURE_GATE_AWAIT_TRACE {
  event: 'start',
  fileName: 'backend/src/services/security/securityGovernanceOS.service.ts',
  redisOps: 'none',
  functionName: 'attestInfraIsolation:isolationAttestationLedger.upsert',
  cacheStatus: 'none',
  dbQueries: [
    'isolationAttestationLedger.upsert(isolation_attest:5f7826d2ef23314a575a50cf)'
  ],
  attestationKey: 'isolation_attest:5f7826d2ef23314a575a50cf'
}
FEATURE_GATE_AWAIT_TRACE {
  event: 'start',
  fileName: 'backend/src/services/security/securityGovernanceOS.service.ts',
  redisOps: 'none',
  functionName: 'authorizeAccess:appendAuthEvent:authorized',
  action: 'analytics:view',
  route: null,
  cacheStatus: 'none',
  dbQueries: [ 'authEventLedger.upsert' ]
}
FEATURE_GATE_AWAIT_TRACE {
  event: 'start',
  fileName: 'backend/src/services/security/securityGovernanceOS.service.ts',
  redisOps: 'none',
  functionName: 'appendAuthEvent:authEventLedger.upsert',
  cacheStatus: 'none',
  dbQueries: [ 'authEventLedger.upsert(auth_evt:003560471bb8980d9d2b690e02)' ],
  eventKey: 'auth_evt:003560471bb8980d9d2b690e02',
  action: 'analytics:view',
  outcome: 'ALLOWED'
}
prisma:error 
Invalid `prisma.dataAccessAuditLedger.upsert()` invocation:


Raw query failed. Code: `unknown`. Message: `Kind: Transactions are not supported by this deployment, labels: {}, source: None`
prisma:error 
Invalid `prisma.isolationAttestationLedger.upsert()` invocation:


Raw query failed. Code: `unknown`. Message: `Kind: Transactions are not supported by this deployment, labels: {}, source: None`
FEATURE_GATE_AWAIT_TRACE {
  event: 'end',
  fileName: 'backend/src/services/security/securityGovernanceOS.service.ts',
  redisOps: 'none',
  functionName: 'attestInfraIsolation:isolationAttestationLedger.upsert',
  durationMs: 7,
  cacheStatus: 'none',
  dbQueries: [
    'isolationAttestationLedger.upsert(isolation_attest:5f7826d2ef23314a575a50cf)'
  ],
  attestationKey: 'isolation_attest:5f7826d2ef23314a575a50cf'
}
FEATURE_GATE_AWAIT_TRACE {
  event: 'end',
  fileName: 'backend/src/services/security/securityGovernanceOS.service.ts',
  redisOps: 'none',
  functionName: 'authorizeAccess:attestInfraIsolation',
  durationMs: 8,
  action: 'analytics:view',
  route: null,
  cacheStatus: 'none',
  dbQueries: [ 'isolationAttestationLedger.create' ]
}
prisma:error 
Invalid `prisma.authEventLedger.upsert()` invocation:


Raw query failed. Code: `unknown`. Message: `Kind: Transactions are not supported by this deployment, labels: {}, source: None`
FEATURE_GATE_AWAIT_TRACE {
  event: 'end',
  fileName: 'backend/src/services/security/securityGovernanceOS.service.ts',
  redisOps: 'none',
  functionName: 'appendAuthEvent:authEventLedger.upsert',
  durationMs: 6,
  cacheStatus: 'none',
  dbQueries: [ 'authEventLedger.upsert(auth_evt:003560471bb8980d9d2b690e02)' ],
  eventKey: 'auth_evt:003560471bb8980d9d2b690e02',
  action: 'analytics:view',
  outcome: 'ALLOWED'
}
FEATURE_GATE_AWAIT_TRACE {
  event: 'end',
  fileName: 'backend/src/services/security/securityGovernanceOS.service.ts',
  redisOps: 'none',
  functionName: 'authorizeAccess:appendAuthEvent:authorized',
  durationMs: 8,
  action: 'analytics:view',
  route: null,
  cacheStatus: 'none',
  dbQueries: [ 'authEventLedger.upsert' ]
}
